接続キー,種牡馬名,正規名,繁殖登録番号,ID確定区分,接続方法,完成区分,現代出走馬での役割,父出現数,母父出現数,母母父出現数,合計出現数,該当出走馬数,父_父祖先名,父_父M,父_母父祖先名,父_母父M,父_母母父祖先名,父_母母父M,母父_父祖先名,母父_父M,母父_母父祖先名,母父_母父M,母父_母母父祖先名,母父_母母父M,母母父_父祖先名,母母父_父M,母母父_母父祖先名,母母父_母父M,母母父_母母父祖先名,母母父_母母父M,9枝シグネチャ,監査注記
ID:1120001232,サンデーサイレンス,サンデーサイレンス,1120001232,確定,繁殖登録番号,B_TARGET再構成＋v9.3既存Mで完成,母父・母母父,0,630,2628,3258,3258,Hail to Reason,極,Cosmic Bomb,極,Mahmoud,極,Promised Land,極,Stymie,極,Bull Lea,極,Gulf Stream,地,Fox Club,極,Barranquero,極,極・極・極｜極・極・極｜地・極・極,
ID:1120002086,ディープインパクト,ディープインパクト,1120002086,確定,繁殖登録番号,A_v9.3直接完成,父・母父・母母父,624,1736,154,2514,2514,Halo,極,Understanding,極,Montparnasse,地,Lyphard,バ,Sir Ivor,極,Roman,極,Crepello,極,Vimy,極,Court Martial,極,極-極-地 | バ-極-極 | 極-極-極,
ID:1120002006,キングカメハメハ,キングカメハメハ,1120002006,確定,繁殖登録番号,A_v9.3直接完成,父・母父・母母父,325,1516,244,2085,2085,Mr. Prospector,極,Nureyev,地,Prove Out,地,Try My Best,地,Mill Reef,バ,Sayajirao,極,Hethersett,極,Hornbeam,地,Chanteur,極,極-地-地 | 地-バ-極 | 極-地-極,
ID:1120001853,クロフネ,クロフネ,1120001853,確定,繁殖登録番号,A_v9.3直接完成,父・母父・母母父,194,1106,439,1739,1739,Deputy Minister,地,Hold Your Peace,極,Bold Ruler,極,Pago Pago,極,Never Bend,極,Dumpty Humpty,地,Nearctic,地,Native Dancer,極,Fighting Fox,極,地-極-極 | 極-極-地 | 地-極-極,
ID:1120002084,ハーツクライ,ハーツクライ,1120002084,確定,繁殖登録番号,A_v9.3直接完成,父・母父・母母父,598,774,25,1397,1397,Halo,極,Understanding,極,Montparnasse,地,Kampala,極,Hornbeam,地,Preciptic,極,Northern Dancer,地,Court Martial,極,Formor,極,極-極-地 | 極-地-極 | 地-極-極,
ID:1120001847,アグネスタキオン,アグネスタキオン,1120001847,確定,繁殖登録番号,A_v9.3直接完成,母父・母母父,0,930,450,1380,1380,Halo,極,Understanding,極,Montparnasse,地,Raja Baba,極,Involvement,極,Tournoi,極,Alcide,地,Palestine,極,,バ,極-極-地 | 極-極-極 | 地-極-バ,
ID:1120002295,ロードカナロア,ロードカナロア,1120002295,確定,繁殖登録番号,A_v9.3直接完成,父・母父,1090,280,0,1370,1370,Kingmambo,地,Last Tycoon,地,Blakeney,地,Storm Bird,地,Secretariat,極,Crimson Satan,極,His Majesty,地,Tudor Minstrel,地,Swoon's Son,極,地-地-地 | 地-極-極 | 地-地-極,
ID:1120002119,ダイワメジャー,ダイワメジャー,1120002119,確定,繁殖登録番号,A_v9.3直接完成,父・母父・母母父,541,752,21,1314,1314,Halo,極,Understanding,極,Montparnasse,地,Northern Dancer,地,Victoria Park,極,Hyperion,地,Spy Song,極,,バ,,バ,極-極-地 | 地-極-地 | 極-バ-バ,
ID:1120001542,フジキセキ,フジキセキ,1120001542,確定,繁殖登録番号,B_TARGET再構成＋v9.3既存Mで完成,父・母父・母母父,2,748,531,1281,1281,Halo,極,Understanding,極,Montparnasse,地,Wild Risk,極,Verso,極,Easton,極,Intentionally,極,Rough'n Tumble,極,War Relic,極,極・極・地｜極・極・極｜極・極・極,
ID:1120001796,フレンチデピュティ,フレンチデピュティ,1120001796,確定,繁殖登録番号,B_TARGET再構成＋v9.3既存Mで完成,父・母父・母母父,22,656,495,1173,1173,Vice Regent,バ,Bunty's Flight,極,Jabneh,極,Speak John,極,Eight Thirty,極,Blue Larkspur,バ,Nasrullah,極,Discovery,極,Pompey,極,バ・極・極｜極・極・バ｜極・極・極,
ID:1120001164,ブライアンズタイム,ブライアンズタイム,1120001164,確定,繁殖登録番号,C_v9.4高影響祖先補完で完成,母父・母母父,0,495,613,1108,1108,Hail to Reason,極,Nashua,極,Bull Lea,極,Ribot,極,Alibhai,地,Beau Pere,極,Roman,極,Discovery,極,Broomstick,バ,極・極・極｜極・地・極｜極・極・バ,
ID:1120001964,シンボリクリスエス,シンボリクリスエス,1120001964,確定,繁殖登録番号,A_v9.3直接完成,父・母父・母母父,86,799,203,1088,1088,Roberto,極,Princequillo,極,,バ,Seattle Slew,極,Crimson Satan,極,Rasper,地,Jester,極,Olympia,地,Blenheim,極,極-極-バ | 極-極-地 | 極-地-極,
ID:1120002268,ルーラーシップ,ルーラーシップ,1120002268,確定,繁殖登録番号,A_v9.3直接完成,父・母父,827,235,0,1062,1062,Kingmambo,地,Last Tycoon,地,Blakeney,地,Kampala,極,Hornbeam,地,Preciptic,極,Northern Dancer,地,Victoria Park,極,Hyperion,地,地-地-地 | 極-地-極 | 地-極-地,
ID:1120002219,ハービンジャー,ハービンジャー,1120002219,確定,繁殖登録番号,A_v9.3直接完成,父・母父・母母父,613,408,4,1025,1025,Danehill,地,Kahyasi,地,High Line,地,Arctic Tern,極,Lyphard,バ,Le Fabuleux,極,Northern Dancer,地,Sir Ivor,極,Tom Fool,極,地-地-地 | 極-バ-極 | 地-極-極,
ID:1120001614,ダンスインザダーク,ダンスインザダーク,1120001614,確定,繁殖登録番号,B_TARGET再構成＋v9.3既存Mで完成,父・母父・母母父,3,600,398,1001,1001,Halo,極,Understanding,極,Montparnasse,地,Northern Dancer,地,Bull Page,極,Menow,極,Graustark,地,Princequillo,極,War Admiral,極,極・極・地｜地・極・極｜地・極・極,
ID:1120002349,エピファネイア,エピファネイア,1120002349,確定,繁殖登録番号,A_v9.3直接完成,父・母父,920,58,0,978,978,Kris S.,極,Gold Meridian,地,Tri Jet,バ,サンデーサイレンス,地,マルゼンスキー,バ,セントクレスピン,地,Northern Dancer,地,Bold Reason,極,Forli,地,極-地-バ | 地-バ-地 | 地-極-地,
ID:1120001916,マンハッタンカフェ,マンハッタンカフェ,1120001916,確定,繁殖登録番号,A_v9.3直接完成,父・母父・母母父,69,731,133,933,933,Halo,極,Understanding,極,Montparnasse,地,Alleged,地,Boldnesian,極,Summer Tan,地,Henry the Seventh,バ,Arctic Prince,極,Pont l'Eveque,極,極-極-地 | 地-極-地 | バ-極-極,
ID:1120001743,スペシャルウィーク,スペシャルウィーク,1120001743,確定,繁殖登録番号,A_v9.3直接完成,父・母父・母母父,8,609,313,930,930,Halo,極,Understanding,極,Montparnasse,地,Nijinsky,バ,Buckpasser,極,Princequillo,極,Aureole,極,Nearco,極,,バ,極-極-地 | バ-極-極 | 極-極-バ,
ID:1120001131,トニービン,トニービン,1120001131,確定,繁殖登録番号,I_v9.11_TARGET固定8代年代境界反映で完成,母父・母母父,0,87,823,910,,Kalamoun,極,Only For Life,極,Prince Chevalier,極,Hyperion,地,Nasrullah,極,Bois Roussel,極,Precipitation,極,Gainsborough,極,The Tetrarch,バ,極・極・極｜地・極・極｜極・極・バ,
ID:1120002352,キズナ,キズナ,1120002352,確定,繁殖登録番号,A_v9.3直接完成,父・母父,855,36,0,891,891,サンデーサイレンス,地,Alzao,バ,Busted,極,Storm Bird,地,Secretariat,極,Crimson Satan,極,Sword Dancer,極,My Babu,極,Sickle,極,地-バ-極 | 地-極-極 | 極-極-極,
ID:1140002183,Storm Cat,Storm Cat,1140002183,確定,繁殖登録番号,G_v9.4-v9.9追加祖先反映で完成,母父・母母父,0,167,702,869,,Northern Dancer,地,New Providence,極,Chop Chop,極,Bold Ruler,極,Princequillo,極,Caruso,バ,Spy Song,極,Requiebro,極,Papanatas,バ,地・極・極｜極・極・バ｜極・極・バ,
ID:1120002004,ネオユニヴァース,ネオユニヴァース,1120002004,確定,繁殖登録番号,A_v9.3直接完成,父・母父・母母父,117,617,87,821,821,Halo,極,Understanding,極,Montparnasse,地,Sharpen Up,地,Reliance,極,Crepello,極,Sicambre,極,Hyperion,地,,バ,極-極-地 | 地-極-極 | 極-地-バ,
ID:1120002294,オルフェーヴル,オルフェーヴル,1120002294,確定,繁殖登録番号,A_v9.3直接完成,父・母父,646,166,0,812,812,サンデーサイレンス,地,デイクタス,極,ノーザンテースト,地,メジロテイターン,地,リマンド,バ,ヒンドスタン,極,Northern Dancer,地,Victoria Park,極,Hyperion,地,地-極-地 | 地-バ-極 | 地-極-地,
ID:1120001700,タイキシャトル,タイキシャトル,1120001700,確定,繁殖登録番号,B_TARGET再構成＋v9.3既存Mで完成,父・母父・母母父,37,489,259,785,785,Halo,極,Herbager,極,Cohoes,極,Nijinsky,バ,Round Table,極,Hail to Reason,極,Forli,地,Nantallah,極,Gold Bridge,極,極・極・極｜バ・極・極｜地・極・極,
ID:1120001520,サクラバクシンオー,サクラバクシンオー,1120001520,確定,繁殖登録番号,C_v9.4+v9.5追加祖先反映で完成,母父・母母父,0,491,267,758,,テスコボーイ,地,ネヴアービート,極,ユアハイネス,極,Northern Dancer,地,Victoria Park,極,Hyperion,地,Ambiorix,極,Bull Lea,極,Equipoise,バ,地・極・極｜地・極・地｜極・極・バ,
ID:1120002397,モーリス,モーリス,1120002397,確定,繁殖登録番号,A_v9.3直接完成,父・母父,676,20,0,696,696,グラスワンダー,地,サンデーサイレンス,地,ノーザンテースト,地,Sadler's Wells,地,Riverman,極,Sunny Boy,極,Lyphard,バ,Lucky Debonair,極,Palestinian,極,地-地-地 | 地-極-極 | バ-極-極,
ID:1120002051,ゼンノロブロイ,ゼンノロブロイ,1120002051,確定,繁殖登録番号,A_v9.3直接完成,父・母父・母母父,94,540,58,692,692,Halo,極,Understanding,極,Montparnasse,地,Mr. Prospector,極,Buckpasser,極,Majestic Prince,バ,Icecapade,バ,Better Bee,バ,Djeddah,極,極-極-地 | 極-極-バ | バ-バ-極,
ID:1120001954,ゴールドアリュール,ゴールドアリュール,1120001954,確定,繁殖登録番号,A_v9.3直接完成,父・母父・母母父,175,478,21,674,674,Halo,極,Understanding,極,Montparnasse,地,Northern Dancer,地,Forli,地,Nantallah,極,Nijinsky,バ,Val de Loir,極,Count Fleet,極,極-極-地 | 地-地-極 | バ-極-極,
ID:1120002121,アドマイヤムーン,アドマイヤムーン,1120002121,確定,繁殖登録番号,A_v9.3直接完成,父・母父・母母父,258,392,21,671,671,Forty Niner,地,Dance Spell,地,Thinking Cap,地,Halo,極,Understanding,極,Montparnasse,地,Sharpen Up,地,Reliance,極,Crepello,極,地-地-地 | 極-極-地 | 地-極-極,
ID:1120002390,ドゥラメンテ,ドゥラメンテ,1120002390,確定,繁殖登録番号,A_v9.3直接完成,父・母父,622,28,0,650,650,Kingmambo,地,Last Tycoon,地,Blakeney,地,Halo,極,Understanding,極,Montparnasse,地,Kampala,極,Hornbeam,地,Preciptic,極,地-地-地 | 極-極-地 | 極-地-極,
ID:1120001872,ステイゴールド,ステイゴールド,1120001872,確定,繁殖登録番号,B_TARGET再構成＋v9.3既存Mで完成,父・母父・母母父,82,510,53,645,645,Halo,極,Understanding,極,Montparnasse,地,Sanctus,極,Worden,極,Bozzetto,極,Northern Dancer,地,Victoria Park,極,Hyperion,地,極・極・地｜極・極・極｜地・極・地,
ID:1120002307,ヘニーヒューズ,ヘニーヒューズ,1120002307,確定,繁殖登録番号,A_v9.3直接完成,父・母父,528,102,0,630,630,Storm Cat,地,Hawaii,バ,Tom Cat,極,Hold Your Peace,極,Raise a Native,極,Porterhouse,極,Olden Times,極,Jet Action,極,Occupation,極,地-バ-極 | 極-極-極 | 極-極-極,
ID:1120001914,ジャングルポケット,ジャングルポケット,1120001914,確定,繁殖登録番号,A_v9.3直接完成,父・母父・母母父,128,418,82,628,628,Kampala,極,Hornbeam,地,Preciptic,極,Northern Dancer,地,Forli,地,Nantallah,極,Noholme,地,Double Jay,極,Don Bingo,極,極-地-極 | 地-地-極 | 地-極-極,
ID:1120002238,キンシャサノキセキ,キンシャサノキセキ,1120002238,確定,繁殖登録番号,A_v9.3直接完成,父・母父,415,172,0,587,587,Sunday Silence,地,Le Fabuleux,極,In Reality,極,His Majesty,地,Sunrise Flight,極,Cockrullah,極,Northern Dancer,地,Court Martial,極,Formor,極,地-極-極 | 地-極-極 | 地-極-極,
ID:1120000291,ノーザンテースト,ノーザンテースト,1120000291,確定,繁殖登録番号,F_v9.4-v9.8追加祖先反映で完成,母父・母母父,0,11,569,580,,Nearctic,地,Native Dancer,極,Mahmoud,極,Chop Chop,極,Windfields,極,Osiris,極,Gainsborough,極,Chaucer,極,Minoru,バ,地・極・極｜極・極・極｜極・極・バ,
ID:1120002246,ヴィクトワールピサ,ヴィクトワールピサ,1120002246,確定,繁殖登録番号,A_v9.3直接完成,父・母父・母母父,328,235,2,565,565,サンデーサイレンス,地,Kris,地,Shantung,地,Mr. Prospector,極,Halo,極,Hoist the Flag,極,Busted,極,Doutelle,極,Fairway,極,地-地-地 | 極-極-極 | 極-極-極,
ID:1120002330,ジャスタウェイ,ジャスタウェイ,1120002330,確定,繁殖登録番号,A_v9.3直接完成,父・母父,492,59,0,551,551,サンデーサイレンス,地,トニービン,地,Lyphard,バ,Icecapade,バ,Khaled,地,Dante,極,Hard Work,地,Pan Dancer,極,Rough'n Tumble,極,地-地-バ | バ-地-極 | 地-極-極,
ID:1140001591,Sadler's Wells,Sadler's Wells,1140001591,確定,繁殖登録番号,B_TARGET再構成＋v9.3既存Mで完成,母父・母母父,0,71,470,541,541,Nearctic,地,Native Dancer,極,Mahmoud,極,Hail to Reason,極,Djeddah,極,Bimelech,極,Aristophanes,地,Advocate,極,Foxglove,極,地・極・極｜極・極・極｜地・極・極,
ID:1120002395,リオンディーズ,リオンディーズ,1120002395,確定,繁殖登録番号,A_v9.3直接完成,父・母父,527,4,0,531,531,Kingmambo,地,Last Tycoon,地,Blakeney,地,サンデーサイレンス,地,マルゼンスキー,バ,セントクレスピン,地,Northern Dancer,地,Bold Reason,極,Forli,地,地-地-地 | 地-バ-地 | 地-極-地,
ID:1120002159,ブラックタイド,ブラックタイド,1120002159,確定,繁殖登録番号,A_v9.3直接完成,父・母父,347,179,0,526,526,Halo,極,Understanding,極,Montparnasse,地,Lyphard,バ,Sir Ivor,極,Roman,極,Crepello,極,Vimy,極,Court Martial,極,極-極-地 | バ-極-極 | 極-極-極,
ID:1120002429,ドレフォン,ドレフォン,1120002429,確定,繁殖登録番号,A_v9.3直接完成,父・母父,512,3,0,515,515,Tale of the Cat,地,Alydar,バ,Salt Marsh,極,Awesome Again,地,Relaunch,極,Tri Jet,バ,Sharpen Up,地,ヴアイスリーガル,バ,Molvedo,極,地-バ-極 | 地-極-バ | 地-バ-極,
ID:1140001191,Caerleon,Caerleon,1140001191,確定,繁殖登録番号,B_TARGET再構成＋v9.3既存Mで完成,母父・母母父,0,13,477,490,490,Northern Dancer,地,Bull Page,極,Menow,極,Princequillo,極,Sir Cosmo,極,Friar Marcus,極,Turn-to,極,Blue Swords,極,Sir Gallahad,極,地・極・極｜極・極・極｜極・極・極,
ID:1120002115,シニスターミニスター,シニスターミニスター,1120002115,確定,繁殖登録番号,A_v9.3直接完成,父・母父・母母父,397,92,1,490,490,A.P. Indy,バ,Vigors,極,Crozier,地,Deputy Minister,地,Illustrious,極,Hail to Reason,極,Mr. Leader,極,Bold Lad (USA),極,Blue Choir,極,バ-極-地 | 地-極-極 | 極-極-極,
ID:1120001507,アフリート,アフリート,1120001507,確定,繁殖登録番号,B_TARGET再構成＋v9.3既存Mで完成,母父・母母父,0,181,301,482,482,Raise a Native,極,Nashua,極,Count Fleet,極,Tom Fool,極,Princequillo,極,Nasrullah,極,Traffic Judge,地,Citation,地,Roman,極,極・極・極｜極・極・極｜地・地・極,
ID:1120002183,パイロ,パイロ,1120002183,確定,繁殖登録番号,A_v9.3直接完成,父・母父,350,126,0,476,476,A.P. Indy,バ,Mr. Prospector,極,Honest Pleasure,極,Icecapade,バ,Khaled,地,Dante,極,Al Hattab,バ,Gray Phantom,極,Dante,極,バ-極-極 | バ-地-極 | バ-極-極,
ID:1120002369,ゴールドシップ,ゴールドシップ,1120002369,確定,繁殖登録番号,A_v9.3直接完成,父・母父,464,10,0,474,474,サンデーサイレンス,地,デイクタス,極,ノーザンテースト,地,メジロテイターン,地,リマンド,バ,ヒンドスタン,極,The Minstrel,バ,Roberto,極,Sicambre,極,地-極-地 | 地-バ-極 | バ-極-極,
ID:1120002441,シルバーステート,シルバーステート,1120002441,確定,繁殖登録番号,A_v9.3直接完成,父・母父,459,2,0,461,461,サンデーサイレンス,地,Alzao,バ,Busted,極,Roberto,極,Amerigo,バ,Mat de Cocagne,極,Nijinsky,バ,Tom Rolfe,極,Ridan,極,地-バ-極 | 極-バ-極 | バ-極-極,
ID:1140003006,Kingmambo,Kingmambo,1140003006,確定,繁殖登録番号,H_v9.4-v9.10追加祖先反映で完成,母父・母母父,0,131,327,458,,Raise a Native,極,Nashua,極,Count Fleet,極,Northern Dancer,地,Forli,地,Nantallah,極,Graustark,地,Bold Venture,極,Equipoise,バ,極・極・極｜地・地・極｜地・極・バ,
ID:1120001975,サウスヴィグラス,サウスヴィグラス,1120001975,確定,繁殖登録番号,A_v9.3直接完成,父・母父・母母父,163,275,19,457,457,Forty Niner,地,Dance Spell,地,Thinking Cap,地,Naskra,極,Clandestine,極,Tudor Minstrel,地,Bold Ruler,極,Eight Thirty,極,Pharis,極,地-地-地 | 極-極-地 | 極-極-極,
ID:1120002221,エンパイアメーカー,エンパイアメーカー,1120002221,確定,繁殖登録番号,A_v9.3直接完成,父・母父・母母父,54,399,1,454,454,Fappiano,極,Le Fabuleux,極,In Reality,極,Northern Dancer,地,Buckpasser,極,Traffic Judge,地,Intentionally,極,Rough'n Tumble,極,War Relic,極,極-極-極 | 地-極-地 | 極-極-極,
ID:1120002354,マジェスティックウォリアー,マジェスティックウォリアー,1120002354,確定,繁殖登録番号,A_v9.3直接完成,父・母父,418,14,0,432,432,Seattle Slew,極,Secretariat,極,Buckpasser,極,Mr. Prospector,極,Buckpasser,極,Hasty Road,極,Northern Dancer,地,Delta Judge,地,Warfare,地,極-極-極 | 極-極-極 | 地-地-地,
ID:1120002202,スクリーンヒーロー,スクリーンヒーロー,1120002202,確定,繁殖登録番号,A_v9.3直接完成,父・母父,331,99,0,430,430,Silver Hawk,バ,Danzig,地,His Majesty,地,Halo,極,Understanding,極,Montparnasse,地,Northern Dancer,地,Victoria Park,極,Hyperion,地,バ-地-地 | 極-極-地 | 地-極-地,
ID:1140002552,Seeking the Gold,Seeking the Gold,1140002552,確定,繁殖登録番号,C_v9.4高影響祖先補完で完成,母父・母母父,0,60,369,429,429,Raise a Native,極,Nashua,極,Count Fleet,極,Tom Fool,極,War Admiral,極,Blue Larkspur,バ,Roman,極,Discovery,極,Broomstick,バ,極・極・極｜極・極・バ｜極・極・バ,
ID:1120001981,アグネスデジタル,アグネスデジタル,1120001981,確定,繁殖登録番号,A_v9.3直接完成,父・母父・母母父,36,317,64,417,417,Mr. Prospector,極,In Reality,極,Royal Note,極,Danzig,地,Secretariat,極,Swoon's Son,極,Hoist the Flag,極,Prince John,極,Determine,地,極-極-極 | 地-極-極 | 極-極-地,
ID:1120002293,エイシンフラッシュ,エイシンフラッシュ,1120002293,確定,繁殖登録番号,A_v9.3直接完成,父・母父,347,65,0,412,412,Kingmambo,地,Lombard,地,Espresso,地,Surumu,地,Stanford,極,Northfields,バ,Kris,地,Home Guard,地,St. Paddy,地,地-地-地 | 地-極-バ | 地-地-地,
ID:1120002426,キタサンブラック,キタサンブラック,1120002426,確定,繁殖登録番号,A_v9.3直接完成,父・母父,409,1,0,410,410,サンデーサイレンス,地,Alzao,バ,Busted,極,サクラユタカオー,地,ノーザンテースト,地,Ambiopoise,極,Honest Pleasure,極,Victoria Park,極,Stratus,極,地-バ-極 | 地-地-極 | 極-極-極,
ID:1120001901,タニノギムレット,タニノギムレット,1120001901,確定,繁殖登録番号,A_v9.3直接完成,父・母父・母母父,57,291,54,402,402,Roberto,極,Graustark,地,Hasty Road,極,Caro,極,Sicambre,極,Blue Peter,極,Dan Cupid,極,Sicambre,極,Maurepas,極,極-地-極 | 極-極-極 | 極-極-極,
ID:1120001801,キングヘイロー,キングヘイロー,1120001801,確定,繁殖登録番号,A_v9.3直接完成,父・母父・母母父,55,272,62,389,389,Lyphard,バ,Drone,極,Pago Pago,極,Hail to Reason,極,Cosmic Bomb,極,Mahmoud,極,Sir Gaylord,極,Mr. Trouble,極,Pharamond,極,バ-極-極 | 極-極-極 | 極-極-極,
ID:1120002425,イスラボニータ,イスラボニータ,1120002425,確定,繁殖登録番号,A_v9.3直接完成,父・母父,383,1,0,384,384,サンデーサイレンス,地,Le Fabuleux,極,In Reality,極,Caro,極,Prince John,極,Sir Gaylord,極,Mr. Prospector,極,In Reality,極,Royal Note,極,地-極-極 | 極-極-極 | 極-極-極,
ID:1120002398,ミッキーアイル,ミッキーアイル,1120002398,確定,繁殖登録番号,A_v9.3直接完成,父・母父,381,3,0,384,384,サンデーサイレンス,地,Alzao,バ,Busted,極,Danehill,地,Be My Guest,地,Bold Lad (IRE),バ,Northern Dancer,地,Forli,地,Nantallah,極,地-バ-極 | 地-地-バ | 地-地-極,
ID:1120001551,フォーティナイナー,フォーティナイナー,1120001551,確定,繁殖登録番号,B_TARGET再構成＋v9.3既存Mで完成,母父・母母父,0,119,262,381,381,Raise a Native,極,Nashua,極,Count Fleet,極,Ribot,極,Roman,極,Princequillo,極,Balladier,バ,Whisk Broom,バ,Sain,極,極・極・極｜極・極・極｜バ・バ・極,
ID:1120002458,リアルスティール,リアルスティール,1120002458,確定,繁殖登録番号,A_v9.3直接完成,父,371,0,0,371,371,サンデーサイレンス,地,Alzao,バ,Busted,極,Storm Bird,地,Secretariat,極,Crimson Satan,極,Raise a Native,極,Nashua,極,Count Fleet,極,地-バ-極 | 地-極-極 | 極-極-極,
ID:1120002267,ディープブリランテ,ディープブリランテ,1120002267,確定,繁殖登録番号,A_v9.3直接完成,父・母父,254,99,0,353,353,サンデーサイレンス,地,Alzao,バ,Busted,極,Riverman,極,Nureyev,地,Primera,極,Labus,極,Abdos,極,Shantung,地,地-バ-極 | 極-地-極 | 極-極-地,
ID:1120002063,バゴ,バゴ,1120002063,確定,繁殖登録番号,A_v9.3直接完成,父・母父・母母父,212,121,19,352,352,Blushing Groom,極,Bustino,極,Queen's Hussar,極,Northern Dancer,地,Forli,地,Nantallah,極,Raise a Native,極,Nashua,極,Count Fleet,極,極-極-極 | 地-地-極 | 極-極-極,
ID:1120002410,ホッコータルマエ,ホッコータルマエ,1120002410,確定,繁殖登録番号,A_v9.3直接完成,父,342,0,0,342,342,Kingmambo,地,Last Tycoon,地,Blakeney,地,Runaway Groom,極,Silver Saber,極,Francis S.,極,Fappiano,極,Le Fabuleux,極,In Reality,極,地-地-地 | 極-極-極 | 極-極-極,
ID:1140004523,Giant's Causeway,Giant's Causeway,1140004523,確定,繁殖登録番号,A_v9.3直接完成,父・母父・母母父,5,159,177,341,341,Storm Bird,地,Secretariat,極,Crimson Satan,極,Blushing Groom,極,Halo,極,Herbager,極,Hail to Reason,極,Nashua,極,Bull Lea,極,地-極-極 | 極-極-極 | 極-極-極,
ID:1120001525,ホワイトマズル,ホワイトマズル,1120001525,確定,繁殖登録番号,B_TARGET再構成＋v9.3既存Mで完成,父・母父・母母父,8,181,152,341,341,Lyphard,バ,Drone,極,Pago Pago,極,Pitcairn,地,High Hat,地,Major Portion,極,Bold Ruler,極,My Babu,極,Panorama,極,バ・極・極｜地・地・極｜極・極・極,
ID:1120001791,グラスワンダー,グラスワンダー,1120001791,確定,繁殖登録番号,A_v9.3直接完成,父・母父・母母父,58,169,113,340,340,Roberto,極,Amerigo,バ,Mat de Cocagne,極,Northern Dancer,地,Admiral's Voyage,バ,Petition,極,Ribot,極,Alibhai,地,Beau Pere,極,極-バ-極 | 地-バ-極 | 極-地-極,
ID:1120001734,エルコンドルパサー,エルコンドルパサー,1120001734,確定,繁殖登録番号,A_v9.3直接完成,母父・母母父,0,83,254,337,337,Mr. Prospector,極,Nureyev,地,Prove Out,地,Northern Dancer,地,Bold Reason,極,Forli,地,Bold Reasoning,極,Poker,極,Jet Action,極,極-地-地 | 地-極-地 | 極-極-極,
ID:1120002289,ノヴェリスト,ノヴェリスト,1120002289,確定,繁殖登録番号,A_v9.3直接完成,父・母父,243,92,0,335,335,Konigsstuhl,極,Surumu,地,Authi,地,Ile de Bourbon,地,Literat,極,Crepello,極,Northern Dancer,地,Chop Chop,極,Windfields,極,極-地-地 | 地-極-極 | 地-極-極,
ID:1120001261,ジェイドロバリー,ジェイドロバリー,1120001261,確定,繁殖登録番号,B_TARGET再構成＋v9.3既存Mで完成,母父・母母父,0,37,290,327,327,Raise a Native,極,Nashua,極,Count Fleet,極,Northern Dancer,地,Bull Page,極,Menow,極,Aristophanes,地,Advocate,極,Foxglove,極,極・極・極｜地・極・極｜地・極・極,
ID:1120002396,マクフィ,マクフィ,1120002396,確定,繁殖登録番号,A_v9.3直接完成,父・母父,325,2,0,327,327,Dubai Millennium,地,Deploy,バ,ダンシングブレーヴ,バ,Danzig,地,Sir Ivor,極,Never Bend,極,Riverman,極,Klairon,極,East Side,極,地-バ-バ | 地-極-極 | 極-極-極,
ID:1140002540,Gone West,Gone West,1140002540,確定,繁殖登録番号,G_v9.4-v9.9追加祖先反映で完成,母父・母母父,0,65,258,323,,Raise a Native,極,Nashua,極,Count Fleet,極,Bold Ruler,極,Princequillo,極,Caruso,バ,Tom Fool,極,Bull Lea,極,The Porter,バ,極・極・極｜極・極・バ｜極・極・バ,
ID:1140003840,Unbridled's Song,Unbridled's Song,1140003840,確定,繁殖登録番号,B_TARGET再構成＋v9.3既存Mで完成,父・母父・母母父,1,125,196,322,322,Fappiano,極,Le Fabuleux,極,In Reality,極,Fortino,極,Chamossaire,極,Solario,極,Olympia,地,Royal Charger,極,Mahmoud,極,極・極・極｜極・極・極｜地・極・極,
ID:1120002436,ビッグアーサー,ビッグアーサー,1120002436,確定,繁殖登録番号,A_v9.3直接完成,父,320,0,0,320,320,サクラユタカオー,地,ノーザンテースト,地,Ambiopoise,極,Mr. Prospector,極,Nureyev,地,Prove Out,地,Northern Dancer,地,Bold Reason,極,Forli,地,地-地-極 | 極-地-地 | 地-極-地,
ID:1120002483,サトノダイヤモンド,サトノダイヤモンド,1120002483,確定,繁殖登録番号,A_v9.3直接完成,父,319,0,0,319,319,サンデーサイレンス,地,Alzao,バ,Busted,極,Lure,地,Devil's Bag,バ,Hoist the Flag,極,Halo,極,Northern Dancer,地,Sea-Bird,極,地-バ-極 | 地-バ-極 | 極-地-極,
ID:1120002503,レイデオロ,レイデオロ,1120002503,確定,繁殖登録番号,A_v9.3直接完成,父,319,0,0,319,319,Kingmambo,地,Last Tycoon,地,Blakeney,地,Kris S.,極,Gold Meridian,地,Tri Jet,バ,Mr. Prospector,極,Buckpasser,極,Hasty Road,極,地-地-地 | 極-地-バ | 極-極-極,
ID:1120001906,スウェプトオーヴァーボード,スウェプトオーヴァーボード,1120001906,確定,繁殖登録番号,A_v9.3直接完成,父・母父・母母父,92,193,33,318,318,Forty Niner,地,Dance Spell,地,Thinking Cap,地,Damascus,極,Dunce,極,My Babu,極,Ambiorix,極,Reaping Reward,極,,バ,地-地-地 | 極-極-極 | 極-極-バ,
ID:1140002924,A.P. Indy,A.P. Indy,1140002924,確定,繁殖登録番号,B_TARGET再構成＋v9.3既存Mで完成,母父・母母父,0,52,263,315,315,Bold Reasoning,極,Poker,極,Jet Action,極,Bold Ruler,極,Princequillo,極,Caruso,バ,Tom Fool,極,War Admiral,極,Blue Larkspur,バ,極・極・極｜極・極・バ｜極・極・バ,
ID:1120002407,アジアエクスプレス,アジアエクスプレス,1120002407,確定,繁殖登録番号,A_v9.3直接完成,父・母父,303,4,0,307,307,Hennessy,地,Meadowlake,極,Hagley,極,Cozzene,極,Orsini,極,Iron Liege,極,Well Decorated,バ,Tom Rolfe,極,Tom Fool,極,地-極-極 | 極-極-極 | バ-極-極,
ID:1140004605,Galileo,Galileo,1140004605,確定,繁殖登録番号,A_v9.3直接完成,父・母父・母母父,9,206,85,300,300,Northern Dancer,地,Bold Reason,極,Forli,地,Mr. Prospector,極,Buckpasser,極,Princequillo,極,Agio,極,Prince Chevalier,極,Big Game,極,地-極-地 | 極-極-極 | 極-極-極,
ID:1140004069,Singspiel,Singspiel,1140004069,確定,繁殖登録番号,B_TARGET再構成＋v9.3既存Mで完成,母父・母母父,0,124,176,300,300,Sadler's Wells,地,Shirley Heights,バ,Sea Hawk,極,Hail to Reason,極,Cosmic Bomb,極,Mahmoud,極,Vandale,極,Escamillo,極,Firdaussi,極,地・バ・極｜極・極・極｜極・極・極,
ID:1120002504,ブリックスアンドモルタル,ブリックスアンドモルタル,1120002504,確定,繁殖登録番号,A_v9.3直接完成,父,293,0,0,293,293,Storm Cat,地,Rahy,バ,Roberto,極,Storm Bird,地,Seattle Slew,極,Prince John,極,Vaguely Noble,地,Bald Eagle,極,Dark Star,極,地-バ-極 | 地-極-極 | 地-極-極,
ID:1120001343,ヘクタープロテクター,ヘクタープロテクター,1120001343,確定,繁殖登録番号,B_TARGET再構成＋v9.3既存Mで完成,母父・母母父,0,63,229,292,292,Mr. Prospector,極,Buckpasser,極,Swaps,地,Never Bend,極,Prince John,極,Roman,極,Sword Dancer,極,My Babu,極,Sickle,極,極・極・地｜極・極・極｜極・極・極,
ID:1120002320,ダンカーク,ダンカーク,1120002320,確定,繁殖登録番号,A_v9.3直接完成,父・母父,266,25,0,291,291,Unbridled,極,Caro,極,Lucky Mel,地,Seattle Slew,極,Secretariat,極,Buckpasser,極,Raise a Native,極,On-and-On,極,Ponder,地,極-極-地 | 極-極-極 | 極-極-地,
ID:1120002050,ロージズインメイ,ロージズインメイ,1120002050,確定,繁殖登録番号,A_v9.3直接完成,父・母父・母母父,120,158,11,289,289,Devil's Bag,バ,Raise a Cup,極,Noble Jay,極,Prince John,極,Tornado,極,Astrophel,極,Double Jay,極,Discovery,極,Challenger,極,バ-極-極 | 極-極-極 | 極-極-極,
ID:1120001560,ティンバーカントリー,ティンバーカントリー,1120001560,確定,繁殖登録番号,B_TARGET再構成＋v9.3既存Mで完成,父・母父・母母父,2,110,168,280,280,Mr. Prospector,極,Buckpasser,極,Swaps,地,Endeavour,極,Hyperion,地,Winalot,極,Khaled,地,Beau Pere,極,War Admiral,極,極・極・地｜極・地・極｜地・極・極,
ID:1140001063,Nureyev,Nureyev,1140001063,確定,繁殖登録番号,B_TARGET再構成＋v9.3既存Mで完成,母父・母母父,0,10,268,278,278,Nearctic,地,Native Dancer,極,Mahmoud,極,Aristophanes,地,Advocate,極,Foxglove,極,Nasrullah,極,Flares,極,Stimulus,バ,地・極・極｜地・極・極｜極・極・バ,
ID:1140001155,Danzig,Danzig,1140001155,確定,繁殖登録番号,Z_v9.27_TARGET系譜不足枝0扱いで完成,母父・母母父,0,7,269,276,,Nearctic,地,Native Dancer,極,Mahmoud,極,Crafty Admiral,極,Olympia,地,Halcyon,バ,Fair Trial,極,Artist's Proof,極,,バ,地・極・極｜極・地・バ｜極・極・バ,
ID:1120002391,ディスクリートキャット,ディスクリートキャット,1120002391,確定,繁殖登録番号,A_v9.3直接完成,父・母父,274,1,0,275,275,Storm Cat,地,Pleasant Colony,バ,Dr. Fager,極,Damascus,極,Buckpasser,極,Swaps,地,In Reality,極,Buckpasser,極,Star Kingdom,地,地-バ-極 | 極-極-地 | 極-極-地,
ID:1120001966,ファルブラヴ,ファルブラヴ,1120001966,確定,繁殖登録番号,A_v9.3直接完成,父・母父・母母父,4,207,64,275,275,Northern Dancer,地,Bold Reason,極,Forli,地,Seattle Slew,極,Prince John,極,Mr. Music,極,Ribot,極,Ambiorix,極,Pharamond,極,地-極-地 | 極-極-極 | 極-極-極,
ID:1120002132,メイショウボーラー,メイショウボーラー,1120002132,確定,繁殖登録番号,A_v9.3直接完成,父・母父・母母父,202,69,2,273,273,Devil's Bag,バ,Caerleon,バ,Thatch,地,Storm Bird,地,Secretariat,極,Crimson Satan,極,Nashua,極,War Admiral,極,Black Toney,バ,バ-バ-地 | 地-極-極 | 極-極-バ,
ID:1140000948,Mr. Prospector,Mr. Prospector,1140000948,確定,繁殖登録番号,K_v9.13古血統精査反映で完成,母父・母母父,0,4,268,272,,Native Dancer,極,Case Ace,バ,American Flag,極,Nasrullah,極,Johnstown,極,Sardanapale,極,Reigh Count,極,Haste,バ,Stefan the Great,極,極・バ・極｜極・極・極｜極・バ・極,
ID:1120002565,サートゥルナーリア,サートゥルナーリア,1120002565,確定,繁殖登録番号,A_v9.3直接完成,父,271,0,0,271,271,キングカメハメハ,地,Storm Cat,地,Cormorant,地,サンデーサイレンス,地,マルゼンスキー,バ,セントクレスピン,地,Northern Dancer,地,Bold Reason,極,Forli,地,地-地-地 | 地-バ-地 | 地-極-地,
ID:1120001957,ワイルドラッシュ,ワイルドラッシュ,1120001957,確定,繁殖登録番号,B_TARGET再構成＋v9.3既存Mで完成,父・母父・母母父,9,220,42,271,271,Icecapade,バ,Khaled,地,Dante,極,Key to the Mint,地,Buckpasser,極,My Babu,極,Sir Gaylord,極,Tom Fool,極,Mahmoud,極,バ・地・極｜地・極・極｜極・極・極,
ID:1120002430,アメリカンペイトリオット,アメリカンペイトリオット,1120002430,確定,繁殖登録番号,A_v9.3直接完成,父,269,0,0,269,269,Danzig,地,Rubiano,地,Forli,地,Cee's Tizzy,バ,Seattle Song,極,ナイスダンサー,地,Well Decorated,バ,Tom Rolfe,極,Tom Fool,極,地-地-地 | バ-極-地 | バ-極-極,
ID:1140002531,Danehill,Danehill,1140002531,確定,繁殖登録番号,B_TARGET再構成＋v9.3既存Mで完成,母父・母母父,0,29,238,267,267,Northern Dancer,地,Admiral's Voyage,バ,Petition,極,Ribot,極,Alibhai,地,Beau Pere,極,Tom Fool,極,War Admiral,極,Blue Larkspur,バ,地・バ・極｜極・地・極｜極・極・バ,
ID:1120002356,リアルインパクト,リアルインパクト,1120002356,確定,繁殖登録番号,A_v9.3直接完成,父・母父,254,13,0,267,267,サンデーサイレンス,地,Alzao,バ,Busted,極,Hold Your Peace,極,Raise a Native,極,Porterhouse,極,Intentionally,極,Rough'n Tumble,極,War Relic,極,地-バ-極 | 極-極-極 | 極-極-極,
ID:1120002459,デクラレーションオブウォー,デクラレーションオブウォー,1120002459,確定,繁殖登録番号,A_v9.3直接完成,父,265,0,0,265,265,Danzig,地,Rubiano,地,Forli,地,Blushing Groom,極,Halo,極,Herbager,極,Mr. Prospector,極,Secretariat,極,Tim Tam,極,地-地-地 | 極-極-極 | 極-極-極,
ID:1120002468,マインドユアビスケッツ,マインドユアビスケッツ,1120002468,確定,繁殖登録番号,A_v9.3直接完成,父,265,0,0,265,265,Silver Deputy,地,Rahy,バ,Roberto,極,Awesome Again,地,Cozzene,極,Trepan,極,Hail to Reason,極,Tom Fool,極,Prince Bio,極,地-バ-極 | 地-極-極 | 極-極-極,
ID:1120002290,ストロングリターン,ストロングリターン,1120002290,確定,繁殖登録番号,A_v9.3直接完成,父・母父,239,22,0,261,261,Kris S.,極,Gold Meridian,地,Tri Jet,バ,Mr. Prospector,極,Smarten,バ,Nodouble,バ,Northern Dancer,地,Bull Page,極,Menow,極,極-地-バ | 極-バ-バ | 地-極-極,
ID:1140002553,Woodman,Woodman,1140002553,確定,繁殖登録番号,B_TARGET再構成＋v9.3既存Mで完成,母父・母母父,0,15,245,260,260,Raise a Native,極,Nashua,極,Count Fleet,極,Tom Fool,極,War Admiral,極,Blue Larkspur,バ,Khaled,地,Beau Pere,極,War Admiral,極,極・極・極｜極・極・バ｜地・極・極,
ID:1120002482,サトノクラウン,サトノクラウン,1120002482,確定,繁殖登録番号,A_v9.3直接完成,父・母父,247,1,0,248,248,Last Tycoon,地,Artaius,バ,Welsh Pageant,地,Miswaki,極,Hero's Honor,地,Sir Ivor,極,Machiavellian,極,Sir Ivor,極,Nijinsky,バ,地-バ-地 | 極-地-極 | 極-極-バ,
ID:1120002370,カレンブラックヒル,カレンブラックヒル,1120002370,確定,繁殖登録番号,A_v9.3直接完成,父・母父,243,4,0,247,247,サンデーサイレンス,地,ノーザンテースト,地,Crimson Satan,極,Unbridled,極,Drone,極,Chateaugay,地,Storm Bird,地,Secretariat,極,Crimson Satan,極,地-地-極 | 極-極-地 | 地-極-極,
ID:1120002363,ワールドエース,ワールドエース,1120002363,確定,繁殖登録番号,A_v9.3直接完成,父・母父,241,5,0,246,246,サンデーサイレンス,地,Alzao,バ,Busted,極,Surumu,地,Aggressor,極,,バ,Northern Dancer,地,Tudor Minstrel,地,Stymie,極,地-バ-極 | 地-極-バ | 地-地-極,
ID:1120002153,メイショウサムソン,メイショウサムソン,1120002153,確定,繁殖登録番号,A_v9.3直接完成,父・母父・母母父,128,114,2,244,244,Sadler's Wells,地,High Top,バ,Jimmy Reppin,極,Lyphard,バ,Drone,極,Pago Pago,極,Princely Gift,極,Worden,極,Nearco,極,地-バ-極 | バ-極-極 | 極-極-極,
ID:1140006022,Monsun,Monsun,1140006022,確定,繁殖登録番号,S_v9.20高影響祖先反映で完成,母父・母母父,0,97,146,243,,Dschingis Khan,極,Tiepoletto,極,Olymp,極,Literat,極,Reliance,極,Hyperion,地,Aureole,極,Above Suspicion,極,Tulyar,極,極・極・極｜極・極・地｜極・極・極,
ID:1120000707,リアルシヤダイ,リアルシヤダイ,1120000707,確定,繁殖登録番号,H_v9.4-v9.10追加祖先反映で完成,母父・母母父,0,7,235,242,,Hail to Reason,極,Nashua,極,Bull Lea,極,Intentionally,極,Rough'n Tumble,極,War Relic,極,Alibhai,地,Jacopo,極,Sir Gallahad,極,極・極・極｜極・極・極｜地・極・極,
ID:1120001333,ダンシングブレーヴ,ダンシングブレーヴ,1120001333,確定,繁殖登録番号,B_TARGET再構成＋v9.3既存Mで完成,母父・母母父,0,30,209,239,239,Northern Dancer,地,Court Martial,極,Formor,極,Sir Gaylord,極,Tom Fool,極,Mahmoud,極,Matrice,極,Abbots Fell,極,Talking,極,地・極・極｜極・極・極｜極・極・極,
ID:1120000941,サクラユタカオー,サクラユタカオー,1120000941,確定,繁殖登録番号,Z_v9.27_TARGET系譜不足枝0扱いで完成,母父・母母父,0,9,228,237,,Princely Gift,極,Hyperion,地,Dastur,極,Never Say Die,極,Big Game,極,Nearco,極,Chamossaire,極,Solario,極,,バ,極・地・極｜極・極・極｜極・極・バ,
ID:1120002261,アイルハヴアナザー,アイルハヴアナザー,1120002261,確定,繁殖登録番号,A_v9.3直接完成,父・母父,161,74,0,235,235,Distorted Humor,地,Lycius,バ,Sadler's Wells,地,Kris S.,極,Danzig,地,Alydar,バ,Pleasant Colony,バ,Stage Door Johnny,極,Never Bend,極,地-バ-地 | 極-地-バ | バ-極-極,
ID:1120002394,ラブリーデイ,ラブリーデイ,1120002394,確定,繁殖登録番号,A_v9.3直接完成,父・母父,232,1,0,233,233,Kingmambo,地,Last Tycoon,地,Blakeney,地,サンデーサイレンス,地,Nijinsky,バ,Key to the Mint,地,Kampala,極,Hornbeam,地,Preciptic,極,地-地-地 | 地-バ-地 | 極-地-極,
ID:1120002445,コパノリッキー,コパノリッキー,1120002445,確定,繁殖登録番号,A_v9.3直接完成,父,230,0,0,230,230,サンデーサイレンス,地,Nureyev,地,Hostage,極,Woodman,バ,Pretense,地,Swaps,地,Kampala,極,Hornbeam,地,Preciptic,極,地-地-極 | バ-地-地 | 極-地-極,
ID:1120002427,サトノアラジン,サトノアラジン,1120002427,確定,繁殖登録番号,A_v9.3直接完成,父,230,0,0,230,230,サンデーサイレンス,地,Alzao,バ,Busted,極,Storm Bird,地,Secretariat,極,Crimson Satan,極,Mr. Prospector,極,Dr. Fager,極,Correlation,極,地-バ-極 | 地-極-極 | 極-極-極,
ID:1120002196,マツリダゴッホ,マツリダゴッホ,1120002196,確定,繁殖登録番号,A_v9.3直接完成,父・母父・母母父,162,63,2,227,227,Halo,極,Understanding,極,Montparnasse,地,Bold Bidder,極,Graustark,地,My Babu,極,Exclusive Native,極,Crafty Admiral,極,Volcanic,極,極-極-地 | 極-地-極 | 極-極-極,
ID:1120002400,ダノンレジェンド,ダノンレジェンド,1120002400,確定,繁殖登録番号,A_v9.3直接完成,父,225,0,0,225,225,Holy Bull,地,Blushing Groom,極,Mr. Prospector,極,Storm Bird,地,Secretariat,極,Crimson Satan,極,Relaunch,極,Al Nasr,バ,Francis S.,極,地-極-極 | 地-極-極 | 極-バ-極,
ID:1140001570,Deputy Minister,Deputy Minister,1140001570,確定,繁殖登録番号,I_v9.11_TARGET固定8代年代境界反映で完成,母父・母母父,0,24,199,223,,Northern Dancer,地,Menetrier,極,Windfields,極,Bunty Lawless,極,Deil,極,Ariel,バ,Bimelech,極,Beau Pere,極,Donatello,極,地・極・極｜極・極・バ｜極・極・極,
ID:1120001664,エリシオ,エリシオ,1120001664,確定,繁殖登録番号,B_TARGET再構成＋v9.3既存Mで完成,母父・母母父,0,47,174,221,221,Northern Dancer,地,Bold Reason,極,Forli,地,Seattle Slew,極,Prince John,極,Mr. Music,極,Val de Loir,極,Armistice,極,Mousson,極,地・極・地｜極・極・極｜極・極・極,
ID:1120001799,マイネルラヴ,マイネルラヴ,1120001799,確定,繁殖登録番号,A_v9.3直接完成,母父・母母父,0,128,89,217,217,Mr. Prospector,極,Buckpasser,極,Hasty Road,極,Lyphard,バ,Sing Sing,地,Klairon,極,Bold Ruler,極,Princequillo,極,,バ,極-極-極 | バ-地-極 | 極-極-バ,
ID:1120001783,アドマイヤベガ,アドマイヤベガ,1120001783,確定,繁殖登録番号,A_v9.3直接完成,母父・母母父,0,108,108,216,216,Halo,極,Understanding,極,Montparnasse,地,Kampala,極,Hornbeam,地,Preciptic,極,Nearctic,地,Native Dancer,極,Mahmoud,極,極-極-地 | 極-地-極 | 地-極-極,
ID:1120000415,マルゼンスキー,マルゼンスキー,1120000415,確定,繁殖登録番号,F_v9.4-v9.8追加祖先反映で完成,母父・母母父,0,4,209,213,,Northern Dancer,地,Bull Page,極,Menow,極,Tom Fool,極,War Admiral,極,Blue Larkspur,バ,Prince Rose,極,Papyrus,極,White Eagle,バ,地・極・極｜極・極・バ｜極・極・バ,
ID:1120001768,エンドスウィープ,エンドスウィープ,1120001768,確定,繁殖登録番号,J_v9.12高影響祖先反映で完成,母父・母母父,0,90,120,210,,Mr. Prospector,極,Tom Rolfe,極,Double Jay,極,Northern Dancer,地,Cyane,極,One Count,極,Rosemont,バ,Heliopolis,地,Sweep,バ,極・極・極｜地・極・極｜バ・地・バ,
ID:1140004532,Distorted Humor,Distorted Humor,1140004532,確定,繁殖登録番号,B_TARGET再構成＋v9.3既存Mで完成,父・母父・母母父,8,102,98,208,208,Mr. Prospector,極,Tom Rolfe,極,Double Jay,極,Northern Dancer,地,Admiral's Voyage,バ,Petition,極,Hail to Reason,極,Djeddah,極,Beau Pere,極,極・極・極｜地・バ・極｜極・極・極,
ID:1120002208,ヨハネスブルグ,ヨハネスブルグ,1120002208,確定,繁殖登録番号,A_v9.3直接完成,父・母父・母母父,74,132,2,208,208,Storm Cat,地,Hawaii,バ,Tom Cat,極,Damascus,極,Francis S.,極,Correlation,極,Raise a Native,極,Nashua,極,Count Fleet,極,地-バ-極 | 極-極-極 | 極-極-極,
ID:1120002501,ニューイヤーズデイ,ニューイヤーズデイ,1120002501,確定,繁殖登録番号,A_v9.3直接完成,父,204,0,0,204,204,Machiavellian,極,Troy,地,Riverman,極,Dixieland Band,地,Capote,極,Mr. Prospector,極,Relaunch,極,Al Nasr,バ,Francis S.,極,極-地-極 | 地-極-極 | 極-バ-極,
ID:1120002540,ルヴァンスレーヴ,ルヴァンスレーヴ,1120002540,確定,繁殖登録番号,A_v9.3直接完成,父,203,0,0,203,203,Kris S.,極,Gold Meridian,地,Tri Jet,バ,サンデーサイレンス,地,Kris,地,Shantung,地,Woodman,バ,Pretense,地,Swaps,地,極-地-バ | 地-地-地 | バ-地-地,
ID:1120002529,カリフォルニアクローム,カリフォルニアクローム,1120002529,確定,繁殖登録番号,A_v9.3直接完成,父,202,0,0,202,202,Pulpit,地,Cozzene,極,Lucky Mel,地,Mr. Prospector,極,Northern Dancer,地,Buckpasser,極,Danzig,地,Buckpasser,極,Swaps,地,地-極-地 | 極-地-極 | 地-極-地,
ID:1140002606,Machiavellian,Machiavellian,1140002606,確定,繁殖登録番号,B_TARGET再構成＋v9.3既存Mで完成,母父・母母父,0,24,177,201,201,Raise a Native,極,Nashua,極,Count Fleet,極,Hail to Reason,極,Cosmic Bomb,極,Mahmoud,極,Tom Rolfe,極,War Admiral,極,Tourbillon,極,極・極・極｜極・極・極｜極・極・極,
ID:1120002527,スワーヴリチャード,スワーヴリチャード,1120002527,確定,繁殖登録番号,A_v9.3直接完成,父,199,0,0,199,199,サンデーサイレンス,地,トニービン,地,Lyphard,バ,Unbridled,極,Caro,極,Lucky Mel,地,Seattle Slew,極,Alydar,バ,Nijinsky,バ,地-地-バ | 極-極-地 | 極-バ-バ,
ID:1120002262,スマートファルコン,スマートファルコン,1120002262,確定,繁殖登録番号,A_v9.3直接完成,父・母父,143,51,0,194,194,サンデーサイレンス,地,Nureyev,地,Hostage,極,Vaguely Noble,地,Dark Star,極,L'Amiral,極,Raise a Native,極,Royal Charger,極,Alibhai,地,地-地-極 | 地-極-極 | 極-極-地,
ID:1140002530,Cozzene,Cozzene,1140002530,確定,繁殖登録番号,B_TARGET再構成＋v9.3既存Mで完成,母父・母母父,0,37,156,193,193,Fortino,極,Chamossaire,極,Solario,極,Princequillo,極,Count Fleet,極,Blue Larkspur,バ,Turn-to,極,Princequillo,極,Caruso,バ,極・極・極｜極・極・バ｜極・極・バ,
ID:1120001455,コマンダーインチーフ,コマンダーインチーフ,1120001455,確定,繁殖登録番号,B_TARGET再構成＋v9.3既存Mで完成,母父・母母父,0,62,131,193,193,Lyphard,バ,Drone,極,Pago Pago,極,Hail to Reason,極,Nashua,極,Bull Lea,極,Native Dancer,極,Case Ace,バ,American Flag,極,バ・極・極｜極・極・極｜極・バ・極,
ID:1120001461,メジロマックイーン,メジロマックイーン,1120001461,確定,繁殖登録番号,B_TARGET再構成＋v9.3既存Mで完成,母父・母母父,0,49,140,189,189,メジロアサマ,極,Snob,極,Pan,極,Alcide,地,Palestine,極,Chanteur,極,Bois Roussel,極,Solario,極,Blandford,極,極・極・極｜地・極・極｜極・極・極,
ID:1120002505,サンダースノー,サンダースノー,1120002505,確定,繁殖登録番号,A_v9.3直接完成,父,188,0,0,188,188,Exceed And Excel,地,Singspiel,地,Mill Reef,バ,Kingmambo,地,Alleged,地,Seattle Slew,極,Northern Dancer,地,Forli,地,Nantallah,極,地-地-バ | 地-地-極 | 地-地-極,
ID:1140000936,Seattle Slew,Seattle Slew,1140000936,確定,繁殖登録番号,B_TARGET再構成＋v9.3既存Mで完成,母父・母母父,0,7,179,186,186,Boldnesian,極,Hail to Reason,極,Wait A Bit,極,Round Table,極,Nasrullah,極,War Admiral,極,Jet Pilot,極,War Admiral,極,Bubbling Over,バ,極・極・極｜極・極・極｜極・極・バ,
ID:1120001658,バブルガムフェロー,バブルガムフェロー,1120001658,確定,繁殖登録番号,B_TARGET再構成＋v9.3既存Mで完成,母父・母母父,0,84,102,186,186,Halo,極,Understanding,極,Montparnasse,地,Northern Dancer,地,Court Martial,極,Formor,極,Beau Sabreur,地,Rockefella,地,Chamossaire,極,極・極・地｜地・極・極｜地・地・極,
ID:1120001907,ウォーエンブレム,ウォーエンブレム,1120001907,確定,繁殖登録番号,A_v9.3直接完成,父・母父・母母父,1,146,35,182,182,Mr. Prospector,極,Private Account,地,Hoist the Flag,極,General,極,Con Brio,極,Atlas,地,Herbager,極,Better Self,極,Bull Lea,極,極-地-極 | 極-極-地 | 極-極-極,
ID:1120002319,ダノンバラード,ダノンバラード,1120002319,確定,繁殖登録番号,A_v9.3直接完成,父・母父,181,1,0,182,182,サンデーサイレンス,地,Alzao,バ,Busted,極,Fappiano,極,Le Fabuleux,極,In Reality,極,Hail to Reason,極,Cosmic Bomb,極,Mahmoud,極,地-バ-極 | 極-極-極 | 極-極-極,
ID:1140001402,Miswaki,Miswaki,1140001402,確定,繁殖登録番号,F_v9.4-v9.8追加祖先反映で完成,母父・母母父,0,16,165,181,,Raise a Native,極,Nashua,極,Count Fleet,極,Tom Fool,極,War Admiral,極,Blue Larkspur,バ,Prince Rose,極,Papyrus,極,White Eagle,バ,極・極・極｜極・極・バ｜極・極・バ,
ID:1120002301,エスポワールシチー,エスポワールシチー,1120002301,確定,繁殖登録番号,A_v9.3直接完成,父・母父,168,13,0,181,181,サンデーサイレンス,地,Nureyev,地,Hostage,極,Roberto,極,Graustark,地,Hasty Road,極,Never Bend,極,Roman,極,Sun Again,バ,地-地-極 | 極-地-極 | 極-極-バ,
ID:1120002243,ワークフォース,ワークフォース,1120002243,確定,繁殖登録番号,A_v9.3直接完成,父・母父,61,120,0,181,181,Kingmambo,地,Lombard,地,Espresso,地,Northern Dancer,地,Bold Reason,極,Forli,地,Hoist the Flag,極,Prince John,極,Determine,地,地-地-地 | 地-極-地 | 極-極-地,
ID:1140006048,Tapit,Tapit,1140006048,確定,繁殖登録番号,A_v9.3直接完成,父・母父・母母父,22,126,31,179,179,A.P. Indy,バ,Mr. Prospector,極,Honest Pleasure,極,Fappiano,極,Le Fabuleux,極,In Reality,極,Northern Dancer,地,Bull Page,極,Menow,極,バ-極-極 | 極-極-極 | 地-極-極,
ID:1140004503,Fusaichi Pegasus,Fusaichi Pegasus,1140004503,確定,繁殖登録番号,A_v9.3直接完成,父・母父・母母父,1,82,95,178,178,Raise a Native,極,Nashua,極,Count Fleet,極,Northern Dancer,地,Admiral's Voyage,バ,Petition,極,Hail to Reason,極,Cosmic Bomb,極,Mahmoud,極,極-極-極 | 地-バ-極 | 極-極-極,
ID:1120002240,ダノンシャンティ,ダノンシャンティ,1120002240,確定,繁殖登録番号,A_v9.3直接完成,父・母父,107,69,0,176,176,サンデーサイレンス,地,Le Fabuleux,極,In Reality,極,Darshaan,地,Ajdal,地,Vaguely Noble,地,Hail to Reason,極,Cosmic Bomb,極,Mahmoud,極,地-極-極 | 地-地-地 | 極-極-極,
ID:1140002680,Rahy,Rahy,1140002680,確定,繁殖登録番号,B_TARGET再構成＋v9.3既存Mで完成,母父・母母父,0,44,129,173,173,Red God,極,Wild Risk,極,Tudor Minstrel,地,Hail to Reason,極,Cosmic Bomb,極,Mahmoud,極,Vandale,極,Escamillo,極,Firdaussi,極,極・極・地｜極・極・極｜極・極・極,
ID:1120002460,シャンハイボビー,シャンハイボビー,1120002460,確定,繁殖登録番号,A_v9.3直接完成,父,173,0,0,173,173,Harlan,地,Affirmed,極,Honest Pleasure,極,Mt. Livermore,バ,Cox's Ridge,バ,Nodouble,バ,Mr. Prospector,極,Blushing Groom,極,Nijinsky,バ,地-極-極 | バ-バ-バ | 極-極-バ,
ID:1120002276,キングズベスト,キングズベスト,1120002276,確定,繁殖登録番号,A_v9.3直接完成,父・母父,78,94,0,172,172,Mr. Prospector,極,Nureyev,地,Prove Out,地,Agio,極,Prince Chevalier,極,Big Game,極,Acropolis,地,Bahram,極,,バ,極-地-地 | 極-極-極 | 地-極-バ,
ID:1140001199,Kris S.,Kris S.,1140001199,確定,繁殖登録番号,K_v9.13古血統精査反映で完成,母父・母母父,0,7,164,171,,Hail to Reason,極,Nashua,極,Bull Lea,極,Prince Rose,極,Papyrus,極,White Eagle,バ,Bull Dog,極,Bunting,バ,North Star,バ,極・極・極｜極・極・バ｜極・バ・バ,
ID:1140005764,Medaglia d'Oro,Medaglia d'Oro,1140005764,確定,繁殖登録番号,A_v9.3直接完成,父・母父・母母父,17,126,26,169,169,Sadler's Wells,地,Sir Ivor,極,Tom Fool,極,Damascus,極,Royal Vale,極,Cyclotron,地,Prince John,極,Better Self,極,,バ,地-極-極 | 極-極-地 | 極-極-バ,
ID:1120002117,ケイムホーム,ケイムホーム,1120002117,確定,繁殖登録番号,A_v9.3直接完成,父・母父・母母父,52,107,9,168,168,Mr. Prospector,極,Secretariat,極,Tim Tam,極,Icecapade,バ,Better Bee,バ,Djeddah,極,Never Bend,極,Round Table,極,Count Fleet,極,極-極-極 | バ-バ-極 | 極-極-極,
ID:1120001465,オペラハウス,オペラハウス,1120001465,確定,繁殖登録番号,B_TARGET再構成＋v9.3既存Mで完成,父・母父・母母父,2,104,60,166,166,Northern Dancer,地,Bold Reason,極,Forli,地,Derring-Do,バ,Vimy,極,Court Martial,極,Midsummer Night,極,Chamier,極,Walvis Bay,極,地・極・地｜バ・極・極｜極・極・極,
ID:1140006549,Frankel,Frankel,1140006549,確定,繁殖登録番号,A_v9.3直接完成,父・母父,66,99,0,165,165,Sadler's Wells,地,Miswaki,極,Lombard,地,Danzig,地,His Majesty,地,Buckpasser,極,Blushing Groom,極,Herbager,極,Raise a Native,極,地-極-地 | 地-地-極 | 極-極-極,
ID:1120002517,アルアイン,アルアイン,1120002517,確定,繁殖登録番号,A_v9.3直接完成,父,164,0,0,164,164,サンデーサイレンス,地,Alzao,バ,Busted,極,Pulpit,地,Summing,バ,Mr. Leader,極,Minnesota Mac,極,Intentionally,極,Better Self,極,地-バ-極 | 地-バ-極 | 極-極-極,
ID:1140004081,Mr. Greeley,Mr. Greeley,1140004081,確定,繁殖登録番号,B_TARGET再構成＋v9.3既存Mで完成,母父・母母父,0,84,78,162,162,Mr. Prospector,極,Secretariat,極,Tim Tam,極,Bold Ruler,極,Hasty Road,極,Challedon,極,Native Dancer,極,Noor,極,Challenger,極,極・極・極｜極・極・極｜極・極・極,
ID:1140001945,Darshaan,Darshaan,1140001945,確定,繁殖登録番号,I_v9.11_TARGET固定8代年代境界反映で完成,母父・母母父,0,15,146,161,,Mill Reef,バ,Hardicanute,極,Grandmaster,極,Arbar,極,Umidwar,極,Teddy,バ,Relic,極,Pherozshah,極,Easton,極,バ・極・極｜極・極・バ｜極・極・極,
ID:1140002558,Theatrical,Theatrical,1140002558,確定,繁殖登録番号,B_TARGET再構成＋v9.3既存Mで完成,母父・母母父,0,25,136,161,161,Northern Dancer,地,Forli,地,Nantallah,極,Sheshoon,極,Ratification,極,Cranach,極,Turn-to,極,Blue Swords,極,Sir Gallahad,極,地・地・極｜極・極・極｜極・極・極,
ID:1120002563,モズアスコット,モズアスコット,1120002563,確定,繁殖登録番号,A_v9.3直接完成,父,161,0,0,161,161,Galileo,地,Danehill,地,Rainbow Quest,極,Storm Cat,地,Hawaii,バ,Tom Cat,極,Mr. Prospector,極,Buckpasser,極,Princequillo,極,地-地-極 | 地-バ-極 | 極-極-極,
ID:1120002024,プリサイスエンド,プリサイスエンド,1120002024,確定,繁殖登録番号,A_v9.3直接完成,父・母父・母母父,73,73,13,159,159,Forty Niner,地,Dance Spell,地,Thinking Cap,地,Verbatim,極,Groton,極,Aboukir,極,Secretariat,極,Nearctic,地,Native Dancer,極,地-地-地 | 極-極-極 | 極-地-極,
ID:1140004469,Cape Cross,Cape Cross,1140004469,確定,繁殖登録番号,B_TARGET再構成＋v9.3既存Mで完成,父・母父・母母父,1,60,97,158,158,Danzig,地,Sir Ivor,極,Never Bend,極,Lorenzaccio,極,Martial,極,Whistler,極,Will Somers,地,The Phoenix,極,Speakled Band,極,地・極・極｜極・極・極｜地・極・極,
ID:1120002350,フェノーメノ,フェノーメノ,1120002350,確定,繁殖登録番号,A_v9.3直接完成,父・母父,151,7,0,158,158,サンデーサイレンス,地,デイクタス,極,ノーザンテースト,地,Danzig,地,His Majesty,地,Buckpasser,極,Sing Sing,地,Nearco,極,Solario,極,地-極-地 | 地-地-極 | 地-極-極,
ID:1120002279,リーチザクラウン,リーチザクラウン,1120002279,確定,繁殖登録番号,A_v9.3直接完成,父・母父,134,23,0,157,157,サンデーサイレンス,地,マルゼンスキー,バ,セントクレスピン,地,Bold Reasoning,極,Poker,極,Jet Action,極,Raise a Native,極,Nashua,極,Count Fleet,極,地-バ-地 | 極-極-極 | 極-極-極,
ID:1120002326,トーセンラー,トーセンラー,1120002326,確定,繁殖登録番号,A_v9.3直接完成,父・母父,150,6,0,156,156,サンデーサイレンス,地,Alzao,バ,Busted,極,Mr. Prospector,極,Lyphard,バ,High Hat,地,Northern Dancer,地,Bold Reason,極,Forli,地,地-バ-極 | 極-バ-地 | 地-極-地,
ID:1120002476,ファインニードル,ファインニードル,1120002476,確定,繁殖登録番号,A_v9.3直接完成,父,156,0,0,156,156,エンドスウィープ,地,サンデーサイレンス,地,Kris,地,Darshaan,地,Ajdal,地,Vaguely Noble,地,Nijinsky,バ,Crimson Satan,極,Bolero,極,地-地-地 | 地-地-地 | バ-極-極,
ID:1140001948,Silver Hawk,Silver Hawk,1140001948,確定,繁殖登録番号,K_v9.13古血統精査反映で完成,母父・母母父,0,16,138,154,,Hail to Reason,極,Nashua,極,Bull Lea,極,Nearco,極,Precipitation,極,Hyperion,地,Birikil,極,Fastnet,極,Motley,バ,極・極・極｜極・極・地｜極・極・バ,
ID:1120002188,ディープスカイ,ディープスカイ,1120002188,確定,繁殖登録番号,A_v9.3直接完成,父・母父・母母父,39,112,3,154,154,サンデーサイレンス,地,ロイヤルスキー,極,リマンド,バ,Danzig,地,Secretariat,極,Swoon's Son,極,Graustark,地,Princequillo,極,,バ,地-極-バ | 地-極-極 | 地-極-バ,
ID:1120001851,ボストンハーバー,ボストンハーバー,1120001851,確定,繁殖登録番号,J_v9.12高影響祖先反映で完成,母父・母母父,0,88,66,154,,Seattle Slew,極,Bald Eagle,極,Dark Star,極,Northern Dancer,地,Menetrier,極,Windfields,極,Windy City,極,Bull Lea,極,St. Germans,極,極・極・極｜地・極・極｜極・極・極,
ID:1120002553,タワーオブロンドン,タワーオブロンドン,1120002553,確定,繁殖登録番号,A_v9.3直接完成,父,152,0,0,152,152,Elusive Quality,地,Lord At War,地,Verbatim,極,Darshaan,地,Miswaki,極,Crystal Palace,極,Northern Dancer,地,Bold Reason,極,Forli,地,地-地-極 | 地-極-極 | 地-極-地,
ID:1120002428,ロゴタイプ,ロゴタイプ,1120002428,確定,繁殖登録番号,A_v9.3直接完成,父・母父,149,3,0,152,152,Singspiel,地,Garde Royale,バ,Carvin,極,Halo,極,Understanding,極,Montparnasse,地,Secretariat,極,His Majesty,地,Hail to Reason,極,地-バ-極 | 極-極-地 | 極-地-極,
ID:1120002272,フリオーソ,フリオーソ,1120002272,確定,繁殖登録番号,A_v9.3直接完成,父・母父,122,29,0,151,151,Roberto,極,Graustark,地,Hasty Road,極,Raise a Native,極,Nashua,極,Count Fleet,極,Northern Dancer,地,Forli,地,Nantallah,極,極-地-極 | 極-極-極 | 地-地-極,
ID:1120001588,デインヒル,デインヒル,1120001588,確定,繁殖登録番号,B_TARGET再構成＋v9.3既存Mで完成,母父・母母父,0,10,140,150,150,Northern Dancer,地,Admiral's Voyage,バ,Petition,極,Ribot,極,Alibhai,地,Beau Pere,極,Tom Fool,極,War Admiral,極,Blue Larkspur,バ,地・バ・極｜極・地・極｜極・極・バ,
ID:1120001608,ラムタラ,ラムタラ,1120001608,確定,繁殖登録番号,Y_v9.26残件祖先固定8代欠損0運用確定で完成,母父・母母父,0,35,115,150,,Northern Dancer,地,Bull Page,極,Menow,極,Red God,極,Wild Risk,極,Tudor Minstrel,地,Firestreak,地,Flush Royal,極,Tehran,極,地・極・極｜極・極・地｜地・極・極,
ID:1120002588,コントレイル,コントレイル,1120002588,確定,繁殖登録番号,A_v9.3直接完成,父,145,0,0,145,145,サンデーサイレンス,地,Alzao,バ,Busted,極,Unbridled,極,Caro,極,Lucky Mel,地,Cee's Tizzy,バ,Seattle Song,極,ナイスダンサー,地,地-バ-極 | 極-極-地 | バ-極-地,
ID:1120002447,ディーマジェスティ,ディーマジェスティ,1120002447,確定,繁殖登録番号,A_v9.3直接完成,父,145,0,0,145,145,サンデーサイレンス,地,Alzao,バ,Busted,極,Roberto,極,Graustark,地,Hasty Road,極,Northern Dancer,地,Bold Reason,極,Forli,地,地-バ-極 | 極-地-極 | 地-極-地,
ID:1120002542,ナダル,ナダル,1120002542,確定,繁殖登録番号,A_v9.3直接完成,父,145,0,0,145,145,Arch,地,Seeking the Gold,極,Nijinsky,バ,A.P. Indy,バ,Mr. Prospector,極,Honest Pleasure,極,His Majesty,地,Sunrise Flight,極,Cockrullah,極,地-極-バ | バ-極-極 | 地-極-極,
ID:1140004044,Smart Strike,Smart Strike,1140004044,確定,繁殖登録番号,B_TARGET再構成＋v9.3既存Mで完成,父・母父・母母父,2,96,45,143,143,Raise a Native,極,Nashua,極,Count Fleet,極,Cyane,極,Quibu,極,Olympia,地,Noholme,地,Double Jay,極,Don Bingo,極,極・極・極｜極・極・地｜地・極・極,
ID:1120002405,エイシンヒカリ,エイシンヒカリ,1120002405,確定,繁殖登録番号,A_v9.3直接完成,父,141,0,0,141,141,サンデーサイレンス,地,Alzao,バ,Busted,極,Storm Bird,地,Secretariat,極,Crimson Satan,極,Fortino,極,Chamossaire,極,Solario,極,地-バ-極 | 地-極-極 | 極-極-極,
ID:1140002802,Unbridled,Unbridled,1140002802,確定,繁殖登録番号,B_TARGET再構成＋v9.3既存Mで完成,母父・母母父,0,10,130,140,140,Mr. Prospector,極,Dr. Fager,極,Correlation,極,Wild Risk,極,Verso,極,Easton,極,Intentionally,極,Rough'n Tumble,極,War Relic,極,極・極・極｜極・極・極｜極・極・極,
ID:1140001440,Green Desert,Green Desert,1140001440,確定,繁殖登録番号,B_TARGET再構成＋v9.3既存Mで完成,母父・母母父,0,17,121,138,138,Northern Dancer,地,Admiral's Voyage,バ,Petition,極,Sir Gaylord,極,Mr. Trouble,極,Pharamond,極,Nasrullah,極,Djeddah,極,Bimelech,極,地・バ・極｜極・極・極｜極・極・極,
ID:1120002283,ジョーカプチーノ,ジョーカプチーノ,1120002283,確定,繁殖登録番号,A_v9.3直接完成,父・母父,128,9,0,137,137,サンデーサイレンス,地,Law Society,地,Luciano,バ,Caerleon,バ,Sadler's Wells,地,English Prince,極,テスコボーイ,地,Your Host,地,,バ,地-地-バ | バ-地-極 | 地-地-バ,
ID:1120001752,デヒア,デヒア,1120001752,確定,繁殖登録番号,B_TARGET再構成＋v9.3既存Mで完成,母父・母母父,0,78,59,137,137,Vice Regent,バ,Bunty's Flight,極,Jabneh,極,Bold Ruler,極,Princequillo,極,Caruso,バ,Sword Dancer,極,My Babu,極,Sickle,極,バ・極・極｜極・極・バ｜極・極・極,
ID:1120001675,マヤノトップガン,マヤノトップガン,1120001675,確定,繁殖登録番号,B_TARGET再構成＋v9.3既存Mで完成,父・母父・母母父,3,87,47,137,137,Roberto,極,Graustark,地,Hasty Road,極,Red God,極,Wild Risk,極,Tudor Minstrel,地,Vienna,極,Nearco,極,Big Game,極,極・地・極｜極・極・地｜極・極・極,
ID:1120001417,メジロライアン,メジロライアン,1120001417,確定,繁殖登録番号,B_TARGET再構成＋v9.3既存Mで完成,母父・母母父,0,41,96,137,137,ノーザンテースト,地,Ambiopoise,極,Gallant Man,極,Charlottesville,極,Aureole,極,King Salmon,極,Mourne,極,Prince Bio,極,Rialto,極,地・極・極｜極・極・極｜極・極・極,
ID:1120001659,フサイチコンコルド,フサイチコンコルド,1120001659,確定,繁殖登録番号,B_TARGET再構成＋v9.3既存Mで完成,母父・母母父,0,92,42,134,134,Nijinsky,バ,Round Table,極,Hail to Reason,極,Northern Dancer,地,Bold Reason,極,Forli,地,Petingo,バ,Bois Roussel,極,Casterari,極,バ・極・極｜地・極・地｜バ・極・極,
ID:1140004497,Montjeu,Montjeu,1140004497,確定,繁殖登録番号,A_v9.3直接完成,母父・母母父,0,60,73,133,133,Northern Dancer,地,Bold Reason,極,Forli,地,High Top,バ,Charlottesville,極,Tantieme,極,Val de Loir,極,Prince Taj,極,Phil Drake,極,地-極-地 | バ-極-極 | 極-極-極,
ID:1120002265,タートルボウル,タートルボウル,1120002265,確定,繁殖登録番号,A_v9.3直接完成,父・母父,87,46,0,133,133,Night Shift,地,Homing,バ,Green God,極,High Top,バ,Charlottesville,極,Tantieme,極,Zeddaan,極,Prince Bio,極,Palestine,極,地-バ-極 | バ-極-極 | 極-極-極,
ID:1120002120,ローエングリン,ローエングリン,1120002120,確定,繁殖登録番号,A_v9.3直接完成,父・母父,77,56,0,133,133,In The Wings,地,Halo,極,Herbager,極,Mill Reef,バ,Sicambre,極,Right Royal,地,Marino,極,Fine Top,極,,バ,地-極-極 | バ-極-地 | 極-極-バ,
ID:1120002469,タリスマニック,タリスマニック,1120002469,確定,繁殖登録番号,A_v9.3直接完成,父,132,0,0,132,132,El Prado,地,Bailjumper,地,Silent Screen,極,Mr. Prospector,極,Halo,極,Hoist the Flag,極,Northern Dancer,地,Admiral's Voyage,バ,Petition,極,地-地-極 | 極-極-極 | 地-バ-極,
ID:1120002461,ビーチパトロール,ビーチパトロール,1120002461,確定,繁殖登録番号,A_v9.3直接完成,父,132,0,0,132,132,Kingmambo,地,Seattle Slew,極,Buckpasser,極,Fappiano,極,Dr. Fager,極,Nearctic,地,Timeless Moment,極,Executioner,極,Hill Rise,地,地-極-極 | 極-極-地 | 極-極-地,
ID:1120001672,マーベラスサンデー,マーベラスサンデー,1120001672,確定,繁殖登録番号,B_TARGET再構成＋v9.3既存Mで完成,父・母父・母母父,3,92,37,132,132,Halo,極,Understanding,極,Montparnasse,地,Northern Dancer,地,Menetrier,極,Windfields,極,Tom Fool,極,Alycidon,地,Portlaw,極,極・極・地｜地・極・極｜極・地・極,
ID:1140006188,Dubawi,Dubawi,1140006188,確定,繁殖登録番号,A_v9.3直接完成,父・母父・母母父,11,104,16,131,131,Seeking the Gold,極,Shareef Dancer,地,Pretense,地,Shirley Heights,バ,Roberto,極,Raise a Native,極,Lyphard,バ,Drone,極,Pago Pago,極,極-地-地 | バ-極-極 | バ-極-極,
ID:1140005286,Street Cry,Street Cry,1140005286,確定,繁殖登録番号,A_v9.3直接完成,父・母父・母母父,2,92,37,131,131,Mr. Prospector,極,Halo,極,Hoist the Flag,極,Petingo,バ,Hornbeam,地,Pinza,極,Never Bend,極,Prince John,極,Roman,極,極-極-極 | バ-地-極 | 極-極-極,
ID:1120001237,アサティス,アサティス,1120001237,確定,繁殖登録番号,B_TARGET再構成＋v9.3既存Mで完成,母父・母母父,0,30,101,131,131,Northern Dancer,地,Round Table,極,Nasrullah,極,Ribot,極,Alibhai,地,Beau Pere,極,Tom Fool,極,War Admiral,極,Blue Larkspur,バ,地・極・極｜極・地・極｜極・極・バ,
ID:1120002481,レッドファルクス,レッドファルクス,1120002481,確定,繁殖登録番号,A_v9.3直接完成,父,131,0,0,131,131,End Sweep,地,Cutlass,極,Ambehaving,極,Halo,極,Understanding,極,Montparnasse,地,Exclusive Native,極,Crafty Admiral,極,Volcanic,極,地-極-極 | 極-極-地 | 極-極-極,
ID:1120002545,アドマイヤマーズ,アドマイヤマーズ,1120002545,確定,繁殖登録番号,A_v9.3直接完成,父,130,0,0,130,130,サンデーサイレンス,地,ノーザンテースト,地,Crimson Satan,極,Machiavellian,極,Storm Bird,地,Sassafras,バ,In The Wings,地,Halo,極,Herbager,極,地-地-極 | 極-地-バ | 地-極-極,
ID:1140004712,Rock of Gibraltar,Rock of Gibraltar,1140004712,確定,繁殖登録番号,A_v9.3直接完成,母父・母母父,0,58,71,129,129,Danzig,地,His Majesty,地,Buckpasser,極,Northern Dancer,地,Tudor Minstrel,地,Stymie,極,Bold Ruler,極,Democratic,極,Alycidon,地,地-地-極 | 地-地-極 | 極-極-地,
ID:1120002372,トゥザワールド,トゥザワールド,1120002372,確定,繁殖登録番号,A_v9.3直接完成,父・母父,125,4,0,129,129,Kingmambo,地,Last Tycoon,地,Blakeney,地,Halo,極,Understanding,極,Montparnasse,地,Northern Dancer,地,Forli,地,Nantallah,極,地-地-地 | 極-極-地 | 地-地-極,
ID:1140004339,Sunday Silence,Sunday Silence,1140004339,確定,繁殖登録番号,B_TARGET再構成＋v9.3既存Mで完成,母父・母母父,0,18,110,128,128,Hail to Reason,極,Cosmic Bomb,極,Mahmoud,極,Promised Land,極,Stymie,極,Bull Lea,極,Gulf Stream,地,Fox Club,極,Barranquero,極,極・極・極｜極・極・極｜地・極・極,
ID:1120002357,エスケンデレヤ,エスケンデレヤ,1120002357,確定,繁殖登録番号,A_v9.3直接完成,父・母父,123,5,0,128,128,Storm Cat,地,Rahy,バ,Roberto,極,Bold Reasoning,極,Poker,極,Jet Action,極,Raise a Native,極,On-and-On,極,Ponder,地,地-バ-極 | 極-極-極 | 極-極-地,
ID:1120002305,モンテロッソ,モンテロッソ,1120002305,確定,繁殖登録番号,A_v9.3直接完成,父・母父,116,12,0,128,128,Dubai Millennium,地,Deploy,バ,ダンシングブレーヴ,バ,Sadler's Wells,地,Habitat,極,Runnymede,極,Accipiter,極,Speak John,極,Piet,極,地-バ-バ | 地-極-極 | 極-極-極,
ID:1140004602,Pivotal,Pivotal,1140004602,確定,繁殖登録番号,B_TARGET再構成＋v9.3既存Mで完成,父・母父・母母父,4,77,45,126,126,Nureyev,地,Jefferson,極,Blue Tom,極,Caro,極,Prince John,極,Sir Gaylord,極,Busted,極,Doutelle,極,Fairway,極,地・極・極｜極・極・極｜極・極・極,
ID:1120002241,カジノドライヴ,カジノドライヴ,1120002241,確定,繁殖登録番号,A_v9.3直接完成,父・母父,84,41,0,125,125,A.P. Indy,バ,Mr. Prospector,極,Hoist the Flag,極,Vice Regent,バ,Bunty's Flight,極,Jabneh,極,Red God,極,Wild Risk,極,Tudor Minstrel,地,バ-極-極 | バ-極-極 | 極-極-地,
ID:1120002331,ベルシャザール,ベルシャザール,1120002331,確定,繁殖登録番号,A_v9.3直接完成,父・母父,121,4,0,125,125,Kingmambo,地,Last Tycoon,地,Blakeney,地,Halo,極,Understanding,極,Montparnasse,地,Northern Dancer,地,Secretariat,極,Prince John,極,地-地-地 | 極-極-地 | 地-極-極,
ID:1120000449,ミルジヨージ,ミルジヨージ,1120000449,確定,繁殖登録番号,K_v9.13古血統精査反映で完成,母母父,0,0,125,125,,Never Bend,極,Princequillo,極,Count Fleet,極,Ribot,極,Ambiorix,極,Petee-Wrack,極,Nasrullah,極,Baytown,極,Hainault,極,極・極・極｜極・極・極｜極・極・極,
ID:1120002561,ゴールドドリーム,ゴールドドリーム,1120002561,確定,繁殖登録番号,A_v9.3直接完成,父,123,0,0,123,123,サンデーサイレンス,地,Nureyev,地,Hostage,極,Deputy Minister,地,Hold Your Peace,極,Bold Ruler,極,Best Turn,バ,Ballydonnell,極,,バ,地-地-極 | 地-極-極 | バ-極-バ,
ID:1140005349,Invincible Spirit,Invincible Spirit,1140005349,確定,繁殖登録番号,A_v9.3直接完成,父・母父・母母父,13,77,32,122,122,Danzig,地,Sir Ivor,極,Never Bend,極,Sharpen Up,地,Reliance,極,Crepello,極,Round Table,極,My Babu,極,Hyperion,地,地-極-極 | 地-極-極 | 極-極-地,
ID:1120002513,シュヴァルグラン,シュヴァルグラン,1120002513,確定,繁殖登録番号,A_v9.3直接完成,父,122,0,0,122,122,サンデーサイレンス,地,トニービン,地,Lyphard,バ,Mr. Prospector,極,Halo,極,Hoist the Flag,極,Northern Dancer,地,Forli,地,Nantallah,極,地-地-バ | 極-極-極 | 地-地-極,
ID:1140004565,Danehill Dancer,Danehill Dancer,1140004565,確定,繁殖登録番号,B_TARGET再構成＋v9.3既存Mで完成,母父・母母父,0,83,38,121,121,Danzig,地,His Majesty,地,Buckpasser,極,Atan,地,Rockefella,地,Majano,極,Fortino,極,Chamossaire,極,Solario,極,地・地・極｜地・地・極｜極・極・極,
ID:1120000715,アンバーシヤダイ,アンバーシヤダイ,1120000715,確定,繁殖登録番号,I_v9.11_TARGET固定8代年代境界反映で完成,母父・母母父,0,14,107,121,,Northern Dancer,地,Victoria Park,極,Hyperion,地,Ambiorix,極,Bull Lea,極,Equipoise,バ,Migoli,極,Mahmoud,極,Buchan,極,地・極・地｜極・極・バ｜極・極・極,
ID:1120000414,トウシヨウボーイ,トウシヨウボーイ,1120000414,確定,繁殖登録番号,Z_v9.27_TARGET系譜不足枝0扱いで完成,母母父,0,0,121,121,,Princely Gift,極,Hyperion,地,Dastur,極,Alibhai,地,Mahmoud,極,Clarissimus,極,Dark Legend,極,Phalaris,極,,バ,極・地・極｜地・極・極｜極・極・バ,
ID:1140003602,Silver Deputy,Silver Deputy,1140003602,確定,繁殖登録番号,J_v9.12高影響祖先反映で完成,母父・母母父,0,18,102,120,,Vice Regent,バ,Bunty's Flight,極,Jabneh,極,Raise a Native,極,Nashua,極,Count Fleet,極,Bald Eagle,極,Turn-to,極,Supremus,極,バ・極・極｜極・極・極｜極・極・極,
ID:1120002328,トーセンジョーダン,トーセンジョーダン,1120002328,確定,繁殖登録番号,A_v9.3直接完成,父・母父,115,5,0,120,120,トニービン,地,Nureyev,地,Nodouble,バ,Northern Dancer,地,Victoria Park,極,Hyperion,地,Mr. Prospector,極,In Reality,極,Royal Note,極,地-地-バ | 地-極-地 | 極-極-極,
ID:1140001587,Capote,Capote,1140001587,確定,繁殖登録番号,S_v9.20高影響祖先反映で完成,母父・母母父,0,12,107,119,,Bold Reasoning,極,Poker,極,Jet Action,極,Nasrullah,極,Tiger,極,Display,極,Royal Gem,極,Bull Dog,極,Bostonian,バ,極・極・極｜極・極・極｜極・極・バ,
ID:1120002555,フィエールマン,フィエールマン,1120002555,確定,繁殖登録番号,A_v9.3直接完成,父,119,0,0,119,119,サンデーサイレンス,地,Alzao,バ,Busted,極,Green Dancer,バ,Mr. Prospector,極,Northern Answer,地,Rheingold,極,Carvin,極,Antler,地,地-バ-極 | バ-極-地 | 極-極-地,
ID:1120002214,バトルプラン,バトルプラン,1120002214,確定,繁殖登録番号,A_v9.3直接完成,父・母父,92,26,0,118,118,Unbridled,極,El Gran Senor,地,In Reality,極,Mr. Prospector,極,Buckpasser,極,Hasty Road,極,Northern Dancer,地,New Providence,極,Chop Chop,極,極-地-極 | 極-極-極 | 地-極-極,
ID:1120001736,トワイニング,トワイニング,1120001736,確定,繁殖登録番号,F_v9.4-v9.8追加祖先反映で完成,母父・母母父,0,78,39,117,,Mr. Prospector,極,Tom Rolfe,極,Double Jay,極,Nasrullah,極,Djeddah,極,Bimelech,極,Man o'War,極,Sweep,バ,Harry of Hereford,極,極・極・極｜極・極・極｜極・バ・極,
ID:1120001510,パラダイスクリーク,パラダイスクリーク,1120001510,確定,繁殖登録番号,B_TARGET再構成＋v9.3既存Mで完成,母父・母母父,0,59,58,117,117,Riverman,極,Klairon,極,East Side,極,Northern Dancer,地,Occupy,極,Challenger,極,Sheshoon,極,Ratification,極,Cranach,極,極・極・極｜地・極・極｜極・極・極,
ID:1120002525,ロジャーバローズ,ロジャーバローズ,1120002525,確定,繁殖登録番号,A_v9.3直接完成,父,117,0,0,117,117,サンデーサイレンス,地,Alzao,バ,Busted,極,Danzig,地,Alleged,地,Seattle Slew,極,Lyphard,バ,Bupers,極,Revoked,極,地-バ-極 | 地-地-極 | バ-極-極,
ID:1140006040,Bernardini,Bernardini,1140006040,確定,繁殖登録番号,A_v9.3直接完成,父・母父・母母父,9,89,18,116,116,Seattle Slew,極,Secretariat,極,Buckpasser,極,Fappiano,極,Dr. Fager,極,Nearctic,地,Bold Bidder,極,Promised Land,極,To Market,極,極-極-極 | 極-極-地 | 極-極-極,
ID:1120001255,アジュディケーティング,アジュディケーティング,1120001255,確定,繁殖登録番号,B_TARGET再構成＋v9.3既存Mで完成,父・母父・母母父,1,44,71,116,116,Northern Dancer,地,Admiral's Voyage,バ,Petition,極,Bold Ruler,極,Hasty Road,極,Challedon,極,Khaled,地,Beau Pere,極,War Admiral,極,地・バ・極｜極・極・極｜地・極・極,
ID:1120002355,スピルバーグ,スピルバーグ,1120002355,確定,繁殖登録番号,A_v9.3直接完成,父・母父,109,7,0,116,116,サンデーサイレンス,地,Alzao,バ,Busted,極,Mr. Prospector,極,Lyphard,バ,High Hat,地,Northern Dancer,地,Bold Reason,極,Forli,地,地-バ-極 | 極-バ-地 | 地-極-地,
ID:1120002170,チチカステナンゴ,チチカステナンゴ,1120002170,確定,繁殖登録番号,A_v9.3直接完成,父・母父・母母父,1,108,7,116,116,Kaldoun,極,Tip Moss,バ,Arctic Storm,極,Northern Dancer,地,Sir Gaylord,極,Cambremont,極,Northern Dancer,地,The Axe,極,Honeyway,極,極-バ-極 | 地-極-極 | 地-極-極,
ID:1140004626,Tiznow,Tiznow,1140004626,確定,繁殖登録番号,A_v9.3直接完成,母父・母母父,0,63,52,115,115,Relaunch,極,Lyphard,バ,Trevieres,極,Seattle Slew,極,Prince Blessed,極,Flushing,極,Northern Dancer,地,Le Beau Prince,極,Alizier,極,極-バ-極 | 極-極-極 | 地-極-極,
ID:1120002049,デュランダル,デュランダル,1120002049,確定,繁殖登録番号,A_v9.3直接完成,父・母父・母母父,1,101,10,112,112,Halo,極,Understanding,極,Montparnasse,地,Northern Dancer,地,Victoria Park,極,Hyperion,地,Olympia,地,Nasrullah,極,Beau Pere,極,極-極-地 | 地-極-地 | 地-極-極,
ID:1120002284,トランセンド,トランセンド,1120002284,確定,繁殖登録番号,A_v9.3直接完成,父・母父,108,4,0,112,112,Wild Again,地,Plugged Nickle,地,Drone,極,Kampala,極,Hornbeam,地,Preciptic,極,Northern Baby,バ,Golden Eagle,極,Jaipur,極,地-地-極 | 極-地-極 | バ-極-極,
ID:1120001401,ドクターデヴィアス,ドクターデヴィアス,1120001401,確定,繁殖登録番号,B_TARGET再構成＋v9.3既存Mで完成,母父・母母父,0,4,108,112,112,Lorenzaccio,極,Martial,極,Whistler,極,Hoist the Flag,極,Prince John,極,Determine,地,Nearctic,地,Native Dancer,極,Mahmoud,極,極・極・極｜極・極・地｜地・極・極,
ID:1140004068,Pulpit,Pulpit,1140004068,確定,繁殖登録番号,B_TARGET再構成＋v9.3既存Mで完成,母父・母母父,0,44,67,111,111,Seattle Slew,極,Secretariat,極,Buckpasser,極,Raise a Native,極,Nashua,極,Count Fleet,極,What a Pleasure,極,Tulyar,極,Dastur,極,極・極・極｜極・極・極｜極・極・極,
ID:1120002551,ウインブライト,ウインブライト,1120002551,確定,繁殖登録番号,A_v9.3直接完成,父,111,0,0,111,111,サンデーサイレンス,地,デイクタス,極,ノーザンテースト,地,Cozzene,極,ノーザンテースト,地,Tribal Chief,極,Mr. Prospector,極,Nijinsky,バ,Forli,地,地-極-地 | 極-地-極 | 極-バ-地,
ID:1120002253,ベーカバド,ベーカバド,1120002253,確定,繁殖登録番号,A_v9.3直接完成,父・母父,84,27,0,111,111,Green Desert,地,Ahonoora,バ,Balidar,地,Sharpen Up,地,Reliance,極,Crepello,極,Never Bend,極,Princequillo,極,Count Fleet,極,地-バ-地 | 地-極-極 | 極-極-極,
ID:1140002772,Alzao,Alzao,1140002772,確定,繁殖登録番号,C_v9.4+v9.5追加祖先反映で完成,母父・母母父,0,4,106,110,,Northern Dancer,地,Court Martial,極,Formor,極,Sir Gaylord,極,Mr. Trouble,極,Pharamond,極,Sir Gallahad,極,Buchan,極,Ultimus,バ,地・極・極｜極・極・極｜極・極・バ,
ID:1140005878,Shamardal,Shamardal,1140005878,確定,繁殖登録番号,A_v9.3直接完成,父・母父・母母父,6,86,18,110,110,Storm Cat,地,Rahy,バ,Roberto,極,Mr. Prospector,極,Halo,極,Hoist the Flag,極,Petingo,バ,Hornbeam,地,Pinza,極,地-バ-極 | 極-極-極 | バ-地-極,
ID:1120001101,タマモクロス,タマモクロス,1120001101,確定,繁殖登録番号,T_v9.21高影響祖先反映で完成,母父・母母父,0,16,94,110,,フオルテイノ,極,パーソロン,極,タークスリライアンス,極,Swaps,地,Polynesian,極,Pot au Feu,極,Owen Tudor,地,Epigram,極,Coronach,極,極・極・極｜地・極・極｜地・極・極,
ID:1120002333,トゥザグローリー,トゥザグローリー,1120002333,確定,繁殖登録番号,A_v9.3直接完成,父・母父,106,4,0,110,110,Kingmambo,地,Last Tycoon,地,Blakeney,地,Halo,極,Understanding,極,Montparnasse,地,Northern Dancer,地,Forli,地,Nantallah,極,地-地-地 | 極-極-地 | 地-地-極,
ID:1140003436,Acatenango,Acatenango,1140003436,確定,繁殖登録番号,Z_v9.27_TARGET系譜不足枝0扱いで完成,母父・母母父,0,18,91,109,,Literat,極,Reliance,極,Hyperion,地,Combat,極,Nearco,極,Hyperion,地,Tetratema,極,Lemberg,バ,,バ,極・極・地｜極・極・地｜極・バ・バ,
ID:1120001522,トウカイテイオー,トウカイテイオー,1120001522,確定,繁殖登録番号,B_TARGET再構成＋v9.3既存Mで完成,母父・母母父,0,53,56,109,109,パーソロン,極,スピードシンボリ,地,Palestine,極,Northern Dancer,地,Le Beau Prince,極,Alizier,極,Princely Gift,極,Legend of France,極,Blenheim,極,極・地・極｜地・極・極｜極・極・極,
ID:1120002274,トーセンホマレボシ,トーセンホマレボシ,1120002274,確定,繁殖登録番号,A_v9.3直接完成,父・母父,77,32,0,109,109,サンデーサイレンス,地,Alzao,バ,Busted,極,Northern Dancer,地,Victoria Park,極,Hyperion,地,Mr. Prospector,極,In Reality,極,Royal Note,極,地-バ-極 | 地-極-地 | 極-極-極,
ID:1120001339,スキャン,スキャン,1120001339,確定,繁殖登録番号,B_TARGET再構成＋v9.3既存Mで完成,母父・母母父,0,33,75,108,108,Raise a Native,極,Nashua,極,Count Fleet,極,Northern Dancer,地,Bull Page,極,Menow,極,Princequillo,極,Sir Cosmo,極,Friar Marcus,極,極・極・極｜地・極・極｜極・極・極,
ID:1140004589,Elusive Quality,Elusive Quality,1140004589,確定,繁殖登録番号,B_TARGET再構成＋v9.3既存Mで完成,父・母父・母母父,1,64,42,107,107,Mr. Prospector,極,Secretariat,極,Tim Tam,極,Northern Dancer,地,Graustark,地,Hail to Reason,極,Sir Gaylord,極,Mr. Trouble,極,Pharamond,極,極・極・極｜地・地・極｜極・極・極,
ID:1120002116,ファスリエフ,ファスリエフ,1120002116,確定,繁殖登録番号,A_v9.3直接完成,父・母父・母母父,6,98,3,107,107,Northern Dancer,地,Forli,地,Nantallah,極,Raise a Native,極,Nashua,極,Count Fleet,極,Nasrullah,極,Djeddah,極,Bimelech,極,地-地-極 | 極-極-極 | 極-極-極,
ID:1140006847,American Pharoah,American Pharoah,1140006847,確定,繁殖登録番号,A_v9.3直接完成,父・母父,96,10,0,106,106,Empire Maker,地,Lord At War,地,Key to the Kingdom,極,Storm Cat,地,Flying Paster,地,Grenfall,地,Exclusive Native,極,Chieftain,極,Helioscope,地,地-地-極 | 地-地-地 | 極-極-地,
ID:1140002676,Forty Niner,Forty Niner,1140002676,確定,繁殖登録番号,B_TARGET再構成＋v9.3既存Mで完成,母父・母母父,0,2,104,106,106,Raise a Native,極,Nashua,極,Count Fleet,極,Ribot,極,Roman,極,Princequillo,極,Balladier,バ,Whisk Broom,バ,Sain,極,極・極・極｜極・極・極｜バ・バ・極,
ID:1140002376,Rainbow Quest,Rainbow Quest,1140002376,確定,繁殖登録番号,B_TARGET再構成＋v9.3既存Mで完成,母父・母母父,0,21,85,106,106,Red God,極,Wild Risk,極,Tudor Minstrel,地,Vandale,極,Escamillo,極,Firdaussi,極,Native Dancer,極,Case Ace,バ,American Flag,極,極・極・地｜極・極・極｜極・バ・極,
ID:1120002514,モーニン,モーニン,1120002514,確定,繁殖登録番号,A_v9.3直接完成,父,106,0,0,106,106,Hennessy,地,Meadowlake,極,Hagley,極,Forty Niner,地,Danzig,地,Mr. Leader,極,Caro,極,Prince John,極,Sir Gaylord,極,地-極-極 | 地-地-極 | 極-極-極,
ID:1120001157,サツカーボーイ,サツカーボーイ,1120001157,確定,繁殖登録番号,B_TARGET再構成＋v9.3既存Mで完成,母父・母母父,0,23,82,105,105,Sanctus,極,Worden,極,Bozzetto,極,Northern Dancer,地,Victoria Park,極,Hyperion,地,Nasrullah,極,Blue Peter,極,Blandford,極,極・極・極｜地・極・地｜極・極・極,
ID:1140004230,Awesome Again,Awesome Again,1140004230,確定,繁殖登録番号,B_TARGET再構成＋v9.3既存Mで完成,父・母父・母母父,1,35,68,104,104,Vice Regent,バ,Bunty's Flight,極,Jabneh,極,Red God,極,Wild Risk,極,Tudor Minstrel,地,Raise a Native,極,Nashua,極,Count Fleet,極,バ・極・極｜極・極・地｜極・極・極,
ID:1140002827,Nashwan,Nashwan,1140002827,確定,繁殖登録番号,B_TARGET再構成＋v9.3既存Mで完成,母父・母母父,0,8,96,104,104,Red God,極,Wild Risk,極,Tudor Minstrel,地,Busted,極,Doutelle,極,Fairway,極,March Past,極,Vilmorin,極,Fair Trial,極,極・極・地｜極・極・極｜極・極・極,
ID:1120002571,フォーウィールドライブ,フォーウィールドライブ,1120002571,確定,繁殖登録番号,A_v9.3直接完成,父,104,0,0,104,104,Pioneerof the Nile,地,Yankee Gentleman,地,Ecliptical,地,Southern Halo,バ,Woodman,バ,Naskra,極,Mr. Prospector,極,Irish River,極,Lyphard,バ,地-地-地 | バ-バ-極 | 極-極-バ,
ID:1120002472,グレーターロンドン,グレーターロンドン,1120002472,確定,繁殖登録番号,A_v9.3直接完成,父,102,0,0,102,102,サンデーサイレンス,地,Alzao,バ,Busted,極,Ahonoora,バ,Alleged,地,Northern Dancer,地,Northern Dancer,地,Admiral's Voyage,バ,Petition,極,地-バ-極 | バ-地-地 | 地-バ-極,
ID:1120002556,ミスターメロディ,ミスターメロディ,1120002556,確定,繁殖登録番号,A_v9.3直接完成,父,102,0,0,102,102,Johannesburg,地,Mr. Prospector,極,Nijinsky,バ,Vice Regent,バ,Bunty's Flight,極,Jabneh,極,Prince John,極,Better Self,極,,バ,地-極-バ | バ-極-極 | 極-極-バ,
ID:1140001308,Alydar,Alydar,1140001308,確定,繁殖登録番号,Y_v9.26残件祖先固定8代欠損0運用確定で完成,母母父,0,0,101,101,,Native Dancer,極,Case Ace,バ,American Flag,極,Nasrullah,極,Bull Lea,極,The Porter,バ,Pensive,地,Blenheim,極,Sir Gallahad,極,極・バ・極｜極・極・バ｜地・極・極,
ID:1130000096,Nijinsky,Nijinsky,1130000096,確定,繁殖登録番号,Z_v9.27_TARGET系譜不足枝0扱いで完成,母母父,0,0,101,101,,Nearctic,地,Native Dancer,極,Mahmoud,極,Bull Lea,極,Blue Larkspur,バ,,バ,Pharamond,極,Supremus,極,Roi Herode,バ,地・極・極｜極・バ・バ｜極・極・バ,
ID:1120002337,グランプリボス,グランプリボス,1120002337,確定,繁殖登録番号,A_v9.3直接完成,父・母父,99,2,0,101,101,サクラユタカオー,地,ノーザンテースト,地,Ambiopoise,極,Halo,極,Understanding,極,Montparnasse,地,Bold Ruler,極,Princequillo,極,,バ,地-地-極 | 極-極-地 | 極-極-バ,
ID:1120002103,ロックオブジブラルタル,ロックオブジブラルタル,1120002103,確定,繁殖登録番号,A_v9.3直接完成,母父・母母父,0,81,20,101,101,Danzig,地,His Majesty,地,Buckpasser,極,Northern Dancer,地,Tudor Minstrel,地,Stymie,極,Bold Ruler,極,Democratic,極,Alycidon,地,地-地-極 | 地-地-極 | 極-極-地,
ID:1140001404,Dixieland Band,Dixieland Band,1140001404,確定,繁殖登録番号,M_v9.15古血統安全確定反映で完成,母父・母母父,0,18,82,100,,Nearctic,地,Native Dancer,極,Mahmoud,極,Traffic Judge,地,Noor,極,Bull Lea,極,Determine,地,War Glory,極,Whiskalong,極,地・極・極｜地・極・極｜地・極・極,
ID:1140004699,More Than Ready,More Than Ready,1140004699,確定,繁殖登録番号,A_v9.3直接完成,父・母父・母母父,7,67,26,100,100,Halo,極,Northern Dancer,地,Sea-Bird,極,Mr. Prospector,極,Buckpasser,極,Swaps,地,Nasram,極,Le Haar,極,Fastnet,極,極-地-極 | 極-極-地 | 極-極-極,
ID:1120002057,アドマイヤマックス,アドマイヤマックス,1120002057,確定,繁殖登録番号,A_v9.3直接完成,父・母父・母母父,22,73,5,100,100,Halo,極,Understanding,極,Montparnasse,地,Northern Dancer,地,Victoria Park,極,Hyperion,地,Ambiorix,極,War Admiral,極,Bubbling Over,バ,極-極-地 | 地-極-地 | 極-極-バ,
ID:1120001961,コロナドズクエスト,コロナドズクエスト,1120001961,確定,繁殖登録番号,A_v9.3直接完成,母父・母母父,0,70,30,100,100,Mr. Prospector,極,Tom Rolfe,極,Double Jay,極,Sword Dancer,極,My Babu,極,Sickle,極,Nasrullah,極,Discovery,極,,バ,極-極-極 | 極-極-極 | 極-極-バ,
ID:1120001259,カコイーシーズ,カコイーシーズ,1120001259,確定,繁殖登録番号,C_v9.4+v9.5追加祖先反映で完成,母父・母母父,0,26,73,99,,Raise a Native,極,On-and-On,極,Ponder,地,Tom Fool,極,Eight Thirty,極,Jamestown,極,Nearco,極,Blenheim,極,The Tetrarch,バ,極・極・地｜極・極・極｜極・極・バ,
ID:1120001854,キャプテンスティーヴ,キャプテンスティーヴ,1120001854,確定,繁殖登録番号,A_v9.3直接完成,父・母父・母母父,1,69,29,99,99,Time for a Change,バ,Stevward,地,Native Dancer,極,Northern Dancer,地,Menetrier,極,Windfields,極,Bold Ruler,極,,バ,,バ,バ-地-極 | 地-極-極 | 極-バ-バ,
ID:1140003309,Broad Brush,Broad Brush,1140003309,確定,繁殖登録番号,B_TARGET再構成＋v9.3既存Mで完成,母父・母母父,0,10,88,98,98,Battle Joined,極,Turn-to,極,Princequillo,極,Tom Rolfe,極,War Admiral,極,Tourbillon,極,Royal Charger,極,Admiral Drake,極,Pharos,極,極・極・極｜極・極・極｜極・極・極,
ID:1140005757,Dansili,Dansili,1140005757,確定,繁殖登録番号,A_v9.3直接完成,父・母父・母母父,1,62,34,97,97,Danzig,地,His Majesty,地,Buckpasser,極,Ile de Bourbon,地,Blushing Groom,極,Sheshoon,極,High Hat,地,Chanteur,極,Djebel,極,地-地-極 | 地-極-極 | 地-極-極,
ID:1140004481,Grand Slam,Grand Slam,1140004481,確定,繁殖登録番号,A_v9.3直接完成,母父・母母父,0,32,65,97,97,Mr. Prospector,極,Secretariat,極,Tim Tam,極,Northern Dancer,地,Buckpasser,極,Traffic Judge,地,Graustark,地,Princequillo,極,,バ,極-極-極 | 地-極-地 | 地-極-バ,
ID:1140003658,Thunder Gulch,Thunder Gulch,1140003658,確定,繁殖登録番号,B_TARGET再構成＋v9.3既存Mで完成,母父・母母父,0,23,74,97,97,Mr. Prospector,極,Rambunctious,地,Seven Corners,極,Northern Dancer,地,New Providence,極,Chop Chop,極,High Hat,地,Chanteur,極,Djebel,極,極・地・極｜地・極・極｜地・極・極,
ID:1120002081,スズカマンボ,スズカマンボ,1120002081,確定,繁殖登録番号,A_v9.3直接完成,父・母父・母母父,17,76,4,97,97,Halo,極,Understanding,極,Montparnasse,地,Mr. Prospector,極,Nureyev,地,Prove Out,地,Northern Dancer,地,Bull Page,極,Menow,極,極-極-地 | 極-地-地 | 地-極-極,
ID:1120002596,ダノンスマッシュ,ダノンスマッシュ,1120002596,確定,繁殖登録番号,A_v9.3直接完成,父,94,0,0,94,94,キングカメハメハ,地,Storm Cat,地,Cormorant,地,Danzig,地,Turkoman,地,Roberto,極,Roberto,極,Princequillo,極,,バ,地-地-地 | 地-地-極 | 極-極-バ,
ID:1140006303,Kitten's Joy,Kitten's Joy,1140006303,確定,繁殖登録番号,A_v9.3直接完成,父・母父・母母父,18,71,4,93,93,Sadler's Wells,地,Sir Ivor,極,Tom Fool,極,Roberto,極,Lt. Stevens,極,War Admiral,極,Buckpasser,極,Northern Dancer,地,Chop Chop,極,地-極-極 | 極-極-極 | 極-地-極,
ID:1140004063,Saint Ballado,Saint Ballado,1140004063,確定,繁殖登録番号,C_v9.4+v9.5追加祖先反映で完成,母父・母母父,0,13,80,93,,Hail to Reason,極,Cosmic Bomb,極,Mahmoud,極,Vandale,極,Escamillo,極,Firdaussi,極,Mahmoud,極,Blue Larkspur,バ,Teddy,バ,極・極・極｜極・極・極｜極・バ・バ,
ID:1120000881,ニホンピロウイナー,ニホンピロウイナー,1120000881,確定,繁殖登録番号,L_v9.14安全確定反映で完成,母父・母母父,0,5,88,93,,Habitat,極,Abernant,地,Dante,極,Rockefella,地,Rustom Pasha,極,Friar Marcus,極,The Phoenix,極,Nearco,極,Craig an Eran,極,極・地・極｜地・極・極｜極・極・極,
ID:1120002220,ヴァーミリアン,ヴァーミリアン,1120002220,確定,繁殖登録番号,A_v9.3直接完成,父・母父・母母父,38,54,1,93,93,Kingmambo,地,Sadler's Wells,地,Seattle Slew,極,Halo,極,Understanding,極,Montparnasse,地,Northern Dancer,地,Victoria Park,極,Hyperion,地,地-地-極 | 極-極-地 | 地-極-地,
ID:1120002587,クリソベリル,クリソベリル,1120002587,確定,繁殖登録番号,A_v9.3直接完成,父,92,0,0,92,92,サンデーサイレンス,地,Nureyev,地,Hostage,極,Kingmambo,地,Sadler's Wells,地,Seattle Slew,極,Never Bend,極,Prince John,極,Roman,極,地-地-極 | 地-地-極 | 極-極-極,
ID:1120001554,ジェネラス,ジェネラス,1120001554,確定,繁殖登録番号,B_TARGET再構成＋v9.3既存Mで完成,母父・母母父,0,22,70,92,92,Nijinsky,バ,Round Table,極,Hail to Reason,極,Dust Commander,極,Royal Coinage,極,Crafty Admiral,極,Tehran,極,Nearco,極,Blandford,極,バ・極・極｜極・極・極｜極・極・極,
ID:1120002462,ベストウォーリア,ベストウォーリア,1120002462,確定,繁殖登録番号,A_v9.3直接完成,父,92,0,0,92,92,A.P. Indy,バ,Seeking the Gold,極,Dixieland Band,地,Gone West,地,Reviewer,極,Dancer's Image,極,Roberto,極,Amerigo,バ,Mat de Cocagne,極,バ-極-地 | 地-極-極 | 極-バ-極,
ID:1140002691,Red Ransom,Red Ransom,1140002691,確定,繁殖登録番号,C_v9.4+v9.5追加祖先反映で完成,母父・母母父,0,32,59,91,,Hail to Reason,極,Nashua,極,Bull Lea,極,Sword Dancer,極,My Babu,極,Sickle,極,Nearco,極,Hyperion,地,Abbots Trace,極,極・極・極｜極・極・極｜極・地・極,
ID:1120001354,リンドシェーバー,リンドシェーバー,1120001354,確定,繁殖登録番号,C_v9.4+v9.5追加祖先反映で完成,母父・母母父,0,19,72,91,,Raise a Native,極,On-and-On,極,Ponder,地,Nearctic,地,Chanteur,極,Umidwar,極,Determine,地,Bull Dog,極,Sweep,バ,極・極・地｜地・極・極｜地・極・バ,
ID:1120002242,ドリームジャーニー,ドリームジャーニー,1120002242,確定,繁殖登録番号,A_v9.3直接完成,父・母父・母母父,48,40,2,90,90,サンデーサイレンス,地,デイクタス,極,ノーザンテースト,地,メジロテイターン,地,リマンド,バ,ヒンドスタン,極,Northern Dancer,地,Victoria Park,極,Hyperion,地,地-極-地 | 地-バ-極 | 地-極-地,
ID:1120001913,アドマイヤコジーン,アドマイヤコジーン,1120001913,確定,繁殖登録番号,A_v9.3直接完成,父・母父・母母父,8,61,19,88,88,Caro,極,Prince John,極,Sir Gaylord,極,Northern Dancer,地,Victoria Park,極,Hyperion,地,Princely Gift,極,Petition,極,Ujiji,極,極-極-極 | 地-極-地 | 極-極-極,
ID:1140002810,Gulch,Gulch,1140002810,確定,繁殖登録番号,O_v9.17高影響古血統反映で完成,母父・母母父,0,5,82,87,,Raise a Native,極,Nashua,極,Count Fleet,極,Rasper,地,The Solicitor,極,Birthright,極,Roman,極,Boxthorn,極,Discovery,極,極・極・極｜地・極・極｜極・極・極,
ID:1140005873,Malibu Moon,Malibu Moon,1140005873,確定,繁殖登録番号,A_v9.3直接完成,父・母父・母母父,10,41,36,87,87,Seattle Slew,極,Secretariat,極,Buckpasser,極,Raise a Native,極,Nashua,極,Count Fleet,極,Nijinsky,バ,Val de Loir,極,Spy Song,極,極-極-極 | 極-極-極 | バ-極-極,
ID:1140004409,Tale of the Cat,Tale of the Cat,1140004409,確定,繁殖登録番号,B_TARGET再構成＋v9.3既存Mで完成,父・母父・母母父,1,40,46,87,87,Storm Bird,地,Secretariat,極,Crimson Satan,極,Raise a Native,極,Nashua,極,Count Fleet,極,What a Pleasure,極,Tulyar,極,Dastur,極,地・極・極｜極・極・極｜極・極・極,
ID:1120002329,ケープブランコ,ケープブランコ,1120002329,確定,繁殖登録番号,A_v9.3直接完成,父・母父,77,10,0,87,87,Sadler's Wells,地,Miswaki,極,Lombard,地,General Assembly,極,Reliance,極,Crepello,極,Round Table,極,My Babu,極,Hyperion,地,地-極-地 | 極-極-極 | 極-極-地,
ID:1140001590,Highest Honor,Highest Honor,1140001590,確定,繁殖登録番号,B_TARGET再構成＋v9.3既存Mで完成,母父・母母父,0,9,76,85,85,Kalamoun,極,Milesian,極,Nearula,極,Never Bend,極,Prince John,極,Roman,極,Turn-to,極,Princequillo,極,Caruso,バ,極・極・極｜極・極・極｜極・極・バ,
ID:1120002431,ザファクター,ザファクター,1120002431,確定,繁殖登録番号,A_v9.3直接完成,父,85,0,0,85,85,Danzig,地,Rubiano,地,Forli,地,Mr. Prospector,極,Buckpasser,極,Princequillo,極,Nearctic,地,Native Dancer,極,Fighting Fox,極,地-地-地 | 極-極-極 | 地-極-極,
ID:1140003106,Dynaformer,Dynaformer,1140003106,確定,繁殖登録番号,Z_v9.27_TARGET系譜不足枝0扱いで完成,母父・母母父,0,41,43,84,,Hail to Reason,極,Nashua,極,Bull Lea,極,Ribot,極,Alibhai,地,Beau Pere,極,Heliopolis,地,Stimulus,バ,,バ,極・極・極｜極・地・極｜地・バ・バ,
ID:1120001166,キンググローリアス,キンググローリアス,1120001166,確定,繁殖登録番号,O_v9.17高影響古血統反映で完成,母父・母母父,0,27,57,84,,Mr. Prospector,極,Bold Lad (USA),極,Tom Fool,極,Jester,極,Palestinian,極,Belfonds,バ,The Solicitor,極,Diligence,極,Orpheus,バ,極・極・極｜極・極・バ｜極・極・バ,
ID:1120002389,クリエイター2,クリエイター2,1120002389,確定,繁殖登録番号,A_v9.3直接完成,父,84,0,0,84,84,Pulpit,地,Unbridled,極,Nijinsky,バ,Private Account,地,Northfields,バ,Sir Ivor,極,Verbatim,極,Groton,極,Aboukir,極,地-極-バ | 地-バ-極 | 極-極-極,
ID:1120002364,ヴァンセンヌ,ヴァンセンヌ,1120002364,確定,繁殖登録番号,A_v9.3直接完成,父,84,0,0,84,84,サンデーサイレンス,地,Alzao,バ,Busted,極,ステイールハート,地,チヤイナロツク,地,ライジングフレーム,極,Northern Dancer,地,Victoria Park,極,Hyperion,地,地-バ-極 | 地-地-極 | 地-極-地,
ID:1140006042,Speightstown,Speightstown,1140006042,確定,繁殖登録番号,A_v9.3直接完成,父・母父・母母父,35,34,14,83,83,Mr. Prospector,極,Secretariat,極,Tim Tam,極,Storm Bird,地,Secretariat,極,Crimson Satan,極,Bold Ruler,極,Roman,極,Princequillo,極,極-極-極 | 地-極-極 | 極-極-極,
ID:1120002502,アニマルキングダム,アニマルキングダム,1120002502,確定,繁殖登録番号,A_v9.3直接完成,父,82,0,0,82,82,Candy Stripes,バ,Ahonoora,バ,High Line,地,Surumu,地,Aggressor,極,,バ,Lyphard,バ,Drone,極,Pago Pago,極,バ-バ-地 | 地-極-バ | バ-極-極,
ID:1120001611,ウォーニング,ウォーニング,1120001611,確定,繁殖登録番号,B_TARGET再構成＋v9.3既存Mで完成,母父・母母父,0,11,71,82,82,In Reality,極,Tim Tam,極,Tudor Minstrel,地,Hail to Reason,極,Nashua,極,Bull Lea,極,Native Dancer,極,Case Ace,バ,American Flag,極,極・極・地｜極・極・極｜極・バ・極,
ID:1140003620,El Prado,El Prado,1140003620,確定,繁殖登録番号,C_v9.4+v9.5追加祖先反映で完成,母父・母母父,0,18,63,81,,Northern Dancer,地,Bold Reason,極,Forli,地,Sir Gaylord,極,Mr. Trouble,極,Pharamond,極,Menow,極,Bull Dog,極,Equipoise,バ,地・極・地｜極・極・極｜極・極・バ,
ID:1120001793,タバスコキャット,タバスコキャット,1120001793,確定,繁殖登録番号,C_v9.4+v9.5追加祖先反映で完成,母父・母母父,0,35,46,81,,Storm Bird,地,Secretariat,極,Crimson Satan,極,Key to the Mint,地,My Babu,極,Umidwar,極,Polynesian,極,Bull Lea,極,Sweep,バ,地・極・極｜地・極・極｜極・極・バ,
ID:1120002543,ノーブルミッション,ノーブルミッション,1120002543,確定,繁殖登録番号,A_v9.3直接完成,父,81,0,0,81,81,Sadler's Wells,地,Miswaki,極,Lombard,地,Danzig,地,His Majesty,地,Buckpasser,極,Blushing Groom,極,Herbager,極,Raise a Native,極,地-極-地 | 地-地-極 | 極-極-極,
ID:1120001604,ジョリーズヘイロー,ジョリーズヘイロー,1120001604,確定,繁殖登録番号,B_TARGET再構成＋v9.3既存Mで完成,母父・母母父,0,14,66,80,80,Hail to Reason,極,Cosmic Bomb,極,Mahmoud,極,Sir Gaylord,極,Mr. Trouble,極,Pharamond,極,Nasrullah,極,Count Fleet,極,Bull Dog,極,極・極・極｜極・極・極｜極・極・極,
ID:1140003452,Dehere,Dehere,1140003452,確定,繁殖登録番号,B_TARGET再構成＋v9.3既存Mで完成,母父・母母父,0,6,73,79,79,Vice Regent,バ,Bunty's Flight,極,Jabneh,極,Bold Ruler,極,Princequillo,極,Caruso,バ,Sword Dancer,極,My Babu,極,Sickle,極,バ・極・極｜極・極・バ｜極・極・極,
ID:1140002544,Last Tycoon,Last Tycoon,1140002544,確定,繁殖登録番号,Z_v9.27_TARGET系譜不足枝0扱いで完成,母母父,0,0,79,79,,Northern Dancer,地,Buckpasser,極,Traffic Judge,地,Never Bend,極,Princequillo,極,Count Fleet,極,Nearco,極,Dark Legend,極,,バ,地・極・地｜極・極・極｜極・極・バ,
ID:1140001593,Wild Again,Wild Again,1140001593,確定,繁殖登録番号,Z_v9.27_TARGET系譜不足枝0扱いで完成,母父・母母父,0,10,69,79,,Nearctic,地,Native Dancer,極,Fighting Fox,極,Hyperion,地,Ethnarch,極,Black Jester,バ,Nearco,極,Dark Legend,極,,バ,地・極・極｜地・極・バ｜極・極・バ,
ID:1120002327,パドトロワ,パドトロワ,1120002327,確定,繁殖登録番号,A_v9.3直接完成,父・母父,77,2,0,79,79,End Sweep,地,Cutlass,極,Ambehaving,極,サンデーサイレンス,地,Le Fabuleux,極,In Reality,極,Secretariat,極,His Majesty,地,Hail to Reason,極,地-極-極 | 地-極-極 | 極-地-極,
ID:1120002114,サムライハート,サムライハート,1120002114,確定,繁殖登録番号,A_v9.3直接完成,父・母父・母母父,32,42,3,77,77,Halo,極,Understanding,極,Montparnasse,地,Kampala,極,Hornbeam,地,Preciptic,極,Northern Dancer,地,Victoria Park,極,Hyperion,地,極-極-地 | 極-地-極 | 地-極-地,
ID:1120002581,ベンバトル,ベンバトル,1120002581,確定,繁殖登録番号,A_v9.3直接完成,父,77,0,0,77,77,Dubai Millennium,地,Deploy,バ,ダンシングブレーヴ,バ,Sharpen Up,地,Nebbiolo,極,Be Friendly,極,Caerleon,バ,Master Derby,極,Tulyar,極,地-バ-バ | 地-極-極 | バ-極-極,
ID:1120002486,ミッキーロケット,ミッキーロケット,1120002486,確定,繁殖登録番号,A_v9.3直接完成,父,76,0,0,76,76,Kingmambo,地,Last Tycoon,地,Blakeney,地,Polar Falcon,地,Cozzene,極,Bustino,極,Nijinsky,バ,Round Table,極,Hail to Reason,極,地-地-地 | 地-極-極 | バ-極-極,
ID:1120002439,ラニ,ラニ,1120002439,確定,繁殖登録番号,A_v9.3直接完成,父,76,0,0,76,76,Pulpit,地,Unbridled,極,Nijinsky,バ,Halo,極,Understanding,極,Montparnasse,地,Northern Dancer,地,Bold Reason,極,Forli,地,地-極-バ | 極-極-地 | 地-極-地,
ID:1140004603,Sinndar,Sinndar,1140004603,確定,繁殖登録番号,A_v9.3直接完成,母父・母母父,0,32,43,75,75,Chief's Crown,地,Habitat,極,Tudor Melody,バ,Mill Reef,バ,Right Royal,地,Crepello,極,High Top,バ,Charlottesville,極,Tantieme,極,地-極-バ | バ-地-極 | バ-極-極,
ID:1140001166,Storm Bird,Storm Bird,1140001166,確定,繁殖登録番号,I_v9.11_TARGET固定8代年代境界反映で完成,母父・母母父,0,1,74,75,,Nearctic,地,Native Dancer,極,Mahmoud,極,Bull Page,極,Preciptic,極,Fairford,極,Flares,極,Buchan,極,Tredennis,バ,地・極・極｜極・極・極｜極・極・バ,
ID:1140006386,War Front,War Front,1140006386,確定,繁殖登録番号,A_v9.3直接完成,父・母父・母母父,13,59,2,74,74,Northern Dancer,地,Admiral's Voyage,バ,Petition,極,Fappiano,極,Nijinsky,バ,In Reality,極,Aristophanes,地,Advocate,極,Foxglove,極,地-バ-極 | 極-バ-極 | 地-極-極,
ID:1120002601,ダノンプレミアム,ダノンプレミアム,1120002601,確定,繁殖登録番号,A_v9.3直接完成,父,74,0,0,74,74,サンデーサイレンス,地,Alzao,バ,Busted,極,Red Ransom,極,Crafty Prospector,極,Danzig,地,Danzig,地,His Majesty,地,Buckpasser,極,地-バ-極 | 極-極-地 | 地-地-極,
ID:1120001721,チーフベアハート,チーフベアハート,1120001721,確定,繁殖登録番号,C_v9.4高影響祖先補完で完成,母父・母母父,0,55,19,74,74,Danzig,地,Secretariat,極,Swoon's Son,極,Bold Ruler,極,Mr. Music,極,Jamestown,極,Tenerani,極,El Greco,極,Papyrus,極,地・極・極｜極・極・極｜極・極・極,
ID:1140004220,Coronado's Quest,Coronado's Quest,1140004220,確定,繁殖登録番号,A_v9.3直接完成,母父・母母父,0,22,51,73,73,Mr. Prospector,極,Tom Rolfe,極,Double Jay,極,Sword Dancer,極,My Babu,極,Sickle,極,Nasrullah,極,Discovery,極,,バ,極-極-極 | 極-極-極 | 極-極-バ,
ID:1140005917,Ghostzapper,Ghostzapper,1140005917,確定,繁殖登録番号,A_v9.3直接完成,父・母父・母母父,9,51,13,73,73,Deputy Minister,地,Blushing Groom,極,Mr. Prospector,極,In Reality,極,The Axe,極,Royal Note,極,Jester,極,Olympia,地,Blenheim,極,地-極-極 | 極-極-極 | 極-地-極,
ID:1120001667,サクラローレル,サクラローレル,1120001667,確定,繁殖登録番号,B_TARGET再構成＋v9.3既存Mで完成,母父・母母父,0,32,41,73,73,Blushing Groom,極,Herbager,極,Raise a Native,極,Luthier,極,Riverman,極,Snob,極,Bold Ruler,極,Princequillo,極,Mahmoud,極,極・極・極｜極・極・極｜極・極・極,
ID:1120001960,ショウナンカンプ,ショウナンカンプ,1120001960,確定,繁殖登録番号,A_v9.3直接完成,父・母父・母母父,39,28,6,73,73,サクラユタカオー,地,ノーザンテースト,地,Ambiopoise,極,Nijinsky,バ,Pardao,地,Nasrullah,極,チヤイナロツク,地,ヤシママンナ,極,Nice Day,極,地-地-極 | バ-地-極 | 地-極-極,
ID:1140000908,Be My Guest,Be My Guest,1140000908,確定,繁殖登録番号,V_v9.23高影響祖先反映で完成,母母父,0,0,72,72,,Nearctic,地,Native Dancer,極,Mahmoud,極,Owen Tudor,地,Sansovino,極,Son-in-Law,バ,Equestrian,極,On Watch,極,Man o'War,極,地・極・極｜地・極・バ｜極・極・極,
ID:1140001430,Irish River,Irish River,1140001430,確定,繁殖登録番号,Z_v9.27_TARGET系譜不足枝0扱いで完成,母母父,0,0,72,72,,Never Bend,極,Prince John,極,Roman,極,Clarion,極,Kantar,バ,Swynford,極,Orwell,極,Blandford,極,,バ,極・極・極｜極・バ・極｜極・極・バ,
ID:1130001153,Lyphard,Lyphard,1130001153,確定,繁殖登録番号,Z_v9.27_TARGET系譜不足枝0扱いで完成,母父・母母父,0,1,71,72,,Nearctic,地,Native Dancer,極,Mahmoud,極,Fair Trial,極,Hurry On,バ,Gainsborough,極,Ksar,バ,Clarissimus,極,,バ,地・極・極｜極・バ・極｜バ・極・バ,
ID:1140001572,Mt. Livermore,Mt. Livermore,1140001572,確定,繁殖登録番号,S_v9.20高影響祖先反映で完成,母父・母母父,0,11,61,72,,Red God,極,Wild Risk,極,Tudor Minstrel,地,Spy Song,極,Requiebro,極,Papanatas,バ,Revoked,極,Gallant Fox,極,Omar Khayyam,極,極・極・地｜極・極・バ｜極・極・極,
ID:1140006363,Sea The Stars,Sea The Stars,1140006363,確定,繁殖登録番号,A_v9.3直接完成,父・母父・母母父,2,62,8,72,72,Green Desert,地,Ahonoora,バ,Balidar,地,Mr. Prospector,極,Buckpasser,極,Princequillo,極,Agio,極,Prince Chevalier,極,Big Game,極,地-バ-地 | 極-極-極 | 極-極-極,
ID:1120002463,ゴールドアクター,ゴールドアクター,1120002463,確定,繁殖登録番号,A_v9.3直接完成,父,72,0,0,72,72,グラスワンダー,地,サンデーサイレンス,地,ノーザンテースト,地,Alysheba,バ,Northern Dancer,地,Creme dela Creme,地,Captain's Gig,極,Sing Sing,地,Palestine,極,地-地-地 | バ-地-地 | 極-地-極,
ID:1120002127,ストーミングホーム,ストーミングホーム,1120002127,確定,繁殖登録番号,A_v9.3直接完成,父・母父,14,58,0,72,72,Mr. Prospector,極,Halo,極,Hoist the Flag,極,Northern Dancer,地,Sir Ivor,極,Tom Fool,極,Raise a Native,極,Nashua,極,Count Fleet,極,極-極-極 | 地-極-極 | 極-極-極,
ID:1140003690,End Sweep,End Sweep,1140003690,確定,繁殖登録番号,J_v9.12高影響祖先反映で完成,母父・母母父,0,17,54,71,,Mr. Prospector,極,Tom Rolfe,極,Double Jay,極,Northern Dancer,地,Cyane,極,One Count,極,Rosemont,バ,Heliopolis,地,Sweep,バ,極・極・極｜地・極・極｜バ・地・バ,
ID:1140004534,Indian Charlie,Indian Charlie,1140004534,確定,繁殖登録番号,A_v9.3直接完成,母父・母母父,0,28,43,71,71,Siberian Express,地,Saulingo,バ,Vilmorin,極,Sovereign Dancer,地,Raise a Native,極,Porterhouse,極,Nashua,極,Princequillo,極,,バ,地-バ-極 | 地-極-極 | 極-極-バ,
ID:1140003005,Zafonic,Zafonic,1140003005,確定,繁殖登録番号,Z_v9.27_TARGET系譜不足枝0扱いで完成,母父・母母父,0,6,65,71,,Mr. Prospector,極,Secretariat,極,Tim Tam,極,Northern Dancer,地,Victoria Park,極,Bull Page,極,Hard Tack,バ,,バ,,バ,極・極・極｜地・極・極｜バ・バ・バ,
ID:1120002216,カネヒキリ,カネヒキリ,1120002216,確定,繁殖登録番号,A_v9.3直接完成,父・母父,43,28,0,71,71,サンデーサイレンス,地,Le Fabuleux,極,In Reality,極,Vice Regent,バ,Bunty's Flight,極,Jabneh,極,Raise a Native,極,Nashua,極,Count Fleet,極,地-極-極 | バ-極-極 | 極-極-極,
ID:1120001953,ゴールドヘイロー,ゴールドヘイロー,1120001953,確定,繁殖登録番号,A_v9.3直接完成,父・母父・母母父,11,57,3,71,71,Halo,極,Understanding,極,Montparnasse,地,Mr. Prospector,極,Buckpasser,極,Hasty Road,極,Nearctic,地,Native Dancer,極,Mahmoud,極,極-極-地 | 極-極-極 | 地-極-極,
ID:1120002191,コマンズ,コマンズ,1120002191,確定,繁殖登録番号,A_v9.3直接完成,母父・母母父,0,66,4,70,70,Danzig,地,His Majesty,地,Buckpasser,極,Petition,極,Grey Sovereign,極,Solferino,極,Relic,極,Dante,極,Niccolo Dell'Arca,極,地-地-極 | 極-極-極 | 極-極-極,
ID:1140005333,Empire Maker,Empire Maker,1140005333,確定,繁殖登録番号,A_v9.3直接完成,母父・母母父,0,49,20,69,69,Fappiano,極,Le Fabuleux,極,In Reality,極,Northern Dancer,地,Buckpasser,極,Traffic Judge,地,Intentionally,極,Rough'n Tumble,極,War Relic,極,極-極-極 | 地-極-地 | 極-極-極,
ID:1140000450,Riverman,Riverman,1140000450,確定,繁殖登録番号,C_v9.4+v9.5追加祖先反映で完成,母母父,0,0,69,69,,Nasrullah,極,Djeddah,極,Bimelech,極,Princequillo,極,Count Fleet,極,Blue Larkspur,バ,Sir Gallahad,極,Buchan,極,Ultimus,バ,極・極・極｜極・極・バ｜極・極・バ,
ID:1140003839,Southern Halo,Southern Halo,1140003839,確定,繁殖登録番号,B_TARGET再構成＋v9.3既存Mで完成,母父・母母父,0,6,63,69,69,Hail to Reason,極,Cosmic Bomb,極,Mahmoud,極,Nearctic,地,Native Dancer,極,Mahmoud,極,Dan Cupid,極,Sicambre,極,Maurepas,極,極・極・極｜地・極・極｜極・極・極,
ID:1120001557,カーネギー,カーネギー,1120001557,確定,繁殖登録番号,C_v9.4高影響祖先補完で完成,母父・母母父,0,16,53,69,69,Northern Dancer,地,Bold Reason,極,Forli,地,Never Bend,極,Prince John,極,Roman,極,Jock,極,Solario,極,Sansovino,極,地・極・地｜極・極・極｜極・極・極,
ID:1140004504,Lemon Drop Kid,Lemon Drop Kid,1140004504,確定,繁殖登録番号,A_v9.3直接完成,父・母父・母母父,6,27,35,68,68,Mr. Prospector,極,Nureyev,地,Prove Out,地,Bold Reasoning,極,Poker,極,Jet Action,極,Tom Fool,極,War Admiral,極,Blue Larkspur,バ,極-地-地 | 極-極-極 | 極-極-バ,
ID:1120002544,シスキン,シスキン,1120002544,確定,繁殖登録番号,A_v9.3直接完成,父,68,0,0,68,68,Unbridled's Song,バ,Seattle Slew,極,El Gran Senor,地,Green Desert,地,ダンシングブレーヴ,バ,Mill Reef,バ,Gone West,地,The Minstrel,バ,Right Tack,バ,バ-極-地 | 地-バ-バ | 地-バ-バ,
ID:1140001513,Diesis,Diesis,1140001513,確定,繁殖登録番号,S_v9.20高影響祖先反映で完成,母父・母母父,0,10,57,67,,Atan,地,Rockefella,地,Majano,極,Tantieme,極,Relic,極,Le Volcan,極,Donatello,極,Mieuxce,極,Solario,極,地・地・極｜極・極・極｜極・極・極,
ID:1140004506,King's Best,King's Best,1140004506,確定,繁殖登録番号,A_v9.3直接完成,母父・母母父,0,26,41,67,67,Mr. Prospector,極,Nureyev,地,Prove Out,地,Agio,極,Prince Chevalier,極,Big Game,極,Acropolis,地,Bahram,極,,バ,極-地-地 | 極-極-極 | 地-極-バ,
ID:1120002526,ホークビル,ホークビル,1120002526,確定,繁殖登録番号,A_v9.3直接完成,父,67,0,0,67,67,El Prado,地,Lear Fan,極,L'Enjoleur,バ,Storm Cat,地,Rahy,バ,Roberto,極,Mr. Prospector,極,Dr. Fager,極,Correlation,極,地-極-バ | 地-バ-極 | 極-極-極,
ID:1140004243,Forest Wildcat,Forest Wildcat,1140004243,確定,繁殖登録番号,B_TARGET再構成＋v9.3既存Mで完成,母父・母母父,0,12,54,66,66,Storm Bird,地,Secretariat,極,Crimson Satan,極,Raise a Native,極,Sir Gallahad,極,Blue Larkspur,バ,Royal Charger,極,Tehran,極,Hyperion,地,地・極・極｜極・極・バ｜極・極・地,
ID:1140003408,Indian Ridge,Indian Ridge,1140003408,確定,繁殖登録番号,T_v9.21高影響祖先反映で完成,母父・母母父,0,6,60,66,,Lorenzaccio,極,Martial,極,Whistler,極,Delta Judge,地,Polynesian,極,Milkman,バ,Golden Cloud,極,Court Martial,極,Figaro,極,極・極・極｜地・極・バ｜極・極・極,
ID:1120002008,スターリングローズ,スターリングローズ,1120002008,確定,繁殖登録番号,A_v9.3直接完成,父・母父・母母父,9,50,7,66,66,Mr. Prospector,極,Venetian Jester,極,Green Ticket,地,Northern Dancer,地,Admiral's Voyage,バ,Petition,極,Tom Fool,極,War Admiral,極,Blue Larkspur,バ,極-極-地 | 地-バ-極 | 極-極-バ,
ID:1120002058,ストラヴィンスキー,ストラヴィンスキー,1120002058,確定,繁殖登録番号,A_v9.3直接完成,母父・母母父,0,56,10,66,66,Northern Dancer,地,Forli,地,Nantallah,極,Red God,極,Wild Risk,極,Tudor Minstrel,地,Raise a Native,極,Nashua,極,Count Fleet,極,地-地-極 | 極-極-地 | 極-極-極,
ID:1140003001,Barathea,Barathea,1140003001,確定,繁殖登録番号,Z_v9.27_TARGET系譜不足枝0扱いで完成,母父・母母父,0,16,49,65,,Northern Dancer,地,Bold Reason,極,Forli,地,Sir Gaylord,極,Occupy,極,Challenger,極,Petition,極,,バ,,バ,地・極・地｜極・極・極｜極・バ・バ,
ID:1140003610,Selkirk,Selkirk,1140003610,確定,繁殖登録番号,X_v9.25_TARGET固定8代安全確定反映,母父・母母父,0,20,45,65,,Atan,地,Rockefella,地,Majano,極,Yellow God,極,Birkhahn,極,Norman,極,Skymaster,極,Preciptic,極,Furrokh Siyar,極,地・地・極｜極・極・極｜極・極・極,
ID:1120002150,アルデバラン2,アルデバラン2,1120002150,確定,繁殖登録番号,A_v9.3直接完成,父・母父,27,38,0,65,65,Raise a Native,極,Nashua,極,Count Fleet,極,Damascus,極,Buckpasser,極,Swaps,地,Northern Dancer,地,Occupy,極,Challenger,極,極-極-極 | 極-極-地 | 地-極-極,
ID:1120002129,オレハマッテルゼ,オレハマッテルゼ,1120002129,確定,繁殖登録番号,A_v9.3直接完成,父・母父・母母父,2,61,2,65,65,Halo,極,Understanding,極,Montparnasse,地,Honest Pleasure,極,Victoria Park,極,Stratus,極,Northern Dancer,地,Victoria Park,極,Hyperion,地,極-極-地 | 極-極-極 | 地-極-地,
ID:1140006099,Candy Ride,Candy Ride,1140006099,確定,繁殖登録番号,A_v9.3直接完成,父・母父・母母父,4,48,12,64,64,Cryptoclearance,極,Herbager,極,Polynesian,極,Blushing Groom,極,Lyphard,バ,Prominer,地,Good Manners,極,Cardanil,極,Advocate,極,極-極-極 | 極-バ-地 | 極-極-極,
ID:1120002264,トビーズコーナー,トビーズコーナー,1120002264,確定,繁殖登録番号,A_v9.3直接完成,父・母父,56,8,0,64,64,Concerto,地,Deputed Testamony,地,Cozzene,極,Marsayas,バ,Highest Tide,バ,Rambunctious,地,Restless Native,極,Palestine,極,Tourbillon,極,地-地-極 | バ-バ-地 | 極-極-極,
ID:1140005834,Bernstein,Bernstein,1140005834,確定,繁殖登録番号,A_v9.3直接完成,母父・母母父,0,21,42,63,63,Storm Bird,地,Secretariat,極,Crimson Satan,極,Exclusive Native,極,Crafty Admiral,極,Volcanic,極,Princequillo,極,Sir Cosmo,極,Friar Marcus,極,地-極-極 | 極-極-極 | 極-極-極,
ID:1140003861,French Deputy,French Deputy,1140003861,確定,繁殖登録番号,B_TARGET再構成＋v9.3既存Mで完成,母父・母母父,0,18,45,63,63,Vice Regent,バ,Bunty's Flight,極,Jabneh,極,Speak John,極,Eight Thirty,極,Blue Larkspur,バ,Nasrullah,極,Discovery,極,Pompey,極,バ・極・極｜極・極・バ｜極・極・極,
ID:1120002602,インディチャンプ,インディチャンプ,1120002602,確定,繁殖登録番号,A_v9.3直接完成,父,63,0,0,63,63,サンデーサイレンス,地,デイクタス,極,ノーザンテースト,地,Kingmambo,地,Last Tycoon,地,Blakeney,地,Hold Your Peace,極,Raise a Native,極,Porterhouse,極,地-極-地 | 地-地-地 | 極-極-極,
ID:1120002104,スニッツェル,スニッツェル,1120002104,確定,繁殖登録番号,A_v9.3直接完成,母父・母母父,0,57,6,63,63,Danehill,地,Canny Lad,地,Nijinsky,バ,Lunchtime,地,Grand Chaudiere,バ,Misty Day,極,Northern Dancer,地,New Providence,極,Chop Chop,極,地-地-バ | 地-バ-極 | 地-極-極,
ID:1140002524,Bering,Bering,1140002524,確定,繁殖登録番号,B_TARGET再構成＋v9.3既存Mで完成,母父・母母父,0,1,61,62,62,Sea-Bird,極,Hasty Road,極,Mahmoud,極,Northern Dancer,地,Court Martial,極,Formor,極,Wild Risk,極,Verso,極,Easton,極,極・極・極｜地・極・極｜極・極・極,
ID:1140006233,Curlin,Curlin,1140006233,確定,繁殖登録番号,A_v9.3直接完成,父・母父・母母父,17,41,4,62,62,Mr. Prospector,極,Smarten,バ,Nodouble,バ,Vice Regent,バ,Bunty's Flight,極,Jabneh,極,Sir Ivor,極,T. V. Lark,地,Count of Honor,極,極-バ-バ | バ-極-極 | 極-地-極,
ID:1140005267,High Chaparral,High Chaparral,1140005267,確定,繁殖登録番号,A_v9.3直接完成,母父・母母父,0,45,17,62,62,Northern Dancer,地,Bold Reason,極,Forli,地,Shirley Heights,バ,Abdos,極,Venture,極,Sharpen Up,地,Reliance,極,Crepello,極,地-極-地 | バ-極-極 | 地-極-極,
ID:1140005679,Include,Include,1140005679,確定,繁殖登録番号,A_v9.3直接完成,母父・母母父,0,26,36,62,62,Ack Ack,極,Hoist the Flag,極,Turn-to,極,Hail to Reason,極,Tom Fool,極,Prince Bio,極,Nijinsky,バ,Bald Eagle,極,Dark Star,極,極-極-極 | 極-極-極 | バ-極-極,
ID:1140006105,Teofilo,Teofilo,1140006105,確定,繁殖登録番号,A_v9.3直接完成,父・母父・母母父,11,45,6,62,62,Sadler's Wells,地,Miswaki,極,Lombard,地,Danzig,地,His Majesty,地,Buckpasser,極,Majestic Prince,バ,Ribot,極,Ambiorix,極,地-極-地 | 地-地-極 | バ-極-極,
ID:1120001063,ジヤツジアンジエルーチ,ジヤツジアンジエルーチ,1120001063,確定,繁殖登録番号,C_v9.4高影響祖先補完で完成,母父・母母父,0,1,61,62,62,What a Pleasure,極,Tulyar,極,Dastur,極,Chop Chop,極,Windfields,極,Osiris,極,Nimbus,極,Straight Deal,極,Buchan,極,極・極・極｜極・極・極｜極・極・極,
ID:1120002582,ミスチヴィアスアレックス,ミスチヴィアスアレックス,1120002582,確定,繁殖登録番号,A_v9.3直接完成,父,62,0,0,62,62,Harlan's Holiday,地,Tricky Creek,地,Stop the Music,極,Gone West,地,Storm Cat,地,Chieftain,極,Medaille d'Or,バ,Turn to Mars,バ,Debbysman,極,地-地-極 | 地-地-極 | バ-バ-極,
ID:1140003166,Cadeaux Genereux,Cadeaux Genereux,1140003166,確定,繁殖登録番号,B_TARGET再構成＋v9.3既存Mで完成,母父・母母父,0,7,54,61,61,Balidar,地,Shantung,地,Tamerlane,極,Atan,地,Rockefella,地,Majano,極,Crepello,極,Tantieme,極,Atout Maitre,極,地・地・極｜地・地・極｜極・極・極,
ID:1130001358,Halo,Halo,1130001358,確定,繁殖登録番号,V_v9.23高影響祖先反映で完成,母母父,0,0,61,61,,Turn-to,極,Blue Swords,極,Sir Gallahad,極,Pharamond,極,Blue Larkspur,バ,Over There,極,Blenheim,極,Gainsborough,極,The Tetrarch,バ,極・極・極｜極・バ・極｜極・極・バ,
ID:1140004227,Peintre Celebre,Peintre Celebre,1140004227,確定,繁殖登録番号,B_TARGET再構成＋v9.3既存Mで完成,母父・母母父,0,9,52,61,61,Northern Dancer,地,Forli,地,Nantallah,極,Raise a Native,極,On-and-On,極,Ponder,地,Sir Gaylord,極,Occupy,極,Challenger,極,地・地・極｜極・極・地｜極・極・極,
ID:1120001596,タヤスツヨシ,タヤスツヨシ,1120001596,確定,繁殖登録番号,B_TARGET再構成＋v9.3既存Mで完成,母父・母母父,0,32,29,61,61,Halo,極,Understanding,極,Montparnasse,地,Fortino,極,Chamossaire,極,Solario,極,Tom Fool,極,War Admiral,極,Blue Larkspur,バ,極・極・地｜極・極・極｜極・極・バ,
ID:1140002528,Afleet,Afleet,1140002528,確定,繁殖登録番号,B_TARGET再構成＋v9.3既存Mで完成,母父・母母父,0,1,59,60,60,Raise a Native,極,Nashua,極,Count Fleet,極,Tom Fool,極,Princequillo,極,Nasrullah,極,Traffic Judge,地,Citation,地,Roman,極,極・極・極｜極・極・極｜地・地・極,
ID:1140002440,Chief's Crown,Chief's Crown,1140002440,確定,繁殖登録番号,Z_v9.27_TARGET系譜不足枝0扱いで完成,母父・母母父,0,2,58,60,,Northern Dancer,地,Admiral's Voyage,バ,Petition,極,Bold Ruler,極,Princequillo,極,Caruso,バ,The Doge,極,Sweep Like,極,,バ,地・バ・極｜極・極・バ｜極・極・バ,
ID:1140003111,Polish Precedent,Polish Precedent,1140003111,確定,繁殖登録番号,B_TARGET再構成＋v9.3既存Mで完成,母父・母母父,0,2,58,60,60,Northern Dancer,地,Admiral's Voyage,バ,Petition,極,Tom Fool,極,War Admiral,極,Blue Larkspur,バ,Bold Ruler,極,Princequillo,極,Mahmoud,極,地・バ・極｜極・極・バ｜極・極・極,
ID:1120002016,サクラプレジデント,サクラプレジデント,1120002016,確定,繁殖登録番号,A_v9.3直接完成,父・母父・母母父,5,47,8,60,60,Halo,極,Understanding,極,Montparnasse,地,Nijinsky,バ,Buckpasser,極,Princequillo,極,Prince Bio,極,Orsenigo,極,Ortello,極,極-極-地 | バ-極-極 | 極-極-極,
ID:1120002252,ナカヤマフェスタ,ナカヤマフェスタ,1120002252,確定,繁殖登録番号,A_v9.3直接完成,父・母父,44,16,0,60,60,サンデーサイレンス,地,デイクタス,極,ノーザンテースト,地,His Majesty,地,Lyphard,バ,Never Bend,極,Danzig,地,His Majesty,地,Buckpasser,極,地-極-地 | 地-バ-極 | 地-地-極,
ID:1120000507,ブレイヴエストローマン,ブレイヴエストローマン,1120000507,確定,繁殖登録番号,T_v9.21高影響祖先反映で完成,母母父,0,0,60,60,,Nasrullah,極,Djeddah,極,Bimelech,極,Sir Gallahad,極,Buchan,極,Ultimus,バ,Sun Teddy,極,Stimulus,バ,Isidor,バ,極・極・極｜極・極・バ｜極・バ・バ,
ID:1120002080,リンカーン,リンカーン,1120002080,確定,繁殖登録番号,A_v9.3直接完成,母父・母母父,0,54,6,60,60,Halo,極,Understanding,極,Montparnasse,地,Kampala,極,Hornbeam,地,Preciptic,極,Northern Dancer,地,Bold Reason,極,Forli,地,極-極-地 | 極-地-極 | 地-極-地,
ID:1140001354,Affirmed,Affirmed,1140001354,確定,繁殖登録番号,B_TARGET再構成＋v9.3既存Mで完成,母父・母母父,0,2,57,59,59,Raise a Native,極,Shut Out,極,Pilate,極,Fighting Fox,極,War Admiral,極,Bull Dog,極,Ambrose Light,極,Gallant Fox,極,Black Toney,バ,極・極・極｜極・極・極｜極・極・バ,
ID:1140006319,Congrats,Congrats,1140006319,確定,繁殖登録番号,A_v9.3直接完成,父・母父・母母父,3,48,8,59,59,Seattle Slew,極,Secretariat,極,Buckpasser,極,Raise a Native,極,Nashua,極,Count Fleet,極,Nearctic,地,Native Dancer,極,Mahmoud,極,極-極-極 | 極-極-極 | 地-極-極,
ID:1140002172,Devil's Bag,Devil's Bag,1140002172,確定,繁殖登録番号,C_v9.4+v9.5追加祖先反映で完成,母父・母母父,0,8,51,59,,Hail to Reason,極,Cosmic Bomb,極,Mahmoud,極,Vandale,極,Escamillo,極,Firdaussi,極,Mahmoud,極,Blue Larkspur,バ,Teddy,バ,極・極・極｜極・極・極｜極・バ・バ,
ID:1140004403,Forestry,Forestry,1140004403,確定,繁殖登録番号,A_v9.3直接完成,母父・母母父,0,11,48,59,59,Storm Bird,地,Secretariat,極,Crimson Satan,極,His Majesty,地,Sunrise Flight,極,Cockrullah,極,Rough'n Tumble,極,Better Self,極,Bull Brier,極,地-極-極 | 地-極-極 | 極-極-極,
ID:1140006222,Hard Spun,Hard Spun,1140006222,確定,繁殖登録番号,A_v9.3直接完成,父・母父・母母父,6,41,12,59,59,Northern Dancer,地,Admiral's Voyage,バ,Petition,極,Alydar,バ,Table Play,極,Fomento,極,Hail to Reason,極,Nashua,極,Bull Lea,極,地-バ-極 | バ-極-極 | 極-極-極,
ID:1140005884,Harlan's Holiday,Harlan's Holiday,1140005884,確定,繁殖登録番号,A_v9.3直接完成,母父・母母父,0,50,9,59,59,Storm Cat,地,Halo,極,Gun Bow,地,Exclusive Native,極,Crafty Admiral,極,Volcanic,極,What a Pleasure,極,Tulyar,極,Dastur,極,地-極-地 | 極-極-極 | 極-極-極,
ID:1140006608,Into Mischief,Into Mischief,1140006608,確定,繁殖登録番号,A_v9.3直接完成,父・母父・母母父,41,17,1,59,59,Harlan,地,Affirmed,極,Honest Pleasure,極,Clever Trick,地,His Majesty,地,Nijinsky,バ,Hail to Reason,極,Tom Fool,極,Prince Bio,極,地-極-極 | 地-地-バ | 極-極-極,
ID:1120001657,ジェニュイン,ジェニュイン,1120001657,確定,繁殖登録番号,B_TARGET再構成＋v9.3既存Mで完成,母父・母母父,0,33,26,59,59,Halo,極,Understanding,極,Montparnasse,地,Bold Ruler,極,Double Jay,極,Bold Irishman,極,Intentionally,極,Tim Tam,極,Tudor Minstrel,地,極・極・地｜極・極・極｜極・極・地,
ID:1120002275,ストリートセンス,ストリートセンス,1120002275,確定,繁殖登録番号,A_v9.3直接完成,父・母父,9,50,0,59,59,Machiavellian,極,Troy,地,Riverman,極,Northern Dancer,地,Delta Judge,地,Warfare,地,Ribot,極,Alibhai,地,Beau Pere,極,極-地-極 | 地-地-地 | 極-地-極,
ID:1140001821,Crafty Prospector,Crafty Prospector,1140001821,確定,繁殖登録番号,L_v9.14安全確定反映で完成,母父・母母父,0,4,54,58,,Raise a Native,極,Nashua,極,Count Fleet,極,Intentionally,極,Rough'n Tumble,極,War Relic,極,Spy Song,極,Royal Minstrel,極,Sweep,バ,極・極・極｜極・極・極｜極・極・バ,
ID:1140006158,Scat Daddy,Scat Daddy,1140006158,確定,繁殖登録番号,A_v9.3直接完成,父・母父・母母父,3,52,3,58,58,Hennessy,地,Ogygian,極,Mr. Prospector,極,Raise a Native,極,Nashua,極,Count Fleet,極,Northern Dancer,地,Bull Page,極,Menow,極,地-極-極 | 極-極-極 | 地-極-極,
ID:1120002251,アンライバルド,アンライバルド,1120002251,確定,繁殖登録番号,A_v9.3直接完成,父・母父,53,5,0,58,58,サンデーサイレンス,地,Kris,地,Shantung,地,Northern Dancer,地,Bold Reason,極,Forli,地,Petingo,バ,Bois Roussel,極,Casterari,極,地-地-地 | 地-極-地 | バ-極-極,
ID:1120001450,シャンハイ,シャンハイ,1120001450,確定,繁殖登録番号,B_TARGET再構成＋v9.3既存Mで完成,母父・母母父,0,11,47,58,58,Mr. Prospector,極,Distinctive,極,Rough'n Tumble,極,Never Bend,極,Prince John,極,Roman,極,Sword Dancer,極,My Babu,極,Sickle,極,極・極・極｜極・極・極｜極・極・極,
ID:1120000555,デイクタス,デイクタス,1120000555,確定,繁殖登録番号,X_v9.25_TARGET固定8代安全確定反映,母母父,0,0,58,58,,Fine Top,極,Tourment,極,Mahmoud,極,Wild Risk,極,Sind,極,Teddy,バ,Pharos,極,Great Sport,バ,Buckwheat,極,極・極・極｜極・極・バ｜極・バ・極,
ID:1120001513,ラストタイクーン,ラストタイクーン,1120001513,確定,繁殖登録番号,Z_v9.27_TARGET系譜不足枝0扱いで完成,母父・母母父,0,6,52,58,,Northern Dancer,地,Buckpasser,極,Traffic Judge,地,Never Bend,極,Princequillo,極,Count Fleet,極,Nearco,極,Dark Legend,極,,バ,地・極・地｜極・極・極｜極・極・バ,
ID:1140005758,Dubai Destination,Dubai Destination,1140005758,確定,繁殖登録番号,A_v9.3直接完成,母父・母母父,0,28,29,57,57,Mr. Prospector,極,Nureyev,地,Prove Out,地,Hoist the Flag,極,Prince John,極,Determine,地,Bold Reasoning,極,Poker,極,Jet Action,極,極-地-地 | 極-極-地 | 極-極-極,
ID:1130001550,Shirley Heights,Shirley Heights,1130001550,確定,繁殖登録番号,Y_v9.26残件祖先固定8代欠損0運用確定で完成,母母父,0,0,57,57,,Never Bend,極,Princequillo,極,Count Fleet,極,Hard Ridden,極,Umidwar,極,Felstead,極,Atout Maitre,極,Colorado Kid,バ,Gainsborough,極,極・極・極｜極・極・極｜極・バ・極,
ID:1120002184,コンデュイット,コンデュイット,1120002184,確定,繁殖登録番号,A_v9.3直接完成,父・母父・母母父,8,47,2,57,57,Darshaan,地,Miswaki,極,Crystal Palace,極,Northern Dancer,地,Bold Reason,極,Forli,地,Riverman,極,Klairon,極,East Side,極,地-極-極 | 地-極-地 | 極-極-極,
ID:1120002094,タイムパラドックス,タイムパラドックス,1120002094,確定,繁殖登録番号,A_v9.3直接完成,父・母父,43,14,0,57,57,Roberto,極,Graustark,地,Hasty Road,極,Lyphard,バ,Sir Ivor,極,Roman,極,Bold Ruler,極,Princequillo,極,Mahmoud,極,極-地-極 | バ-極-極 | 極-極-極,
ID:1140001066,Kris,Kris,1140001066,確定,繁殖登録番号,S_v9.20高影響祖先反映で完成,母父・母母父,0,1,55,56,,Atan,地,Rockefella,地,Majano,極,Tantieme,極,Relic,極,Le Volcan,極,Donatello,極,Mieuxce,極,Solario,極,地・地・極｜極・極・極｜極・極・極,
ID:1140003324,Quiet American,Quiet American,1140003324,確定,繁殖登録番号,C_v9.4+v9.5追加祖先反映で完成,母父・母母父,0,10,46,56,,Mr. Prospector,極,Dr. Fager,極,Correlation,極,Rough'n Tumble,極,Better Self,極,Bull Brier,極,Nearco,極,Hyperion,地,Abbots Trace,極,極・極・極｜極・極・極｜極・地・極,
ID:1120002306,ハードスパン,ハードスパン,1120002306,確定,繁殖登録番号,A_v9.3直接完成,父・母父,13,43,0,56,56,Northern Dancer,地,Admiral's Voyage,バ,Petition,極,Alydar,バ,Table Play,極,Fomento,極,Hail to Reason,極,Nashua,極,Bull Lea,極,地-バ-極 | バ-極-極 | 極-極-極,
ID:1120002105,ファンタスティックライト,ファンタスティックライト,1120002105,確定,繁殖登録番号,A_v9.3直接完成,母父・母母父,0,53,3,56,56,Blushing Groom,極,Halo,極,Herbager,極,Northern Dancer,地,Bull Page,極,Menow,極,Graustark,地,Princequillo,極,,バ,極-極-極 | 地-極-極 | 地-極-バ,
ID:1120002595,マテラスカイ,マテラスカイ,1120002595,確定,繁殖登録番号,A_v9.3直接完成,父,56,0,0,56,56,Gone West,地,Storm Cat,地,Chieftain,極,Blushing Groom,極,Halo,極,Herbager,極,Sharpen Up,地,Reliance,極,Crepello,極,地-地-極 | 極-極-極 | 地-極-極,
ID:1140004524,Anabaa,Anabaa,1140004524,確定,繁殖登録番号,B_TARGET再構成＋v9.3既存Mで完成,母父・母母父,0,14,41,55,55,Northern Dancer,地,Admiral's Voyage,バ,Petition,極,Vaguely Noble,地,Sir Gaylord,極,My Babu,極,Never Bend,極,Prince John,極,Roman,極,地・バ・極｜地・極・極｜極・極・極,
ID:1140001870,Kaldoun,Kaldoun,1140001870,確定,繁殖登録番号,B_TARGET再構成＋v9.3既存Mで完成,母父・母母父,0,5,50,55,55,Fortino,極,Chamossaire,極,Solario,極,Vieux Manoir,極,Teleferique,極,Biribi,極,Relic,極,Pherozshah,極,Easton,極,極・極・極｜極・極・極｜極・極・極,
ID:1140006216,New Approach,New Approach,1140006216,確定,繁殖登録番号,A_v9.3直接完成,父・母父・母母父,12,41,2,55,55,Sadler's Wells,地,Miswaki,極,Lombard,地,Lorenzaccio,極,Martial,極,Whistler,極,Tantieme,極,,バ,,バ,地-極-地 | 極-極-極 | 極-バ-バ,
ID:1140002806,Royal Academy,Royal Academy,1140002806,確定,繁殖登録番号,D_v9.4-v9.6追加祖先反映で完成,母父・母母父,0,1,54,55,,Northern Dancer,地,Bull Page,極,Menow,極,Spy Song,極,Requiebro,極,Papanatas,バ,Eight Thirty,極,Wise Counsellor,バ,Stefan the Great,極,地・極・極｜極・極・バ｜極・バ・極,
ID:1140003520,Salt Lake,Salt Lake,1140003520,確定,繁殖登録番号,Y_v9.26残件祖先固定8代欠損0運用確定で完成,母父・母母父,0,12,43,55,,Vice Regent,バ,Bunty's Flight,極,Jabneh,極,Olden Times,極,Royal Union,極,Tom Fool,極,Aneroid,極,Blue Larkspur,バ,Orpiment,バ,バ・極・極｜極・極・極｜極・バ・バ,
ID:1120002269,スズカコーズウェイ,スズカコーズウェイ,1120002269,確定,繁殖登録番号,A_v9.3直接完成,父・母父,54,1,0,55,55,Storm Cat,地,Rahy,バ,Roberto,極,Deputy Minister,地,Hold Your Peace,極,Bold Ruler,極,Bold Reasoning,極,Poker,極,Jet Action,極,地-バ-極 | 地-極-極 | 極-極-極,
ID:1120001754,スピニングワールド,スピニングワールド,1120001754,確定,繁殖登録番号,B_TARGET再構成＋v9.3既存Mで完成,母父・母母父,0,24,31,55,55,Northern Dancer,地,Forli,地,Nantallah,極,Never Bend,極,Prince John,極,Roman,極,Northern Dancer,地,Occupy,極,Challenger,極,地・地・極｜極・極・極｜地・極・極,
ID:1140006394,Fastnet Rock,Fastnet Rock,1140006394,確定,繁殖登録番号＋入力名エイリアス統合,A_v9.3直接完成,母父・母母父,10,34,10,54,54,Danzig,地,His Majesty,地,Buckpasser,極,Nijinsky,バ,Crimson Satan,極,Bolero,極,Sir Tristram,極,Biscay,地,Boysie Boy,極,地-地-極 | バ-極-極 | 極-地-極, 現代データのID空欄表記「Fastnet Rock」10件を同一個体へ統合。
ID:1140003481,Grand Lodge,Grand Lodge,1140003481,確定,繁殖登録番号,B_TARGET再構成＋v9.3既存Mで完成,母父・母母父,0,9,45,54,54,Danzig,地,Secretariat,極,Swoon's Son,極,Sir Gaylord,極,Occupy,極,Challenger,極,Tudor Minstrel,地,Dante,極,Solario,極,地・極・極｜極・極・極｜地・極・極,
ID:1140006109,Street Sense,Street Sense,1140006109,確定,繁殖登録番号,A_v9.3直接完成,父・母父・母母父,9,44,1,54,54,Machiavellian,極,Troy,地,Riverman,極,Northern Dancer,地,Delta Judge,地,Warfare,地,Ribot,極,Alibhai,地,Beau Pere,極,極-地-極 | 地-地-地 | 極-地-極,
ID:1140006463,Uncle Mo,Uncle Mo,1140006463,確定,繁殖登録番号,A_v9.3直接完成,父・母父,27,27,0,54,54,In Excess,地,Leo Castelli,地,Diplomat Way,極,Kris S.,極,Danzig,地,Alydar,バ,Northern Dancer,地,Delta Judge,地,Warfare,地,地-地-極 | 極-地-バ | 地-地-地,
ID:1120001905,カリズマティック,カリズマティック,1120001905,確定,繁殖登録番号,A_v9.3直接完成,父・母父・母母父,1,45,8,54,54,Storm Bird,地,Secretariat,極,Buckpasser,極,Sir Gaylord,極,Tom Fool,極,Mahmoud,極,Bold Ruler,極,Mahmoud,極,,バ,地-極-極 | 極-極-極 | 極-極-バ,
ID:1120000956,シンボリルドルフ,シンボリルドルフ,1120000956,確定,繁殖登録番号,Z_v9.27_TARGET系譜不足枝0扱いで完成,母父・母母父,0,6,48,54,,Milesian,極,Pharis,極,Abjer,極,ロイヤルチヤレンヂヤー,極,ライジングライト,地,Orthodox,地,Fair Trial,極,Tetratema,極,,バ,極・極・極｜極・地・地｜極・極・バ,
ID:1130001511,Blushing Groom,Blushing Groom,1130001511,確定,繁殖登録番号,C_v9.4+v9.5追加祖先反映で完成,母母父,0,0,53,53,,Nasrullah,極,Menow,極,Bull Dog,極,Rialto,極,Blandford,極,Ksar,バ,Owen Tudor,地,Sansovino,極,Son-in-Law,バ,極・極・極｜極・極・バ｜地・極・バ,
ID:1140002535,Fairy King,Fairy King,1140002535,確定,繁殖登録番号,B_TARGET再構成＋v9.3既存Mで完成,母父・母母父,0,1,52,53,53,Nearctic,地,Native Dancer,極,Mahmoud,極,Hail to Reason,極,Djeddah,極,Bimelech,極,Aristophanes,地,Advocate,極,Foxglove,極,地・極・極｜極・極・極｜地・極・極,
ID:1140003841,Honour and Glory,Honour and Glory,1140003841,確定,繁殖登録番号,B_TARGET再構成＋v9.3既存Mで完成,母父・母母父,0,7,46,53,53,In Reality,極,The Axe,極,Royal Note,極,Lyphard,バ,Caro,極,Klairon,極,Royal Charger,極,War Admiral,極,Blue Larkspur,バ,極・極・極｜バ・極・極｜極・極・バ,
ID:1140004741,Redoute's Choice,Redoute's Choice,1140004741,確定,繁殖登録番号,A_v9.3直接完成,父・母父・母母父,1,41,11,53,53,Danzig,地,His Majesty,地,Buckpasser,極,Bletchingly,地,Lunchtime,地,Coeur Volant,極,Northern Dancer,地,Bull Page,極,Menow,極,地-地-極 | 地-地-極 | 地-極-極,
ID:1140005335,Vindication,Vindication,1140005335,確定,繁殖登録番号,A_v9.3直接完成,母父・母母父,0,36,17,53,53,Bold Reasoning,極,Poker,極,Jet Action,極,Whiskey Road,地,Rich Gift,地,Red Jester,地,Turn-to,極,Blue Swords,極,Sir Gallahad,極,極-極-極 | 地-地-地 | 極-極-極,
ID:1120002098,アドマイヤジャパン,アドマイヤジャパン,1120002098,確定,繁殖登録番号,A_v9.3直接完成,父・母父・母母父,3,49,1,53,53,Halo,極,Understanding,極,Montparnasse,地,Nijinsky,バ,Round Table,極,Hail to Reason,極,Sir Gaylord,極,Court Martial,極,Hyperion,地,極-極-地 | バ-極-極 | 極-極-地,
ID:1120002585,フィレンツェファイア,フィレンツェファイア,1120002585,確定,繁殖登録番号,A_v9.3直接完成,父,53,0,0,53,53,Speightstown,地,Smarten,バ,Bold Favorite,極,Danzig,地,Briartic,地,Gummo,地,Fappiano,極,Le Fabuleux,極,In Reality,極,地-バ-極 | 地-地-地 | 極-極-極,
ID:1140006775,Kingman,Kingman,1140006775,確定,繁殖登録番号,A_v9.3直接完成,父・母父,39,12,0,51,51,Green Desert,地,Kris,地,Artaius,バ,Gone West,地,The Minstrel,バ,Right Tack,バ,Lyphard,バ,Drone,極,Pago Pago,極,地-地-バ | 地-バ-バ | バ-極-極,
ID:1140002591,Meadowlake,Meadowlake,1140002591,確定,繁殖登録番号,F_v9.4-v9.8追加祖先反映で完成,母父・母母父,0,5,46,51,,Speak John,極,Eight Thirty,極,Blue Larkspur,バ,Native Dancer,極,Case Ace,バ,American Flag,極,Endeavour,極,Bimelech,極,The Porter,バ,極・極・バ｜極・バ・極｜極・極・バ,
ID:1120002062,アルカセット,アルカセット,1120002062,確定,繁殖登録番号,A_v9.3直接完成,母父・母母父,0,34,17,51,51,Mr. Prospector,極,Nureyev,地,Prove Out,地,Nijinsky,バ,Tom Rolfe,極,Ridan,極,Derring-Do,バ,Vimy,極,Court Martial,極,極-地-地 | バ-極-極 | バ-極-極,
ID:1120000556,モガミ,モガミ,1120000556,確定,繁殖登録番号,Y_v9.26残件祖先固定8代欠損0運用確定で完成,母母父,0,0,51,51,,Northern Dancer,地,Court Martial,極,Formor,極,Vertex,バ,Count Fleet,極,Bull Lea,極,Sun Again,バ,Whiskaway,バ,Seth,バ,地・極・極｜バ・極・極｜バ・バ・バ,
ID:1120001399,ロドリゴデトリアーノ,ロドリゴデトリアーノ,1120001399,確定,繁殖登録番号,V_v9.23高影響祖先反映で完成,母父・母母父,0,6,45,51,,Northern Dancer,地,Buckpasser,極,Traffic Judge,地,Habitat,極,Princely Gift,極,Ridge Wood,極,Spy Song,極,Requiebro,極,Papanatas,バ,地・極・地｜極・極・極｜極・極・バ,
ID:1140003863,Hennessy,Hennessy,1140003863,確定,繁殖登録番号,C_v9.4+v9.5追加祖先反映で完成,母父・母母父,0,6,44,50,,Storm Bird,地,Secretariat,極,Crimson Satan,極,Utrillo,極,Mehrali,極,Clustine,極,Tom Fool,極,Mahmoud,極,Equipoise,バ,地・極・極｜極・極・極｜極・極・バ,
ID:1140004470,Intikhab,Intikhab,1140004470,確定,繁殖登録番号,B_TARGET再構成＋v9.3既存Mで完成,母父・母母父,0,24,26,50,50,Roberto,極,Damascus,極,Nearctic,地,Mr. Prospector,極,In Reality,極,Royal Note,極,Northern Dancer,地,Admiral's Voyage,バ,Petition,極,極・極・地｜極・極・極｜地・バ・極,
ID:1120001495,グルームダンサー,グルームダンサー,1120001495,確定,繁殖登録番号,B_TARGET再構成＋v9.3既存Mで完成,母父・母母父,0,3,47,50,50,Red God,極,Wild Risk,極,Tudor Minstrel,地,Northern Dancer,地,Court Martial,極,Formor,極,Tourment,極,Cranach,極,Brantome,極,極・極・地｜地・極・極｜極・極・極,
ID:1120002137,スタチューオブリバティ,スタチューオブリバティ,1120002137,確定,繁殖登録番号,A_v9.3直接完成,父・母父・母母父,4,43,3,50,50,Storm Bird,地,Secretariat,極,Crimson Satan,極,Bold Reasoning,極,Poker,極,Jet Action,極,Tom Fool,極,War Admiral,極,Blue Larkspur,バ,地-極-極 | 極-極-極 | 極-極-バ,
ID:1120001498,スターオブコジーン,スターオブコジーン,1120001498,確定,繁殖登録番号,S_v9.20高影響祖先反映で完成,母父・母母父,0,19,31,50,,Caro,極,Prince John,極,Sir Gaylord,極,Olympia,地,Mahmoud,極,Pavot,極,Nasrullah,極,Count Fleet,極,Bull Dog,極,極・極・極｜地・極・極｜極・極・極,
ID:1120002586,ダノンキングリー,ダノンキングリー,1120002586,確定,繁殖登録番号,A_v9.3直接完成,父,50,0,0,50,50,サンデーサイレンス,地,Alzao,バ,Busted,極,Storm Bird,地,Secretariat,極,Crimson Satan,極,Relaunch,極,Al Nasr,バ,Francis S.,極,地-バ-極 | 地-極-極 | 極-バ-極,
ID:1140006299,American Post,American Post,1140006299,確定,繁殖登録番号,A_v9.3直接完成,母父・母母父,0,23,26,49,49,Arctic Tern,極,Lyphard,バ,Le Fabuleux,極,Northern Dancer,地,Bold Reason,極,Forli,地,Mill Reef,バ,Hardicanute,極,Grandmaster,極,極-バ-極 | 地-極-地 | バ-極-極,
ID:1140006298,Le Havre,Le Havre,1140006298,確定,繁殖登録番号,A_v9.3直接完成,父・母父・母母父,17,31,1,49,49,Rahy,バ,Northern Dancer,地,Le Fabuleux,極,Konigsstuhl,極,Lagunas,地,Reliance,極,Charlottesville,極,Cranach,極,Djebel,極,バ-地-極 | 極-地-極 | 極-極-極,
ID:1140006479,Siyouni,Siyouni,1140006479,確定,繁殖登録番号,A_v9.3直接完成,父・母父・母母父,12,36,1,49,49,Polar Falcon,地,Cozzene,極,Bustino,極,Danzig,地,His Majesty,地,Buckpasser,極,Mr. Prospector,極,Bold Commander,極,Turn-to,極,地-極-極 | 地-地-極 | 極-極-極,
ID:1120002118,アポロキングダム,アポロキングダム,1120002118,確定,繁殖登録番号,A_v9.3直接完成,父・母父,45,4,0,49,49,Kingmambo,地,Seattle Slew,極,Buckpasser,極,Storm Bird,地,Secretariat,極,Crimson Satan,極,Northfields,バ,Fortino,極,Big Game,極,地-極-極 | 地-極-極 | バ-極-極,
ID:1120001742,エアジハード,エアジハード,1120001742,確定,繁殖登録番号,A_v9.3直接完成,母父・母母父,0,27,22,49,49,テスコボーイ,地,ネヴアービート,極,ユアハイネス,極,Raja Baba,極,Involvement,極,Tournoi,極,Northern Dancer,地,Victoria Park,極,Hyperion,地,地-極-極 | 極-極-極 | 地-極-地,
ID:1140004609,Dashing Blade,Dashing Blade,1140004609,確定,繁殖登録番号,S_v9.20高影響祖先反映で完成,母父・母母父,0,6,42,48,,Shirley Heights,バ,Sea-Bird,極,Free America,極,Atan,地,Rockefella,地,Majano,極,Fontenay,極,Brantome,極,Legatee,極,バ・極・極｜地・地・極｜極・極・極,
ID:1140005766,Sky Mesa,Sky Mesa,1140005766,確定,繁殖登録番号,A_v9.3直接完成,母父・母母父,0,27,21,48,48,A.P. Indy,バ,Mr. Prospector,極,Honest Pleasure,極,Storm Bird,地,Secretariat,極,Crimson Satan,極,Exclusive Native,極,Crafty Admiral,極,Volcanic,極,バ-極-極 | 地-極-極 | 極-極-極,
ID:1140003018,Summer Squall,Summer Squall,1140003018,確定,繁殖登録番号,B_TARGET再構成＋v9.3既存Mで完成,母母父,0,0,48,48,48,Northern Dancer,地,New Providence,極,Chop Chop,極,Bold Ruler,極,Princequillo,極,Caruso,バ,Tom Fool,極,War Admiral,極,Blue Larkspur,バ,地・極・極｜極・極・バ｜極・極・バ,
ID:1140003894,Candy Stripes,Candy Stripes,1140003894,確定,繁殖登録番号,B_TARGET再構成＋v9.3既存Mで完成,母父・母母父,0,7,40,47,47,Red God,極,Wild Risk,極,Tudor Minstrel,地,Northern Dancer,地,Court Martial,極,Formor,極,Beau Sabreur,地,Rockefella,地,Chamossaire,極,極・極・地｜地・極・極｜地・地・極,
ID:1140005759,Exceed And Excel,Exceed And Excel,1140005759,確定,繁殖登録番号,A_v9.3直接完成,父・母父・母母父,7,31,9,47,47,Danzig,地,His Majesty,地,Buckpasser,極,Northern Dancer,地,Poker,極,Jet Action,極,Citation,地,Wise Counsellor,バ,Stefan the Great,極,地-地-極 | 地-極-極 | 地-バ-極,
ID:1140001173,Fabulous Dancer,Fabulous Dancer,1140001173,確定,繁殖登録番号,F_v9.4-v9.8追加祖先反映で完成,母母父,0,0,47,47,,Nearctic,地,Native Dancer,極,Mahmoud,極,Mahmoud,極,Shut Out,極,Blue Larkspur,バ,Fairway,極,Papyrus,極,White Eagle,バ,地・極・極｜極・極・バ｜極・極・バ,
ID:1140005750,Medicean,Medicean,1140005750,確定,繁殖登録番号,A_v9.3直接完成,母父・母母父,0,41,6,47,47,Mr. Prospector,極,Halo,極,Hoist the Flag,極,Northern Dancer,地,New Providence,極,Chop Chop,極,Sheshoon,極,Ratification,極,Cranach,極,極-極-極 | 地-極-極 | 極-極-極,
ID:1140005336,Mineshaft,Mineshaft,1140005336,確定,繁殖登録番号,A_v9.3直接完成,父・母父・母母父,2,38,7,47,47,Seattle Slew,極,Secretariat,極,Buckpasser,極,Raise a Native,極,Nashua,極,Count Fleet,極,Tom Rolfe,極,War Admiral,極,Tourbillon,極,極-極-極 | 極-極-極 | 極-極-極,
ID:1140004600,Orpen,Orpen,1140004600,確定,繁殖登録番号,A_v9.3直接完成,母父・母母父,0,35,12,47,47,Danzig,地,Alydar,バ,Relic,極,Halo,極,Herbager,極,Cohoes,極,Tom Rolfe,極,War Admiral,極,Tourbillon,極,地-バ-極 | 極-極-極 | 極-極-極,
ID:1120002471,ネロ,ネロ,1120002471,確定,繁殖登録番号,A_v9.3直接完成,父,47,0,0,47,47,Hennessy,地,Ogygian,極,Mr. Prospector,極,Halo,極,Understanding,極,Montparnasse,地,Northern Dancer,地,Admiral's Voyage,バ,Petition,極,地-極-極 | 極-極-地 | 地-バ-極,
ID:1120002029,ノボジャック,ノボジャック,1120002029,確定,繁殖登録番号,A_v9.3直接完成,父・母父・母母父,16,25,6,47,47,Deputy Minister,地,Hold Your Peace,極,Bold Ruler,極,Mr. Prospector,極,Venetian Jester,極,Green Ticket,地,Sir Gaylord,極,Tom Fool,極,Mahmoud,極,地-極-極 | 極-極-地 | 極-極-極,
ID:1120001908,マリエンバード,マリエンバード,1120001908,確定,繁殖登録番号,A_v9.3直接完成,母父・母母父,0,29,18,47,47,Nijinsky,バ,Round Table,極,Hail to Reason,極,Shirley Heights,バ,Abdos,極,Venture,極,Kashmir,地,Sicambre,極,Alizier,極,バ-極-極 | バ-極-極 | 地-極-極,
ID:1140004745,Bertolini,Bertolini,1140004745,確定,繁殖登録番号,A_v9.3直接完成,母父・母母父,0,19,27,46,46,Northern Dancer,地,Admiral's Voyage,バ,Petition,極,Raise a Native,極,On-and-On,極,Ponder,地,Nasrullah,極,Djeddah,極,Bimelech,極,地-バ-極 | 極-極-地 | 極-極-極,
ID:1140006671,City Zip,City Zip,1140006671,確定,繁殖登録番号,A_v9.3直接完成,父・母父・母母父,2,42,2,46,46,Mr. Prospector,極,Blushing Groom,極,Nijinsky,バ,In Reality,極,The Axe,極,Royal Note,極,Jester,極,Olympia,地,Blenheim,極,極-極-バ | 極-極-極 | 極-地-極,
ID:1140001217,Fappiano,Fappiano,1140001217,確定,繁殖登録番号,Z_v9.27_TARGET系譜不足枝0扱いで完成,母母父,0,0,46,46,,Raise a Native,極,Nashua,極,Count Fleet,極,Rough'n Tumble,極,Better Self,極,Bull Brier,極,Free America,極,Roidore,極,,バ,極・極・極｜極・極・極｜極・極・バ,
ID:1140005896,Hawk Wing,Hawk Wing,1140005896,確定,繁殖登録番号,A_v9.3直接完成,母父・母母父,0,24,22,46,46,Mr. Prospector,極,Buckpasser,極,Swaps,地,Val de Loir,極,Armistice,極,Mousson,極,Northern Dancer,地,Bull Page,極,Menow,極,極-極-地 | 極-極-極 | 地-極-極,
ID:1140006390,Raven's Pass,Raven's Pass,1140006390,確定,繁殖登録番号,A_v9.3直接完成,父・母父・母母父,11,33,2,46,46,Gone West,地,Hero's Honor,地,Sir Ivor,極,General,極,Con Brio,極,Atlas,地,Speak John,極,Never Say Die,極,Preciptic,極,地-地-極 | 極-極-地 | 極-極-極,
ID:1120001849,ブラックホーク,ブラックホーク,1120001849,確定,繁殖登録番号,B_TARGET再構成＋v9.3既存Mで完成,父・母父・母母父,1,33,12,46,46,Northern Dancer,地,Forli,地,Nantallah,極,Roberto,極,Amerigo,バ,Mat de Cocagne,極,Bold Ruler,極,Roman,極,Princequillo,極,地・地・極｜極・バ・極｜極・極・極,
ID:1140005128,Broken Vow,Broken Vow,1140005128,確定,繁殖登録番号,A_v9.3直接完成,母父・母母父,0,31,14,45,45,Fappiano,極,Le Fabuleux,極,In Reality,極,Northern Dancer,地,Bull Page,極,Menow,極,Red God,極,Wild Risk,極,Tudor Minstrel,地,極-極-極 | 地-極-極 | 極-極-地,
ID:1140003021,Dayjur,Dayjur,1140003021,確定,繁殖登録番号,Y_v9.26残件祖先固定8代欠損0運用確定で完成,母母父,0,0,45,45,,Northern Dancer,地,Admiral's Voyage,バ,Petition,極,Raise a Native,極,Nashua,極,Count Fleet,極,Round Table,極,Nasrullah,極,Some Chance,バ,地・バ・極｜極・極・極｜極・極・バ,
ID:1140006321,Holy Roman Emperor,Holy Roman Emperor,1140006321,確定,繁殖登録番号,A_v9.3直接完成,父・母父・母母父,1,32,12,45,45,Danzig,地,His Majesty,地,Buckpasser,極,Bold Ruler,極,Princequillo,極,,バ,Nearctic,地,Native Dancer,極,Mahmoud,極,地-地-極 | 極-極-バ | 地-極-極,
ID:1140005898,Oasis Dream,Oasis Dream,1140005898,確定,繁殖登録番号,A_v9.3直接完成,父・母父・母母父,3,39,3,45,45,Danzig,地,Sir Ivor,極,Never Bend,極,Lyphard,バ,Drone,極,Pago Pago,極,Never Bend,極,Princequillo,極,Count Fleet,極,地-極-極 | バ-極-極 | 極-極-極,
ID:1140003014,Rubiano,Rubiano,1140003014,確定,繁殖登録番号,B_TARGET再構成＋v9.3既存Mで完成,母父・母母父,0,4,41,45,45,Mr. Prospector,極,Dr. Fager,極,Correlation,極,Northern Dancer,地,Bull Page,極,Menow,極,Intentionally,極,Rough'n Tumble,極,War Relic,極,極・極・極｜地・極・極｜極・極・極,
ID:1140003421,Zilzal,Zilzal,1140003421,確定,繁殖登録番号,B_TARGET再構成＋v9.3既存Mで完成,母母父,0,0,45,45,45,Northern Dancer,地,Forli,地,Nantallah,極,Wild Risk,極,Verso,極,Easton,極,Bold Ruler,極,Princequillo,極,Mahmoud,極,地・地・極｜極・極・極｜極・極・極,
ID:1120001558,オジジアン,オジジアン,1120001558,確定,繁殖登録番号,Z_v9.27_TARGET系譜不足枝0扱いで完成,母父・母母父,0,14,31,45,,Sword Dancer,極,My Babu,極,Sickle,極,Royal Charger,極,War Admiral,極,Blue Larkspur,バ,Free America,極,Roidore,極,,バ,極・極・極｜極・極・バ｜極・極・バ,
ID:1120002406,ハクサンムーン,ハクサンムーン,1120002406,確定,繁殖登録番号,A_v9.3直接完成,父,45,0,0,45,45,エンドスウィープ,地,サンデーサイレンス,地,Kris,地,サクラユタカオー,地,ノーザンテースト,地,Ambiopoise,極,Shirley Heights,バ,Bold Lad (IRE),バ,Silly Season,極,地-地-地 | 地-地-極 | バ-バ-極,
ID:1140002594,Bluebird,Bluebird,1140002594,確定,繁殖登録番号,C_v9.4+v9.5追加祖先反映で完成,母母父,0,0,44,44,,Northern Dancer,地,New Providence,極,Chop Chop,極,Sir Gaylord,極,Mr. Trouble,極,Pharamond,極,Tom Fool,極,Bull Lea,極,The Porter,バ,地・極・極｜極・極・極｜極・極・バ,
ID:1140006058,Pure Prize,Pure Prize,1140006058,確定,繁殖登録番号,A_v9.3直接完成,母父・母母父,0,33,11,44,44,Storm Bird,地,Secretariat,極,Crimson Satan,極,Mr. Prospector,極,Buckpasser,極,Hasty Road,極,Northern Dancer,地,Bull Page,極,Menow,極,地-極-極 | 極-極-極 | 地-極-極,
ID:1120001050,クリスタルグリツターズ,クリスタルグリツターズ,1120001050,確定,繁殖登録番号,C_v9.4+v9.5追加祖先反映で完成,母母父,0,0,44,44,,Red God,極,Wild Risk,極,Tudor Minstrel,地,Determine,地,Bull Dog,極,Sweep,バ,Nasrullah,極,Count Fleet,極,Bull Dog,極,極・極・地｜地・極・バ｜極・極・極,
ID:1120001858,テイエムオペラオー,テイエムオペラオー,1120001858,確定,繁殖登録番号,A_v9.3直接完成,父・母父・母母父,8,26,10,44,44,Sadler's Wells,地,High Top,バ,Jimmy Reppin,極,Red God,極,Wild Risk,極,Tudor Minstrel,地,Bold Ruler,極,Princequillo,極,,バ,地-バ-極 | 極-極-地 | 極-極-バ,
ID:1120000908,パークリージエント,パークリージエント,1120000908,確定,繁殖登録番号,S_v9.20高影響祖先反映で完成,母父・母母父,0,3,41,44,,Northern Dancer,地,Menetrier,極,Windfields,極,Chop Chop,極,Windfields,極,Osiris,極,Fontenay,極,Sultan Mahomed,極,Cadum,極,地・極・極｜極・極・極｜極・極・極,
ID:1120002522,ミッキーグローリー,ミッキーグローリー,1120002522,確定,繁殖登録番号,A_v9.3直接完成,父,44,0,0,44,44,サンデーサイレンス,地,Alzao,バ,Busted,極,ダンシングブレーヴ,バ,Ela - Mana - Mou,地,Tyrant,極,Kampala,極,Hornbeam,地,Preciptic,極,地-バ-極 | バ-地-極 | 極-地-極,
ID:1140005263,El Corredor,El Corredor,1140005263,確定,繁殖登録番号,A_v9.3直接完成,母父・母母父,0,27,16,43,43,Gone West,地,Reviewer,極,Dancer's Image,極,Deputy Minister,地,Mr. Prospector,極,Road At Sea,極,T. V. Lark,地,Princequillo,極,Court Martial,極,地-極-極 | 地-極-極 | 地-極-極,
ID:1140007082,Justify,Justify,1140007082,確定,繁殖登録番号,A_v9.3直接完成,父,43,0,0,43,43,Johannesburg,地,Mr. Prospector,極,Nijinsky,バ,Awesome Again,地,Relaunch,極,Tri Jet,バ,A.P. Indy,バ,Mr. Prospector,極,Honest Pleasure,極,地-極-バ | 地-極-バ | バ-極-極,
ID:1140005922,Platini,Platini,1140005922,確定,繁殖登録番号,B_TARGET再構成＋v9.3既存Mで完成,母父・母母父,0,5,38,43,43,Literat,極,Reliance,極,Hyperion,地,Red God,極,Busted,極,Blue Peter,極,Northern Dancer,地,Occupy,極,Challenger,極,極・極・地｜極・極・極｜地・極・極,
ID:1140002681,With Approval,With Approval,1140002681,確定,繁殖登録番号,B_TARGET再構成＋v9.3既存Mで完成,母父・母母父,0,9,34,43,43,Fortino,極,Chamossaire,極,Solario,極,Tom Fool,極,War Admiral,極,Blue Larkspur,バ,Nearctic,地,Native Dancer,極,Mahmoud,極,極・極・極｜極・極・バ｜地・極・極,
ID:1120001653,ブラックタイアフェアー,ブラックタイアフェアー,1120001653,確定,繁殖登録番号,B_TARGET再構成＋v9.3既存Mで完成,母父・母母父,0,17,26,43,43,Mr. Prospector,極,Buckpasser,極,Princequillo,極,The Axe,極,Abernant,地,Big Game,極,Bold Ruler,極,Ambiorix,極,Menow,極,極・極・極｜極・地・極｜極・極・極,
ID:1120001556,ミシル,ミシル,1120001556,確定,繁殖登録番号,B_TARGET再構成＋v9.3既存Mで完成,母父・母母父,0,9,34,43,43,Mr. Prospector,極,Buckpasser,極,Princequillo,極,Mahmoud,極,Shut Out,極,Blue Larkspur,バ,Bold Ruler,極,Democratic,極,Alycidon,地,極・極・極｜極・極・バ｜極・極・地,
ID:1140000875,Cure the Blues,Cure the Blues,1140000875,確定,繁殖登録番号,B_TARGET再構成＋v9.3既存Mで完成,母母父,0,0,42,42,42,Hail to Reason,極,Tom Fool,極,Prince Bio,極,Rough'n Tumble,極,Better Self,極,Bull Brier,極,Nasrullah,極,Discovery,極,Pompey,極,極・極・極｜極・極・極｜極・極・極,
ID:1140005733,Efisio,Efisio,1140005733,確定,繁殖登録番号,K_v9.13古血統精査反映で完成,母父・母母父,0,5,37,42,,Forli,地,Raise a Native,極,Tom Fool,極,Derring-Do,バ,Vimy,極,Court Martial,極,Ribot,極,Ambiorix,極,Petee-Wrack,極,地・極・極｜バ・極・極｜極・極・極,
ID:1140003830,Holy Bull,Holy Bull,1140003830,確定,繁殖登録番号,S_v9.20高影響祖先反映で完成,母父・母母父,0,9,33,42,,Minnesota Mac,極,Intentionally,極,Better Self,極,The Axe,極,Abernant,地,Big Game,極,Herbager,極,Mahmoud,極,Pavot,極,極・極・極｜極・地・極｜極・極・極,
ID:1140002807,In The Wings,In The Wings,1140002807,確定,繁殖登録番号,B_TARGET再構成＋v9.3既存Mで完成,母父・母母父,0,7,35,42,42,Northern Dancer,地,Bold Reason,極,Forli,地,Mill Reef,バ,Hardicanute,極,Grandmaster,極,Herbager,極,Free Man,極,Ocean Swell,極,地・極・地｜バ・極・極｜極・極・極,
ID:1140005832,Stormy Atlantic,Stormy Atlantic,1140005832,確定,繁殖登録番号,B_TARGET再構成＋v9.3既存Mで完成,父・母父・母母父,2,21,19,42,42,Storm Bird,地,Secretariat,極,Crimson Satan,極,Bold Reasoning,極,Poker,極,Jet Action,極,Majestic Prince,バ,Buckpasser,極,Hill Prince,極,地・極・極｜極・極・極｜バ・極・極,
ID:1120001724,サンダーガルチ,サンダーガルチ,1120001724,確定,繁殖登録番号,B_TARGET再構成＋v9.3既存Mで完成,母父・母母父,0,16,26,42,42,Mr. Prospector,極,Rambunctious,地,Seven Corners,極,Northern Dancer,地,New Providence,極,Chop Chop,極,High Hat,地,Chanteur,極,Djebel,極,極・地・極｜地・極・極｜地・極・極,
ID:1120001622,ナリタブライアン,ナリタブライアン,1120001622,確定,繁殖登録番号,B_TARGET再構成＋v9.3既存Mで完成,母父・母母父,0,4,38,42,42,Roberto,極,Graustark,地,Hasty Road,極,Nearctic,地,Native Dancer,極,Mahmoud,極,Sword Dancer,極,My Babu,極,Sickle,極,極・地・極｜地・極・極｜極・極・極,
ID:1140006242,Bluegrass Cat,Bluegrass Cat,1140006242,確定,繁殖登録番号,A_v9.3直接完成,母父・母母父,0,36,5,41,41,Storm Bird,地,Secretariat,極,Crimson Satan,極,Seattle Slew,極,Secretariat,極,Buckpasser,極,Raise a Native,極,Nashua,極,Count Fleet,極,地-極-極 | 極-極-極 | 極-極-極,
ID:1140006145,Manduro,Manduro,1140006145,確定,繁殖登録番号,A_v9.3直接完成,父・母父・母母父,1,35,5,41,41,Konigsstuhl,極,Surumu,地,Authi,地,Northern Dancer,地,Tudor Minstrel,地,Stymie,極,Dschingis Khan,極,Orsini,極,Alycidon,地,極-地-地 | 地-地-極 | 極-極-地,
ID:1140003621,Marju,Marju,1140003621,確定,繁殖登録番号,B_TARGET再構成＋v9.3既存Mで完成,母父・母母父,0,16,25,41,41,Try My Best,地,Mill Reef,バ,Sayajirao,極,Round Table,極,My Babu,極,Hyperion,地,Tudor Melody,バ,Court Martial,極,Borealis,地,地・バ・極｜極・極・地｜バ・極・地,
ID:1120002518,ヘンリーバローズ,ヘンリーバローズ,1120002518,確定,繁殖登録番号,A_v9.3直接完成,父,41,0,0,41,41,サンデーサイレンス,地,Alzao,バ,Busted,極,Roberto,極,Amerigo,バ,Mat de Cocagne,極,Nijinsky,バ,Tom Rolfe,極,Ridan,極,地-バ-極 | 極-バ-極 | バ-極-極,
ID:1120000834,ミスターシービー,ミスターシービー,1120000834,確定,繁殖登録番号,Z_v9.27_TARGET系譜不足枝0扱いで完成,母母父,0,0,41,41,,テスコボーイ,地,Your Host,地,Easton,極,Fine Top,極,Delirium,極,,バ,Nearco,極,Bois Roussel,極,Hyperion,地,地・地・極｜極・極・バ｜極・極・地,
ID:1120002584,ヴァンゴッホ,ヴァンゴッホ,1120002584,確定,繁殖登録番号,A_v9.3直接完成,父,41,0,0,41,41,Pioneerof the Nile,地,Yankee Gentleman,地,Ecliptical,地,Northern Dancer,地,Bold Reason,極,Forli,地,Dust Commander,極,Royal Coinage,極,Crafty Admiral,極,地-地-地 | 地-極-地 | 極-極-極,
ID:1140003483,Boundary,Boundary,1140003483,確定,繁殖登録番号,B_TARGET再構成＋v9.3既存Mで完成,母父・母母父,0,3,37,40,40,Northern Dancer,地,Admiral's Voyage,バ,Petition,極,Sword Dancer,極,My Babu,極,Sickle,極,Princequillo,極,Sir Cosmo,極,Friar Marcus,極,地・バ・極｜極・極・極｜極・極・極,
ID:1140004047,Hernando,Hernando,1140004047,確定,繁殖登録番号,B_TARGET再構成＋v9.3既存Mで完成,母父・母母父,0,3,37,40,40,Nijinsky,バ,Tom Rolfe,極,Ridan,極,Mr. Prospector,極,Buckpasser,極,Princequillo,極,Northern Dancer,地,Court Martial,極,Formor,極,バ・極・極｜極・極・極｜地・極・極,
ID:1140001193,Law Society,Law Society,1140001193,確定,繁殖登録番号,B_TARGET再構成＋v9.3既存Mで完成,母父・母母父,0,2,38,40,40,Hoist the Flag,極,Prince John,極,Determine,地,Bold Ruler,極,Polynesian,極,Blue Larkspur,バ,Heliopolis,地,Omaha,極,Stimulus,バ,極・極・地｜極・極・バ｜地・極・バ,
ID:1140004425,Maria's Mon,Maria's Mon,1140004425,確定,繁殖登録番号,B_TARGET再構成＋v9.3既存Mで完成,母父・母母父,0,11,29,40,40,Majestic Light,地,Buckpasser,極,Better Self,極,Fortino,極,Chamossaire,極,Solario,極,Nasram,極,Le Haar,極,Fastnet,極,地・極・極｜極・極・極｜極・極・極,
ID:1140001518,Private Account,Private Account,1140001518,確定,繁殖登録番号,B_TARGET再構成＋v9.3既存Mで完成,母父・母母父,0,3,37,40,40,Sword Dancer,極,My Babu,極,Sickle,極,Tom Fool,極,War Admiral,極,Blue Larkspur,バ,Khaled,地,Beau Pere,極,War Admiral,極,極・極・極｜極・極・バ｜地・極・極,
ID:1140003456,Septieme Ciel,Septieme Ciel,1140003456,確定,繁殖登録番号,B_TARGET再構成＋v9.3既存Mで完成,母父・母母父,0,2,38,40,40,Bold Reasoning,極,Poker,極,Jet Action,極,Nijinsky,バ,Val de Loir,極,Spy Song,極,Khaled,地,Beau Pere,極,War Admiral,極,極・極・極｜バ・極・極｜地・極・極,
ID:1140001824,Valid Appeal,Valid Appeal,1140001824,確定,繁殖登録番号,Y_v9.26残件祖先固定8代欠損0運用確定で完成,母母父,0,0,40,40,,Intentionally,極,Rough'n Tumble,極,War Relic,極,Alibhai,地,Jacopo,極,Sir Gallahad,極,Good Goods,バ,Wildair,バ,Fair Play,バ,極・極・極｜地・極・極｜バ・バ・バ,
ID:1120001967,アッミラーレ,アッミラーレ,1120001967,確定,繁殖登録番号,A_v9.3直接完成,父・母父・母母父,6,25,9,40,40,Halo,極,Understanding,極,Montparnasse,地,Star de Naskra,地,Cornish Prince,極,Royal Gunner,極,Tom Rolfe,極,War Admiral,極,Tourbillon,極,極-極-地 | 地-極-極 | 極-極-極,
ID:1140004631,Diktat,Diktat,1140004631,確定,繁殖登録番号,A_v9.3直接完成,母父・母母父,0,16,23,39,39,Known Fact,バ,Roberto,極,Raise a Native,極,Northern Dancer,地,Bold Reason,極,Forli,地,Lorenzaccio,極,Martial,極,Whistler,極,バ-極-極 | 地-極-地 | 極-極-極,
ID:1140004118,Distant View,Distant View,1140004118,確定,繁殖登録番号,B_TARGET再構成＋v9.3既存Mで完成,母父・母母父,0,8,31,39,39,Raise a Native,極,Nashua,極,Count Fleet,極,Riverman,極,Klairon,極,East Side,極,Northern Dancer,地,Court Martial,極,Formor,極,極・極・極｜極・極・極｜地・極・極,
ID:1140006550,Elusive City,Elusive City,1140006550,確定,繁殖登録番号,A_v9.3直接完成,父・母父・母母父,1,21,17,39,39,Gone West,地,Hero's Honor,地,Sir Ivor,極,Danzig,地,Mr. Prospector,極,Illustrious,極,Native Dancer,極,Heliopolis,地,High Quest,極,地-地-極 | 地-極-極 | 極-地-極,
ID:1140003688,General Meeting,General Meeting,1140003688,確定,繁殖登録番号,B_TARGET再構成＋v9.3既存Mで完成,母父・母母父,0,3,36,39,39,Bold Reasoning,極,Poker,極,Jet Action,極,Raise a Native,極,On-and-On,極,Ponder,地,Northern Dancer,地,Bull Page,極,Menow,極,極・極・極｜極・極・地｜地・極・極,
ID:1140003845,Halling,Halling,1140003845,確定,繁殖登録番号,N_v9.16高影響古血統反映で完成,母父・母母父,0,13,26,39,,Sharpen Up,地,Reliance,極,Crepello,極,Nijinsky,バ,Val de Loir,極,Spy Song,極,Jaipur,極,Battlefield,極,Mahmoud,極,地・極・極｜バ・極・極｜極・極・極,
ID:1140006448,Not For Sale,Not For Sale,1140006448,確定,繁殖登録番号,B_TARGET再構成＋v9.3既存Mで完成,母父・母母父,0,26,13,39,39,Caro,極,No Robbery,地,Prince Bio,極,Swaps,地,Sir Gaylord,極,Jet Pilot,極,Owen Tudor,地,The Phoenix,極,Dastur,極,極・地・極｜地・極・極｜地・極・極,
ID:1140006528,Pioneerof the Nile,Pioneerof the Nile,1140006528,確定,繁殖登録番号,A_v9.3直接完成,父・母父,11,28,0,39,39,Unbridled,極,El Gran Senor,地,In Reality,極,General,極,Con Brio,極,Atlas,地,Bold Ruler,極,Princequillo,極,,バ,極-地-極 | 極-極-地 | 極-極-バ,
ID:1120002351,ウインバリアシオン,ウインバリアシオン,1120002351,確定,繁殖登録番号,A_v9.3直接完成,父,39,0,0,39,39,サンデーサイレンス,地,トニービン,地,Lyphard,バ,Northern Dancer,地,New Providence,極,Chop Chop,極,Damascus,極,Reviewer,極,Swaps,地,地-地-バ | 地-極-極 | 極-極-地,
ID:1120002591,キセキ,キセキ,1120002591,確定,繁殖登録番号,A_v9.3直接完成,父,39,0,0,39,39,キングカメハメハ,地,トニービン,地,ノーザンテースト,地,サンデーサイレンス,地,Alzao,バ,Busted,極,Ahonoora,バ,Alleged,地,Northern Dancer,地,地-地-地 | 地-バ-極 | バ-地-地,
ID:1120002045,スパイキュール,スパイキュール,1120002045,確定,繁殖登録番号,A_v9.3直接完成,父・母父・母母父,4,30,5,39,39,Halo,極,Understanding,極,Montparnasse,地,Mr. Prospector,極,In Reality,極,Royal Note,極,Bold Ruler,極,Princequillo,極,,バ,極-極-地 | 極-極-極 | 極-極-バ,
ID:1120001915,ナリタトップロード,ナリタトップロード,1120001915,確定,繁殖登録番号,A_v9.3直接完成,母父・母母父,0,22,17,39,39,デイクタス,極,ノーザンテースト,地,Princely Gift,極,Exclusive Native,極,Crafty Admiral,極,Volcanic,極,Nasrullah,極,Djeddah,極,Bimelech,極,極-地-極 | 極-極-極 | 極-極-極,
ID:1120001821,ヘネシー,ヘネシー,1120001821,確定,繁殖登録番号,C_v9.4+v9.5追加祖先反映で完成,母父・母母父,0,20,19,39,,Storm Bird,地,Secretariat,極,Crimson Satan,極,Utrillo,極,Mehrali,極,Clustine,極,Tom Fool,極,Mahmoud,極,Equipoise,バ,地・極・極｜極・極・極｜極・極・バ,
ID:1120002474,ヤマカツエース,ヤマカツエース,1120002474,確定,繁殖登録番号,A_v9.3直接完成,父,39,0,0,39,39,Kingmambo,地,Last Tycoon,地,Blakeney,地,Silver Hawk,バ,Danzig,地,His Majesty,地,Deputy Minister,地,Smart,極,Brookfield,極,地-地-地 | バ-地-地 | 地-極-極,
ID:1140004207,Arch,Arch,1140004207,確定,繁殖登録番号,A_v9.3直接完成,母父・母母父,0,15,23,38,38,Roberto,極,Princequillo,極,,バ,Northern Dancer,地,Admiral's Voyage,バ,Petition,極,Raise a Native,極,On-and-On,極,Ponder,地,極-極-バ | 地-バ-極 | 極-極-地,
ID:1140006124,Exchange Rate,Exchange Rate,1140006124,確定,繁殖登録番号,A_v9.3直接完成,母父・母母父,0,34,4,38,38,Northern Dancer,地,Admiral's Voyage,バ,Petition,極,Mr. Prospector,極,Buckpasser,極,Hasty Road,極,Bold Bidder,極,Promised Land,極,To Market,極,地-バ-極 | 極-極-極 | 極-極-極,
ID:1140004738,Lomitas,Lomitas,1140004738,確定,繁殖登録番号,Y_v9.26残件祖先固定8代欠損0運用確定で完成,母父・母母父,0,10,28,38,,Nijinsky,バ,Tom Rolfe,極,Ridan,極,Literat,極,Reliance,極,Hyperion,地,Neckar,バ,Nebelwerfer,極,Bubbles,極,バ・極・極｜極・極・地｜バ・極・極,
ID:1140005772,Tejano Run,Tejano Run,1140005772,確定,繁殖登録番号,B_TARGET再構成＋v9.3既存Mで完成,母父・母母父,0,6,32,38,38,Caro,極,Exclusive Native,極,Never Bend,極,Majestic Light,地,Buckpasser,極,Better Self,極,Nijinsky,バ,Val de Loir,極,Spy Song,極,極・極・極｜地・極・極｜バ・極・極,
ID:1120002344,シビルウォー,シビルウォー,1120002344,確定,繁殖登録番号,A_v9.3直接完成,父・母父,37,1,0,38,38,Our Emblem,地,Lord At War,地,The Pruner,極,Northern Dancer,地,Bold Reason,極,Forli,地,Never Bend,極,Prince John,極,Roman,極,地-地-極 | 地-極-地 | 極-極-極,
ID:1120001900,スクワートルスクワート,スクワートルスクワート,1120001900,確定,繁殖登録番号,A_v9.3直接完成,父・母父,26,12,0,38,38,Conquistador Cielo,極,Vice Regent,バ,Never Bend,極,Codex,地,Ack Ack,極,Restless Native,極,Cyane,極,Quibu,極,Olympia,地,極-バ-極 | 地-極-極 | 極-極-地,
ID:1120001808,スピードワールド,スピードワールド,1120001808,確定,繁殖登録番号,B_TARGET再構成＋v9.3既存Mで完成,母父・母母父,0,11,27,38,38,Mr. Prospector,極,Buckpasser,極,Swaps,地,Tom Rolfe,極,Native Dancer,極,Nasrullah,極,The Axe,極,Abernant,地,Big Game,極,極・極・地｜極・極・極｜極・地・極,
ID:1120001615,テンビー,テンビー,1120001615,確定,繁殖登録番号,B_TARGET再構成＋v9.3既存Mで完成,母父・母母父,0,7,31,38,38,Nijinsky,バ,Round Table,極,Hail to Reason,極,Kalamoun,極,Pall Mall,極,Worden,極,Never Bend,極,Princequillo,極,Count Fleet,極,バ・極・極｜極・極・極｜極・極・極,
ID:1120001859,メイショウオウドウ,メイショウオウドウ,1120001859,確定,繁殖登録番号,A_v9.3直接完成,父・母父・母母父,1,29,8,38,38,Halo,極,Understanding,極,Montparnasse,地,Northern Dancer,地,Court Martial,極,Formor,極,Majestic Prince,バ,Ribot,極,Ambiorix,極,極-極-地 | 地-極-極 | バ-極-極,
ID:1120001062,リヴリア,リヴリア,1120001062,確定,繁殖登録番号,W_v9.24高影響祖先反映で完成,母母父,0,0,38,38,,Never Bend,極,Prince John,極,Roman,極,Vienna,極,Nearco,極,Big Game,極,Alibhai,地,Beau Pere,極,Chance Shot,極,極・極・極｜極・極・極｜地・極・極,
ID:1130001421,Alleged,Alleged,1130001421,確定,繁殖登録番号,B_TARGET再構成＋v9.3既存Mで完成,母母父,0,0,37,37,37,Tom Rolfe,極,War Admiral,極,Tourbillon,極,Princequillo,極,Count Fleet,極,Blue Larkspur,バ,Alibhai,地,Mahmoud,極,Sir Andrew,極,極・極・極｜極・極・バ｜地・極・極,
ID:1140006125,Freud,Freud,1140006125,確定,繁殖登録番号,A_v9.3直接完成,母父・母母父,0,14,23,37,37,Storm Bird,地,Secretariat,極,Crimson Satan,極,Blushing Groom,極,Halo,極,Herbager,極,Hail to Reason,極,Nashua,極,Bull Lea,極,地-極-極 | 極-極-極 | 極-極-極,
ID:1140004714,High Yield,High Yield,1140004714,確定,繁殖登録番号,A_v9.3直接完成,母父・母母父,0,12,25,37,37,Storm Bird,地,Secretariat,極,Crimson Satan,極,Mr. Prospector,極,Tom Rolfe,極,Double Jay,極,Northern Dancer,地,Bull Page,極,Menow,極,地-極-極 | 極-極-極 | 地-極-極,
ID:1140005737,Mizzen Mast,Mizzen Mast,1140005737,確定,繁殖登録番号,A_v9.3直接完成,父・母父・母母父,2,28,7,37,37,Caro,極,Prince John,極,Sir Gaylord,極,Ribot,極,Alibhai,地,Beau Pere,極,Menow,極,Bull Dog,極,,バ,極-極-極 | 極-地-極 | 極-極-バ,
ID:1120002645,エフフォーリア,エフフォーリア,1120002645,確定,繁殖登録番号,A_v9.3直接完成,父,37,0,0,37,37,シンボリクリスエス,地,スペシャルウィーク,地,Sadler's Wells,地,サンデーサイレンス,地,トニービン,地,Lyphard,バ,Sharpen Up,地,Reliance,極,Crepello,極,地-地-地 | 地-地-バ | 地-極-極,
ID:1120002470,マクマホン,マクマホン,1120002470,確定,繁殖登録番号,A_v9.3直接完成,父,37,0,0,37,37,Martino Alonso,地,El Gran Senor,地,Alleged,地,Damister,地,Welsh Pageant,地,Petingo,バ,Nijinsky,バ,Round Table,極,Hail to Reason,極,地-地-地 | 地-地-バ | バ-極-極,
ID:1120002304,ロジユニヴァース,ロジユニヴァース,1120002304,確定,繁殖登録番号,A_v9.3直接完成,父・母父,32,5,0,37,37,サンデーサイレンス,地,Kris,地,Shantung,地,Green Desert,地,Ahonoora,バ,Balidar,地,Mr. Prospector,極,Halo,極,Hoist the Flag,極,地-地-地 | 地-バ-地 | 極-極-極,
ID:1140001909,Dancing Brave,Dancing Brave,1140001909,確定,繁殖登録番号,B_TARGET再構成＋v9.3既存Mで完成,母母父,0,0,36,36,36,Northern Dancer,地,Court Martial,極,Formor,極,Sir Gaylord,極,Tom Fool,極,Mahmoud,極,Matrice,極,Abbots Fell,極,Talking,極,地・極・極｜極・極・極｜極・極・極,
ID:1140001069,Majestic Light,Majestic Light,1140001069,確定,繁殖登録番号,B_TARGET再構成＋v9.3既存Mで完成,母父・母母父,0,1,35,36,36,Raise a Native,極,Royal Charger,極,Alibhai,地,Tenerani,極,El Greco,極,Papyrus,極,Tourbillon,極,Pharos,極,Swynford,極,極・極・地｜極・極・極｜極・極・極,
ID:1140002365,Relaunch,Relaunch,1140002365,確定,繁殖登録番号,L_v9.14安全確定反映で完成,母母父,0,0,36,36,,Intentionally,極,Rough'n Tumble,極,War Relic,極,Mahmoud,極,Shut Out,極,Blue Larkspur,バ,Spy Song,極,Royal Minstrel,極,Sweep,バ,極・極・極｜極・極・バ｜極・極・バ,
ID:1140006290,Unusual Heat,Unusual Heat,1140006290,確定,繁殖登録番号,O_v9.17高影響古血統反映で完成,母父・母母父,0,17,19,36,,Northern Dancer,地,Forli,地,Nantallah,極,Pardal,極,Epigram,極,His Grace,極,Djeddah,極,Mahmoud,極,Sir Gallahad,極,地・地・極｜極・極・極｜極・極・極,
ID:1120001723,ディアブロ,ディアブロ,1120001723,確定,繁殖登録番号,Z_v9.27_TARGET系譜不足枝0扱いで完成,母父・母母父,0,21,15,36,,Halo,極,Herbager,極,Cohoes,極,Bold Ruler,極,Eight Thirty,極,Pharis,極,Heliopolis,地,Stimulus,バ,,バ,極・極・極｜極・極・極｜地・バ・バ,
ID:1120002256,バンブーエール,バンブーエール,1120002256,確定,繁殖登録番号,A_v9.3直接完成,父・母父,29,7,0,36,36,Mr. Prospector,極,Venetian Jester,極,Green Ticket,地,Blushing Groom,極,Herbager,極,Raise a Native,極,Bold Ruler,極,Tulyar,極,Menow,極,極-極-地 | 極-極-極 | 極-極-極,
ID:1120001829,パントレセレブル,パントレセレブル,1120001829,確定,繁殖登録番号,B_TARGET再構成＋v9.3既存Mで完成,母父・母母父,0,15,21,36,36,Northern Dancer,地,Forli,地,Nantallah,極,Raise a Native,極,On-and-On,極,Ponder,地,Sir Gaylord,極,Occupy,極,Challenger,極,地・地・極｜極・極・地｜極・極・極,
ID:1120000421,ラツキーソブリン,ラツキーソブリン,1120000421,確定,繁殖登録番号,C_v9.4+v9.5追加祖先反映で完成,母母父,0,0,36,36,,Northern Dancer,地,Bull Page,極,Menow,極,Pardal,極,Big Game,極,Hyperion,地,Nearco,極,Blenheim,極,The Tetrarch,バ,地・極・極｜極・極・地｜極・極・バ,
ID:1120002291,ローズキングダム,ローズキングダム,1120002291,確定,繁殖登録番号,A_v9.3直接完成,父・母父,33,3,0,36,36,Kingmambo,地,Last Tycoon,地,Blakeney,地,Halo,極,Understanding,極,Montparnasse,地,Mill Reef,バ,Hardicanute,極,Grandmaster,極,地-地-地 | 極-極-地 | バ-極-極,
ID:1140006038,Iffraaj,Iffraaj,1140006038,確定,繁殖登録番号,A_v9.3直接完成,父・母父・母母父,13,13,9,35,35,Gone West,地,The Minstrel,バ,Right Tack,バ,Northern Dancer,地,Forli,地,Nantallah,極,Lorenzaccio,極,Martial,極,Whistler,極,地-バ-バ | 地-地-極 | 極-極-極,
ID:1140005285,Johannesburg,Johannesburg,1140005285,確定,繁殖登録番号,A_v9.3直接完成,母父・母母父,0,16,19,35,35,Storm Cat,地,Hawaii,バ,Tom Cat,極,Damascus,極,Francis S.,極,Correlation,極,Raise a Native,極,Nashua,極,Count Fleet,極,地-バ-極 | 極-極-極 | 極-極-極,
ID:1140001931,Phone Trick,Phone Trick,1140001931,確定,繁殖登録番号,F_v9.4-v9.8追加祖先反映で完成,母父・母母父,0,1,34,35,,Icecapade,バ,Better Bee,バ,Djeddah,極,Royal Charger,極,Bull Lea,極,American Flag,極,War Admiral,極,Bubbling Over,バ,Teddy,バ,バ・バ・極｜極・極・極｜極・バ・バ,
ID:1120002523,エピカリス,エピカリス,1120002523,確定,繁殖登録番号,A_v9.3直接完成,父,35,0,0,35,35,サンデーサイレンス,地,Nureyev,地,Hostage,極,Sadler's Wells,地,Riverman,極,Sunny Boy,極,Nijinsky,バ,Buckpasser,極,Princequillo,極,地-地-極 | 地-極-極 | バ-極-極,
ID:1120001381,タイトスポット,タイトスポット,1120001381,確定,繁殖登録番号,B_TARGET再構成＋v9.3既存Mで完成,母父・母母父,0,1,34,35,35,Ribot,極,Alibhai,地,Beau Pere,極,Northern Dancer,地,Court Martial,極,Formor,極,Nasrullah,極,Djeddah,極,Bimelech,極,極・地・極｜地・極・極｜極・極・極,
ID:1120002393,ダノンシャーク,ダノンシャーク,1120002393,確定,繁殖登録番号,A_v9.3直接完成,父,35,0,0,35,35,サンデーサイレンス,地,Alzao,バ,Busted,極,Nijinsky,バ,Round Table,極,Hail to Reason,極,Mill Reef,バ,Hardicanute,極,Grandmaster,極,地-バ-極 | バ-極-極 | バ-極-極,
ID:1140006228,Henrythenavigator,Henrythenavigator,1140006228,確定,繁殖登録番号,A_v9.3直接完成,母父・母母父,0,31,3,34,34,Mr. Prospector,極,Nureyev,地,Prove Out,地,Northern Dancer,地,Bold Reason,極,Forli,地,Riverman,極,Klairon,極,East Side,極,極-地-地 | 地-極-地 | 極-極-極,
ID:1140004145,Mutakddim,Mutakddim,1140004145,確定,繁殖登録番号,B_TARGET再構成＋v9.3既存Mで完成,母父・母母父,0,8,26,34,34,Mr. Prospector,極,Buckpasser,極,Hasty Road,極,Bold Reasoning,極,Poker,極,Jet Action,極,Nearctic,地,Native Dancer,極,Mahmoud,極,極・極・極｜極・極・極｜地・極・極,
ID:1140004249,Petionville,Petionville,1140004249,確定,繁殖登録番号,B_TARGET再構成＋v9.3既存Mで完成,母父・母母父,0,15,19,34,34,Mr. Prospector,極,Buckpasser,極,Hasty Road,極,Majestic Light,地,Buckpasser,極,Better Self,極,Never Bend,極,Sailor,極,Alibhai,地,極・極・極｜地・極・極｜極・極・地,
ID:1140006385,Quality Road,Quality Road,1140006385,確定,繁殖登録番号,A_v9.3直接完成,父・母父,15,19,0,34,34,Gone West,地,Hero's Honor,地,Sir Ivor,極,Whiskey Road,地,Rich Gift,地,Red Jester,地,Raise a Native,極,On-and-On,極,Ponder,地,地-地-極 | 地-地-地 | 極-極-地,
ID:1140004070,Spinning World,Spinning World,1140004070,確定,繁殖登録番号,B_TARGET再構成＋v9.3既存Mで完成,母父・母母父,0,8,26,34,34,Northern Dancer,地,Forli,地,Nantallah,極,Never Bend,極,Prince John,極,Roman,極,Northern Dancer,地,Occupy,極,Challenger,極,地・地・極｜極・極・極｜地・極・極,
ID:1140001820,Topsider,Topsider,1140001820,確定,繁殖登録番号,C_v9.4+v9.5追加祖先反映で完成,母母父,0,0,34,34,,Nearctic,地,Native Dancer,極,Mahmoud,極,Princequillo,極,Sir Cosmo,極,Friar Marcus,極,Nearco,極,Blenheim,極,The Tetrarch,バ,地・極・極｜極・極・極｜極・極・バ,
ID:1120000999,アレミロード,アレミロード,1120000999,確定,繁殖登録番号,Y_v9.26残件祖先固定8代欠損0運用確定で完成,母父・母母父,0,1,33,34,,Ribot,極,Roman,極,Princequillo,極,Boldnesian,極,Hail to Reason,極,Wait A Bit,極,Pappageno,極,Denturius,バ,Firdaussi,極,極・極・極｜極・極・極｜極・バ・極,
ID:1120001548,エイシンサンディ,エイシンサンディ,1120001548,確定,繁殖登録番号,B_TARGET再構成＋v9.3既存Mで完成,母父・母母父,0,26,8,34,34,Halo,極,Understanding,極,Montparnasse,地,Northern Dancer,地,Amerigo,バ,Sun Again,バ,Grey Sovereign,極,Toulouse Lautrec,極,Niccolo Dell'Arca,極,極・極・地｜地・バ・バ｜極・極・極,
ID:1120002266,サマーバード,サマーバード,1120002266,確定,繁殖登録番号,A_v9.3直接完成,父・母父,12,22,0,34,34,Grindstone,バ,Storm Bird,地,Silent Screen,極,Storm Bird,地,Secretariat,極,Buckpasser,極,Alydar,バ,Lt. Stevens,極,War Admiral,極,バ-地-極 | 地-極-極 | バ-極-極,
ID:1120001325,リズム,リズム,1120001325,確定,繁殖登録番号,B_TARGET再構成＋v9.3既存Mで完成,母母父,0,0,34,34,34,Raise a Native,極,Nashua,極,Count Fleet,極,Nearctic,地,Native Dancer,極,Mahmoud,極,Tom Fool,極,War Admiral,極,Blue Larkspur,バ,極・極・極｜地・極・極｜極・極・バ,
ID:1120002325,レッドスパーダ,レッドスパーダ,1120002325,確定,繁殖登録番号,A_v9.3直接完成,父・母父,30,4,0,34,34,Devil's Bag,バ,Caerleon,バ,Thatch,地,Storm Bird,地,Secretariat,極,Crimson Satan,極,Sir Ivor,極,T. V. Lark,地,Count of Honor,極,バ-バ-地 | 地-極-極 | 極-地-極,
ID:1140003693,Belong to Me,Belong to Me,1140003693,確定,繁殖登録番号,B_TARGET再構成＋v9.3既存Mで完成,母父・母母父,0,14,19,33,33,Northern Dancer,地,Admiral's Voyage,バ,Petition,極,Raise a Native,極,Shut Out,極,Pilate,極,Turn-to,極,Blue Swords,極,Sir Gallahad,極,地・バ・極｜極・極・極｜極・極・極,
ID:1140001918,Groom Dancer,Groom Dancer,1140001918,確定,繁殖登録番号,B_TARGET再構成＋v9.3既存Mで完成,母母父,0,0,33,33,33,Red God,極,Wild Risk,極,Tudor Minstrel,地,Northern Dancer,地,Court Martial,極,Formor,極,Tourment,極,Cranach,極,Brantome,極,極・極・地｜地・極・極｜極・極・極,
ID:1140003892,Mark of Esteem,Mark of Esteem,1140003892,確定,繁殖登録番号,B_TARGET再構成＋v9.3既存Mで完成,母父・母母父,0,6,27,33,33,Shirley Heights,バ,Abdos,極,Venture,極,Northern Dancer,地,Raise a Native,極,Tom Fool,極,Vienna,極,Nearco,極,Big Game,極,バ・極・極｜地・極・極｜極・極・極,
ID:1140006310,Rossini,Rossini,1140006310,確定,繁殖登録番号,A_v9.3直接完成,母父・母母父,0,9,24,33,33,Mr. Prospector,極,Buckpasser,極,Princequillo,極,Northern Dancer,地,Graustark,地,Hail to Reason,極,Sir Gaylord,極,Mr. Trouble,極,Pharamond,極,極-極-極 | 地-地-極 | 極-極-極,
ID:1120002583,ポエティックフレア,ポエティックフレア,1120002583,確定,繁殖登録番号,A_v9.3直接完成,父,33,0,0,33,33,New Approach,地,Phone Trick,バ,Pleasant Colony,バ,Danehill,地,Be My Guest,地,Bold Lad (IRE),バ,Nijinsky,バ,Crimson Satan,極,Bolero,極,地-バ-バ | 地-地-バ | バ-極-極,
ID:1120002174,ロードアルティマ,ロードアルティマ,1120002174,確定,繁殖登録番号,A_v9.3直接完成,父・母父,28,5,0,33,33,Mr. Prospector,極,Buckpasser,極,Hasty Road,極,Bold Ruler,極,Princequillo,極,,バ,Tom Fool,極,Bull Lea,極,,バ,極-極-極 | 極-極-バ | 極-極-バ,
ID:1140005274,Alhaarth,Alhaarth,1140005274,確定,繁殖登録番号,G_v9.4-v9.9追加祖先反映で完成,母父・母母父,0,9,23,32,,Northern Dancer,地,Bustino,極,Queen's Hussar,極,Riverman,極,Klairon,極,East Side,極,Vieux Manoir,極,Sunny Boy,極,Tetratema,極,地・極・極｜極・極・極｜極・極・極,
ID:1140002690,Distant Relative,Distant Relative,1140002690,確定,繁殖登録番号,B_TARGET再構成＋v9.3既存Mで完成,母母父,0,0,32,32,32,Sir Gaylord,極,Occupy,極,Challenger,極,Hornbeam,地,Vatellor,極,Verso,極,Tenerani,極,El Greco,極,Papyrus,極,極・極・極｜地・極・極｜極・極・極,
ID:1140002543,Kendor,Kendor,1140002543,確定,繁殖登録番号,B_TARGET再構成＋v9.3既存Mで完成,母父・母母父,0,6,26,32,32,Kalamoun,極,Milesian,極,Nearula,極,Vaguely Noble,地,Sir Gaylord,極,My Babu,極,Tanerko,極,Ribot,極,Hyperion,地,極・極・極｜地・極・極｜極・極・地,
ID:1140001589,Kenmare,Kenmare,1140001589,確定,繁殖登録番号,Y_v9.26残件祖先固定8代欠損0運用確定で完成,母母父,0,0,32,32,,Zeddaan,極,Prince Bio,極,Palestine,極,My Babu,極,Coup de Lyon,バ,Blandford,極,Nasrullah,極,Flag of Truce,バ,Diophon,極,極・極・極｜極・バ・極｜極・バ・極,
ID:1140000965,Pleasant Colony,Pleasant Colony,1140000965,確定,繁殖登録番号,Z_v9.27_TARGET系譜不足枝0扱いで完成,母母父,0,0,32,32,,Ribot,極,Alibhai,地,Beau Pere,極,Double Jay,極,Princequillo,極,Mahmoud,極,Nasrullah,極,,バ,,バ,極・地・極｜極・極・極｜極・バ・バ,
ID:1140007101,Saxon Warrior,Saxon Warrior,1140007101,確定,繁殖登録番号,A_v9.3直接完成,父,32,0,0,32,32,Sunday Silence,地,Alzao,バ,Busted,極,Sadler's Wells,地,Miswaki,極,Lombard,地,Danzig,地,His Majesty,地,Buckpasser,極,地-バ-極 | 地-極-地 | 地-地-極,
ID:1120002005,メジロベイリー,メジロベイリー,1120002005,確定,繁殖登録番号,A_v9.3直接完成,父・母父,1,31,0,32,32,Halo,極,Understanding,極,Montparnasse,地,Nijinsky,バ,Buckpasser,極,Princequillo,極,Graustark,地,Swaps,地,Roman,極,極-極-地 | バ-極-極 | 地-地-極,
ID:1140004093,Cherokee Run,Cherokee Run,1140004093,確定,繁殖登録番号,B_TARGET再構成＋v9.3既存Mで完成,母父・母母父,0,12,19,31,31,Blushing Groom,極,Call the Witness,極,Boodle,極,Drone,極,Johns Joy,極,Pilate,極,Royal Charger,極,War Admiral,極,Blue Larkspur,バ,極・極・極｜極・極・極｜極・極・バ,
ID:1140005897,Oratorio,Oratorio,1140005897,確定,繁殖登録番号,A_v9.3直接完成,母父・母母父,0,22,9,31,31,Danzig,地,His Majesty,地,Buckpasser,極,Vienna,極,Nearco,極,Big Game,極,Raise a Native,極,On-and-On,極,Ponder,地,地-地-極 | 極-極-極 | 極-極-地,
ID:1140005767,Smarty Jones,Smarty Jones,1140005767,確定,繁殖登録番号,A_v9.3直接完成,母父・母母父,0,23,8,31,31,Gone West,地,Hero's Honor,地,Sir Ivor,極,In Reality,極,Boldnesian,極,Sunrise County,地,What a Pleasure,極,Tom Fool,極,Tourbillon,極,地-地-極 | 極-極-地 | 極-極-極,
ID:1140004501,Touch Gold,Touch Gold,1140004501,確定,繁殖登録番号,B_TARGET再構成＋v9.3既存Mで完成,母父・母母父,0,14,17,31,31,Vice Regent,バ,Bunty's Flight,極,Jabneh,極,Tom Fool,極,War Admiral,極,Blue Larkspur,バ,Nearctic,地,Native Dancer,極,Mahmoud,極,バ・極・極｜極・極・バ｜地・極・極,
ID:1140001115,Vice Regent,Vice Regent,1140001115,確定,繁殖登録番号,Z_v9.27_TARGET系譜不足枝0扱いで完成,母母父,0,0,31,31,,Nearctic,地,Native Dancer,極,Mahmoud,極,Fair Copy,極,Gold Bridge,極,,バ,Bunty Lawless,極,Stimulus,バ,Golden Sun,極,地・極・極｜極・極・バ｜極・バ・極,
ID:1120002250,アサクサキングス,アサクサキングス,1120002250,確定,繁殖登録番号,A_v9.3直接完成,父・母父,22,9,0,31,31,ダンシングブレーヴ,バ,Ela - Mana - Mou,地,Tyrant,極,Halo,極,Understanding,極,Montparnasse,地,Bold Ruler,極,Double Jay,極,Bold Irishman,極,バ-地-極 | 極-極-地 | 極-極-極,
ID:1120001559,マイニング,マイニング,1120001559,確定,繁殖登録番号,B_TARGET再構成＋v9.3既存Mで完成,母父・母母父,0,6,25,31,31,Raise a Native,極,Nashua,極,Count Fleet,極,Tom Fool,極,War Admiral,極,Blue Larkspur,バ,Raise a Native,極,Royal Charger,極,Alibhai,地,極・極・極｜極・極・バ｜極・極・地,
ID:1140006820,Dark Angel,Dark Angel,1140006820,確定,繁殖登録番号,A_v9.3直接完成,父・母父,19,11,0,30,30,Royal Applause,極,Ahonoora,バ,Floribunda,極,Mr. Prospector,極,Halo,極,Hoist the Flag,極,Northern Dancer,地,Chop Chop,極,Windfields,極,極-バ-極 | 極-極-極 | 地-極-極,
ID:1140004505,Dubai Millennium,Dubai Millennium,1140004505,確定,繁殖登録番号,A_v9.3直接完成,母父・母母父,0,7,23,30,30,Mr. Prospector,極,Buckpasser,極,Hasty Road,極,Northern Dancer,地,Sir Ivor,極,Tom Fool,極,Endeavour,極,Hyperion,地,Winalot,極,極-極-極 | 地-極-極 | 極-地-極,
ID:1140006144,Dylan Thomas,Dylan Thomas,1140006144,確定,繁殖登録番号,A_v9.3直接完成,母父・母母父,0,22,8,30,30,Danzig,地,His Majesty,地,Buckpasser,極,Sharpen Up,地,Reliance,極,Crepello,極,Bold Bidder,極,Tom Fool,極,Hyperion,地,地-地-極 | 地-極-極 | 極-極-地,
ID:1140002800,Easy Goer,Easy Goer,1140002800,確定,繁殖登録番号,U_v9.22安全確定反映で完成,母母父,0,0,30,30,,Raise a Native,極,On-and-On,極,Ponder,地,Tom Fool,極,War Admiral,極,Blue Larkspur,バ,Market Wise,極,Johnstown,極,Sickle,極,極・極・地｜極・極・バ｜極・極・極,
ID:1140003628,Gilded Time,Gilded Time,1140003628,確定,繁殖登録番号,F_v9.4-v9.8追加祖先反映で完成,母父・母母父,0,6,24,30,,Damascus,極,Native Dancer,極,Count Fleet,極,Bold Ruler,極,Mahmoud,極,Ariel,バ,Prince Rose,極,Papyrus,極,White Eagle,バ,極・極・極｜極・極・バ｜極・極・バ,
ID:1140005664,Orientate,Orientate,1140005664,確定,繁殖登録番号,A_v9.3直接完成,母父・母母父,0,13,17,30,30,Blushing Groom,極,Crimson Satan,極,Reneged,極,Best Turn,バ,Ballydonnell,極,,バ,Noholme,地,Double Jay,極,Don Bingo,極,極-極-極 | バ-極-バ | 地-極-極,
ID:1140004726,Point Given,Point Given,1140004726,確定,繁殖登録番号,A_v9.3直接完成,母父・母母父,0,12,18,30,30,Gulch,地,Storm Bird,地,High Line,地,Alydar,バ,Table Play,極,Fomento,極,In Reality,極,The Axe,極,Royal Note,極,地-地-地 | バ-極-極 | 極-極-極,
ID:1140004329,Smoke Glacken,Smoke Glacken,1140004329,確定,繁殖登録番号,B_TARGET再構成＋v9.3既存Mで完成,母父・母母父,0,16,14,30,30,Mr. Prospector,極,Grey Dawn,極,Nantallah,極,Northern Dancer,地,Bold Lad (USA),極,Hail to Reason,極,Bold Ruler,極,Double Jay,極,Bold Irishman,極,極・極・極｜地・極・極｜極・極・極,
ID:1140004793,Vicar,Vicar,1140004793,確定,繁殖登録番号,A_v9.3直接完成,母父・母母父,0,8,22,30,30,Icecapade,バ,Khaled,地,Dante,極,Northern Dancer,地,Buckpasser,極,Traffic Judge,地,Bold Ruler,極,Princequillo,極,,バ,バ-地-極 | 地-極-地 | 極-極-バ,
ID:1120002160,スズカフェニックス,スズカフェニックス,1120002160,確定,繁殖登録番号,A_v9.3直接完成,父・母父,15,15,0,30,30,Halo,極,Understanding,極,Montparnasse,地,Northern Dancer,地,Bold Reason,極,Forli,地,Hoist the Flag,極,Prince John,極,Determine,地,極-極-地 | 地-極-地 | 極-極-地,
ID:1140005915,Afleet Alex,Afleet Alex,1140005915,確定,繁殖登録番号,A_v9.3直接完成,母父・母母父,0,25,4,29,29,アフリート,バ,Nureyev,地,Tentam,バ,Silver Hawk,バ,Chieftain,極,Mahmoud,極,Utrillo,極,Mehrali,極,Clustine,極,バ-地-バ | バ-極-極 | 極-極-極,
ID:1140005876,Azamour,Azamour,1140005876,確定,繁殖登録番号,A_v9.3直接完成,母父・母母父,0,25,4,29,29,Northern Dancer,地,Chop Chop,極,Windfields,極,Roberto,極,Lt. Stevens,極,War Admiral,極,Shirley Heights,バ,Abdos,極,Venture,極,地-極-極 | 極-極-極 | バ-極-極,
ID:1140003285,Carson City,Carson City,1140003285,確定,繁殖登録番号,B_TARGET再構成＋v9.3既存Mで完成,母父・母母父,0,5,24,29,29,Raise a Native,極,Nashua,極,Count Fleet,極,Red God,極,Wild Risk,極,Tudor Minstrel,地,Northern Dancer,地,Bull Page,極,Menow,極,極・極・極｜極・極・地｜地・極・極,
ID:1140001986,El Gran Senor,El Gran Senor,1140001986,確定,繁殖登録番号,C_v9.4高影響祖先補完で完成,母母父,0,0,29,29,29,Nearctic,地,Native Dancer,極,Mahmoud,極,Tom Fool,極,War Admiral,極,Blue Larkspur,バ,Alibhai,地,Discovery,極,Broomstick,バ,地・極・極｜極・極・バ｜地・極・バ,
ID:1140004680,Fasliyev,Fasliyev,1140004680,確定,繁殖登録番号,A_v9.3直接完成,母父・母母父,0,14,15,29,29,Northern Dancer,地,Forli,地,Nantallah,極,Raise a Native,極,Nashua,極,Count Fleet,極,Nasrullah,極,Djeddah,極,Bimelech,極,地-地-極 | 極-極-極 | 極-極-極,
ID:1140001925,Lear Fan,Lear Fan,1140001925,確定,繁殖登録番号,F_v9.4-v9.8追加祖先反映で完成,母父・母母父,0,3,26,29,,Hail to Reason,極,Nashua,極,Bull Lea,極,Nantallah,極,Gold Bridge,極,Blandford,極,Man o'War,極,Sweep,バ,Harry of Hereford,極,極・極・極｜極・極・極｜極・バ・極,
ID:1140003632,Marquetry,Marquetry,1140003632,確定,繁殖登録番号,B_TARGET再構成＋v9.3既存Mで完成,母父・母母父,0,3,26,29,29,Mr. Prospector,極,Bold Commander,極,Turn-to,極,Northern Dancer,地,Menetrier,極,Windfields,極,Nasrullah,極,Djeddah,極,Bimelech,極,極・極・極｜地・極・極｜極・極・極,
ID:1140003325,Pine Bluff,Pine Bluff,1140003325,確定,繁殖登録番号,M_v9.15古血統安全確定反映で完成,母母父,0,0,29,29,,Northern Dancer,地,Admiral's Voyage,バ,Petition,極,Hail to Reason,極,Cosmic Bomb,極,Mahmoud,極,Rasper,地,The Solicitor,極,Birthright,極,地・バ・極｜極・極・極｜地・極・極,
ID:1120001538,ウイニングチケット,ウイニングチケット,1120001538,確定,繁殖登録番号,B_TARGET再構成＋v9.3既存Mで完成,母父・母母父,0,9,20,29,29,Kampala,極,Hornbeam,地,Preciptic,極,Nijinsky,バ,Buckpasser,極,Princequillo,極,Princely Gift,極,Hyperion,地,Dastur,極,極・地・極｜バ・極・極｜極・地・極,
ID:1120002564,エポカドーロ,エポカドーロ,1120002564,確定,繁殖登録番号,A_v9.3直接完成,父,29,0,0,29,29,ステイゴールド,地,メジロマックイーン,地,ノーザンテースト,地,Mr. Prospector,極,Tom Rolfe,極,Double Jay,極,Shirley Heights,バ,Bold Lad (IRE),バ,Silly Season,極,地-地-地 | 極-極-極 | バ-バ-極,
ID:1120001786,スキャターザゴールド,スキャターザゴールド,1120001786,確定,繁殖登録番号,A_v9.3直接完成,母父・母母父,0,15,14,29,29,Raise a Native,極,Nashua,極,Count Fleet,極,Northern Dancer,地,Admiral's Voyage,バ,Petition,極,Cyane,極,Quibu,極,Olympia,地,極-極-極 | 地-バ-極 | 極-極-地,
ID:1120001991,スマートボーイ,スマートボーイ,1120001991,確定,繁殖登録番号,A_v9.3直接完成,母父・母母父,0,20,9,29,29,Topsider,バ,Graustark,地,Buckpasser,極,Luthier,極,Prudent,極,Ratification,極,Northern Dancer,地,Bold Ruler,極,Better Self,極,バ-地-極 | 極-極-極 | 地-極-極,
ID:1120002139,フォーティナイナーズサン,フォーティナイナーズサン,1120002139,確定,繁殖登録番号,A_v9.3直接完成,父・母父,5,24,0,29,29,Forty Niner,地,Danzig,地,Mr. Leader,極,Hoist the Flag,極,Prince John,極,Determine,地,Mr. Prospector,極,Bold Commander,極,Turn-to,極,地-地-極 | 極-極-地 | 極-極-極,
ID:1120000779,ホリスキー,ホリスキー,1120000779,確定,繁殖登録番号,B_TARGET再構成＋v9.3既存Mで完成,母父・母母父,0,2,27,29,29,Nijinsky,バ,Buckpasser,極,Princequillo,極,Chanteur,極,Court Martial,極,Bois Roussel,極,Djebel,極,Pharos,極,Gainsborough,極,バ・極・極｜極・極・極｜極・極・極,
ID:1120000632,ヤマニンスキー,ヤマニンスキー,1120000632,確定,繁殖登録番号,S_v9.20高影響祖先反映で完成,母母父,0,0,29,29,,Northern Dancer,地,Bull Page,極,Menow,極,Tom Fool,極,War Admiral,極,Blue Larkspur,バ,Sun Again,バ,Whiskaway,バ,Seth,バ,地・極・極｜極・極・バ｜バ・バ・バ,
ID:1120002466,レインボーライン,レインボーライン,1120002466,確定,繁殖登録番号,A_v9.3直接完成,父,29,0,0,29,29,サンデーサイレンス,地,デイクタス,極,ノーザンテースト,地,Deputy Minister,地,Hold Your Peace,極,Bold Ruler,極,アンバーシヤダイ,地,マツチウオン,地,ハロウエー,極,地-極-地 | 地-極-極 | 地-地-極,
ID:1140005710,Dalakhani,Dalakhani,1140005710,確定,繁殖登録番号,A_v9.3直接完成,母父・母母父,0,14,14,28,28,Shirley Heights,バ,Abdos,極,Venture,極,Mr. Prospector,極,Buckpasser,極,Princequillo,極,Caro,極,Sicambre,極,Blue Peter,極,バ-極-極 | 極-極-極 | 極-極-極,
ID:1140004551,Favorite Trick,Favorite Trick,1140004551,確定,繁殖登録番号,A_v9.3直接完成,母父・母母父,0,2,26,28,28,Clever Trick,地,Finnegan,極,Mr. Busher,極,Noholme,地,,バ,,バ,Never Bend,極,Requested,バ,Bull Dog,極,地-極-極 | 地-バ-バ | 極-バ-極,
ID:1140006033,Footstepsinthesand,Footstepsinthesand,1140006033,確定,繁殖登録番号,A_v9.3直接完成,母父・母母父,0,22,6,28,28,Storm Cat,地,Rahy,バ,Roberto,極,Blushing Groom,極,Herbager,極,Raise a Native,極,Nijinsky,バ,Val de Loir,極,Spy Song,極,地-バ-極 | 極-極-極 | バ-極-極,
ID:1140006032,Shirocco,Shirocco,1140006032,確定,繁殖登録番号,A_v9.3直接完成,母父・母母父,0,24,4,28,28,Konigsstuhl,極,Surumu,地,Authi,地,Northern Dancer,地,Victoria Park,極,Bull Page,極,Sallust,極,Ragusa,極,Mazarin,極,極-地-地 | 地-極-極 | 極-極-極,
ID:1140002182,Soviet Star,Soviet Star,1140002182,確定,繁殖登録番号,Y_v9.26残件祖先固定8代欠損0運用確定で完成,母父・母母父,0,3,25,28,,Northern Dancer,地,Forli,地,Nantallah,極,Relic,極,Pherozshah,極,Easton,極,Plassy,バ,La Farina,極,Beppo,極,地・地・極｜極・極・極｜バ・極・極,
ID:1140003660,Tabasco Cat,Tabasco Cat,1140003660,確定,繁殖登録番号,C_v9.4+v9.5追加祖先反映で完成,母父・母母父,0,1,27,28,,Storm Bird,地,Secretariat,極,Crimson Satan,極,Key to the Mint,地,My Babu,極,Umidwar,極,Polynesian,極,Bull Lea,極,Sweep,バ,地・極・極｜地・極・極｜極・極・バ,
ID:1120002516,アドミラブル,アドミラブル,1120002516,確定,繁殖登録番号,A_v9.3直接完成,父,28,0,0,28,28,サンデーサイレンス,地,Alzao,バ,Busted,極,Kris S.,極,Gold Meridian,地,Tri Jet,バ,Kampala,極,Hornbeam,地,Preciptic,極,地-バ-極 | 極-地-バ | 極-地-極,
ID:1120002088,オンファイア,オンファイア,1120002088,確定,繁殖登録番号,A_v9.3直接完成,父・母父,13,15,0,28,28,Halo,極,Understanding,極,Montparnasse,地,Lyphard,バ,Sir Ivor,極,Roman,極,Crepello,極,Vimy,極,Court Martial,極,極-極-地 | バ-極-極 | 極-極-極,
ID:1120002366,コパノリチャード,コパノリチャード,1120002366,確定,繁殖登録番号,A_v9.3直接完成,父・母父,26,2,0,28,28,サンデーサイレンス,地,ノーザンテースト,地,Crimson Satan,極,Kampala,極,Hornbeam,地,Preciptic,極,Nijinsky,バ,Round Table,極,Hail to Reason,極,地-地-極 | 極-地-極 | バ-極-極,
ID:1120002303,フサイチセブン,フサイチセブン,1120002303,確定,繁殖登録番号,A_v9.3直接完成,父・母父,26,2,0,28,28,Mr. Prospector,極,Danzig,地,Halo,極,Northern Dancer,地,Menetrier,極,Windfields,極,Hail to Reason,極,Cosmic Bomb,極,Mahmoud,極,極-地-極 | 地-極-極 | 極-極-極,
ID:1120002082,ルールオブロー,ルールオブロー,1120002082,確定,繁殖登録番号,A_v9.3直接完成,母父,0,28,0,28,28,Mr. Prospector,極,Nureyev,地,Prove Out,地,Nijinsky,バ,Crimson Satan,極,Bolero,極,Bold Lad (IRE),バ,Habitat,極,Nearula,極,極-地-地 | バ-極-極 | バ-極-極,
ID:1120002237,ローレルゲレイロ,ローレルゲレイロ,1120002237,確定,繁殖登録番号,A_v9.3直接完成,父・母父,20,8,0,28,28,ダンシングブレーヴ,バ,Halo,極,Sir Ivor,極,Caerleon,バ,Kalaglow,地,Mill Reef,バ,Alydar,バ,Jester,極,Nasrullah,極,バ-極-極 | バ-地-バ | バ-極-極,
ID:1140003119,Common Grounds,Common Grounds,1140003119,確定,繁殖登録番号,W_v9.24高影響祖先反映で完成,母母父,0,0,27,27,,Sharpen Up,地,Reliance,極,Crepello,極,Northern Dancer,地,Court Martial,極,Formor,極,Tantieme,極,Fair Copy,極,Blue Skies,極,地・極・極｜地・極・極｜極・極・極,
ID:1140000883,Lord Avie,Lord Avie,1140000883,確定,繁殖登録番号,I_v9.11_TARGET固定8代年代境界反映で完成,母父・母母父,0,2,25,27,,Sir Gaylord,極,Ambiorix,極,Spy Song,極,Migoli,極,Mahmoud,極,Buchan,極,Menow,極,Bull Dog,極,Equipoise,バ,極・極・極｜極・極・極｜極・極・バ,
ID:1140002927,Lost Code,Lost Code,1140002927,確定,繁殖登録番号,W_v9.24高影響祖先反映で完成,母母父,0,0,27,27,,Arts and Letters,地,Minnesota Mac,極,Chieftain,極,Battle Joined,極,Turn-to,極,Princequillo,極,Native Dancer,極,Bull Lea,極,Chance Play,極,地・極・極｜極・極・極｜極・極・極,
ID:1140002689,Mtoto,Mtoto,1140002689,確定,繁殖登録番号,Y_v9.26残件祖先固定8代欠損0運用確定で完成,母父・母母父,0,5,22,27,,Crepello,極,Vimy,極,Court Martial,極,Relic,極,Le Pacha,極,Bruleur,バ,Donatello,極,Hyperion,地,Swynford,極,極・極・極｜極・極・バ｜極・地・極,
ID:1140002649,Ogygian,Ogygian,1140002649,確定,繁殖登録番号,Z_v9.27_TARGET系譜不足枝0扱いで完成,母母父,0,0,27,27,,Sword Dancer,極,My Babu,極,Sickle,極,Royal Charger,極,War Admiral,極,Blue Larkspur,バ,Free America,極,Roidore,極,,バ,極・極・極｜極・極・バ｜極・極・バ,
ID:1140004616,Stravinsky,Stravinsky,1140004616,確定,繁殖登録番号,A_v9.3直接完成,母父・母母父,0,10,17,27,27,Northern Dancer,地,Forli,地,Nantallah,極,Red God,極,Wild Risk,極,Tudor Minstrel,地,Raise a Native,極,Nashua,極,Count Fleet,極,地-地-極 | 極-極-地 | 極-極-極,
ID:1140005879,Tiger Hill,Tiger Hill,1140005879,確定,繁殖登録番号,A_v9.3直接完成,母父・母母父,0,8,19,27,27,Danzig,地,His Majesty,地,Buckpasser,極,Herbager,極,Rockefella,地,Niccolo Dell'Arca,極,St. Paddy,地,Abernant,地,Big Game,極,地-地-極 | 極-地-極 | 地-地-極,
ID:1140002569,Trempolino,Trempolino,1140002569,確定,繁殖登録番号,Y_v9.26残件祖先固定8代欠損0運用確定で完成,母父・母母父,0,3,24,27,,Atan,地,Rockefella,地,Majano,極,Northern Dancer,地,Menetrier,極,Windfields,極,Ribot,極,Nakamuro,極,Pilade,バ,地・地・極｜地・極・極｜極・極・バ,
ID:1140005713,Xaar,Xaar,1140005713,確定,繁殖登録番号,A_v9.3直接完成,母父・母母父,0,6,21,27,27,Gone West,地,The Minstrel,バ,Right Tack,バ,Sir Gaylord,極,Mr. Trouble,極,Pharamond,極,Alibhai,地,Discovery,極,,バ,地-バ-バ | 極-極-極 | 地-極-バ,
ID:1140003096,Zabeel,Zabeel,1140003096,確定,繁殖登録番号,G_v9.4-v9.9追加祖先反映で完成,母母父,0,0,27,27,,Sir Ivor,極,Round Table,極,My Babu,極,Northern Dancer,地,Forli,地,Nantallah,極,Vieux Manoir,極,Sunny Boy,極,Tetratema,極,極・極・極｜地・地・極｜極・極・極,
ID:1120002185,カンパニー,カンパニー,1120002185,確定,繁殖登録番号,A_v9.3直接完成,父・母父,9,18,0,27,27,トニービン,地,Sadler's Wells,地,English Prince,極,Northern Dancer,地,Victoria Park,極,Hyperion,地,Mr. Prospector,極,In Reality,極,Royal Note,極,地-地-極 | 地-極-地 | 極-極-極,
ID:1120002619,サリオス,サリオス,1120002619,確定,繁殖登録番号,A_v9.3直接完成,父,27,0,0,27,27,サンデーサイレンス,地,トニービン,地,Lyphard,バ,Niniski,バ,Surumu,地,Kronzeuge,極,Danehill,地,Appiani,地,St. Chad,地,地-地-バ | バ-地-極 | 地-地-地,
ID:1120001942,ゼンノエルシド,ゼンノエルシド,1120001942,確定,繁殖登録番号,A_v9.3直接完成,父・母父・母母父,1,16,10,27,27,Nijinsky,バ,Round Table,極,Hail to Reason,極,Derring-Do,バ,Princely Gift,極,King Legend,極,Tudor Melody,バ,Blue Train,地,His Grace,極,バ-極-極 | バ-極-極 | バ-地-極,
ID:1120001331,ダンスオブライフ,ダンスオブライフ,1120001331,確定,繁殖登録番号,D_v9.4-v9.6追加祖先反映で完成,母母父,0,0,27,27,,Northern Dancer,地,Bull Page,極,Menow,極,Intentionally,極,Rough'n Tumble,極,War Relic,極,Turn-to,極,Bubbling Over,バ,Wrack,バ,地・極・極｜極・極・極｜極・バ・バ,
ID:1120002475,レーヴミストラル,レーヴミストラル,1120002475,確定,繁殖登録番号,A_v9.3直接完成,父,27,0,0,27,27,Kingmambo,地,Last Tycoon,地,Blakeney,地,Kenmare,極,Riverman,極,Sir Gaylord,極,Blushing Groom,極,Shoemaker,地,Spy Song,極,地-地-地 | 極-極-極 | 極-地-極,
ID:1140006652,Acclamation,Acclamation,1140006652,確定,繁殖登録番号,A_v9.3直接完成,父・母父・母母父,1,21,4,26,26,Waajib,地,Auction Ring,地,Sound Track,極,Lorenzaccio,極,Martial,極,Whistler,極,Princely Gift,極,,バ,,バ,地-地-極 | 極-極-極 | 極-バ-バ,
ID:1140004148,Avenue of Flags,Avenue of Flags,1140004148,確定,繁殖登録番号,B_TARGET再構成＋v9.3既存Mで完成,母父・母母父,0,3,23,26,26,Bold Reasoning,極,Poker,極,Jet Action,極,Buckpasser,極,Amerigo,バ,Count Rendered,極,Bold Ruler,極,To Market,極,Princequillo,極,極・極・極｜極・バ・極｜極・極・極,
ID:1140004204,Deputy Commander,Deputy Commander,1140004204,確定,繁殖登録番号,B_TARGET再構成＋v9.3既存Mで完成,母父・母母父,0,4,22,26,26,Vice Regent,バ,Bunty's Flight,極,Jabneh,極,Sir Ivor,極,Traffic Judge,地,Mr. Busher,極,Tudor Melody,バ,Acropolis,地,Court Martial,極,バ・極・極｜極・地・極｜バ・地・極,
ID:1140005877,Motivator,Motivator,1140005877,確定,繁殖登録番号,A_v9.3直接完成,母父・母母父,0,20,6,26,26,Sadler's Wells,地,Top Ville,バ,Tennyson,極,Mr. Prospector,極,Secretariat,極,Tim Tam,極,Atan,地,Rockefella,地,Majano,極,地-バ-極 | 極-極-極 | 地-地-極,
ID:1130000102,Northern Dancer,Northern Dancer,1130000102,確定,繁殖登録番号,F_v9.4-v9.8追加祖先反映で完成,母母父,0,0,26,26,,Nearco,極,Hyperion,地,Abbots Trace,極,Polynesian,極,Discovery,極,John P.Grier,バ,Blenheim,極,Gainsborough,極,The Tetrarch,バ,極・地・極｜極・極・バ｜極・極・バ,
ID:1140003506,Pursuit of Love,Pursuit of Love,1140003506,確定,繁殖登録番号,C_v9.4+v9.5追加祖先反映で完成,母母父,0,0,26,26,,Blushing Groom,極,Lyphard,バ,Violon d'Ingres,極,Nijinsky,バ,Val de Loir,極,Spy Song,極,Polynesian,極,Bull Lea,極,Sweep,バ,極・バ・極｜バ・極・極｜極・極・バ,
ID:1140004595,Rainbow Corner,Rainbow Corner,1140004595,確定,繁殖登録番号,B_TARGET再構成＋v9.3既存Mで完成,母父・母母父,0,1,25,26,26,Blushing Groom,極,Herbager,極,Raise a Native,極,Nijinsky,バ,Baldric,極,Alycidon,地,Bold Ruler,極,Democratic,極,Alycidon,地,極・極・極｜バ・極・地｜極・極・地,
ID:1120001503,エルハーブ,エルハーブ,1120001503,確定,繁殖登録番号,F_v9.4-v9.8追加祖先反映で完成,母父・母母父,0,7,19,26,,Danzig,地,Secretariat,極,Swoon's Son,極,Never Bend,極,Prince John,極,Roman,極,Clarion,極,Kantar,バ,Swynford,極,地・極・極｜極・極・極｜極・バ・極,
ID:1120002558,オーヴァルエース,オーヴァルエース,1120002558,確定,繁殖登録番号,A_v9.3直接完成,父,26,0,0,26,26,Hennessy,地,Meadowlake,極,Hagley,極,Silver Hawk,バ,Danzig,地,His Majesty,地,Nijinsky,バ,Buckpasser,極,Princequillo,極,地-極-極 | バ-地-地 | バ-極-極,
ID:1120000840,サウスアトランテイツク,サウスアトランテイツク,1120000840,確定,繁殖登録番号,Z_v9.27_TARGET系譜不足枝0扱いで完成,母母父,0,0,26,26,,Never Bend,極,Princequillo,極,Count Fleet,極,Tenerani,極,El Greco,極,Papyrus,極,Princequillo,極,John P.Grier,バ,,バ,極・極・極｜極・極・極｜極・バ・バ,
ID:1120001016,ダイナガリバー,ダイナガリバー,1120001016,確定,繁殖登録番号,Z_v9.27_TARGET系譜不足枝0扱いで完成,母父・母母父,0,4,22,26,,Northern Dancer,地,Victoria Park,極,Hyperion,地,Rockefella,地,Mazarin,極,Mr Jinks,バ,Free America,極,Roidore,極,,バ,地・極・地｜地・極・バ｜極・極・バ,
ID:1140006379,Bellamy Road,Bellamy Road,1140006379,確定,繁殖登録番号,A_v9.3直接完成,母父・母母父,0,21,4,25,25,Chief's Crown,地,In Reality,極,Messenger of Song,バ,Traffic Cop,地,Prove It,地,Requested,バ,Caro,極,Prince John,極,Sir Gaylord,極,地-極-バ | 地-地-バ | 極-極-極,
ID:1140005885,Flatter,Flatter,1140005885,確定,繁殖登録番号,A_v9.3直接完成,父・母父・母母父,3,17,5,25,25,Seattle Slew,極,Secretariat,極,Buckpasser,極,Raise a Native,極,Nashua,極,Count Fleet,極,Nearctic,地,Native Dancer,極,Mahmoud,極,極-極-極 | 極-極-極 | 地-極-極,
ID:1140004297,Flying Spur,Flying Spur,1140004297,確定,繁殖登録番号,B_TARGET再構成＋v9.3既存Mで完成,母父・母母父,0,6,19,25,25,Danzig,地,His Majesty,地,Buckpasser,極,Raise a Native,極,Nashua,極,Count Fleet,極,Sir Gaylord,極,Mr. Trouble,極,Pharamond,極,地・地・極｜極・極・極｜極・極・極,
ID:1140006148,Gold Away,Gold Away,1140006148,確定,繁殖登録番号,A_v9.3直接完成,母父・母母父,0,3,22,25,25,Nureyev,地,Riverman,極,Snob,極,Red God,極,Wild Risk,極,Tudor Minstrel,地,Bold Ruler,極,My Babu,極,,バ,地-極-極 | 極-極-地 | 極-極-バ,
ID:1140006939,Lope de Vega,Lope de Vega,1140006939,確定,繁殖登録番号,A_v9.3直接完成,父・母父,6,19,0,25,25,Giant's Causeway,地,Machiavellian,極,Troy,地,Machiavellian,極,Sir Ivor,極,Nijinsky,バ,Kenmare,極,Gay Mecene,地,Djakao,地,地-極-地 | 極-極-バ | 極-地-地,
ID:1140006357,Tiz Wonderful,Tiz Wonderful,1140006357,確定,繁殖登録番号,A_v9.3直接完成,父・母父,2,23,0,25,25,Cee's Tizzy,バ,Seattle Song,極,ナイスダンサー,地,Storm Cat,地,Hawaii,バ,Tom Cat,極,Raise a Native,極,Nashua,極,Count Fleet,極,バ-極-地 | 地-バ-極 | 極-極-極,
ID:1120002383,アスカクリチャン,アスカクリチャン,1120002383,確定,繁殖登録番号,A_v9.3直接完成,父,25,0,0,25,25,アフリート,バ,Danzig,地,Buckpasser,極,ノーザンテースト,地,Arts and Letters,地,Forli,地,Nijinsky,バ,Buckpasser,極,Princequillo,極,バ-地-極 | 地-地-地 | バ-極-極,
ID:1120002484,インカンテーション,インカンテーション,1120002484,確定,繁殖登録番号,A_v9.3直接完成,父,25,0,0,25,25,Old Trieste,地,The Prime Minister,地,Hurry Up Blue,極,Mr. Prospector,極,Halo,極,Hoist the Flag,極,Danzig,地,Buckpasser,極,Bold Lad (USA),極,地-地-極 | 極-極-極 | 地-極-極,
ID:1120001738,オース,オース,1120001738,確定,繁殖登録番号,A_v9.3直接完成,母父・母母父,0,15,10,25,25,Northern Dancer,地,Bold Reason,極,Forli,地,Petingo,バ,Hornbeam,地,Pinza,極,Alycidon,地,King Salmon,極,Cameronian,極,地-極-地 | バ-地-極 | 地-極-極,
ID:1120002359,ガルボ,ガルボ,1120002359,確定,繁殖登録番号,A_v9.3直接完成,父,25,0,0,25,25,サンデーサイレンス,地,Law Society,地,Luciano,バ,Caerleon,バ,Master Derby,極,Tulyar,極,Far North,地,Djakao,地,Spy Song,極,地-地-バ | バ-極-極 | 地-地-極,
ID:1120001262,キャロルハウス,キャロルハウス,1120001262,確定,繁殖登録番号,Z_v9.27_TARGET系譜不足枝0扱いで完成,母父・母母父,0,1,24,25,,Sir Gaylord,極,Court Martial,極,Hyperion,地,Buisson Ardent,極,Palestine,極,Nearco,極,,バ,,バ,,バ,極・極・地｜極・極・極｜バ・バ・バ,
ID:1120002189,スウィフトカレント,スウィフトカレント,1120002189,確定,繁殖登録番号,A_v9.3直接完成,父・母父,5,20,0,25,25,Halo,極,Understanding,極,Montparnasse,地,Mr. Prospector,極,Halo,極,Hoist the Flag,極,Busted,極,Doutelle,極,Fairway,極,極-極-地 | 極-極-極 | 極-極-極,
ID:1120002087,ソングオブウインド,ソングオブウインド,1120002087,確定,繁殖登録番号,A_v9.3直接完成,父・母父・母母父,2,19,4,25,25,Kingmambo,地,Sadler's Wells,地,Seattle Slew,極,Halo,極,Understanding,極,Montparnasse,地,Kampala,極,Hornbeam,地,Preciptic,極,地-地-極 | 極-極-地 | 極-地-極,
ID:1120001504,ソヴィエトスター,ソヴィエトスター,1120001504,確定,繁殖登録番号,Y_v9.26残件祖先固定8代欠損0運用確定で完成,母父・母母父,0,1,24,25,,Northern Dancer,地,Forli,地,Nantallah,極,Relic,極,Pherozshah,極,Easton,極,Plassy,バ,La Farina,極,Beppo,極,地・地・極｜極・極・極｜バ・極・極,
ID:1120002222,トーセンファントム,トーセンファントム,1120002222,確定,繁殖登録番号,A_v9.3直接完成,父・母父,21,4,0,25,25,サンデーサイレンス,地,Kris,地,Shantung,地,Kampala,極,Hornbeam,地,Preciptic,極,Northern Dancer,地,Victoria Park,極,Hyperion,地,地-地-地 | 極-地-極 | 地-極-地,
ID:1120000444,ナイスダンサー,ナイスダンサー,1120000444,確定,繁殖登録番号,X_v9.25_TARGET固定8代安全確定反映,母母父,0,0,25,25,,Nearctic,地,Native Dancer,極,Mahmoud,極,Fontenay,極,Sultan Mahomed,極,Cadum,極,Teleferique,極,Coronach,極,Blandford,極,地・極・極｜極・極・極｜極・極・極,
ID:1120000504,ロイヤルスキー,ロイヤルスキー,1120000504,確定,繁殖登録番号,Y_v9.26残件祖先固定8代欠損0運用確定で完成,母母父,0,0,25,25,,Bold Ruler,極,My Babu,極,Umidwar,極,Intent,バ,Nasrullah,極,Bull Lea,極,Tourbillon,極,Banstar,極,Chulo,極,極・極・極｜バ・極・極｜極・極・極,
ID:1120001071,ワカオライデン,ワカオライデン,1120001071,確定,繁殖登録番号,Y_v9.26残件祖先固定8代欠損0運用確定で完成,母父・母母父,0,3,22,25,,Raja Baba,極,Involvement,極,Tournoi,極,Alcide,地,Palestine,極,Chanteur,極,Cover Up,地,Hollyrood,バ,Rhodes Scholar,極,極・極・極｜地・極・極｜地・バ・極,
ID:1140005920,Almutawakel,Almutawakel,1140005920,確定,繁殖登録番号,A_v9.3直接完成,母父・母母父,0,7,17,24,24,Mr. Prospector,極,Halo,極,Hoist the Flag,極,Danzig,地,Sir Ivor,極,Never Bend,極,Pitcairn,地,High Hat,地,Major Portion,極,極-極-極 | 地-極-極 | 地-地-極,
ID:1140006527,Blame,Blame,1140006527,確定,繁殖登録番号,A_v9.3直接完成,父・母父,8,16,0,24,24,Kris S.,極,Danzig,地,Alydar,バ,Mr. Prospector,極,Buckpasser,極,Hasty Road,極,Northern Dancer,地,Bull Page,極,Menow,極,極-地-バ | 極-極-極 | 地-極-極,
ID:1140006826,Declaration of War,Declaration of War,1140006826,確定,繁殖登録番号,A_v9.3直接完成,父・母父,15,9,0,24,24,Danzig,地,Rubiano,地,Forli,地,Blushing Groom,極,Halo,極,Herbager,極,Mr. Prospector,極,Secretariat,極,Tim Tam,極,地-地-地 | 極-極-極 | 極-極-極,
ID:1130001536,Green Dancer,Green Dancer,1130001536,確定,繁殖登録番号,T_v9.21高影響祖先反映で完成,母母父,0,0,24,24,,Northern Dancer,地,Bull Page,極,Menow,極,Vieux Manoir,極,Sunny Boy,極,Tetratema,極,Balladier,バ,Peter Hastings,バ,Man o'War,極,地・極・極｜極・極・極｜バ・バ・極,
ID:1140004065,Grindstone,Grindstone,1140004065,確定,繁殖登録番号,B_TARGET再構成＋v9.3既存Mで完成,母父・母母父,0,3,21,24,24,Fappiano,極,Le Fabuleux,極,In Reality,極,Sir Gaylord,極,Tom Fool,極,Mahmoud,極,Swaps,地,Polynesian,極,Pot au Feu,極,極・極・極｜極・極・極｜地・極・極,
ID:1140007029,Gun Runner,Gun Runner,1140007029,確定,繁殖登録番号,A_v9.3直接完成,父・母父,23,1,0,24,24,Ride the Rails,極,Candy Stripes,バ,Farnesio,極,Storm Cat,地,Rahy,バ,Roberto,極,Fappiano,極,Dr. Fager,極,Nearctic,地,極-バ-極 | 地-バ-極 | 極-極-地,
ID:1140001137,Lomond,Lomond,1140001137,確定,繁殖登録番号,B_TARGET再構成＋v9.3既存Mで完成,母母父,0,0,24,24,24,Nearctic,地,Native Dancer,極,Mahmoud,極,Round Table,極,Nasrullah,極,War Admiral,極,Jet Pilot,極,War Admiral,極,Bubbling Over,バ,地・極・極｜極・極・極｜極・極・バ,
ID:1140002677,Night Shift,Night Shift,1140002677,確定,繁殖登録番号,T_v9.21高影響祖先反映で完成,母母父,0,0,24,24,,Nearctic,地,Native Dancer,極,Mahmoud,極,Flares,極,Buchan,極,Tredennis,バ,Bunty Lawless,極,Stimulus,バ,Golden Sun,極,地・極・極｜極・極・バ｜極・バ・極,
ID:1140004167,Numerous,Numerous,1140004167,確定,繁殖登録番号,B_TARGET再構成＋v9.3既存Mで完成,母父・母母父,0,14,10,24,24,Raise a Native,極,Nashua,極,Count Fleet,極,Northern Dancer,地,Bull Page,極,Menow,極,Aristophanes,地,Advocate,極,Foxglove,極,極・極・極｜地・極・極｜地・極・極,
ID:1140004668,Old Trieste,Old Trieste,1140004668,確定,繁殖登録番号,A_v9.3直接完成,母父・母母父,0,6,18,24,24,Seattle Slew,極,Secretariat,極,Buckpasser,極,Grey Dawn,極,El Relicario,極,Cranach,極,My Babu,極,Olympia,地,,バ,極-極-極 | 極-極-極 | 極-地-バ,
ID:1140006341,Zamindar,Zamindar,1140006341,確定,繁殖登録番号,Z_v9.27_TARGET系譜不足枝0扱いで完成,母父・母母父,0,10,14,24,,Mr. Prospector,極,Secretariat,極,Tim Tam,極,Northern Dancer,地,Victoria Park,極,Bull Page,極,Hard Tack,バ,,バ,,バ,極・極・極｜地・極・極｜バ・バ・バ,
ID:1120002521,アポロケンタッキー,アポロケンタッキー,1120002521,確定,繁殖登録番号,A_v9.3直接完成,父,24,0,0,24,24,Danzig,地,Briartic,地,Gummo,地,Mr. Prospector,極,Secretariat,極,Tim Tam,極,Deputy Minister,地,Queen City Lad,極,Take Away,極,地-地-地 | 極-極-極 | 地-極-極,
ID:1120002247,キャプテントゥーレ,キャプテントゥーレ,1120002247,確定,繁殖登録番号,A_v9.3直接完成,父・母父,15,9,0,24,24,サンデーサイレンス,地,ロイヤルスキー,極,リマンド,バ,Kampala,極,Hornbeam,地,Preciptic,極,Northern Dancer,地,Court Martial,極,Formor,極,地-極-バ | 極-地-極 | 地-極-極,
ID:1120001154,シエイデイハイツ,シエイデイハイツ,1120001154,確定,繁殖登録番号,B_TARGET再構成＋v9.3既存Mで完成,母母父,0,0,24,24,24,Mill Reef,バ,Hardicanute,極,Grandmaster,極,Bold Ruler,極,Democratic,極,Alycidon,地,Tom Fool,極,Straight Deal,極,King Salmon,極,バ・極・極｜極・極・地｜極・極・極,
ID:1120002298,シルポート,シルポート,1120002298,確定,繁殖登録番号,A_v9.3直接完成,父・母父,22,2,0,24,24,ダンシングブレーヴ,バ,Ela - Mana - Mou,地,Tyrant,極,Halo,極,Understanding,極,Montparnasse,地,Mr. Prospector,極,Buckpasser,極,Swaps,地,バ-地-極 | 極-極-地 | 極-極-地,
ID:1120002464,ニシケンモノノフ,ニシケンモノノフ,1120002464,確定,繁殖登録番号,A_v9.3直接完成,父,24,0,0,24,24,タイキシャトル,地,Storm Cat,地,Search Tradition,極,Mr. Prospector,極,Venetian Jester,極,Green Ticket,地,テスコボーイ,地,Airborne,バ,Fair Trial,極,地-地-極 | 極-極-地 | 地-バ-極,
ID:1120001663,ピルサドスキー,ピルサドスキー,1120001663,確定,繁殖登録番号,B_TARGET再構成＋v9.3既存Mで完成,母父・母母父,0,9,15,24,24,Danzig,地,Buckpasser,極,Bold Lad (USA),極,Petingo,バ,Hornbeam,地,Pinza,極,Never Bend,極,Princequillo,極,Count Fleet,極,地・極・極｜バ・地・極｜極・極・極,
ID:1120002418,ミュゼスルタン,ミュゼスルタン,1120002418,確定,繁殖登録番号,A_v9.3直接完成,父,24,0,0,24,24,Kingmambo,地,Last Tycoon,地,Blakeney,地,Deputy Minister,地,Hold Your Peace,極,Bold Ruler,極,Halo,極,Understanding,極,Montparnasse,地,地-地-地 | 地-極-極 | 極-極-地,
ID:1120002362,ワンダーアキュート,ワンダーアキュート,1120002362,確定,繁殖登録番号,A_v9.3直接完成,父・母父,23,1,0,24,24,Summer Squall,地,Drone,極,What a Pleasure,極,Pleasant Colony,バ,Stage Door Johnny,極,Never Bend,極,Prince Taj,極,Wild Risk,極,Thor,バ,地-極-極 | バ-極-極 | 極-極-バ,
ID:1140004701,Cat Thief,Cat Thief,1140004701,確定,繁殖登録番号,A_v9.3直接完成,母父・母母父,0,6,17,23,23,Storm Bird,地,Secretariat,極,Crimson Satan,極,Raise a Native,極,On-and-On,極,Ponder,地,Swaps,地,Bimelech,極,,バ,地-極-極 | 極-極-地 | 地-極-バ,
ID:1140006590,Champs Elysees,Champs Elysees,1140006590,確定,繁殖登録番号,A_v9.3直接完成,父・母父・母母父,1,20,2,23,23,Danzig,地,His Majesty,地,Buckpasser,極,Ile de Bourbon,地,Blushing Groom,極,Sheshoon,極,High Hat,地,Chanteur,極,Djebel,極,地-地-極 | 地-極-極 | 地-極-極,
ID:1140002925,Generous,Generous,1140002925,確定,繁殖登録番号,B_TARGET再構成＋v9.3既存Mで完成,母父・母母父,0,9,14,23,23,Nijinsky,バ,Round Table,極,Hail to Reason,極,Dust Commander,極,Royal Coinage,極,Crafty Admiral,極,Tehran,極,Nearco,極,Blandford,極,バ・極・極｜極・極・極｜極・極・極,
ID:1140001329,Green Forest,Green Forest,1140001329,確定,繁殖登録番号,Y_v9.26残件祖先固定8代欠損0運用確定で完成,母父・母母父,0,1,22,23,,Noholme,地,Model Cadet,バ,Bull Lea,極,Mahmoud,極,Shut Out,極,Blue Larkspur,バ,Count Fleet,極,Bull Dog,極,Man o'War,極,地・バ・極｜極・極・バ｜極・極・極,
ID:1140003185,Linamix,Linamix,1140003185,確定,繁殖登録番号,B_TARGET再構成＋v9.3既存Mで完成,母父・母母父,0,4,19,23,23,Bellypha,バ,Caro,極,Olympia,地,Relko,極,Chanteur,極,Chulmleigh,極,Alycidon,地,King Salmon,極,Cameronian,極,バ・極・地｜極・極・極｜地・極・極,
ID:1140001940,Slew o'Gold,Slew o'Gold,1140001940,確定,繁殖登録番号,D_v9.4-v9.6追加祖先反映で完成,母母父,0,0,23,23,,Bold Reasoning,極,Poker,極,Jet Action,極,Tom Fool,極,War Admiral,極,Blue Larkspur,バ,Princequillo,極,Bubbling Over,バ,Wrack,バ,極・極・極｜極・極・バ｜極・バ・バ,
ID:1140001893,Star de Naskra,Star de Naskra,1140001893,確定,繁殖登録番号,C_v9.4+v9.5追加祖先反映で完成,母母父,0,0,23,23,,Nasram,極,Le Haar,極,Fastnet,極,Double Jay,極,Discovery,極,Challenger,極,Owen Tudor,地,Sansovino,極,Son-in-Law,バ,極・極・極｜極・極・極｜地・極・バ,
ID:1140006626,Zoffany,Zoffany,1140006626,確定,繁殖登録番号＋入力名エイリアス統合,A_v9.3直接完成,母父,4,19,0,23,23,Danehill,地,Kahyasi,地,High Line,地,Mr. Prospector,極,Halo,極,Hoist the Flag,極,Green Dancer,バ,Alleged,地,Round Table,極,地-地-地 | 極-極-極 | バ-地-極, 現代データのID空欄表記「Zoffany」4件を同一個体へ統合。
ID:1120001876,アドマイヤボス,アドマイヤボス,1120001876,確定,繁殖登録番号,A_v9.3直接完成,母父・母母父,0,17,6,23,23,Halo,極,Understanding,極,Montparnasse,地,Kampala,極,Hornbeam,地,Preciptic,極,Nearctic,地,Native Dancer,極,Mahmoud,極,極-極-地 | 極-地-極 | 地-極-極,
ID:1120001620,ペンタイア,ペンタイア,1120001620,確定,繁殖登録番号,B_TARGET再構成＋v9.3既存Mで完成,母父・母母父,0,8,15,23,23,Northern Dancer,地,Tudor Minstrel,地,Stymie,極,Never Bend,極,Princequillo,極,Count Fleet,極,Hethersett,極,Hornbeam,地,Chanteur,極,地・地・極｜極・極・極｜極・地・極,
ID:1120000761,ラシアンルーブル,ラシアンルーブル,1120000761,確定,繁殖登録番号,F_v9.4-v9.8追加祖先反映で完成,母母父,0,0,23,23,,Northern Dancer,地,Bull Page,極,Menow,極,Tom Fool,極,War Admiral,極,Blue Larkspur,バ,Prince Rose,極,Papyrus,極,White Eagle,バ,地・極・極｜極・極・バ｜極・極・バ,
ID:1120002440,ワンアンドオンリー,ワンアンドオンリー,1120002440,確定,繁殖登録番号,A_v9.3直接完成,父,23,0,0,23,23,サンデーサイレンス,地,トニービン,地,Lyphard,バ,Devil's Bag,バ,Caerleon,バ,Thatch,地,Northern Dancer,地,Admiral's Voyage,バ,Petition,極,地-地-バ | バ-バ-地 | 地-バ-極,
ID:1140004190,Afternoon Deelites,Afternoon Deelites,1140004190,確定,繁殖登録番号,B_TARGET再構成＋v9.3既存Mで完成,母父・母母父,0,8,14,22,22,Private Account,地,Bold Ruler,極,Native Dancer,極,Secretariat,極,Northern Dancer,地,Chop Chop,極,Battle Joined,極,Turn-to,極,Princequillo,極,地・極・極｜極・地・極｜極・極・極,
ID:1140005358,Dr Fong,Dr Fong,1140005358,確定,繁殖登録番号,A_v9.3直接完成,母父・母母父,0,12,10,22,22,Roberto,極,Princequillo,極,,バ,Mr. Prospector,極,Buckpasser,極,Princequillo,極,Nearctic,地,Chop Chop,極,Windfields,極,極-極-バ | 極-極-極 | 地-極-極,
ID:1140006153,Eltish,Eltish,1140006153,確定,繁殖登録番号,Y_v9.26残件祖先固定8代欠損0運用確定で完成,母父・母母父,0,7,15,22,,Best Turn,バ,Ballydonnell,極,Carrier Pigeon,バ,Northern Dancer,地,Admiral's Voyage,バ,Petition,極,Turn-to,極,Beau Pere,極,Windsor Lad,極,バ・極・バ｜地・バ・極｜極・極・極,
ID:1140005833,Jump Start,Jump Start,1140005833,確定,繁殖登録番号,A_v9.3直接完成,母父・母母父,0,15,7,22,22,Seattle Slew,極,Secretariat,極,Buckpasser,極,Storm Bird,地,Secretariat,極,Crimson Satan,極,Raise a Native,極,Nashua,極,Count Fleet,極,極-極-極 | 地-極-極 | 極-極-極,
ID:1140004210,King of Kings,King of Kings,1140004210,確定,繁殖登録番号,A_v9.3直接完成,母父・母母父,0,4,18,22,22,Northern Dancer,地,Bold Reason,極,Forli,地,Sir Gaylord,極,Occupy,極,Challenger,極,Raise a Native,極,Royal Charger,極,Alibhai,地,地-極-地 | 極-極-極 | 極-極-地,
ID:1140001926,Niniski,Niniski,1140001926,確定,繁殖登録番号,B_TARGET再構成＋v9.3既存Mで完成,母母父,0,0,22,22,22,Northern Dancer,地,Bull Page,極,Menow,極,Ribot,極,Roman,極,Princequillo,極,Nantallah,極,Gold Bridge,極,Blandford,極,地・極・極｜極・極・極｜極・極・極,
ID:1140005376,Proud Citizen,Proud Citizen,1140005376,確定,繁殖登録番号,A_v9.3直接完成,母父・母母父,0,15,7,22,22,Mr. Prospector,極,Secretariat,極,Tim Tam,極,Shecky Greene,地,The Axe,極,Count of Honor,極,Tom Fool,極,War Admiral,極,Blue Larkspur,バ,極-極-極 | 地-極-極 | 極-極-バ,
ID:1140004343,Sir Cat,Sir Cat,1140004343,確定,繁殖登録番号,B_TARGET再構成＋v9.3既存Mで完成,母父・母母父,0,4,18,22,22,Storm Bird,地,Secretariat,極,Crimson Satan,極,Damascus,極,Buckpasser,極,Swaps,地,Tom Rolfe,極,First Landing,極,Princequillo,極,地・極・極｜極・極・地｜極・極・極,
ID:1140006739,Union Rags,Union Rags,1140006739,確定,繁殖登録番号,A_v9.3直接完成,父・母父,10,12,0,22,22,Dixieland Band,地,Capote,極,Mr. Prospector,極,Mr. Prospector,極,Secretariat,極,Tim Tam,極,Northern Dancer,地,Bull Page,極,Menow,極,地-極-極 | 極-極-極 | 地-極-極,
ID:1120002215,アドマイヤオーラ,アドマイヤオーラ,1120002215,確定,繁殖登録番号,A_v9.3直接完成,父・母父,7,15,0,22,22,サンデーサイレンス,地,ロイヤルスキー,極,リマンド,バ,Nijinsky,バ,Round Table,極,Hail to Reason,極,Sir Gaylord,極,Court Martial,極,Hyperion,地,地-極-バ | バ-極-極 | 極-極-地,
ID:1120002064,アドマイヤドン,アドマイヤドン,1120002064,確定,繁殖登録番号,A_v9.3直接完成,父・母父・母母父,1,19,2,22,22,Woodman,バ,Pretense,地,Swaps,地,Kampala,極,Hornbeam,地,Preciptic,極,Nearctic,地,Native Dancer,極,Mahmoud,極,バ-地-地 | 極-地-極 | 地-極-極,
ID:1120002347,ザサンデーフサイチ,ザサンデーフサイチ,1120002347,確定,繁殖登録番号,A_v9.3直接完成,父,22,0,0,22,22,サンデーサイレンス,地,Nijinsky,バ,Key to the Mint,地,Kampala,極,Hornbeam,地,Preciptic,極,Northern Dancer,地,Victoria Park,極,Hyperion,地,地-バ-地 | 極-地-極 | 地-極-地,
ID:1120002371,タイセイレジェンド,タイセイレジェンド,1120002371,確定,繁殖登録番号,A_v9.3直接完成,父,22,0,0,22,22,Kingmambo,地,Last Tycoon,地,Blakeney,地,メジロテイターン,地,リマンド,バ,ヒンドスタン,極,ボールドアンドエイブル,極,Chateaugay,地,Alibhai,地,地-地-地 | 地-バ-極 | 極-地-地,
ID:1120002065,タップダンスシチー,タップダンスシチー,1120002065,確定,繁殖登録番号,A_v9.3直接完成,母父・母母父,0,16,6,22,22,Pleasant Colony,バ,Stage Door Johnny,極,Never Bend,極,Nearctic,地,Native Dancer,極,Mahmoud,極,Bold Ruler,極,,バ,,バ,バ-極-極 | 地-極-極 | 極-バ-バ,
ID:1140003094,Bellotto,Bellotto,1140003094,確定,繁殖登録番号,Y_v9.26残件祖先固定8代欠損0運用確定で完成,母母父,0,0,21,21,,Raise a Native,極,Nashua,極,Count Fleet,極,The Yuvaraj,極,Donatello,極,Caerleon,バ,Bull Dog,極,Busy American,バ,Leonardo,バ,極・極・極｜極・極・バ｜極・バ・バ,
ID:1140004727,Dixie Union,Dixie Union,1140004727,確定,繁殖登録番号,A_v9.3直接完成,母父・母母父,0,7,14,21,21,Northern Dancer,地,Delta Judge,地,Warfare,地,Seattle Slew,極,Bald Eagle,極,Dark Star,極,Raise a Native,極,Nashua,極,Count Fleet,極,地-地-地 | 極-極-極 | 極-極-極,
ID:1140005321,Hussonet,Hussonet,1140005321,確定,繁殖登録番号,B_TARGET再構成＋v9.3既存Mで完成,母父・母母父,0,4,17,21,21,Raise a Native,極,Nashua,極,Count Fleet,極,Bold Ruler,極,My Babu,極,Umidwar,極,Tom Rolfe,極,War Admiral,極,Tourbillon,極,極・極・極｜極・極・極｜極・極・極,
ID:1140006133,Lode,Lode,1140006133,確定,繁殖登録番号,B_TARGET再構成＋v9.3既存Mで完成,母父・母母父,0,1,20,21,21,Raise a Native,極,Nashua,極,Count Fleet,極,Sir Gaylord,極,Mr. Trouble,極,Pharamond,極,Nearctic,地,Native Dancer,極,Mahmoud,極,極・極・極｜極・極・極｜地・極・極,
ID:1140006155,Loup Solitaire,Loup Solitaire,1140006155,確定,繁殖登録番号,Z_v9.27_TARGET系譜不足枝0扱いで完成,母父・母母父,0,3,18,21,,Roberto,極,Lt. Stevens,極,War Admiral,極,Northern Dancer,地,Forli,地,Nantallah,極,My Babu,極,Deiri,バ,,バ,極・極・極｜地・地・極｜極・バ・バ,
ID:1140005393,Notebook,Notebook,1140005393,確定,繁殖登録番号,C_v9.4+v9.5追加祖先反映で完成,母父・母母父,0,1,20,21,,Raja Baba,極,Majestic Prince,バ,Tudor Minstrel,地,Ribot,極,Roman,極,Princequillo,極,Menow,極,Bull Dog,極,Equipoise,バ,極・バ・地｜極・極・極｜極・極・バ,
ID:1140005404,Songandaprayer,Songandaprayer,1140005404,確定,繁殖登録番号,A_v9.3直接完成,母父・母母父,0,17,4,21,21,Unbridled,極,Caro,極,Lucky Mel,地,Exclusive Native,極,Never Bend,極,Hail to Reason,極,Raja Baba,極,Majestic Prince,バ,Tudor Minstrel,地,極-極-地 | 極-極-極 | 極-バ-地,
ID:1140005272,Stuka,Stuka,1140005272,確定,繁殖登録番号,B_TARGET再構成＋v9.3既存Mで完成,母父・母母父,0,4,17,21,21,Mr. Prospector,極,Pharly,バ,Match,極,Nijinsky,バ,Round Table,極,Hail to Reason,極,Bold Ruler,極,Princequillo,極,Mahmoud,極,極・バ・極｜バ・極・極｜極・極・極,
ID:1140004114,Vettori,Vettori,1140004114,確定,繁殖登録番号,B_TARGET再構成＋v9.3既存Mで完成,母父・母母父,0,2,19,21,21,Mr. Prospector,極,Halo,極,Hoist the Flag,極,Sir Gaylord,極,Mr. Trouble,極,Pharamond,極,Northern Dancer,地,Bull Page,極,Menow,極,極・極・極｜極・極・極｜地・極・極,
ID:1140004702,War Chant,War Chant,1140004702,確定,繁殖登録番号,A_v9.3直接完成,母父・母母父,0,5,16,21,21,Northern Dancer,地,Admiral's Voyage,バ,Petition,極,Roberto,極,Princequillo,極,,バ,Raise a Native,極,Nashua,極,Count Fleet,極,地-バ-極 | 極-極-バ | 極-極-極,
ID:1120002273,アーネストリー,アーネストリー,1120002273,確定,繁殖登録番号,A_v9.3直接完成,父・母父,19,2,0,21,21,Silver Hawk,バ,Danzig,地,His Majesty,地,Kampala,極,Hornbeam,地,Preciptic,極,Northern Dancer,地,Victoria Park,極,Hyperion,地,バ-地-地 | 極-地-極 | 地-極-地,
ID:1120000463,ステイールハート,ステイールハート,1120000463,確定,繁殖登録番号,Z_v9.27_TARGET系譜不足枝0扱いで完成,母母父,0,0,21,21,,Sir Gaylord,極,Occupy,極,Challenger,極,Owen Tudor,地,Rustom Pasha,極,The Tetrarch,バ,Nearco,極,Dark Legend,極,,バ,極・極・極｜地・極・バ｜極・極・バ,
ID:1120001878,デザートキング,デザートキング,1120001878,確定,繁殖登録番号,B_TARGET再構成＋v9.3既存Mで完成,母父・母母父,0,19,2,21,21,Danzig,地,His Majesty,地,Buckpasser,極,Northern Dancer,地,Forli,地,Nantallah,極,Busted,極,Doutelle,極,Fairway,極,地・地・極｜地・地・極｜極・極・極,
ID:1120002402,トーホウジャッカル,トーホウジャッカル,1120002402,確定,繁殖登録番号,A_v9.3直接完成,父,21,0,0,21,21,サンデーサイレンス,地,マルゼンスキー,バ,セントクレスピン,地,Unbridled,極,Caro,極,Lucky Mel,地,Northern Dancer,地,Forli,地,Nantallah,極,地-バ-地 | 極-極-地 | 地-地-極,
ID:1120001978,ヤマニンセラフィム,ヤマニンセラフィム,1120001978,確定,繁殖登録番号,A_v9.3直接完成,父・母父,2,19,0,21,21,Halo,極,Understanding,極,Montparnasse,地,Northern Dancer,地,Admiral's Voyage,バ,Petition,極,Raise a Native,極,On-and-On,極,Ponder,地,極-極-地 | 地-バ-極 | 極-極-地,
ID:1140002333,Baldski,Baldski,1140002333,確定,繁殖登録番号,S_v9.20高影響祖先反映で完成,母母父,0,0,20,20,,Northern Dancer,地,Bull Page,極,Menow,極,Nasrullah,極,Tiger,極,Display,極,Royal Gem,極,Bull Dog,極,Bostonian,バ,地・極・極｜極・極・極｜極・極・バ,
ID:1140004045,Boston Harbor,Boston Harbor,1140004045,確定,繁殖登録番号,J_v9.12高影響祖先反映で完成,母父・母母父,0,4,16,20,,Seattle Slew,極,Bald Eagle,極,Dark Star,極,Northern Dancer,地,Menetrier,極,Windfields,極,Windy City,極,Bull Lea,極,St. Germans,極,極・極・極｜地・極・極｜極・極・極,
ID:1140006825,Camelot,Camelot,1140006825,確定,繁殖登録番号,A_v9.3直接完成,父・母父,6,14,0,20,20,Sadler's Wells,地,Top Ville,バ,Tennyson,極,Mr. Prospector,極,Nureyev,地,Prove Out,地,Danzig,地,His Majesty,地,Buckpasser,極,地-バ-極 | 極-地-地 | 地-地-極,
ID:1140003563,Exit to Nowhere,Exit to Nowhere,1140003563,確定,繁殖登録番号,B_TARGET再構成＋v9.3既存Mで完成,母母父,0,0,20,20,20,Riverman,極,Klairon,極,East Side,極,Hail to Reason,極,Cosmic Bomb,極,Mahmoud,極,Tom Rolfe,極,War Admiral,極,Tourbillon,極,極・極・極｜極・極・極｜極・極・極,
ID:1140002379,Jade Hunter,Jade Hunter,1140002379,確定,繁殖登録番号,Y_v9.26残件祖先固定8代欠損0運用確定で完成,母父・母母父,0,5,15,20,,Raise a Native,極,Nashua,極,Count Fleet,極,Lyphard,バ,Boran,極,Beau Prince,極,Tantieme,極,Relic,極,Le Volcan,極,極・極・極｜バ・極・極｜極・極・極,
ID:1140004725,Luhuk,Luhuk,1140004725,確定,繁殖登録番号,B_TARGET再構成＋v9.3既存Mで完成,母父・母母父,0,5,15,20,20,Mr. Prospector,極,Tom Rolfe,極,Double Jay,極,Rough'n Tumble,極,Better Self,極,Bull Brier,極,Nearctic,地,Native Dancer,極,Mahmoud,極,極・極・極｜極・極・極｜地・極・極,
ID:1130000870,Mr. Leader,Mr. Leader,1130000870,確定,繁殖登録番号,Z_v9.27_TARGET系譜不足枝0扱いで完成,母母父,0,0,20,20,,Turn-to,極,Blue Swords,極,Sir Gallahad,極,Djebel,極,Asterus,極,Durbar,極,Son-in-Law,バ,Polymelus,バ,,バ,極・極・極｜極・極・極｜バ・バ・バ,
ID:1140003290,Mujtahid,Mujtahid,1140003290,確定,繁殖登録番号,B_TARGET再構成＋v9.3既存Mで完成,母母父,0,0,20,20,20,Mr. Prospector,極,Buckpasser,極,Swaps,地,Never Bend,極,Princequillo,極,Count Fleet,極,Raise a Native,極,Royal Charger,極,Alibhai,地,極・極・地｜極・極・極｜極・極・地,
ID:1140006774,Nathaniel,Nathaniel,1140006774,確定,繁殖登録番号,A_v9.3直接完成,父・母父,14,6,0,20,20,Sadler's Wells,地,Miswaki,極,Lombard,地,Roberto,極,Amerigo,バ,Mat de Cocagne,極,Nearctic,地,Native Dancer,極,Fighting Fox,極,地-極-地 | 極-バ-極 | 地-極-極,
ID:1140005746,Pistolet Bleu,Pistolet Bleu,1140005746,確定,繁殖登録番号,Z_v9.27_TARGET系譜不足枝0扱いで完成,母父・母母父,0,3,17,20,,High Top,バ,Charlottesville,極,Tantieme,極,Mossborough,極,Supreme Court,極,,バ,Clarion,極,Kantar,バ,Swynford,極,バ・極・極｜極・極・バ｜極・バ・極,
ID:1140005378,Royal Applause,Royal Applause,1140005378,確定,繁殖登録番号,B_TARGET再構成＋v9.3既存Mで完成,母父・母母父,0,9,11,20,20,Try My Best,地,Sassafras,バ,Ragusa,極,Bold Bidder,極,Hillary,地,Djeddah,極,Whistler,極,Mustang,極,Straight Deal,極,地・バ・極｜極・地・極｜極・極・極,
ID:1140006223,Street Boss,Street Boss,1140006223,確定,繁殖登録番号,A_v9.3直接完成,父・母父,5,15,0,20,20,Machiavellian,極,Troy,地,Riverman,極,Damascus,極,Francis S.,極,Correlation,極,Red God,極,Wild Risk,極,Tudor Minstrel,地,極-地-極 | 極-極-極 | 極-極-地,
ID:1140002808,Warning,Warning,1140002808,確定,繁殖登録番号,B_TARGET再構成＋v9.3既存Mで完成,母母父,0,0,20,20,20,In Reality,極,Tim Tam,極,Tudor Minstrel,地,Hail to Reason,極,Nashua,極,Bull Lea,極,Native Dancer,極,Case Ace,バ,American Flag,極,極・極・地｜極・極・極｜極・バ・極,
ID:1120001182,エブロス,エブロス,1120001182,確定,繁殖登録番号,B_TARGET再構成＋v9.3既存Mで完成,母父・母母父,0,2,18,20,20,Raise a Native,極,Nashua,極,Count Fleet,極,Aristophanes,地,Advocate,極,Foxglove,極,Nasrullah,極,Flares,極,Stimulus,バ,極・極・極｜地・極・極｜極・極・バ,
ID:1120001234,クリエイター,クリエイター,1120001234,確定,繁殖登録番号,B_TARGET再構成＋v9.3既存Mで完成,母父・母母父,0,2,18,20,20,Never Bend,極,Princequillo,極,Count Fleet,極,Sir Gaylord,極,Occupy,極,Challenger,極,Nearula,極,Straight Deal,極,Windsor Lad,極,極・極・極｜極・極・極｜極・極・極,
ID:1120000773,クリスタルパレス,クリスタルパレス,1120000773,確定,繁殖登録番号,D_v9.4-v9.6追加祖先反映で完成,母母父,0,0,20,20,,Fortino,極,Chamossaire,極,Solario,極,Prince Bio,極,Rialto,極,Alcantara,バ,Fairway,極,Stefan the Great,極,Bachelor's Double,バ,極・極・極｜極・極・バ｜極・極・バ,
ID:1120001785,クロコルージュ,クロコルージュ,1120001785,確定,繁殖登録番号,A_v9.3直接完成,母父・母母父,0,7,13,20,20,Blushing Groom,極,Herbager,極,Raise a Native,極,Hoist the Flag,極,Prince John,極,Determine,地,Princequillo,極,Sir Cosmo,極,Friar Marcus,極,極-極-極 | 極-極-地 | 極-極-極,
ID:1120001962,グランデラ,グランデラ,1120001962,確定,繁殖登録番号,A_v9.3直接完成,母父・母母父,0,16,4,20,20,Chief's Crown,地,Habitat,極,Tudor Melody,バ,Alydar,バ,Lt. Stevens,極,War Admiral,極,Luthier,極,High Perch,地,Solonaway,極,地-極-バ | バ-極-極 | 極-地-極,
ID:1120001591,ロイヤルアカデミー2,ロイヤルアカデミー2,1120001591,確定,繁殖登録番号,D_v9.4-v9.6追加祖先反映で完成,母父・母母父,0,2,18,20,,Northern Dancer,地,Bull Page,極,Menow,極,Spy Song,極,Requiebro,極,Papanatas,バ,Eight Thirty,極,Wise Counsellor,バ,Stefan the Great,極,地・極・極｜極・極・バ｜極・バ・極,
ID:1120000911,ワツスルタツチ,ワツスルタツチ,1120000911,確定,繁殖登録番号,V_v9.23高影響祖先反映で完成,母母父,0,0,20,20,,Nearctic,地,Native Dancer,極,Mahmoud,極,Tenerani,極,El Greco,極,Papyrus,極,Pharamond,極,Blue Larkspur,バ,Over There,極,地・極・極｜極・極・極｜極・バ・極,
ID:1140004361,Editor's Note,Editor's Note,1140004361,確定,繁殖登録番号,C_v9.4+v9.5追加祖先反映で完成,母父・母母父,0,2,17,19,,Mr. Prospector,極,Tom Rolfe,極,Double Jay,極,Cannonade,極,The Axe,極,Turn-to,極,Tom Fool,極,Mahmoud,極,Equipoise,バ,極・極・極｜極・極・極｜極・極・バ,
ID:1140003630,Fly So Free,Fly So Free,1140003630,確定,繁殖登録番号,C_v9.4+v9.5追加祖先反映で完成,母父・母母父,0,4,15,19,,Damascus,極,Reviewer,極,Swaps,地,Nashua,極,Sun Again,バ,Hyperion,地,Polynesian,極,Discovery,極,John P.Grier,バ,極・極・地｜極・バ・地｜極・極・バ,
ID:1140005278,Green Tune,Green Tune,1140005278,確定,繁殖登録番号,B_TARGET再構成＋v9.3既存Mで完成,母父・母母父,0,9,10,19,19,Nijinsky,バ,Val de Loir,極,Spy Song,極,Raise a Native,極,Nashua,極,Count Fleet,極,Northern Dancer,地,Windfields,極,Teddy Wrack,極,バ・極・極｜極・極・極｜地・極・極,
ID:1140006279,Hurricane Run,Hurricane Run,1140006279,確定,繁殖登録番号,A_v9.3直接完成,母父・母母父,0,14,5,19,19,Sadler's Wells,地,Top Ville,バ,Tennyson,極,Literat,極,Reliance,極,Hyperion,地,Atan,地,Rockefella,地,Majano,極,地-バ-極 | 極-極-地 | 地-地-極,
ID:1140006255,Indygo Shiner,Indygo Shiner,1140006255,確定,繁殖登録番号,A_v9.3直接完成,母父・母母父,0,8,11,19,19,Seattle Slew,極,Secretariat,極,Buckpasser,極,Northern Dancer,地,Buckpasser,極,Traffic Judge,地,Intentionally,極,Rough'n Tumble,極,War Relic,極,極-極-極 | 地-極-地 | 極-極-極,
ID:1140006119,Kornado,Kornado,1140006119,確定,繁殖登録番号,Y_v9.26残件祖先固定8代欠損0運用確定で完成,母父・母母父,0,1,18,19,,Nebbiolo,極,Hook Money,極,Matador,極,Sir Gaylord,極,Court Martial,極,Hyperion,地,Wild Risk,極,Black Devil,極,Epinard,極,極・極・極｜極・極・地｜極・極・極,
ID:1140003964,Lahib,Lahib,1140003964,確定,繁殖登録番号,K_v9.13古血統精査反映で完成,母父・母母父,0,2,17,19,,Never Bend,極,Prince John,極,Roman,極,Damascus,極,Dunce,極,My Babu,極,Reigh Count,極,Haste,バ,Stefan the Great,極,極・極・極｜極・極・極｜極・バ・極,
ID:1140003958,Mi Cielo,Mi Cielo,1140003958,確定,繁殖登録番号,B_TARGET再構成＋v9.3既存Mで完成,母母父,0,0,19,19,19,Mr. Prospector,極,Bold Commander,極,Turn-to,極,Forli,地,Nantallah,極,Gold Bridge,極,Noholme,地,Double Jay,極,Don Bingo,極,極・極・極｜地・極・極｜地・極・極,
ID:1140005779,Northern Afleet,Northern Afleet,1140005779,確定,繁殖登録番号,B_TARGET再構成＋v9.3既存Mで完成,母父・母母父,0,15,4,19,19,Mr. Prospector,極,Venetian Jester,極,Green Ticket,地,Northern Dancer,地,Forli,地,Nantallah,極,Intentionally,極,Tim Tam,極,Tudor Minstrel,地,極・極・地｜地・地・極｜極・極・地,
ID:1140001936,Saratoga Six,Saratoga Six,1140001936,確定,繁殖登録番号,C_v9.4+v9.5追加祖先反映で完成,母母父,0,0,19,19,,Raise a Native,極,On-and-On,極,Ponder,地,Bold Ruler,極,Tulyar,極,Menow,極,Bull Lea,極,Jamestown,極,Ultimus,バ,極・極・地｜極・極・極｜極・極・バ,
ID:1140006444,Tanino Gimlet,Tanino Gimlet,1140006444,確定,繁殖登録番号,A_v9.3直接完成,父・母父・母母父,1,9,9,19,19,Roberto,極,Graustark,地,Hasty Road,極,Caro,極,Sicambre,極,Blue Peter,極,Dan Cupid,極,Sicambre,極,Maurepas,極,極-地-極 | 極-極-極 | 極-極-極,
ID:1120002123,アサクサデンエン,アサクサデンエン,1120002123,確定,繁殖登録番号,A_v9.3直接完成,母父・母母父,0,17,2,19,19,In The Wings,地,Halo,極,Herbager,極,Mr. Prospector,極,Halo,極,Hoist the Flag,極,Busted,極,Doutelle,極,Fairway,極,地-極-極 | 極-極-極 | 極-極-極,
ID:1120002365,オーシャンブルー,オーシャンブルー,1120002365,確定,繁殖登録番号,A_v9.3直接完成,父,19,0,0,19,19,サンデーサイレンス,地,デイクタス,極,ノーザンテースト,地,Elegant Air,極,Sharpen Up,地,Tropique,極,Lyphard,バ,Drone,極,Pago Pago,極,地-極-地 | 極-地-極 | バ-極-極,
ID:1120002052,サンライズペガサス,サンライズペガサス,1120002052,確定,繁殖登録番号,A_v9.3直接完成,父・母父・母母父,4,14,1,19,19,Halo,極,Understanding,極,Montparnasse,地,Roberto,極,Graustark,地,Hasty Road,極,Raise a Native,極,On-and-On,極,Ponder,地,極-極-地 | 極-地-極 | 極-極-地,
ID:1120001601,シアトルダンサー2,シアトルダンサー2,1120001601,確定,繁殖登録番号,B_TARGET再構成＋v9.3既存Mで完成,母父・母母父,0,2,17,19,19,Northern Dancer,地,Bull Page,極,Menow,極,Round Table,極,Nasrullah,極,War Admiral,極,Jet Pilot,極,War Admiral,極,Bubbling Over,バ,地・極・極｜極・極・極｜極・極・バ,
ID:1120002599,セイウンコウセイ,セイウンコウセイ,1120002599,確定,繁殖登録番号,A_v9.3直接完成,父,19,0,0,19,19,エンドスウィープ,地,サンデーサイレンス,地,Kris,地,Seattle Slew,極,Bald Eagle,極,Dark Star,極,Mr. Prospector,極,Buckpasser,極,Princequillo,極,地-地-地 | 極-極-極 | 極-極-極,
ID:1120002603,タニノフランケル,タニノフランケル,1120002603,確定,繁殖登録番号,A_v9.3直接完成,父,19,0,0,19,19,Galileo,地,Danehill,地,Rainbow Quest,極,ブライアンズタイム,地,Crystal Palace,極,Sea-Bird,極,Riverman,極,Marshua's Dancer,地,Sea O Erin,地,地-地-極 | 地-極-極 | 極-地-地,
ID:1120001593,ティッカネン,ティッカネン,1120001593,確定,繁殖登録番号,B_TARGET再構成＋v9.3既存Mで完成,母父・母母父,0,3,16,19,19,Caro,極,Prince John,極,Sir Gaylord,極,Round Table,極,Bold Ruler,極,Bull Lea,極,Ribot,極,Hyperion,地,Portlaw,極,極・極・極｜極・極・極｜極・地・極,
ID:1120002055,トーセンダンス,トーセンダンス,1120002055,確定,繁殖登録番号,A_v9.3直接完成,母父・母母父,0,17,2,19,19,Halo,極,Understanding,極,Montparnasse,地,Northern Dancer,地,Bull Page,極,Menow,極,Graustark,地,Princequillo,極,,バ,極-極-地 | 地-極-極 | 地-極-バ,
ID:1120001850,バチアー,バチアー,1120001850,確定,繁殖登録番号,A_v9.3直接完成,母父・母母父,0,11,8,19,19,Green Desert,地,High Top,バ,Runnymede,極,Northern Dancer,地,Tudor Minstrel,地,Stymie,極,Porto Bello,バ,Never Say Die,極,Hyperion,地,地-バ-極 | 地-地-極 | バ-極-地,
ID:1120000670,バンブーアトラス,バンブーアトラス,1120000670,確定,繁殖登録番号,B_TARGET再構成＋v9.3既存Mで完成,母母父,0,0,19,19,19,Graustark,地,Tom Fool,極,Blue Larkspur,バ,Princely Gift,極,Hyperion,地,Dastur,極,Trimdon,極,Asterus,極,Sardanapale,極,地・極・バ｜極・地・極｜極・極・極,
ID:1120001873,ブラックタキシード,ブラックタキシード,1120001873,確定,繁殖登録番号,A_v9.3直接完成,父・母父・母母父,3,13,3,19,19,Halo,極,Understanding,極,Montparnasse,地,Storm Bird,地,Secretariat,極,Crimson Satan,極,Assagai,地,Revoked,極,Priam,極,極-極-地 | 地-極-極 | 地-極-極,
ID:1120001879,ムタファーウエク,ムタファーウエク,1120001879,確定,繁殖登録番号,A_v9.3直接完成,母父・母母父,0,13,6,19,19,Roberto,極,Amerigo,バ,Mat de Cocagne,極,Nijinsky,バ,Round Table,極,Hail to Reason,極,Princequillo,極,Nasrullah,極,Bull Lea,極,極-バ-極 | バ-極-極 | 極-極-極,
ID:1140007031,Arrogate,Arrogate,1140007031,v9.3正本ID,v9.3 ID＋入力名エイリアス,v9.3直接完成・同名個体監査済,父,18,0,0,18,18,Unbridled,極,Caro,極,Lucky Mel,地,Forty Niner,地,Danzig,地,Mr. Leader,極,Vice Regent,バ,Bunty's Flight,極,Jabneh,極,極・極・地｜地・地・極｜バ・極・極,v9.3「04_1302頭9枝」に同一個体として完成済み。
ID:1140006654,Catienus,Catienus,1140006654,確定,繁殖登録番号,B_TARGET再構成＋v9.3既存Mで完成,母父・母母父,0,2,16,18,18,Storm Bird,地,Secretariat,極,Crimson Satan,極,Raise a Native,極,Nashua,極,Count Fleet,極,Tom Rolfe,極,War Admiral,極,Tourbillon,極,地・極・極｜極・極・極｜極・極・極,
ID:1140006177,Congaree,Congaree,1140006177,確定,繁殖登録番号,A_v9.3直接完成,母父・母母父,0,9,9,18,18,Blushing Groom,極,Northern Dancer,地,Le Fabuleux,極,Northern Dancer,地,Maribeau,極,Double Jay,極,In Reality,極,Tim Tam,極,Tudor Minstrel,地,極-地-極 | 地-極-極 | 極-極-地,
ID:1140006108,Discreet Cat,Discreet Cat,1140006108,確定,繁殖登録番号,A_v9.3直接完成,父・母父,3,15,0,18,18,Storm Cat,地,Pleasant Colony,バ,Dr. Fager,極,Damascus,極,Buckpasser,極,Swaps,地,In Reality,極,Buckpasser,極,Star Kingdom,地,地-バ-極 | 極-極-地 | 極-極-地,
ID:1140006213,Doyen,Doyen,1140006213,確定,繁殖登録番号,A_v9.3直接完成,母父・母母父,0,15,3,18,18,Northern Dancer,地,Bold Reason,極,Forli,地,Sharpen Up,地,Reliance,極,Crepello,極,Never Bend,極,Princequillo,極,Count Fleet,極,地-極-地 | 地-極-極 | 極-極-極,
ID:1140006149,Johan Cruyff,Johan Cruyff,1140006149,確定,繁殖登録番号,B_TARGET再構成＋v9.3既存Mで完成,母父・母母父,0,5,13,18,18,Danzig,地,His Majesty,地,Buckpasser,極,Damascus,極,Francis S.,極,Correlation,極,Northern Dancer,地,Bull Page,極,Menow,極,地・地・極｜極・極・極｜地・極・極,
ID:1140004194,Langfuhr,Langfuhr,1140004194,確定,繁殖登録番号,Y_v9.26残件祖先固定8代欠損0運用確定で完成,母父・母母父,0,5,13,18,,Northern Dancer,地,Admiral's Voyage,バ,Petition,極,Nearctic,地,Round Table,極,Bernborough,バ,Fleet Nasrullah,極,Determine,地,Priam,極,地・バ・極｜地・極・バ｜極・地・極,
ID:1140006849,Liam's Map,Liam's Map,1140006849,確定,繁殖登録番号,A_v9.3直接完成,父・母父,15,3,0,18,18,Unbridled,極,Caro,極,Lucky Mel,地,End Sweep,地,Valid Appeal,地,Cougar,極,Minnesota Mac,極,Intentionally,極,Better Self,極,極-極-地 | 地-地-極 | 極-極-極,
ID:1140005934,Lion Heart,Lion Heart,1140005934,確定,繁殖登録番号,A_v9.3直接完成,母父・母母父,0,12,6,18,18,Storm Cat,地,Mr. Prospector,極,Honest Pleasure,極,Hail to Reason,極,Djeddah,極,Beau Pere,極,Nasram,極,Le Haar,極,Fastnet,極,地-極-極 | 極-極-極 | 極-極-極,
ID:1140002799,Lycius,Lycius,1140002799,確定,繁殖登録番号,C_v9.4高影響祖先補完で完成,母母父,0,0,18,18,18,Raise a Native,極,Nashua,極,Count Fleet,極,Northern Dancer,地,Court Martial,極,Formor,極,Hyperion,地,Donatello,極,Coronach,極,極・極・極｜地・極・極｜地・極・極,
ID:1140005892,Macho Uno,Macho Uno,1140005892,確定,繁殖登録番号,A_v9.3直接完成,父・母父・母母父,1,10,7,18,18,Great Above,極,Al Hattab,バ,Grey Dawn,極,Red God,極,Wild Risk,極,Tudor Minstrel,地,Raise a Native,極,Nashua,極,Count Fleet,極,極-バ-極 | 極-極-地 | 極-極-極,
ID:1140006423,Majestic Warrior,Majestic Warrior,1140006423,確定,繁殖登録番号,A_v9.3直接完成,父・母父・母母父,1,16,1,18,18,Seattle Slew,極,Secretariat,極,Buckpasser,極,Mr. Prospector,極,Buckpasser,極,Hasty Road,極,Northern Dancer,地,Delta Judge,地,Warfare,地,極-極-極 | 極-極-極 | 地-地-地,
ID:1140006362,Makfi,Makfi,1140006362,確定,繁殖登録番号,A_v9.3直接完成,母父・母母父,0,16,2,18,18,Dubai Millennium,地,Deploy,バ,ダンシングブレーヴ,バ,Danzig,地,Sir Ivor,極,Never Bend,極,Riverman,極,Klairon,極,East Side,極,地-バ-バ | 地-極-極 | 極-極-極,
ID:1140005830,Monarchos,Monarchos,1140005830,確定,繁殖登録番号,A_v9.3直接完成,母父・母母父,0,9,9,18,18,Wavering Monarch,極,Caro,極,Naskra,極,Northern Dancer,地,Delta Judge,地,Warfare,地,Hail to Reason,極,Nashua,極,Bull Lea,極,極-極-極 | 地-地-地 | 極-極-極,
ID:1140006941,No Nay Never,No Nay Never,1140006941,確定,繁殖登録番号,A_v9.3直接完成,父・母父,13,5,0,18,18,Johannesburg,地,Mr. Prospector,極,Nijinsky,バ,Gone West,地,Hero's Honor,地,Sir Ivor,極,Vaguely Noble,地,Bald Eagle,極,Dark Star,極,地-極-バ | 地-地-極 | 地-極-極,
ID:1140005712,Refuse To Bend,Refuse To Bend,1140005712,確定,繁殖登録番号,A_v9.3直接完成,母父・母母父,0,10,8,18,18,Northern Dancer,地,Bold Reason,極,Forli,地,Mr. Prospector,極,Rambunctious,地,Seven Corners,極,Graustark,地,Swaps,地,Polynesian,極,地-極-地 | 極-地-極 | 地-地-極,
ID:1140006041,Rockport Harbor,Rockport Harbor,1140006041,確定,繁殖登録番号,A_v9.3直接完成,母父・母母父,0,14,4,18,18,Unbridled,極,Caro,極,Lucky Mel,地,Tri Jet,バ,Quadrangle,極,Quibu,極,Herculean,極,Bolinas Boy,極,Flaneur,極,極-極-地 | バ-極-極 | 極-極-極,
ID:1140006139,Roman Ruler,Roman Ruler,1140006139,確定,繁殖登録番号,A_v9.3直接完成,父・母父・母母父,1,16,1,18,18,Mr. Prospector,極,Danzig,地,Halo,極,Deputy Minister,地,Mr. Prospector,極,Road At Sea,極,T. V. Lark,地,Princequillo,極,Court Martial,極,極-地-極 | 地-極-極 | 地-極-極,
ID:1130000076,Secretariat,Secretariat,1130000076,確定,繁殖登録番号,Z_v9.27_TARGET系譜不足枝0扱いで完成,母母父,0,0,18,18,,Nasrullah,極,Discovery,極,Pompey,極,Prince Rose,極,Papyrus,極,White Eagle,バ,Polymelian,バ,,バ,,バ,極・極・極｜極・極・バ｜バ・バ・バ,
ID:1140006740,Shackleford,Shackleford,1140006740,確定,繁殖登録番号,A_v9.3直接完成,父・母父,3,15,0,18,18,Storm Cat,地,Pleasant Colony,バ,Dr. Fager,極,Fappiano,極,Le Fabuleux,極,In Reality,極,Roberto,極,Lt. Stevens,極,War Admiral,極,地-バ-極 | 極-極-極 | 極-極-極,
ID:1140004316,Siphon,Siphon,1140004316,確定,繁殖登録番号,Z_v9.27_TARGET系譜不足枝0扱いで完成,母父・母母父,0,8,10,18,,Felicio,バ,Falkland,バ,Maki,極,Sideral,極,Tatan,極,Embrujo,極,Fort Napoleon,極,Tomy,極,,バ,バ・バ・極｜極・極・極｜極・極・バ,
ID:1140001793,Slewpy,Slewpy,1140001793,確定,繁殖登録番号,T_v9.21高影響祖先反映で完成,母母父,0,0,18,18,,Bold Reasoning,極,Poker,極,Jet Action,極,Princequillo,極,Count Fleet,極,Blue Larkspur,バ,Balladier,バ,Peter Hastings,バ,Man o'War,極,極・極・極｜極・極・バ｜バ・バ・極,
ID:1140006875,Violence,Violence,1140006875,確定,繁殖登録番号,A_v9.3直接完成,父・母父,9,9,0,18,18,El Prado,地,Bailjumper,地,Silent Screen,極,Mr. Prospector,極,Secretariat,極,Tim Tam,極,Storm Bird,地,Secretariat,極,Crimson Satan,極,地-地-極 | 極-極-極 | 地-極-極,
ID:1140004700,Yankee Victor,Yankee Victor,1140004700,確定,繁殖登録番号,A_v9.3直接完成,母父・母母父,0,2,16,18,18,Halo,極,Herbager,極,Cohoes,極,Fortino,極,Chamossaire,極,Solario,極,Bold Ruler,極,Le Haar,極,Fastnet,極,極-極-極 | 極-極-極 | 極-極-極,
ID:1140004599,Zieten,Zieten,1140004599,確定,繁殖登録番号,B_TARGET再構成＋v9.3既存Mで完成,母母父,0,0,18,18,18,Northern Dancer,地,Admiral's Voyage,バ,Petition,極,Sir Gaylord,極,Occupy,極,Challenger,極,Val de Loir,極,Tornado,極,Djebel,極,地・バ・極｜極・極・極｜極・極・極,
ID:1120002552,サングレーザー,サングレーザー,1120002552,確定,繁殖登録番号,A_v9.3直接完成,父,18,0,0,18,18,サンデーサイレンス,地,Alzao,バ,Busted,極,Vice Regent,バ,Bunty's Flight,極,Jabneh,極,Lord Gaylord,極,Gallant Man,極,Tom Fool,極,地-バ-極 | バ-極-極 | 極-極-極,
ID:1120002457,バンドワゴン,バンドワゴン,1120002457,確定,繁殖登録番号,A_v9.3直接完成,父,18,0,0,18,18,ダンシングブレーヴ,バ,Ela - Mana - Mou,地,Tyrant,極,Unbridled,極,Caro,極,Lucky Mel,地,Seattle Slew,極,Alydar,バ,Nijinsky,バ,バ-地-極 | 極-極-地 | 極-バ-バ,
ID:1120000731,メジロテイターン,メジロテイターン,1120000731,確定,繁殖登録番号,Y_v9.26残件祖先固定8代欠損0運用確定で完成,母母父,0,0,18,18,,パーソロン,極,First Fiddle,バ,War Admiral,極,Mourne,極,Prince Bio,極,Rialto,極,Atys,極,Tourbillon,極,The Vizier,バ,極・バ・極｜極・極・極｜極・極・バ,
ID:1120001120,ラグビーボール,ラグビーボール,1120001120,確定,繁殖登録番号,B_TARGET再構成＋v9.3既存Mで完成,母母父,0,0,18,18,18,Northern Dancer,地,Le Beau Prince,極,Alizier,極,Vieux Manoir,極,Teleferique,極,Biribi,極,Prince Bio,極,Nearco,極,Blenheim,極,地・極・極｜極・極・極｜極・極・極,
ID:1140006557,Awesome of Course,Awesome of Course,1140006557,確定,繁殖登録番号,A_v9.3直接完成,母父・母母父,0,8,9,17,17,Deputy Minister,地,Blushing Groom,極,Mr. Prospector,極,Northern Dancer,地,Court Martial,極,Formor,極,Exclusive Native,極,Crafty Admiral,極,Volcanic,極,地-極-極 | 地-極-極 | 極-極-極,
ID:1130000863,Caro,Caro,1130000863,確定,繁殖登録番号,Y_v9.26残件祖先固定8代欠損0運用確定で完成,母母父,0,0,17,17,,Grey Sovereign,極,Relic,極,Orsenigo,極,Precipitation,極,Cameronian,極,Tetratema,極,Gainsborough,極,Sundridge,バ,Ayrshire,バ,極・極・極｜極・極・極｜極・バ・バ,
ID:1140006916,Deep Impact,Deep Impact,1140006916,確定,繁殖登録番号,A_v9.3直接完成,父・母父・母母父,1,14,2,17,17,Halo,極,Understanding,極,Montparnasse,地,Lyphard,バ,Sir Ivor,極,Roman,極,Crepello,極,Vimy,極,Court Martial,極,極-極-地 | バ-極-極 | 極-極-極,
ID:1140006397,Flower Alley,Flower Alley,1140006397,確定,繁殖登録番号,A_v9.3直接完成,母父・母母父,0,11,6,17,17,Forty Niner,地,Danzig,地,Mr. Leader,極,Mr. Prospector,極,Lyphard,バ,High Hat,地,Northern Dancer,地,Bold Reason,極,Forli,地,地-地-極 | 極-バ-地 | 地-極-地,
ID:1140001823,Lord At War,Lord At War,1140001823,確定,繁殖登録番号,Z_v9.27_TARGET系譜不足枝0扱いで完成,母父・母母父,0,1,16,17,,Brigadier Gerard,極,Pan,極,,バ,Ribot,極,Petition,極,Umidwar,極,Aristophanes,地,Pont l'Eveque,極,Congreve,極,極・極・バ｜極・極・極｜地・極・極,
ID:1140001122,Lyphard's Special,Lyphard's Special,1140001122,確定,繁殖登録番号,D_v9.4-v9.6追加祖先反映で完成,母母父,0,0,17,17,,Northern Dancer,地,Court Martial,極,Formor,極,Double Jay,極,War Admiral,極,Blue Larkspur,バ,Blue Larkspur,バ,Sir Gallahad,極,High Time,バ,地・極・極｜極・極・バ｜バ・極・バ,
ID:1140002486,Mining,Mining,1140002486,確定,繁殖登録番号,B_TARGET再構成＋v9.3既存Mで完成,母父・母母父,0,1,16,17,17,Raise a Native,極,Nashua,極,Count Fleet,極,Tom Fool,極,War Admiral,極,Blue Larkspur,バ,Raise a Native,極,Royal Charger,極,Alibhai,地,極・極・極｜極・極・バ｜極・極・地,
ID:1140004498,Out of Place,Out of Place,1140004498,確定,繁殖登録番号,Y_v9.26残件祖先固定8代欠損0運用確定で完成,母父・母母父,0,5,12,17,,Best Turn,バ,Ballydonnell,極,Carrier Pigeon,バ,Sword Dancer,極,My Babu,極,Sickle,極,Tom Fool,極,War Admiral,極,Blue Larkspur,バ,バ・極・バ｜極・極・極｜極・極・バ,
ID:1140005916,Saint Liam,Saint Liam,1140005916,確定,繁殖登録番号,A_v9.3直接完成,母父・母母父,0,12,5,17,17,Halo,極,Herbager,極,Cohoes,極,Fappiano,極,Dr. Fager,極,Nearctic,地,Northern Dancer,地,Court Martial,極,Formor,極,極-極-極 | 極-極-地 | 地-極-極,
ID:1140005747,Sevres Rose,Sevres Rose,1140005747,確定,繁殖登録番号,S_v9.20高影響祖先反映で完成,母父・母母父,0,6,11,17,,Nijinsky,バ,Round Table,極,Hail to Reason,極,Noholme,地,Count Fleet,極,Pavot,極,Tourment,極,Cranach,極,Brantome,極,バ・極・極｜地・極・極｜極・極・極,
ID:1140004062,Spectrum,Spectrum,1140004062,確定,繁殖登録番号,B_TARGET再構成＋v9.3既存Mで完成,母父・母母父,0,1,16,17,17,Blushing Groom,極,Herbager,極,Raise a Native,極,Riverman,極,Klairon,極,East Side,極,Native Dancer,極,Noor,極,Challenger,極,極・極・極｜極・極・極｜極・極・極,
ID:1140004604,Starborough,Starborough,1140004604,確定,繁殖登録番号,Y_v9.26残件祖先固定8代欠損0運用確定で完成,母父・母母父,0,2,15,17,,Nureyev,地,Venture,極,Vandale,極,Damascus,極,Never Bend,極,Tatan,極,Petare,極,Blue Pair,バ,Waygood,バ,地・極・極｜極・極・極｜極・バ・バ,
ID:1140005411,Successful Appeal,Successful Appeal,1140005411,確定,繁殖登録番号,A_v9.3直接完成,母父・母母父,0,14,3,17,17,In Reality,極,Moslem Chief,地,,バ,Northern Prospect,バ,Lucky Debonair,極,Palestinian,極,Northern Dancer,地,Swaps,地,Princequillo,極,極-地-バ | バ-極-極 | 地-地-極,
ID:1140006744,Super Saver,Super Saver,1140006744,確定,繁殖登録番号,A_v9.3直接完成,父・母父,5,12,0,17,17,Wavering Monarch,極,Caro,極,Naskra,極,Seattle Slew,極,Secretariat,極,Buckpasser,極,Raise a Native,極,Nashua,極,Count Fleet,極,極-極-極 | 極-極-極 | 極-極-極,
ID:1140001449,Thatching,Thatching,1140001449,確定,繁殖登録番号,Y_v9.26残件祖先固定8代欠損0運用確定で完成,母母父,0,0,17,17,,Forli,地,Nantallah,極,Gold Bridge,極,Owen Tudor,地,Rustom Pasha,極,The Tetrarch,バ,Dante,極,Dastur,極,Arion,バ,地・極・極｜地・極・バ｜極・極・バ,
ID:1130001369,The Minstrel,The Minstrel,1130001369,確定,繁殖登録番号,Z_v9.27_TARGET系譜不足枝0扱いで完成,母母父,0,0,17,17,,Nearctic,地,Native Dancer,極,Mahmoud,極,Chop Chop,極,Windfields,極,Osiris,極,Bull Lea,極,Blue Larkspur,バ,,バ,地・極・極｜極・極・極｜極・バ・バ,
ID:1140004509,Victory Gallop,Victory Gallop,1140004509,確定,繁殖登録番号,A_v9.3直接完成,母父・母母父,0,7,10,17,17,Fappiano,極,Hoist the Flag,極,Dedicate,極,Northern Dancer,地,Menetrier,極,Windfields,極,Hail to Reason,極,Cosmic Bomb,極,Mahmoud,極,極-極-極 | 地-極-極 | 極-極-極,
ID:1140005847,Yonaguska,Yonaguska,1140005847,確定,繁殖登録番号,A_v9.3直接完成,母父・母母父,0,10,7,17,17,Runaway Groom,極,Silver Saber,極,Francis S.,極,Mr. Prospector,極,Halo,極,Misty Flight,極,Buckpasser,極,No Robbery,地,Prince Bio,極,極-極-極 | 極-極-極 | 極-地-極,
ID:1120000897,パドスール,パドスール,1120000897,確定,繁殖登録番号,Y_v9.26残件祖先固定8代欠損0運用確定で完成,母母父,0,0,17,17,,Never Bend,極,Princequillo,極,Count Fleet,極,Mossborough,極,William of Valence,極,Bold Archer,バ,Bellini,極,Havresac,極,Spearmint,バ,極・極・極｜極・極・バ｜極・極・バ,
ID:1120002046,マイネルセレクト,マイネルセレクト,1120002046,確定,繁殖登録番号,A_v9.3直接完成,母父,0,17,0,17,17,Mr. Prospector,極,Tom Rolfe,極,Double Jay,極,Nijinsky,バ,Pardao,地,Nasrullah,極,Sanctus,極,Worden,極,Prince Bio,極,極-極-極 | バ-地-極 | 極-極-極,
ID:1120002606,ワールドプレミア,ワールドプレミア,1120002606,確定,繁殖登録番号,A_v9.3直接完成,父,17,0,0,17,17,サンデーサイレンス,地,Alzao,バ,Busted,極,Surumu,地,Aggressor,極,,バ,Northern Dancer,地,Tudor Minstrel,地,Stymie,極,地-バ-極 | 地-極-バ | 地-地-極,
ID:1140005332,Aldebaran,Aldebaran,1140005332,確定,繁殖登録番号,A_v9.3直接完成,母父・母母父,0,13,3,16,16,Raise a Native,極,Nashua,極,Count Fleet,極,Damascus,極,Buckpasser,極,Swaps,地,Northern Dancer,地,Occupy,極,Challenger,極,極-極-極 | 極-極-地 | 地-極-極,
ID:1140006544,Anabaa Blue,Anabaa Blue,1140006544,確定,繁殖登録番号,A_v9.3直接完成,母父・母母父,0,10,6,16,16,Danzig,地,Gay Mecene,地,Riverman,極,Never Bend,極,Prince John,極,Roman,極,Agio,極,Prince Chevalier,極,Big Game,極,地-地-極 | 極-極-極 | 極-極-極,
ID:1140006107,Any Given Saturday,Any Given Saturday,1140006107,確定,繁殖登録番号,A_v9.3直接完成,母父・母母父,0,11,5,16,16,Forty Niner,地,Danzig,地,Mr. Leader,極,Seattle Slew,極,Secretariat,極,Buckpasser,極,Bold Bidder,極,Promised Land,極,To Market,極,地-地-極 | 極-極-極 | 極-極-極,
ID:1140006106,Authorized,Authorized,1140006106,確定,繁殖登録番号,A_v9.3直接完成,父・母父・母母父,1,10,5,16,16,Sadler's Wells,地,Top Ville,バ,Tennyson,極,Rainbow Quest,極,Welsh Pageant,地,Hyperion,地,Northern Dancer,地,Court Martial,極,Formor,極,地-バ-極 | 極-地-地 | 地-極-極,
ID:1140006901,Equal Stripes,Equal Stripes,1140006901,確定,繁殖登録番号,A_v9.3直接完成,母父・母母父,0,15,1,16,16,Blushing Groom,極,Lyphard,バ,Prominer,地,Northern Jove,地,Dr. Fager,極,Santa Claus,極,Martinet,極,Pronto,極,Prince Canarina,地,極-バ-地 | 地-極-極 | 極-極-地,
ID:1140007047,Frosted,Frosted,1140007047,確定,繁殖登録番号,A_v9.3直接完成,父・母父,15,1,0,16,16,Pulpit,地,Unbridled,極,Nijinsky,バ,Vice Regent,バ,Bunty's Flight,極,Jabneh,極,Seattle Slew,極,Pass the Glass,バ,Bold Bidder,極,地-極-バ | バ-極-極 | 極-バ-極,
ID:1140003406,Garde Royale,Garde Royale,1140003406,確定,繁殖登録番号,Y_v9.26残件祖先固定8代欠損0運用確定で完成,母母父,0,0,16,16,,Never Bend,極,Princequillo,極,Count Fleet,極,Prince Bio,極,Rialto,極,Alcantara,バ,Owen Tudor,地,Victrix,バ,Ksar,バ,極・極・極｜極・極・バ｜地・バ・バ,
ID:1140006622,Kendargent,Kendargent,1140006622,確定,繁殖登録番号,A_v9.3直接完成,父・母父・母母父,1,14,1,16,16,Kenmare,極,Gay Mecene,地,Djakao,地,Mendez,地,Breton,極,Alcide,地,Kalamoun,極,Sea-Bird,極,Sayajirao,極,極-地-地 | 地-極-地 | 極-極-極,
ID:1130000167,Le Fabuleux,Le Fabuleux,1130000167,確定,繁殖登録番号,Z_v9.27_TARGET系譜不足枝0扱いで完成,母母父,0,0,16,16,,Rialto,極,Blandford,極,Ksar,バ,Pinceau,極,La Farina,極,Beppo,極,Dark Legend,極,Phalaris,極,,バ,極・極・バ｜極・極・極｜極・極・バ,
ID:1140006183,Leroidesanimaux,Leroidesanimaux,1140006183,確定,繁殖登録番号,A_v9.3直接完成,父・母父・母母父,1,13,2,16,16,Blushing Groom,極,Lyphard,バ,Prominer,地,Lorenzaccio,極,Martial,極,Whistler,極,High Hat,地,Chanteur,極,Djebel,極,極-バ-地 | 極-極-極 | 地-極-極,
ID:1140006036,Lost Soldier,Lost Soldier,1140006036,確定,繁殖登録番号,B_TARGET再構成＋v9.3既存Mで完成,母父・母母父,0,3,13,16,16,Northern Dancer,地,Admiral's Voyage,バ,Petition,極,Bold Ruler,極,Princequillo,極,Caruso,バ,Turn-to,極,Blue Swords,極,Sir Gallahad,極,地・バ・極｜極・極・バ｜極・極・極,
ID:1140006569,Munnings,Munnings,1140006569,確定,繁殖登録番号,A_v9.3直接完成,父・母父,7,9,0,16,16,Gone West,地,Storm Cat,地,Chieftain,極,Great Above,極,Al Hattab,バ,Grey Dawn,極,General,極,Con Brio,極,Atlas,地,地-地-極 | 極-バ-極 | 極-極-地,
ID:1140005673,Officer,Officer,1140005673,確定,繁殖登録番号,A_v9.3直接完成,母父・母母父,0,6,10,16,16,Skywalker,バ,Buffalo Lark,バ,Third Martini,地,Seattle Slew,極,Green Dancer,バ,Swaps,地,Raise a Native,極,Delta Judge,地,Mr. Trouble,極,バ-バ-地 | 極-バ-地 | 極-地-極,
ID:1140003893,Peaks and Valleys,Peaks and Valleys,1140003893,確定,繁殖登録番号,B_TARGET再構成＋v9.3既存Mで完成,母父・母母父,0,3,13,16,16,Blushing Groom,極,Crimson Satan,極,Reneged,極,Nijinsky,バ,Val de Loir,極,Spy Song,極,Never Bend,極,Mahmoud,極,Umidwar,極,極・極・極｜バ・極・極｜極・極・極,
ID:1140006052,Posse,Posse,1140006052,確定,繁殖登録番号,A_v9.3直接完成,母父・母母父,0,13,3,16,16,Deputy Minister,地,Mr. Prospector,極,Road At Sea,極,Blushing Groom,極,Halo,極,Herbager,極,Hail to Reason,極,Nashua,極,Bull Lea,極,地-極-極 | 極-極-極 | 極-極-極,
ID:1140003888,Sanglamore,Sanglamore,1140003888,確定,繁殖登録番号,B_TARGET再構成＋v9.3既存Mで完成,母母父,0,0,16,16,16,Atan,地,Rockefella,地,Majano,極,Riverman,極,Klairon,極,East Side,極,Worden,極,Phil Drake,極,Djebel,極,地・地・極｜極・極・極｜極・極・極,
ID:1140006376,Sholokhov,Sholokhov,1140006376,確定,繁殖登録番号,A_v9.3直接完成,母父・母母父,0,10,6,16,16,Northern Dancer,地,Bold Reason,極,Forli,地,Sir Gaylord,極,Court Martial,極,Hyperion,地,Forli,地,Bold Ruler,極,Polynesian,極,地-極-地 | 極-極-地 | 地-極-極,
ID:1140003328,Sky Classic,Sky Classic,1140003328,確定,繁殖登録番号,B_TARGET再構成＋v9.3既存Mで完成,母父・母母父,0,5,11,16,16,Northern Dancer,地,Bull Page,極,Menow,極,Noholme,地,Double Jay,極,Don Bingo,極,Nasrullah,極,Khaled,地,Beau Pere,極,地・極・極｜地・極・極｜極・地・極,
ID:1140004682,Souvenir Copy,Souvenir Copy,1140004682,確定,繁殖登録番号,A_v9.3直接完成,母父・母母父,0,6,10,16,16,Raise a Native,極,Nashua,極,Count Fleet,極,Northern Dancer,地,Forli,地,Nantallah,極,Hail to Reason,極,Tom Fool,極,Prince Bio,極,極-極-極 | 地-地-極 | 極-極-極,
ID:1140003804,Storm Boot,Storm Boot,1140003804,確定,繁殖登録番号,B_TARGET再構成＋v9.3既存Mで完成,母父・母母父,0,3,13,16,16,Storm Bird,地,Secretariat,極,Crimson Satan,極,Raise a Native,極,Nashua,極,Count Fleet,極,Princequillo,極,Sir Cosmo,極,Friar Marcus,極,地・極・極｜極・極・極｜極・極・極,
ID:1120002277,オウケンブルースリ,オウケンブルースリ,1120002277,確定,繁殖登録番号,A_v9.3直接完成,父・母父,11,5,0,16,16,トニービン,地,Nureyev,地,Nodouble,バ,Deputy Minister,地,Mr. Prospector,極,Road At Sea,極,Northern Dancer,地,,バ,,バ,地-地-バ | 地-極-極 | 地-バ-バ,
ID:1120000802,カツラギエース,カツラギエース,1120000802,確定,繁殖登録番号,W_v9.24高影響祖先反映で完成,母母父,0,0,16,16,,King's Troop,極,The Phoenix,極,Nearco,極,Relic,極,Pherozshah,極,Easton,極,Djebel,極,King Salmon,極,Schiavoni,極,極・極・極｜極・極・極｜極・極・極,
ID:1120001688,サニーブライアン,サニーブライアン,1120001688,確定,繁殖登録番号,B_TARGET再構成＋v9.3既存Mで完成,母父・母母父,0,8,8,16,16,Roberto,極,Graustark,地,Hasty Road,極,Northern Dancer,地,Alycidon,地,Signal Light,極,Princely Gift,極,Legend of France,極,Blenheim,極,極・地・極｜地・地・極｜極・極・極,
ID:1120002625,ジャンダルム,ジャンダルム,1120002625,v9.3正本ID,v9.3 ID＋入力名エイリアス,v9.3直接完成・同名個体監査済,父,16,0,0,16,16,El Prado,地,Lear Fan,極,L'Enjoleur,バ,Halo,極,Understanding,極,Montparnasse,地,Northern Dancer,地,Admiral's Voyage,バ,Petition,極,地・極・バ｜極・極・地｜地・バ・極,v9.3「04_1302頭9枝」に同一個体として完成済み。 2015年生Kitten's Joy産駒の現代馬を採用し、旧同名馬は除外。
ID:1120000499,ダンサーズイメージ,ダンサーズイメージ,1120000499,確定,繁殖登録番号,O_v9.17高影響古血統反映で完成,母母父,0,0,16,16,,Polynesian,極,Discovery,極,John P.Grier,バ,Nasrullah,極,Bahram,極,Dark Legend,極,Swynford,極,Great Sport,バ,Royal Realm,極,極・極・バ｜極・極・極｜極・バ・極,
ID:1120001385,ポリッシュネイビー,ポリッシュネイビー,1120001385,確定,繁殖登録番号,I_v9.11_TARGET固定8代年代境界反映で完成,母父・母母父,0,1,15,16,,Northern Dancer,地,Admiral's Voyage,バ,Petition,極,The Yuvaraj,極,Donatello,極,Caerleon,バ,Man o'War,極,Sweep,バ,Harry of Hereford,極,地・バ・極｜極・極・バ｜極・バ・極,
ID:1140006293,Birdstone,Birdstone,1140006293,確定,繁殖登録番号,A_v9.3直接完成,母父・母母父,0,11,4,15,15,Unbridled,極,Drone,極,Chateaugay,地,Northern Dancer,地,New Providence,極,Chop Chop,極,Prince John,極,Better Self,極,,バ,極-極-地 | 地-極-極 | 極-極-バ,
ID:1140003883,Catrail,Catrail,1140003883,確定,繁殖登録番号,B_TARGET再構成＋v9.3既存Mで完成,母父・母母父,0,2,13,15,15,Storm Bird,地,Secretariat,極,Crimson Satan,極,Majestic Prince,バ,Ribot,極,Ambiorix,極,Tom Fool,極,War Admiral,極,Blue Larkspur,バ,地・極・極｜バ・極・極｜極・極・バ,
ID:1140002532,Danzig Connection,Danzig Connection,1140002532,確定,繁殖登録番号,F_v9.4-v9.8追加祖先反映で完成,母母父,0,0,15,15,,Northern Dancer,地,Admiral's Voyage,バ,Petition,極,Sir Gaylord,極,Mr. Trouble,極,Pharamond,極,Prince Rose,極,Papyrus,極,White Eagle,バ,地・バ・極｜極・極・極｜極・極・バ,
ID:1140006672,Dawn Approach,Dawn Approach,1140006672,確定,繁殖登録番号,A_v9.3直接完成,父・母父,12,3,0,15,15,Galileo,地,Ahonoora,バ,Match,極,Clever Trick,地,Finnegan,極,Mr. Busher,極,His Majesty,地,Sunrise Flight,極,Cockrullah,極,地-バ-極 | 地-極-極 | 地-極-極,
ID:1140006308,Essence of Dubai,Essence of Dubai,1140006308,確定,繁殖登録番号,A_v9.3直接完成,母父・母母父,0,7,8,15,15,A.P. Indy,バ,Mr. Prospector,極,Honest Pleasure,極,Verbatim,極,Groton,極,Aboukir,極,Hail to Reason,極,Djeddah,極,Beau Pere,極,バ-極-極 | 極-極-極 | 極-極-極,
ID:1140004638,Fantastic Light,Fantastic Light,1140004638,確定,繁殖登録番号,A_v9.3直接完成,母父・母母父,0,3,12,15,15,Blushing Groom,極,Halo,極,Herbager,極,Northern Dancer,地,Bull Page,極,Menow,極,Graustark,地,Princequillo,極,,バ,極-極-極 | 地-極-極 | 地-極-バ,
ID:1140005319,Fire Maker,Fire Maker,1140005319,確定,繁殖登録番号,Y_v9.26残件祖先固定8代欠損0運用確定で完成,母母父,0,0,15,15,,Northern Dancer,地,Native Charger,地,Jet Action,極,Native Dancer,極,Case Ace,バ,American Flag,極,Herbager,極,Mahmoud,極,Pavot,極,地・地・極｜極・バ・極｜極・極・極,
ID:1140001917,Greinton,Greinton,1140001917,確定,繁殖登録番号,B_TARGET再構成＋v9.3既存Mで完成,母母父,0,0,15,15,15,Nijinsky,バ,Val de Loir,極,Spy Song,極,Derring-Do,バ,Vimy,極,Court Martial,極,Aureole,極,Nearco,極,Blandford,極,バ・極・極｜バ・極・極｜極・極・極,
ID:1140006025,Henny Hughes,Henny Hughes,1140006025,確定,繁殖登録番号,A_v9.3直接完成,父・母父・母母父,1,12,2,15,15,Storm Cat,地,Hawaii,バ,Tom Cat,極,Hold Your Peace,極,Raise a Native,極,Porterhouse,極,Olden Times,極,Jet Action,極,Occupation,極,地-バ-極 | 極-極-極 | 極-極-極,
ID:1140004117,Jade Robbery,Jade Robbery,1140004117,確定,繁殖登録番号,B_TARGET再構成＋v9.3既存Mで完成,母父・母母父,0,3,12,15,15,Raise a Native,極,Nashua,極,Count Fleet,極,Northern Dancer,地,Bull Page,極,Menow,極,Aristophanes,地,Advocate,極,Foxglove,極,極・極・極｜地・極・極｜地・極・極,
ID:1140005882,Kyllachy,Kyllachy,1140005882,確定,繁殖登録番号,A_v9.3直接完成,母父・母母父,0,9,6,15,15,Polar Falcon,地,Cozzene,極,Bustino,極,Sing Sing,地,Vilmorin,極,Winterhalter,極,Sammy Davis,極,Crepello,極,Royal Charger,極,地-極-極 | 地-極-極 | 極-極-極,
ID:1140006378,Mamool,Mamool,1140006378,確定,繁殖登録番号,A_v9.3直接完成,母父・母母父,0,7,8,15,15,Sadler's Wells,地,Shirley Heights,バ,Sea Hawk,極,Mr. Prospector,極,Buckpasser,極,Swaps,地,Northern Dancer,地,Victoria Park,極,Bull Page,極,地-バ-極 | 極-極-地 | 地-極-極,
ID:1140005314,Noverre,Noverre,1140005314,確定,繁殖登録番号,A_v9.3直接完成,母父・母母父,0,6,9,15,15,Blushing Groom,極,Halo,極,Herbager,極,Nearctic,地,Native Dancer,極,Mahmoud,極,Wild Risk,極,Verso,極,Easton,極,極-極-極 | 地-極-極 | 極-極-極,
ID:1140007143,Wootton Bassett,Wootton Bassett,1140007143,確定,繁殖登録番号,A_v9.3直接完成,父・母父,10,5,0,15,15,Zafonic,地,Nureyev,地,Ahonoora,バ,Dominion,バ,My Swanee,極,Falls of Clyde,極,Danzig,地,Secretariat,極,Swoon's Son,極,地-地-バ | バ-極-極 | 地-極-極,
ID:1140006302,Zensational,Zensational,1140006302,確定,繁殖登録番号,A_v9.3直接完成,母父,0,15,0,15,15,Unbridled,極,Caro,極,Lucky Mel,地,Clever Trick,地,Finnegan,極,Mr. Busher,極,Mr. Prospector,極,Tom Rolfe,極,Double Jay,極,極-極-地 | 地-極-極 | 極-極-極,
ID:1120002030,イーグルカフェ,イーグルカフェ,1120002030,確定,繁殖登録番号,A_v9.3直接完成,母父・母母父,0,9,6,15,15,Mr. Prospector,極,Rambunctious,地,Seven Corners,極,Northern Dancer,地,Forli,地,Nantallah,極,Sword Dancer,極,My Babu,極,Sickle,極,極-地-極 | 地-地-極 | 極-極-極,
ID:1120001398,ゴールデンフェザント,ゴールデンフェザント,1120001398,確定,繁殖登録番号,B_TARGET再構成＋v9.3既存Mで完成,母母父,0,0,15,15,15,Fortino,極,Chamossaire,極,Solario,極,Princequillo,極,Sir Cosmo,極,Friar Marcus,極,Indian Hemp,地,Heelfly,極,Bull Dog,極,極・極・極｜極・極・極｜地・極・極,
ID:1120002128,ザール,ザール,1120002128,確定,繁殖登録番号,A_v9.3直接完成,母父,0,15,0,15,15,Gone West,地,The Minstrel,バ,Right Tack,バ,Sir Gaylord,極,Mr. Trouble,極,Pharamond,極,Alibhai,地,Discovery,極,,バ,地-バ-バ | 極-極-極 | 地-極-バ,
ID:1120001928,スエヒロコマンダー,スエヒロコマンダー,1120001928,確定,繁殖登録番号,A_v9.3直接完成,母父・母母父,0,11,4,15,15,ダンシングブレーヴ,バ,Roberto,極,Raise a Native,極,ダンデイルート,極,ヴエンチア,極,Your Host,地,Nijinsky,バ,Buckpasser,極,Princequillo,極,バ-極-極 | 極-極-地 | バ-極-極,
ID:1120001386,ステートリードン,ステートリードン,1120001386,確定,繁殖登録番号,B_TARGET再構成＋v9.3既存Mで完成,母父・母母父,0,2,13,15,15,Northern Dancer,地,Forli,地,Nantallah,極,Wild Risk,極,Verso,極,Easton,極,Nasrullah,極,Discovery,極,Pompey,極,地・地・極｜極・極・極｜極・極・極,
ID:1120000441,ノーザンデイクテイター,ノーザンデイクテイター,1120000441,確定,繁殖登録番号,F_v9.4-v9.8追加祖先反映で完成,母母父,0,0,15,15,,Nearctic,地,Native Dancer,極,Mahmoud,極,Nasrullah,極,Discovery,極,Pompey,極,Bimelech,極,War Admiral,極,Black Servant,バ,地・極・極｜極・極・極｜極・極・バ,
ID:1120002404,リヤンドファミユ,リヤンドファミユ,1120002404,確定,繁殖登録番号,A_v9.3直接完成,父,15,0,0,15,15,サンデーサイレンス,地,デイクタス,極,ノーザンテースト,地,メジロテイターン,地,リマンド,バ,ヒンドスタン,極,Northern Dancer,地,Victoria Park,極,Hyperion,地,地-極-地 | 地-バ-極 | 地-極-地,
ID:1140001332,Akarad,Akarad,1140001332,確定,繁殖登録番号,W_v9.24高影響祖先反映で完成,母母父,0,0,14,14,,Busted,極,Pharis,極,Djebel,極,Arbar,極,Umidwar,極,Teddy,バ,Sicambre,極,Hyperion,地,Schiavoni,極,極・極・極｜極・極・バ｜極・地・極,
ID:1140006768,Australia,Australia,1140006768,確定,繁殖登録番号,A_v9.3直接完成,父・母父,5,9,0,14,14,Sadler's Wells,地,Miswaki,極,Lombard,地,Green Desert,地,Ahonoora,バ,Balidar,地,Tudor Melody,バ,Court Martial,極,Borealis,地,地-極-地 | 地-バ-地 | バ-極-地,
ID:1140006582,Bodemeister,Bodemeister,1140006582,確定,繁殖登録番号,A_v9.3直接完成,父・母父,1,13,0,14,14,Unbridled,極,El Gran Senor,地,In Reality,極,Storm Bird,地,Secretariat,極,Crimson Satan,極,Seattle Slew,極,Secretariat,極,Buckpasser,極,極-地-極 | 地-極-極 | 極-極-極,
ID:1140004397,Daylami,Daylami,1140004397,確定,繁殖登録番号,B_TARGET再構成＋v9.3既存Mで完成,母父・母母父,0,4,10,14,14,Mill Reef,バ,Kashmir,地,Prince Taj,極,Mr. Prospector,極,Buckpasser,極,Princequillo,極,Caro,極,Sicambre,極,Blue Peter,極,バ・地・極｜極・極・極｜極・極・極,
ID:1140006019,Grape Tree Road,Grape Tree Road,1140006019,確定,繁殖登録番号,B_TARGET再構成＋v9.3既存Mで完成,母父・母母父,0,1,13,14,14,Nijinsky,バ,Round Table,極,Hail to Reason,極,Sir Gaylord,極,Occupy,極,Challenger,極,Crepello,極,Vimy,極,Court Martial,極,バ・極・極｜極・極・極｜極・極・極,
ID:1140004038,Great Commotion,Great Commotion,1140004038,確定,繁殖登録番号,B_TARGET再構成＋v9.3既存Mで完成,母母父,0,0,14,14,14,Northern Dancer,地,Forli,地,Nantallah,極,Klairon,極,The Phoenix,極,Big Game,極,Aureole,極,Turkhan,極,Manna,極,地・地・極｜極・極・極｜極・極・極,
ID:1140004436,In Excess,In Excess,1140004436,確定,繁殖登録番号,Y_v9.26残件祖先固定8代欠損0運用確定で完成,母父・母母父,0,3,11,14,,Caro,極,Warfare,地,Hafiz,極,Sing Sing,地,Hard Sauce,極,Lighthouse,極,Gold Bridge,極,Fairway,極,Bachelor's Double,バ,極・地・極｜地・極・極｜極・極・バ,
ID:1140005118,Inchinor,Inchinor,1140005118,確定,繁殖登録番号,B_TARGET再構成＋v9.3既存Mで完成,母父・母母父,0,1,13,14,14,Lorenzaccio,極,Martial,極,Whistler,極,Northern Dancer,地,Poker,極,Jet Action,極,Tudor Melody,バ,Court Martial,極,Borealis,地,極・極・極｜地・極・極｜バ・極・地,
ID:1140004066,Judge T C,Judge T C,1140004066,確定,繁殖登録番号,B_TARGET再構成＋v9.3既存Mで完成,母父・母母父,0,2,12,14,14,In Reality,極,Best Turn,バ,Determine,地,Bold Ruler,極,Princequillo,極,Caruso,バ,Hail to Reason,極,Djeddah,極,Bimelech,極,極・バ・地｜極・極・バ｜極・極・極,
ID:1140006702,Lizard Island,Lizard Island,1140006702,確定,繁殖登録番号,A_v9.3直接完成,母父・母母父,0,12,2,14,14,Danehill,地,Sharpen Up,地,Caro,極,Bold Bidder,極,Promised Land,極,To Market,極,Northern Dancer,地,Bull Page,極,Menow,極,地-地-極 | 極-極-極 | 地-極-極,
ID:1140007127,Mendelssohn,Mendelssohn,1140007127,確定,繁殖登録番号,A_v9.3直接完成,父,14,0,0,14,14,Johannesburg,地,Mr. Prospector,極,Nijinsky,バ,Clever Trick,地,His Majesty,地,Nijinsky,バ,Hail to Reason,極,Tom Fool,極,Prince Bio,極,地-極-バ | 地-地-バ | 極-極-極,
ID:1140006300,Miller's Mate,Miller's Mate,1140006300,確定,繁殖登録番号,B_TARGET再構成＋v9.3既存Mで完成,母母父,0,0,14,14,14,Never Bend,極,Princequillo,極,Count Fleet,極,Vienna,極,Nearco,極,Big Game,極,Gun Shot,地,War Admiral,極,Bull Lea,極,極・極・極｜極・極・極｜地・極・極,
ID:1140006798,Twirling Candy,Twirling Candy,1140006798,確定,繁殖登録番号,A_v9.3直接完成,父・母父,6,8,0,14,14,Ride the Rails,極,Candy Stripes,バ,Farnesio,極,Mr. Prospector,極,El Gran Senor,地,In Reality,極,Northern Dancer,地,Admiral's Voyage,バ,Petition,極,極-バ-極 | 極-地-極 | 地-バ-極,
ID:1140004561,Valid Expectations,Valid Expectations,1140004561,確定,繁殖登録番号,Y_v9.26残件祖先固定8代欠損0運用確定で完成,母父・母母父,0,1,13,14,,In Reality,極,Moslem Chief,地,Alsab,バ,Iron Ruler,極,Hail to Reason,極,I Will,極,Apache,極,Flares,極,Stimulus,バ,極・地・バ｜極・極・極｜極・極・バ,
ID:1120001287,アイネスフウジン,アイネスフウジン,1120001287,確定,繁殖登録番号,Y_v9.26残件祖先固定8代欠損0運用確定で完成,母父・母母父,0,1,13,14,,Herbager,極,Free Man,極,Ocean Swell,極,Princely Gift,極,Hyperion,地,Dastur,極,Norseman,バ,Nasrullah,極,Ballyferis,極,極・極・極｜極・地・極｜バ・極・極,
ID:1120001449,アーミジャー,アーミジャー,1120001449,確定,繁殖登録番号,B_TARGET再構成＋v9.3既存Mで完成,母父・母母父,0,3,11,14,14,Blushing Groom,極,Herbager,極,Raise a Native,極,Nearctic,地,Native Dancer,極,Mahmoud,極,Tom Fool,極,War Admiral,極,Blue Larkspur,バ,極・極・極｜地・極・極｜極・極・バ,
ID:1120001308,イナリワン,イナリワン,1120001308,確定,繁殖登録番号,Y_v9.26残件祖先固定8代欠損0運用確定で完成,母母父,0,0,14,14,,Mill Reef,バ,Ragusa,極,Grey Sovereign,極,Never Say Die,極,Precipitation,極,Bois Roussel,極,Solferino,極,Grand Glacier,極,Pomme-de-terre,バ,バ・極・極｜極・極・極｜極・極・バ,
ID:1120002271,エイシンアポロン,エイシンアポロン,1120002271,確定,繁殖登録番号,A_v9.3直接完成,父・母父,11,3,0,14,14,Storm Cat,地,Rahy,バ,Roberto,極,Northern Dancer,地,Bold Reason,極,Forli,地,Northern Dancer,地,Court Martial,極,Formor,極,地-バ-極 | 地-極-地 | 地-極-極,
ID:1120002374,グランデッツァ,グランデッツァ,1120002374,確定,繁殖登録番号,A_v9.3直接完成,父,14,0,0,14,14,サンデーサイレンス,地,ロイヤルスキー,極,リマンド,バ,Last Tycoon,地,Artaius,バ,Welsh Pageant,地,Habitat,極,Claude,地,Ribot,極,地-極-バ | 地-バ-地 | 極-地-極,
ID:1120002605,サトノジェネシス,サトノジェネシス,1120002605,確定,繁殖登録番号,A_v9.3直接完成,父,14,0,0,14,14,サンデーサイレンス,地,Alzao,バ,Busted,極,Lure,地,Devil's Bag,バ,Hoist the Flag,極,Halo,極,Northern Dancer,地,Sea-Bird,極,地-バ-極 | 地-バ-極 | 極-地-極,
ID:1120002223,トーセンブライト,トーセンブライト,1120002223,確定,繁殖登録番号,A_v9.3直接完成,父・母父,11,3,0,14,14,Roberto,極,Graustark,地,Hasty Road,極,Mr. Prospector,極,Nijinsky,バ,Forli,地,Northern Dancer,地,Le Beau Prince,極,Alizier,極,極-地-極 | 極-バ-地 | 地-極-極,
ID:1120002368,ニホンピロアワーズ,ニホンピロアワーズ,1120002368,確定,繁殖登録番号,A_v9.3直接完成,父,14,0,0,14,14,ダンシングブレーヴ,バ,Ela - Mana - Mou,地,Tyrant,極,サンデーサイレンス,地,トニービン,地,Northern Dancer,地,Nureyev,地,Sassafras,バ,Hail to Reason,極,バ-地-極 | 地-地-地 | 地-バ-極,
ID:1120002190,ハイアーゲーム,ハイアーゲーム,1120002190,確定,繁殖登録番号,A_v9.3直接完成,父・母父,4,10,0,14,14,Halo,極,Understanding,極,Montparnasse,地,Alleged,地,Boldnesian,極,Summer Tan,地,Vaguely Noble,地,Sir Gaylord,極,My Babu,極,極-極-地 | 地-極-地 | 地-極-極,
ID:1120001045,プラウドデボネア,プラウドデボネア,1120001045,確定,繁殖登録番号,Z_v9.27_TARGET系譜不足枝0扱いで完成,母母父,0,0,14,14,,Northern Dancer,地,Court Martial,極,Formor,極,Traffic Judge,地,Noor,極,Bull Lea,極,Heliopolis,地,Stimulus,バ,,バ,地・極・極｜地・極・極｜地・バ・バ,
ID:1120002409,ヘニーハウンド,ヘニーハウンド,1120002409,確定,繁殖登録番号,A_v9.3直接完成,父,14,0,0,14,14,Hennessy,地,Meadowlake,極,Hagley,極,Damascus,極,Nijinsky,バ,Bryan G.,極,Proud Clarion,極,Bolero,極,,バ,地-極-極 | 極-バ-極 | 極-極-バ,
ID:1120001965,ムーンバラッド,ムーンバラッド,1120001965,確定,繁殖登録番号,A_v9.3直接完成,母父,0,14,0,14,14,In The Wings,地,Halo,極,Herbager,極,Danzig,地,Hoist the Flag,極,Johns Joy,極,Relko,極,Pampered King,極,Djebel,極,地-極-極 | 地-極-極 | 極-極-極,
ID:1140004426,Alphabet Soup,Alphabet Soup,1140004426,確定,繁殖登録番号,N_v9.16高影響古血統反映で完成,母父・母母父,0,5,8,13,,Caro,極,Prince John,極,Sir Gaylord,極,Ribot,極,Battlefield,極,Heliopolis,地,Fighting Fox,極,War Admiral,極,Bull Dog,極,極・極・極｜極・極・地｜極・極・極,
ID:1140003884,Ashkalani,Ashkalani,1140003884,確定,繁殖登録番号,C_v9.4+v9.5追加祖先反映で完成,母母父,0,0,13,13,,Nureyev,地,Venture,極,Vandale,極,Habitat,極,Kashmir,地,Prince Taj,極,Prince Bio,極,Rialto,極,Alcantara,バ,地・極・極｜極・地・極｜極・極・バ,
ID:1140005770,Big Shuffle,Big Shuffle,1140005770,確定,繁殖登録番号,F_v9.4-v9.8追加祖先反映で完成,母父・母母父,0,5,8,13,,Bold Reasoning,極,Primera,極,Alycidon,地,Raise a Native,極,Royal Charger,極,Case Ace,バ,Owen Tudor,地,Sansovino,極,Son-in-Law,バ,極・極・地｜極・極・バ｜地・極・バ,
ID:1140002833,Bold Ruckus,Bold Ruckus,1140002833,確定,繁殖登録番号,B_TARGET再構成＋v9.3既存Mで完成,母母父,0,0,13,13,13,Bold Ruler,極,Polynesian,極,Blue Larkspur,バ,Native Dancer,極,Case Ace,バ,American Flag,極,Balladier,バ,Whisk Broom,バ,Sain,極,極・極・バ｜極・バ・極｜バ・バ・極,
ID:1140007049,Caravaggio,Caravaggio,1140007049,確定,繁殖登録番号,A_v9.3直接完成,父,13,0,0,13,13,Johannesburg,地,Mr. Prospector,極,Nijinsky,バ,Great Above,極,Al Hattab,バ,Grey Dawn,極,In Reality,極,The Axe,極,Royal Note,極,地-極-バ | 極-バ-極 | 極-極-極,
ID:1140004809,Chester House,Chester House,1140004809,確定,繁殖登録番号,A_v9.3直接完成,母父・母母父,0,2,11,13,13,Raise a Native,極,Nashua,極,Count Fleet,極,Northern Dancer,地,Buckpasser,極,Traffic Judge,地,Intentionally,極,Rough'n Tumble,極,War Relic,極,極-極-極 | 地-極-地 | 極-極-極,
ID:1140006317,Colonel John,Colonel John,1140006317,確定,繁殖登録番号,A_v9.3直接完成,母父,0,13,0,13,13,Cee's Tizzy,バ,Seattle Song,極,ナイスダンサー,地,Alydar,バ,Table Play,極,Fomento,極,Damascus,極,Tulyar,極,Ambiorix,極,バ-極-地 | バ-極-極 | 極-極-極,
ID:1140001433,Conquistador Cielo,Conquistador Cielo,1140001433,確定,繁殖登録番号,B_TARGET再構成＋v9.3既存Mで完成,母母父,0,0,13,13,13,Raise a Native,極,Nashua,極,Count Fleet,極,Bold Ruler,極,Ambiorix,極,Menow,極,Royal Charger,極,Admiral Drake,極,Pharos,極,極・極・極｜極・極・極｜極・極・極,
ID:1140006244,Corinthian,Corinthian,1140006244,確定,繁殖登録番号,A_v9.3直接完成,母父・母母父,0,10,3,13,13,A.P. Indy,バ,Mr. Prospector,極,Honest Pleasure,極,Alydar,バ,Buckpasser,極,To Market,極,Bold Bidder,極,Promised Land,極,To Market,極,バ-極-極 | バ-極-極 | 極-極-極,
ID:1140006074,Encosta De Lago,Encosta De Lago,1140006074,確定,繁殖登録番号,B_TARGET再構成＋v9.3既存Mで完成,父・母父,1,12,0,13,13,Northern Dancer,地,Bold Reason,極,Forli,地,Star Appeal,バ,Klairon,極,Umberto,極,Raise a Native,極,Nashua,極,Count Fleet,極,地・極・地｜バ・極・極｜極・極・極,
ID:1140004452,Entrepreneur,Entrepreneur,1140004452,確定,繁殖登録番号,B_TARGET再構成＋v9.3既存Mで完成,母父・母母父,0,2,11,13,13,Northern Dancer,地,Bold Reason,極,Forli,地,Raise a Native,極,Shut Out,極,Pilate,極,Turn-to,極,Tiger,極,Display,極,地・極・地｜極・極・極｜極・極・極,
ID:1140005219,Event of the Year,Event of the Year,1140005219,確定,繁殖登録番号,A_v9.3直接完成,母父・母母父,0,8,5,13,13,Bold Reasoning,極,Poker,極,Jet Action,極,Raise a Native,極,Nashua,極,Count Fleet,極,Nearctic,地,Native Dancer,極,Mahmoud,極,極-極-極 | 極-極-極 | 地-極-極,
ID:1140003635,Honor Grades,Honor Grades,1140003635,確定,繁殖登録番号,B_TARGET再構成＋v9.3既存Mで完成,母父・母母父,0,1,12,13,13,Northern Dancer,地,Admiral's Voyage,バ,Petition,極,Bold Ruler,極,Princequillo,極,Caruso,バ,Tom Fool,極,War Admiral,極,Blue Larkspur,バ,地・バ・極｜極・極・バ｜極・極・バ,
ID:1140004706,Key of Luck,Key of Luck,1140004706,確定,繁殖登録番号,B_TARGET再構成＋v9.3既存Mで完成,母父・母母父,0,3,10,13,13,Danzig,地,Secretariat,極,Swoon's Son,極,Vaguely Noble,地,Sir Gaylord,極,My Babu,極,Never Bend,極,Prince John,極,Roman,極,地・極・極｜地・極・極｜極・極・極,
ID:1140007001,Maclean's Music,Maclean's Music,1140007001,確定,繁殖登録番号,A_v9.3直接完成,父・母父,9,4,0,13,13,Forty Niner,地,Danzig,地,Mr. Leader,極,Unbridled,極,Caro,極,Lucky Mel,地,Mr. Prospector,極,Secretariat,極,Tim Tam,極,地-地-極 | 極-極-地 | 極-極-極,
ID:1140005734,Marchand de Sable,Marchand de Sable,1140005734,確定,繁殖登録番号,Y_v9.26残件祖先固定8代欠損0運用確定で完成,母父・母母父,0,3,10,13,,Nureyev,地,Sassafras,バ,Hail to Reason,極,Kalamoun,極,Milesian,極,Nearula,極,Atys,極,Tourbillon,極,The Vizier,バ,地・バ・極｜極・極・極｜極・極・バ,
ID:1140006647,Mastercraftsman,Mastercraftsman,1140006647,確定,繁殖登録番号,A_v9.3直接完成,父・母父,4,9,0,13,13,Danehill,地,Sharpen Up,地,Caro,極,Miswaki,極,Al Hattab,バ,Bold Commander,極,Northern Dancer,地,Court Martial,極,Formor,極,地-地-極 | 極-バ-極 | 地-極-極,
ID:1140004101,Not For Love,Not For Love,1140004101,確定,繁殖登録番号,B_TARGET再構成＋v9.3既存Mで完成,母父・母母父,0,3,10,13,13,Raise a Native,極,Nashua,極,Count Fleet,極,Nearctic,地,Native Dancer,極,Mahmoud,極,Tom Fool,極,War Admiral,極,Blue Larkspur,バ,極・極・極｜地・極・極｜極・極・バ,
ID:1140004124,Olympio,Olympio,1140004124,確定,繁殖登録番号,B_TARGET再構成＋v9.3既存Mで完成,母父・母母父,0,1,12,13,13,Nasram,極,Le Haar,極,Fastnet,極,Crimson Satan,極,Prince Bio,極,Mat de Cocagne,極,Turn-to,極,Bull Lea,極,War Admiral,極,極・極・極｜極・極・極｜極・極・極,
ID:1140007267,Practical Joke,Practical Joke,1140007267,確定,繁殖登録番号,A_v9.3直接完成,父・母父,12,1,0,13,13,Harlan's Holiday,地,Tricky Creek,地,Stop the Music,極,Forty Niner,地,Danzig,地,Mr. Leader,極,Timeless Moment,極,What a Pleasure,極,Princequillo,極,地-地-極 | 地-地-極 | 極-極-極,
ID:1130000169,Raise a Native,Raise a Native,1130000169,確定,繁殖登録番号,Z_v9.27_TARGET系譜不足枝0扱いで完成,母母父,0,0,13,13,,Polynesian,極,Discovery,極,John P.Grier,バ,Teddy,バ,Ultimus,バ,Voter,バ,Man o'War,極,,バ,,バ,極・極・バ｜バ・バ・バ｜極・バ・バ,
ID:1140005918,Rock Hard Ten,Rock Hard Ten,1140005918,確定,繁殖登録番号,A_v9.3直接完成,母父,0,13,0,13,13,Roberto,極,Princequillo,極,,バ,Raise a Native,極,Nashua,極,Count Fleet,極,Bold Ruler,極,,バ,,バ,極-極-バ | 極-極-極 | 極-バ-バ,
ID:1140004398,Roy,Roy,1140004398,確定,繁殖登録番号,B_TARGET再構成＋v9.3既存Mで完成,母父・母母父,0,2,11,13,13,Mr. Prospector,極,Dr. Fager,極,Correlation,極,Nasrullah,極,Djeddah,極,Bimelech,極,Johns Joy,極,Heliopolis,地,Sir Gallahad,極,極・極・極｜極・極・極｜極・地・極,
ID:1140002555,Shaadi,Shaadi,1140002555,確定,繁殖登録番号,Y_v9.26残件祖先固定8代欠損0運用確定で完成,母母父,0,0,13,13,,Northern Dancer,地,Admiral's Voyage,バ,Petition,極,Tom Rolfe,極,War Admiral,極,Tourbillon,極,Bull Dog,極,Busy American,バ,Leonardo,バ,地・バ・極｜極・極・極｜極・バ・バ,
ID:1140006451,Sligo Bay,Sligo Bay,1140006451,確定,繁殖登録番号,A_v9.3直接完成,母父,0,13,0,13,13,Northern Dancer,地,Bold Reason,極,Forli,地,Hail to Reason,極,Cosmic Bomb,極,Mahmoud,極,Vandale,極,Escamillo,極,Firdaussi,極,地-極-地 | 極-極-極 | 極-極-極,
ID:1140006500,Spanish Steps,Spanish Steps,1140006500,確定,繁殖登録番号,A_v9.3直接完成,母父・母母父,0,4,9,13,13,Fappiano,極,Le Fabuleux,極,In Reality,極,Fortino,極,Chamossaire,極,Solario,極,Olympia,地,Royal Charger,極,Mahmoud,極,極-極-極 | 極-極-極 | 地-極-極,
ID:1140006459,Sunriver,Sunriver,1140006459,確定,繁殖登録番号,A_v9.3直接完成,母父・母母父,0,7,6,13,13,Halo,極,Herbager,極,Cohoes,極,Northern Dancer,地,Maribeau,極,Double Jay,極,Red God,極,Wild Risk,極,Tudor Minstrel,地,極-極-極 | 地-極-極 | 極-極-地,
ID:1140005864,Van Nistelrooy,Van Nistelrooy,1140005864,確定,繁殖登録番号,A_v9.3直接完成,母父・母母父,0,10,3,13,13,Storm Bird,地,Secretariat,極,Crimson Satan,極,Hail to Reason,極,Cosmic Bomb,極,Mahmoud,極,Nearctic,地,Native Dancer,極,Mahmoud,極,地-極-極 | 極-極-極 | 地-極-極,
ID:1140004236,Winning,Winning,1140004236,確定,繁殖登録番号,F_v9.4-v9.8追加祖先反映で完成,母母父,0,0,13,13,,Northern Dancer,地,Bull Page,極,Menow,極,Native Dancer,極,Case Ace,バ,American Flag,極,Tom Fool,極,Bull Lea,極,The Porter,バ,地・極・極｜極・バ・極｜極・極・バ,
ID:1140005422,Yes It's True,Yes It's True,1140005422,確定,繁殖登録番号,A_v9.3直接完成,母父・母母父,0,11,2,13,13,Raja Baba,極,Proudest Roman,極,Dead Ahead,極,Icecapade,バ,Better Bee,バ,Djeddah,極,Royal Ascot,極,Bolero,極,,バ,極-極-極 | バ-バ-極 | 極-極-バ,
ID:1120000741,アスワン,アスワン,1120000741,確定,繁殖登録番号,C_v9.4+v9.5追加祖先反映で完成,母父・母母父,0,1,12,13,,Northern Dancer,地,Victoria Park,極,Hyperion,地,Nasrullah,極,Djeddah,極,Bimelech,極,Sir Gallahad,極,Buchan,極,Ultimus,バ,地・極・地｜極・極・極｜極・極・バ,
ID:1120001085,ウインドストース,ウインドストース,1120001085,確定,繁殖登録番号,Z_v9.27_TARGET系譜不足枝0扱いで完成,母母父,0,0,13,13,,テスコボーイ,地,Your Host,地,Easton,極,Relic,極,Pherozshah,極,Easton,極,Hyperion,地,,バ,,バ,地・地・極｜極・極・極｜地・バ・バ,
ID:1120001669,エイシンワシントン,エイシンワシントン,1120001669,確定,繁殖登録番号,B_TARGET再構成＋v9.3既存Mで完成,母父・母母父,0,9,4,13,13,Damascus,極,Francis S.,極,Correlation,極,Pretense,地,Princequillo,極,Sickle,極,Princequillo,極,Count Fleet,極,Blue Larkspur,バ,極・極・極｜地・極・極｜極・極・バ,
ID:1120002414,エーシントップ,エーシントップ,1120002414,確定,繁殖登録番号,A_v9.3直接完成,父,13,0,0,13,13,Storm Cat,地,Mr. Prospector,極,Honest Pleasure,極,Unbridled,極,Caro,極,Lucky Mel,地,Northern Dancer,地,Admiral's Voyage,バ,Petition,極,地-極-極 | 極-極-地 | 地-バ-極,
ID:1120000981,スプレンデイドモーメント,スプレンデイドモーメント,1120000981,確定,繁殖登録番号,Z_v9.27_TARGET系譜不足枝0扱いで完成,母母父,0,0,13,13,,Northern Dancer,地,New Providence,極,Chop Chop,極,Ragusa,極,Ballyogan,極,Bois Roussel,極,Arctic Star,極,Man o'War,極,,バ,地・極・極｜極・極・極｜極・極・バ,
ID:1120001680,タイキブリザード,タイキブリザード,1120001680,確定,繁殖登録番号,B_TARGET再構成＋v9.3既存Mで完成,母母父,0,0,13,13,13,Bold Reasoning,極,Poker,極,Jet Action,極,Sheshoon,極,Ratification,極,Cranach,極,Turn-to,極,Blue Swords,極,Sir Gallahad,極,極・極・極｜極・極・極｜極・極・極,
ID:1110000795,テスコボーイ,テスコボーイ,1110000795,確定,繁殖登録番号,Z_v9.27_TARGET系譜不足枝0扱いで完成,母母父,0,0,13,13,,Nasrullah,極,Blue Peter,極,Blandford,極,Gainsborough,極,Chaucer,極,Minoru,バ,Solario,極,Friar Marcus,極,,バ,極・極・極｜極・極・バ｜極・極・バ,
ID:1120002360,トウケイヘイロー,トウケイヘイロー,1120002360,確定,繁殖登録番号,A_v9.3直接完成,父,13,0,0,13,13,サンデーサイレンス,地,Seeking the Gold,極,Northern Dancer,地,Mill Reef,バ,Ragusa,極,Grey Sovereign,極,Northern Dancer,地,Victoria Park,極,Hyperion,地,地-極-地 | バ-極-極 | 地-極-地,
ID:1120000938,トウシヨウペガサス,トウシヨウペガサス,1120000938,確定,繁殖登録番号,H_v9.4-v9.10追加祖先反映で完成,母母父,0,0,13,13,,Luthier,極,Prudent,極,Relic,極,Relic,極,Pherozshah,極,Easton,極,Alibhai,地,Mahmoud,極,Clarissimus,極,極・極・極｜極・極・極｜地・極・極,
ID:1120002444,トーセンレーヴ,トーセンレーヴ,1120002444,確定,繁殖登録番号,A_v9.3直接完成,父,13,0,0,13,13,サンデーサイレンス,地,Alzao,バ,Busted,極,Nijinsky,バ,Round Table,極,Hail to Reason,極,Sir Gaylord,極,Court Martial,極,Hyperion,地,地-バ-極 | バ-極-極 | 極-極-地,
ID:1120000994,フオテイテン,フオテイテン,1120000994,確定,繁殖登録番号,B_TARGET再構成＋v9.3既存Mで完成,母父・母母父,0,3,10,13,13,Northern Dancer,地,Forli,地,Nantallah,極,Never Bend,極,Princequillo,極,Count Fleet,極,Turn-to,極,Princequillo,極,Caruso,バ,地・地・極｜極・極・極｜極・極・バ,
ID:1120001860,メイショウドトウ,メイショウドトウ,1120001860,確定,繁殖登録番号,A_v9.3直接完成,母父・母母父,0,7,6,13,13,Last Tycoon,地,Posse,地,Major Portion,極,Exclusive Native,極,Crafty Admiral,極,Volcanic,極,Northern Dancer,地,Bull Page,極,Menow,極,地-地-極 | 極-極-極 | 地-極-極,
ID:1120001238,ルション,ルション,1120001238,確定,繁殖登録番号,I_v9.11_TARGET固定8代年代境界反映で完成,母母父,0,0,13,13,,Never Bend,極,Prince John,極,Roman,極,Raise a Native,極,Nashua,極,Heliopolis,地,Shannon,極,Hyperion,地,Bachelor's Double,バ,極・極・極｜極・極・地｜極・地・バ,
ID:1120002566,レッドベルジュール,レッドベルジュール,1120002566,確定,繁殖登録番号,A_v9.3直接完成,父,13,0,0,13,13,サンデーサイレンス,地,Alzao,バ,Busted,極,Unbridled,極,Caro,極,Lucky Mel,地,Storm Bird,地,Secretariat,極,Crimson Satan,極,地-バ-極 | 極-極-地 | 地-極-極,
ID:1120002309,ロードバリオス,ロードバリオス,1120002309,確定,繁殖登録番号,A_v9.3直接完成,父,13,0,0,13,13,Roberto,極,Graustark,地,Hasty Road,極,Storm Bird,地,Secretariat,極,Crimson Satan,極,His Majesty,地,Tudor Minstrel,地,Swoon's Son,極,極-地-極 | 地-極-極 | 地-地-極,
ID:1140004184,Alwasmi,Alwasmi,1140004184,確定,繁殖登録番号,B_TARGET再構成＋v9.3既存Mで完成,母母父,0,0,12,12,12,Nearctic,地,Native Dancer,極,Mahmoud,極,Busted,極,Doutelle,極,Fairway,極,March Past,極,Vilmorin,極,Fair Trial,極,地・極・極｜極・極・極｜極・極・極,
ID:1140002373,Alysheba,Alysheba,1140002373,確定,繁殖登録番号,F_v9.4-v9.8追加祖先反映で完成,母母父,0,0,12,12,,Raise a Native,極,On-and-On,極,Ponder,地,Nantallah,極,Gold Bridge,極,Blandford,極,Man o'War,極,Sweep,バ,Harry of Hereford,極,極・極・地｜極・極・極｜極・バ・極,
ID:1140006818,Astronomer Royal,Astronomer Royal,1140006818,確定,繁殖登録番号,A_v9.3直接完成,母父・母母父,0,11,1,12,12,Northern Dancer,地,Admiral's Voyage,バ,Petition,極,Alydar,バ,Buckpasser,極,To Market,極,Northern Dancer,地,Buckpasser,極,Traffic Judge,地,地-バ-極 | バ-極-極 | 地-極-地,
ID:1140003659,Bahri,Bahri,1140003659,確定,繁殖登録番号,B_TARGET再構成＋v9.3既存Mで完成,母父・母母父,0,2,10,12,12,Never Bend,極,Prince John,極,Roman,極,Northern Dancer,地,Bull Page,極,Menow,極,Bold Ruler,極,To Market,極,Princequillo,極,極・極・極｜地・極・極｜極・極・極,
ID:1140003279,Black Tie Affair,Black Tie Affair,1140003279,確定,繁殖登録番号,B_TARGET再構成＋v9.3既存Mで完成,母父・母母父,0,1,11,12,12,Mr. Prospector,極,Buckpasser,極,Princequillo,極,The Axe,極,Abernant,地,Big Game,極,Bold Ruler,極,Ambiorix,極,Menow,極,極・極・極｜極・地・極｜極・極・極,
ID:1140006453,Cactus Ridge,Cactus Ridge,1140006453,確定,繁殖登録番号,A_v9.3直接完成,母父・母母父,0,7,5,12,12,Storm Cat,地,Hawaii,バ,Tom Cat,極,Mr. Prospector,極,Lyphard,バ,High Hat,地,Northern Dancer,地,Admiral's Voyage,バ,Petition,極,地-バ-極 | 極-バ-地 | 地-バ-極,
ID:1140006972,Cairo Prince,Cairo Prince,1140006972,確定,繁殖登録番号,A_v9.3直接完成,父・母父,5,7,0,12,12,Empire Maker,地,Lord At War,地,Key to the Kingdom,極,Great Above,極,Al Hattab,バ,Grey Dawn,極,Damascus,極,Bold Ruler,極,Revoked,極,地-地-極 | 極-バ-極 | 極-極-極,
ID:1140006648,Canford Cliffs,Canford Cliffs,1140006648,確定,繁殖登録番号,A_v9.3直接完成,父・母父,1,11,0,12,12,Taufan,極,Standaan,バ,Busted,極,Last Tycoon,地,Artaius,バ,Welsh Pageant,地,Northern Dancer,地,Court Martial,極,Formor,極,極-バ-極 | 地-バ-地 | 地-極-極,
ID:1140006853,Catcher In The Rye,Catcher In The Rye,1140006853,確定,繁殖登録番号,A_v9.3直接完成,母父,0,12,0,12,12,Danzig,地,His Majesty,地,Buckpasser,極,Shirley Heights,バ,Abdos,極,Venture,極,Nijinsky,バ,Round Table,極,Hail to Reason,極,地-地-極 | バ-極-極 | バ-極-極,
ID:1140004407,Charismatic,Charismatic,1140004407,確定,繁殖登録番号,A_v9.3直接完成,母父・母母父,0,7,5,12,12,Storm Bird,地,Secretariat,極,Buckpasser,極,Sir Gaylord,極,Tom Fool,極,Mahmoud,極,Bold Ruler,極,Mahmoud,極,,バ,地-極-極 | 極-極-極 | 極-極-バ,
ID:1140004263,Classic Go Go,Classic Go Go,1140004263,確定,繁殖登録番号,Y_v9.26残件祖先固定8代欠損0運用確定で完成,母母父,0,0,12,12,,Matrice,極,Abbots Fell,極,Talking,極,Nasrullah,極,Djeddah,極,Bimelech,極,Stalino,地,Furrokh Siyar,極,Obliterate,バ,極・極・極｜極・極・極｜地・極・バ,
ID:1140001409,Clever Trick,Clever Trick,1140001409,確定,繁殖登録番号,Z_v9.27_TARGET系譜不足枝0扱いで完成,母母父,0,0,12,12,,Nearctic,地,Native Dancer,極,Fighting Fox,極,Triplicate,バ,,バ,,バ,Djebel,極,Asterus,極,Durbar,極,地・極・極｜バ・バ・バ｜極・極・極,
ID:1140003291,Cryptoclearance,Cryptoclearance,1140003291,確定,繁殖登録番号,Z_v9.27_TARGET系譜不足枝0扱いで完成,母父・母母父,0,3,9,12,,Mr. Prospector,極,Dr. Fager,極,Correlation,極,Tom Rolfe,極,War Admiral,極,Tourbillon,極,Princequillo,極,John P.Grier,バ,,バ,極・極・極｜極・極・極｜極・バ・バ,
ID:1140004489,Desert Prince,Desert Prince,1140004489,確定,繁殖登録番号,A_v9.3直接完成,母父・母母父,0,4,8,12,12,Danzig,地,Sir Ivor,極,Never Bend,極,Busted,極,Doutelle,極,Fairway,極,Never Bend,極,Princequillo,極,Count Fleet,極,地-極-極 | 極-極-極 | 極-極-極,
ID:1140006253,Duke of Marmalade,Duke of Marmalade,1140006253,確定,繁殖登録番号,A_v9.3直接完成,母父・母母父,0,7,5,12,12,Danzig,地,His Majesty,地,Buckpasser,極,Mr. Prospector,極,Nureyev,地,Prove Out,地,Raise a Native,極,On-and-On,極,Ponder,地,地-地-極 | 極-地-地 | 極-極-地,
ID:1140006651,Dutch Art,Dutch Art,1140006651,確定,繁殖登録番号,A_v9.3直接完成,父・母父,1,11,0,12,12,Machiavellian,極,Storm Bird,地,Sassafras,バ,Rainbow Quest,極,Irish River,極,Dancer's Image,極,Tumble Wind,極,Coursing,極,Hillary,地,極-地-バ | 極-極-極 | 極-極-地,
ID:1140005777,E Dubai,E Dubai,1140005777,確定,繁殖登録番号,A_v9.3直接完成,母父・母母父,0,8,4,12,12,Raise a Native,極,Nashua,極,Count Fleet,極,General,極,Con Brio,極,Atlas,地,Speak John,極,Never Say Die,極,Preciptic,極,極-極-極 | 極-極-地 | 極-極-極,
ID:1140005711,Falbrav,Falbrav,1140005711,確定,繁殖登録番号,B_TARGET再構成＋v9.3既存Mで完成,母母父,0,0,12,12,12,Northern Dancer,地,Bold Reason,極,Forli,地,Seattle Slew,極,Prince John,極,Mr. Music,極,Ribot,極,Ambiorix,極,Pharamond,極,地・極・地｜極・極・極｜極・極・極,
ID:1140006027,First Samurai,First Samurai,1140006027,確定,繁殖登録番号,A_v9.3直接完成,父・母父,2,10,0,12,12,Storm Cat,地,Rahy,バ,Roberto,極,Northern Dancer,地,Delta Judge,地,Warfare,地,Mr. Prospector,極,Dr. Fager,極,Correlation,極,地-バ-極 | 地-地-地 | 極-極-極,
ID:1140005372,For Really,For Really,1140005372,確定,繁殖登録番号,D_v9.4-v9.6追加祖先反映で完成,母母父,0,0,12,12,,Buckpasser,極,No Robbery,地,Prince Bio,極,Intentionally,極,Rough'n Tumble,極,War Relic,極,Princequillo,極,Bubbling Over,バ,Wrack,バ,極・地・極｜極・極・極｜極・バ・バ,
ID:1140002539,Gold Alert,Gold Alert,1140002539,確定,繁殖登録番号,N_v9.16高影響古血統反映で完成,母父・母母父,0,1,11,12,,Raise a Native,極,Nashua,極,Count Fleet,極,Ribot,極,Battlefield,極,Heliopolis,地,Turn-to,極,Beau Pere,極,Windsor Lad,極,極・極・極｜極・極・地｜極・極・極,
ID:1140006858,Golden Horn,Golden Horn,1140006858,確定,繁殖登録番号,A_v9.3直接完成,父,12,0,0,12,12,Green Desert,地,Ahonoora,バ,Balidar,地,Kingmambo,地,Alleged,地,Seattle Slew,極,Northern Dancer,地,Forli,地,Nantallah,極,地-バ-地 | 地-地-極 | 地-地-極,
ID:1140006154,Hesabull,Hesabull,1140006154,確定,繁殖登録番号,Z_v9.27_TARGET系譜不足枝0扱いで完成,母父・母母父,0,5,7,12,,Sunny's Halo,極,Johnny Appleseed,極,,バ,Jester,極,Olympia,地,Blenheim,極,,バ,,バ,,バ,極・極・バ｜極・地・極｜バ・バ・バ,
ID:1140006510,Lord of England,Lord of England,1140006510,確定,繁殖登録番号,A_v9.3直接完成,母父,0,12,0,12,12,Elegant Air,極,Sharpen Up,地,Tropique,極,Caracol,極,Reliance,極,Niccolo Dell'Arca,極,Birkhahn,極,Masetto,バ,Ticino,極,極-地-極 | 極-極-極 | 極-バ-極,
ID:1140006618,Majesticperfection,Majesticperfection,1140006618,確定,繁殖登録番号,A_v9.3直接完成,父・母父,1,11,0,12,12,Harlan,地,Affirmed,極,Honest Pleasure,極,Majestic Light,地,Buckpasser,極,Better Self,極,Crozier,地,Court Martial,極,Admiral's Walk,地,地-極-極 | 地-極-極 | 地-極-地,
ID:1140006014,Most Welcome,Most Welcome,1140006014,確定,繁殖登録番号,C_v9.4高影響祖先補完で完成,母父・母母父,0,2,10,12,12,Northern Dancer,地,Tudor Minstrel,地,Stymie,極,Sir Gaylord,極,Occupy,極,Challenger,極,Mossborough,極,Singapore,極,Buchan,極,地・地・極｜極・極・極｜極・極・極,
ID:1140006923,Nyquist,Nyquist,1140006923,確定,繁殖登録番号,A_v9.3直接完成,父・母父,11,1,0,12,12,Indian Charlie,地,Arch,地,Dixieland Band,地,Storm Cat,地,Pleasant Colony,バ,Dr. Fager,極,Mr. Prospector,極,Buckpasser,極,Hasty Road,極,地-地-地 | 地-バ-極 | 極-極-極,
ID:1140001927,Pennine Walk,Pennine Walk,1140001927,確定,繁殖登録番号,B_TARGET再構成＋v9.3既存Mで完成,母母父,0,0,12,12,12,Bold Lad (IRE),バ,Relko,極,Blue Peter,極,Forli,地,Nantallah,極,Gold Bridge,極,Swaps,地,Bimelech,極,Blue Larkspur,バ,バ・極・極｜地・極・極｜地・極・バ,
ID:1140003629,Private Terms,Private Terms,1140003629,確定,繁殖登録番号,F_v9.4-v9.8追加祖先反映で完成,母母父,0,0,12,12,,Damascus,極,Buckpasser,極,Swaps,地,Nasrullah,極,Discovery,極,Pompey,極,Polynesian,極,Discovery,極,John P.Grier,バ,極・極・地｜極・極・極｜極・極・バ,
ID:1130001372,Roberto,Roberto,1130001372,確定,繁殖登録番号,Y_v9.26残件祖先固定8代欠損0運用確定で完成,母母父,0,0,12,12,,Turn-to,極,Blue Swords,極,Sir Gallahad,極,Nasrullah,極,Johnstown,極,Sardanapale,極,Bull Dog,極,Ballot,バ,Trenton,バ,極・極・極｜極・極・極｜極・バ・バ,
ID:1140006668,Shanghai Bobby,Shanghai Bobby,1140006668,確定,繁殖登録番号,A_v9.3直接完成,父・母父,3,9,0,12,12,Harlan,地,Affirmed,極,Honest Pleasure,極,Mt. Livermore,バ,Cox's Ridge,バ,Nodouble,バ,Mr. Prospector,極,Blushing Groom,極,Nijinsky,バ,地-極-極 | バ-バ-バ | 極-極-バ,
ID:1130001359,Stop the Music,Stop the Music,1130001359,確定,繁殖登録番号,X_v9.25_TARGET固定8代安全確定反映,母母父,0,0,12,12,,Turn-to,極,Blue Swords,極,Sir Gallahad,極,Menow,極,Bull Dog,極,Equipoise,バ,Prince Rose,極,Bacteriophage,極,Cadum,極,極・極・極｜極・極・バ｜極・極・極,
ID:1140006566,Tapizar,Tapizar,1140006566,確定,繁殖登録番号,A_v9.3直接完成,父・母父,4,8,0,12,12,Pulpit,地,Unbridled,極,Nijinsky,バ,Vice Regent,バ,Bunty's Flight,極,Jabneh,極,Icecapade,バ,Khaled,地,Dante,極,地-極-バ | バ-極-極 | バ-地-極,
ID:1140006714,Temple City,Temple City,1140006714,確定,繁殖登録番号,A_v9.3直接完成,父・母父,3,9,0,12,12,Roberto,極,His Majesty,地,Olympia,地,Northern Dancer,地,Admiral's Voyage,バ,Petition,極,Raise a Native,極,Nashua,極,Count Fleet,極,極-地-地 | 地-バ-極 | 極-極-極,
ID:1140001561,Top Ville,Top Ville,1140001561,確定,繁殖登録番号,Y_v9.26残件祖先固定8代欠損0運用確定で完成,母母父,0,0,12,12,,Derring-Do,バ,Vimy,極,Court Martial,極,Prince Chevalier,極,Nearco,極,Singapore,極,Deux pour Cent,バ,Indus,バ,Blandford,極,バ・極・極｜極・極・極｜バ・バ・極,
ID:1140003118,Unfuwain,Unfuwain,1140003118,確定,繁殖登録番号,B_TARGET再構成＋v9.3既存Mで完成,母父・母母父,0,1,11,12,12,Nearctic,地,Native Dancer,極,Mahmoud,極,Busted,極,Doutelle,極,Fairway,極,March Past,極,Vilmorin,極,Fair Trial,極,地・極・極｜極・極・極｜極・極・極,
ID:1140004359,Wagon Master,Wagon Master,1140004359,確定,繁殖登録番号,B_TARGET再構成＋v9.3既存Mで完成,母父・母母父,0,1,11,12,12,Blushing Groom,極,Herbager,極,Raise a Native,極,Kalamoun,極,Timmy Lad,極,Antares,地,Prince Chevalier,極,Nearco,極,Singapore,極,極・極・極｜極・極・地｜極・極・極,
ID:1140004542,You and I,You and I,1140004542,確定,繁殖登録番号,Z_v9.27_TARGET系譜不足枝0扱いで完成,母母父,0,0,12,12,,Roberto,極,Princequillo,極,Occupy,極,,バ,,バ,,バ,,バ,,バ,,バ,極・極・極｜バ・バ・バ｜バ・バ・バ,
ID:1120001971,アグネスフライト,アグネスフライト,1120001971,確定,繁殖登録番号,A_v9.3直接完成,母父・母母父,0,11,1,12,12,Halo,極,Understanding,極,Montparnasse,地,Raja Baba,極,Involvement,極,Tournoi,極,Alcide,地,Palestine,極,,バ,極-極-地 | 極-極-極 | 地-極-バ,
ID:1120001492,カリスタグローリ,カリスタグローリ,1120001492,確定,繁殖登録番号,Z_v9.27_TARGET系譜不足枝0扱いで完成,母父・母母父,0,10,2,12,,Never Bend,極,Roman,極,Sun Again,バ,Princely Gift,極,Hyperion,地,Dastur,極,Fairway,極,Dark Legend,極,,バ,極・極・バ｜極・地・極｜極・極・バ,
ID:1120002010,シルバーチャーム,シルバーチャーム,1120002010,確定,繁殖登録番号,Y_v9.26残件祖先固定8代欠損0運用確定で完成,母父・母母父,0,11,1,12,,Buckpasser,極,Hail to Reason,極,Mahmoud,極,Round Table,極,Nasrullah,極,War Admiral,極,Market Wise,極,Isolater,バ,Sir Gallahad,極,極・極・極｜極・極・極｜極・バ・極,
ID:1120002162,ジャイアントレッカー,ジャイアントレッカー,1120002162,確定,繁殖登録番号,A_v9.3直接完成,父・母父,1,11,0,12,12,Storm Cat,地,Rahy,バ,Roberto,極,Buckpasser,極,No Robbery,地,Prince Bio,極,Mahmoud,極,Shut Out,極,Blue Larkspur,バ,地-バ-極 | 極-地-極 | 極-極-バ,
ID:1120000987,スリルシヨー,スリルシヨー,1120000987,確定,繁殖登録番号,B_TARGET再構成＋v9.3既存Mで完成,母母父,0,0,12,12,12,Northern Dancer,地,Round Table,極,Bagdad,極,Right Royal,地,Princequillo,極,Case Ace,バ,Nasrullah,極,Eight Thirty,極,Sir Gallahad,極,地・極・極｜地・極・バ｜極・極・極,
ID:1120001430,ダイタクヘリオス,ダイタクヘリオス,1120001430,確定,繁殖登録番号,Z_v9.27_TARGET系譜不足枝0扱いで完成,母母父,0,0,12,12,,ダンデイルート,極,ミンスキー,バ,サウンドトラツク,極,Never Say Die,極,Big Game,極,Nearco,極,Fairway,極,Dark Legend,極,,バ,極・バ・極｜極・極・極｜極・極・バ,
ID:1120002083,テレグノシス,テレグノシス,1120002083,確定,繁殖登録番号,A_v9.3直接完成,母父・母母父,0,9,3,12,12,Kampala,極,Hornbeam,地,Preciptic,極,Northern Dancer,地,Victoria Park,極,Hyperion,地,Bold Ruler,極,Princequillo,極,,バ,極-地-極 | 地-極-地 | 極-極-バ,
ID:1120002448,ドリームバレンチノ,ドリームバレンチノ,1120002448,確定,繁殖登録番号,A_v9.3直接完成,父,12,0,0,12,12,Devil His Due,バ,Speak John,極,Clandestine,極,Seeking the Gold,極,Lypheor,バ,Secretariat,極,Never Bend,極,Roman,極,Sun Again,バ,バ-極-極 | 極-バ-極 | 極-極-バ,
ID:1120001253,フェアジャッジメント,フェアジャッジメント,1120001253,確定,繁殖登録番号,X_v9.25_TARGET固定8代安全確定反映,母母父,0,0,12,12,,Hoist the Flag,極,Prince John,極,Determine,地,Hail to Reason,極,Nashua,極,Bull Lea,極,Misty Flight,極,Sunglow,極,Sun Teddy,極,極・極・地｜極・極・極｜極・極・極,
ID:1120001058,プリンスオブバーズ,プリンスオブバーズ,1120001058,確定,繁殖登録番号,B_TARGET再構成＋v9.3既存Mで完成,母母父,0,0,12,12,12,Northern Dancer,地,New Providence,極,Chop Chop,極,Graustark,地,Princequillo,極,War Admiral,極,Tom Fool,極,War Admiral,極,Blue Larkspur,バ,地・極・極｜地・極・極｜極・極・バ,
ID:1120001048,ベリフア,ベリフア,1120001048,確定,繁殖登録番号,B_TARGET再構成＋v9.3既存Mで完成,母母父,0,0,12,12,12,Northern Dancer,地,Court Martial,極,Formor,極,Wild Risk,極,Verso,極,Easton,極,Royal Charger,極,Majano,極,Grand Guignol,極,地・極・極｜極・極・極｜極・極・極,
ID:1120000736,ホスピタリテイ,ホスピタリテイ,1120000736,確定,繁殖登録番号,Y_v9.26残件祖先固定8代欠損0運用確定で完成,母母父,0,0,12,12,,Tudor Melody,バ,Hugh Lupus,極,Chanteur,極,Bull Lea,極,War Admiral,極,Sir Gallahad,極,Souverain,極,Cameronian,極,Son-in-Law,バ,バ・極・極｜極・極・極｜極・極・バ,
ID:1120002643,ホットロッドチャーリー,ホットロッドチャーリー,1120002643,確定,繁殖登録番号,A_v9.3直接完成,父,12,0,0,12,12,Awesome Again,地,Cee's Tizzy,バ,Seattle Song,極,In Excess,地,Leo Castelli,地,Diplomat Way,極,Two Punch,極,Magesterial,地,King Emperor,極,地-バ-極 | 地-地-極 | 極-地-極,
ID:1120001476,ヤマニンゼファー,ヤマニンゼファー,1120001476,確定,繁殖登録番号,I_v9.11_TARGET固定8代年代境界反映で完成,母父・母母父,0,1,11,12,,ステイールハート,地,チヤイナロツク,地,ライジングフレーム,極,Red God,極,Wild Risk,極,Tudor Minstrel,地,Bubbles,極,Brantome,極,Tetratema,極,地・地・極｜極・極・地｜極・極・極,
ID:1120001779,ワレンダー,ワレンダー,1120001779,確定,繁殖登録番号,B_TARGET再構成＋v9.3既存Mで完成,母父・母母父,0,7,5,12,12,Mr. Prospector,極,Rambunctious,地,Seven Corners,極,Bold Bidder,極,Spy Song,極,Mahmoud,極,Persian Gulf,極,Dante,極,King Salmon,極,極・地・極｜極・極・極｜極・極・極,
ID:1140001326,Ahonoora,Ahonoora,1140001326,確定,繁殖登録番号,T_v9.21高影響祖先反映で完成,母母父,0,0,11,11,,Klairon,極,The Phoenix,極,Big Game,極,Hill Gail,極,Court Martial,極,Figaro,極,Panorama,極,Fair Trial,極,Solario,極,極・極・極｜極・極・極｜極・極・極,
ID:1140003890,Charnwood Forest,Charnwood Forest,1140003890,確定,繁殖登録番号,B_TARGET再構成＋v9.3既存Mで完成,母父・母母父,0,3,8,11,11,Known Fact,バ,Roberto,極,Raise a Native,極,Northern Dancer,地,Bold Reason,極,Forli,地,Endeavour,極,Hyperion,地,Winalot,極,バ・極・極｜地・極・地｜極・地・極,
ID:1140006246,Confidential Talk,Confidential Talk,1140006246,確定,繁殖登録番号,B_TARGET再構成＋v9.3既存Mで完成,母母父,0,0,11,11,11,Sword Dancer,極,My Babu,極,Sickle,極,Northern Dancer,地,Court Martial,極,Formor,極,Tom Fool,極,War Admiral,極,Blue Larkspur,バ,極・極・極｜地・極・極｜極・極・バ,
ID:1140006851,Constitution,Constitution,1140006851,確定,繁殖登録番号,A_v9.3直接完成,父・母父,10,1,0,11,11,Pulpit,地,Unbridled,極,Nijinsky,バ,Forty Niner,地,Danzig,地,Mr. Leader,極,Storm Bird,地,Seattle Slew,極,Prince John,極,地-極-バ | 地-地-極 | 地-極-極,
ID:1140006477,Country Reel,Country Reel,1140006477,確定,繁殖登録番号,A_v9.3直接完成,母父・母母父,0,8,3,11,11,Northern Dancer,地,Admiral's Voyage,バ,Petition,極,Bold Reasoning,極,Poker,極,Jet Action,極,Vaguely Noble,地,Sir Gaylord,極,My Babu,極,地-バ-極 | 極-極-極 | 地-極-極,
ID:1140003898,De Ramiro,De Ramiro,1140003898,確定,繁殖登録番号,Z_v9.27_TARGET系譜不足枝0扱いで完成,母母父,0,0,11,11,,King of the Castle,極,Le Haar,極,Delirium,極,Seductor,極,,バ,,バ,The Yuvaraj,極,Donatello,極,Caerleon,バ,極・極・極｜極・バ・バ｜極・極・バ,
ID:1140003719,Diablo,Diablo,1140003719,確定,繁殖登録番号,Z_v9.27_TARGET系譜不足枝0扱いで完成,母父・母母父,0,1,10,11,,Halo,極,Herbager,極,Cohoes,極,Bold Ruler,極,Eight Thirty,極,Pharis,極,Heliopolis,地,Stimulus,バ,,バ,極・極・極｜極・極・極｜地・バ・バ,
ID:1140004709,Edgy Diplomat,Edgy Diplomat,1140004709,確定,繁殖登録番号,B_TARGET再構成＋v9.3既存Mで完成,母母父,0,0,11,11,11,Vice Regent,バ,Bunty's Flight,極,Jabneh,極,Bold Ruler,極,Princequillo,極,Caruso,バ,Princequillo,極,Count Fleet,極,Blue Larkspur,バ,バ・極・極｜極・極・バ｜極・極・バ,
ID:1140003216,Geiger Counter,Geiger Counter,1140003216,確定,繁殖登録番号,Z_v9.27_TARGET系譜不足枝0扱いで完成,母母父,0,0,11,11,,Raise a Native,極,Nashua,極,Count Fleet,極,Nasrullah,極,Flares,極,Stimulus,バ,Swynford or Golden Boss,バ,Diadumenos,バ,,バ,極・極・極｜極・極・バ｜バ・バ・バ,
ID:1140004621,Horse Chestnut,Horse Chestnut,1140004621,確定,繁殖登録番号,A_v9.3直接完成,母父・母母父,0,1,10,11,11,Sadler's Wells,地,Pretense,地,Swaps,地,Wilwyn,極,Shantung,地,Never Say Die,極,Nasrullah,極,,バ,,バ,地-地-地 | 極-地-極 | 極-バ-バ,
ID:1140003197,Housebuster,Housebuster,1140003197,確定,繁殖登録番号,B_TARGET再構成＋v9.3既存Mで完成,母母父,0,0,11,11,11,Blushing Groom,極,Crimson Satan,極,Reneged,極,Minnesota Mac,極,Intentionally,極,Better Self,極,Never Bend,極,Hasty Road,極,Pilate,極,極・極・極｜極・極・極｜極・極・極,
ID:1130000879,Icecapade,Icecapade,1130000879,確定,繁殖登録番号,Z_v9.27_TARGET系譜不足枝0扱いで完成,母母父,0,0,11,11,,Nearco,極,Hyperion,地,Abbots Trace,極,Polynesian,極,Discovery,極,John P.Grier,バ,Sir Gallahad,極,Celt,バ,,バ,極・地・極｜極・極・バ｜極・バ・バ,
ID:1140006721,Kodiac,Kodiac,1140006721,確定,繁殖登録番号,A_v9.3直接完成,母父,0,11,0,11,11,Danzig,地,His Majesty,地,Buckpasser,極,Sharpen Up,地,Reliance,極,Crepello,極,Round Table,極,My Babu,極,Hyperion,地,地-地-極 | 地-極-極 | 極-極-地,
ID:1140004736,Legal Case,Legal Case,1140004736,確定,繁殖登録番号,B_TARGET再構成＋v9.3既存Mで完成,母母父,0,0,11,11,11,Hoist the Flag,極,Prince John,極,Determine,地,Nearctic,地,Native Dancer,極,Mahmoud,極,Princequillo,極,Sir Cosmo,極,Friar Marcus,極,極・極・地｜地・極・極｜極・極・極,
ID:1140006356,Midnight Lute,Midnight Lute,1140006356,確定,繁殖登録番号,A_v9.3直接完成,父・母父,3,8,0,11,11,Quiet American,地,Believe It,地,Raise a Native,極,Deputy Minister,地,Secretariat,極,Damascus,極,Olden Times,極,Blue Prince,極,,バ,地-地-極 | 地-極-極 | 極-極-バ,
ID:1140004120,Montbrook,Montbrook,1140004120,確定,繁殖登録番号,Y_v9.26残件祖先固定8代欠損0運用確定で完成,母父・母母父,0,3,8,11,,Buckpasser,極,No Robbery,地,Prince Bio,極,Explodent,地,Sir Ruler,極,Olympia,地,Nashua,極,Princequillo,極,Ksar,バ,極・地・極｜地・極・地｜極・極・バ,
ID:1140002778,Moscow Ballet,Moscow Ballet,1140002778,確定,繁殖登録番号,F_v9.4-v9.8追加祖先反映で完成,母父・母母父,0,5,6,11,,Northern Dancer,地,Bull Page,極,Menow,極,Bold Ruler,極,Eight Thirty,極,Pharis,極,Prince Rose,極,Papyrus,極,White Eagle,バ,地・極・極｜極・極・極｜極・極・バ,
ID:1140005351,Nayef,Nayef,1140005351,確定,繁殖登録番号,A_v9.3直接完成,母父・母母父,0,9,2,11,11,Mr. Prospector,極,Rambunctious,地,Seven Corners,極,Busted,極,Doutelle,極,Fairway,極,March Past,極,Vilmorin,極,Fair Trial,極,極-地-極 | 極-極-極 | 極-極-極,
ID:1140006949,New Bay,New Bay,1140006949,確定,繁殖登録番号,A_v9.3直接完成,父,11,0,0,11,11,Dubai Millennium,地,Deploy,バ,ダンシングブレーヴ,バ,Gone West,地,The Minstrel,バ,Right Tack,バ,Northern Dancer,地,Bold Reason,極,Forli,地,地-バ-バ | 地-バ-バ | 地-極-地,
ID:1140005853,Observatory,Observatory,1140005853,確定,繁殖登録番号,A_v9.3直接完成,母父・母母父,0,7,4,11,11,Mr. Prospector,極,Irish River,極,Lyphard,バ,Hail to Reason,極,Nashua,極,Bull Lea,極,Nearctic,地,Native Dancer,極,Mahmoud,極,極-極-バ | 極-極-極 | 地-極-極,
ID:1140006563,Ocean Terrace,Ocean Terrace,1140006563,確定,繁殖登録番号,A_v9.3直接完成,母父・母母父,0,5,6,11,11,Halo,極,Herbager,極,Cohoes,極,Miswaki,極,Al Hattab,バ,Bold Commander,極,Ambiorix,極,Eight Thirty,極,Sir Gallahad,極,極-極-極 | 極-バ-極 | 極-極-極,
ID:1140003929,Pentelicus,Pentelicus,1140003929,確定,繁殖登録番号,B_TARGET再構成＋v9.3既存Mで完成,母父・母母父,0,2,9,11,11,Mr. Prospector,極,Dr. Fager,極,Correlation,極,Intentionally,極,Rough'n Tumble,極,War Relic,極,Tom Fool,極,War Admiral,極,Blue Larkspur,バ,極・極・極｜極・極・極｜極・極・バ,
ID:1140004305,Potrillazo,Potrillazo,1140004305,確定,繁殖登録番号,Z_v9.27_TARGET系譜不足枝0扱いで完成,母母父,0,0,11,11,,Good Manners,極,Churrinche,極,Advocate,極,Solazo,地,,バ,,バ,,バ,,バ,,バ,極・極・極｜地・バ・バ｜バ・バ・バ,
ID:1140001462,Seattle Song,Seattle Song,1140001462,確定,繁殖登録番号,D_v9.4-v9.6追加祖先反映で完成,母母父,0,0,11,11,,Bold Reasoning,極,Poker,極,Jet Action,極,Princequillo,極,Bull Dog,極,Blue Larkspur,バ,Mahmoud,極,Buchan,極,Bachelor's Double,バ,極・極・極｜極・極・バ｜極・極・バ,
ID:1140002311,Secreto,Secreto,1140002311,確定,繁殖登録番号,B_TARGET再構成＋v9.3既存Mで完成,母母父,0,0,11,11,11,Nearctic,地,Native Dancer,極,Mahmoud,極,Bold Ruler,極,Princequillo,極,Caruso,バ,Princequillo,極,Count Fleet,極,Blue Larkspur,バ,地・極・極｜極・極・バ｜極・極・バ,
ID:1140002171,Shareef Dancer,Shareef Dancer,1140002171,確定,繁殖登録番号,C_v9.4+v9.5追加祖先反映で完成,母母父,0,0,11,11,,Nearctic,地,Native Dancer,極,Mahmoud,極,Sir Gaylord,極,Mr. Trouble,極,Pharamond,極,Menow,極,Bull Dog,極,Equipoise,バ,地・極・極｜極・極・極｜極・極・バ,
ID:1140001576,Sir Tristram,Sir Tristram,1140001576,確定,繁殖登録番号,F_v9.4-v9.8追加祖先反映で完成,母母父,0,0,11,11,,Sir Gaylord,極,Mr. Trouble,極,Pharamond,極,Princequillo,極,Sir Cosmo,極,Friar Marcus,極,Djebel,極,Badruddin,極,Pharos,極,極・極・極｜極・極・極｜極・極・極,
ID:1140004351,Ski Champ,Ski Champ,1140004351,確定,繁殖登録番号,B_TARGET再構成＋v9.3既存Mで完成,母母父,0,0,11,11,11,Nearctic,地,Native Dancer,極,Fighting Fox,極,Raja Baba,極,Involvement,極,Tournoi,極,Traffic Judge,地,Noor,極,Bull Lea,極,地・極・極｜極・極・極｜地・極・極,
ID:1140006580,Strategic Prince,Strategic Prince,1140006580,確定,繁殖登録番号,A_v9.3直接完成,母父・母母父,0,10,1,11,11,Danehill,地,Kahyasi,地,High Line,地,Sharpen Up,地,Reliance,極,Crepello,極,Red God,極,Guersant,極,His Highness,地,地-地-地 | 地-極-極 | 極-極-地,
ID:1140006506,The Leopard,The Leopard,1140006506,確定,繁殖登録番号,A_v9.3直接完成,母父・母母父,0,7,4,11,11,Storm Bird,地,Secretariat,極,Crimson Satan,極,Raise a Native,極,Nashua,極,Count Fleet,極,Northern Dancer,地,Bull Page,極,Menow,極,地-極-極 | 極-極-極 | 地-極-極,
ID:1140004757,Tobougg,Tobougg,1140004757,確定,繁殖登録番号,A_v9.3直接完成,母父・母母父,0,8,3,11,11,Sadler's Wells,地,Habitat,極,Runnymede,極,Majestic Prince,バ,Ribot,極,Ambiorix,極,Bold Ruler,極,Princequillo,極,,バ,地-極-極 | バ-極-極 | 極-極-バ,
ID:1140004641,Wild Zone,Wild Zone,1140004641,確定,繁殖登録番号,B_TARGET再構成＋v9.3既存Mで完成,母母父,0,0,11,11,11,Icecapade,バ,Khaled,地,Dante,極,Northern Dancer,地,Victoria Park,極,Bull Page,極,Mahmoud,極,Shut Out,極,Blue Larkspur,バ,バ・地・極｜地・極・極｜極・極・バ,
ID:1140006332,Wildcat Heir,Wildcat Heir,1140006332,確定,繁殖登録番号,A_v9.3直接完成,母父・母母父,0,6,5,11,11,Storm Cat,地,Bold Native,極,Seaneen,バ,Fappiano,極,In Reality,極,Buckpasser,極,Never Bend,極,Requested,バ,Bull Dog,極,地-極-バ | 極-極-極 | 極-バ-極,
ID:1120002442,アイファーソング,アイファーソング,1120002442,確定,繁殖登録番号,A_v9.3直接完成,父,11,0,0,11,11,エルコンドルパサー,地,サンデーサイレンス,地,トニービン,地,Deputy Minister,地,Secretariat,極,Damascus,極,Roberto,極,In Reality,極,Moslem Chief,地,地-地-地 | 地-極-極 | 極-極-地,
ID:1120001790,アグネスワールド,アグネスワールド,1120001790,確定,繁殖登録番号,A_v9.3直接完成,母父,0,11,0,11,11,Northern Dancer,地,Admiral's Voyage,バ,Petition,極,Bold Reasoning,極,Poker,極,Jet Action,極,Northern Dancer,地,Court Martial,極,Formor,極,地-バ-極 | 極-極-極 | 地-極-極,
ID:1120002547,アルバート,アルバート,1120002547,確定,繁殖登録番号,A_v9.3直接完成,父,11,0,0,11,11,ティンバーカントリー,地,トニービン,地,Northern Dancer,地,サンデーサイレンス,地,Nijinsky,バ,Key to the Mint,地,Northern Dancer,地,Victoria Park,極,Hyperion,地,地-地-地 | 地-バ-地 | 地-極-地,
ID:1120002054,カルストンライトオ,カルストンライトオ,1120002054,確定,繁殖登録番号,A_v9.3直接完成,父・母父,6,5,0,11,11,Known Fact,バ,Roberto,極,Raise a Native,極,Blushing Groom,極,Donut King,地,Fleet Nasrullah,極,Native Dancer,極,Blenheim,極,,バ,バ-極-極 | 極-地-極 | 極-極-バ,
ID:1120000509,キヤタオラ,キヤタオラ,1120000509,確定,繁殖登録番号,F_v9.4-v9.8追加祖先反映で完成,母母父,0,0,11,11,,Nasrullah,極,Djeddah,極,Bimelech,極,Olympia,地,Nasrullah,極,Beau Pere,極,Djebel,極,Badruddin,極,Pharos,極,極・極・極｜地・極・極｜極・極・極,
ID:1120001382,クリミナルタイプ,クリミナルタイプ,1120001382,確定,繁殖登録番号,Z_v9.27_TARGET系譜不足枝0扱いで完成,母母父,0,0,11,11,,Raise a Native,極,On-and-On,極,Ponder,地,Swaps,地,Bimelech,極,Blue Larkspur,バ,,バ,,バ,,バ,極・極・地｜地・極・バ｜バ・バ・バ,
ID:1120002510,グァンチャーレ,グァンチャーレ,1120002510,確定,繁殖登録番号,A_v9.3直接完成,父,11,0,0,11,11,グラスワンダー,地,サンデーサイレンス,地,ノーザンテースト,地,Devil's Bag,バ,Cornish Prince,極,Olympia,地,Nijinsky,バ,Misti,極,Fastnet Rock,極,地-地-地 | バ-極-地 | バ-極-極,
ID:1120002226,ゴスホークケン,ゴスホークケン,1120002226,確定,繁殖登録番号,A_v9.3直接完成,父,11,0,0,11,11,Storm Cat,地,Affirmed,極,Round Table,極,Gone West,地,El Gran Senor,地,Key to the Mint,地,Roberto,極,Princequillo,極,,バ,地-極-極 | 地-地-地 | 極-極-バ,
ID:1120002340,サンカルロ,サンカルロ,1120002340,確定,繁殖登録番号,A_v9.3直接完成,父・母父,10,1,0,11,11,Kris S.,極,Gold Meridian,地,Tri Jet,バ,Mr. Prospector,極,In Reality,極,Royal Note,極,Northern Dancer,地,Secretariat,極,Prince John,極,極-地-バ | 極-極-極 | 地-極-極,
ID:1120002135,シーキングザダイヤ,シーキングザダイヤ,1120002135,確定,繁殖登録番号,A_v9.3直接完成,母父,0,11,0,11,11,Storm Bird,地,Secretariat,極,Crimson Satan,極,Mr. Prospector,極,Buckpasser,極,Hasty Road,極,Bold Reasoning,極,Poker,極,Jet Action,極,地-極-極 | 極-極-極 | 極-極-極,
ID:1120002624,ステルヴィオ,ステルヴィオ,1120002624,確定,繁殖登録番号,A_v9.3直接完成,父,11,0,0,11,11,キングカメハメハ,地,Storm Cat,地,Cormorant,地,Fairy King,地,Slewpy,極,Lithiot,極,Halo,極,Understanding,極,Montparnasse,地,地-地-地 | 地-極-極 | 極-極-地,
ID:1120002497,スノードラゴン,スノードラゴン,1120002497,確定,繁殖登録番号,A_v9.3直接完成,父,11,0,0,11,11,Cozzene,極,ノーザンテースト,地,Tribal Chief,極,サンデーサイレンス,地,Caro,極,Buckpasser,極,Mill Reef,バ,Ribot,極,Dedicate,極,極-地-極 | 地-極-極 | バ-極-極,
ID:1120001327,スラヴィック,スラヴィック,1120001327,確定,繁殖登録番号,B_TARGET再構成＋v9.3既存Mで完成,母母父,0,0,11,11,11,Northern Dancer,地,Admiral's Voyage,バ,Petition,極,Tom Fool,極,War Admiral,極,Blue Larkspur,バ,Tourbillon,極,Pharos,極,Swynford,極,地・バ・極｜極・極・バ｜極・極・極,
ID:1120000842,ナグルスキー,ナグルスキー,1120000842,確定,繁殖登録番号,B_TARGET再構成＋v9.3既存Mで完成,母母父,0,0,11,11,11,Northern Dancer,地,Bull Page,極,Menow,極,Princequillo,極,Count Fleet,極,Blue Larkspur,バ,Balladier,バ,Whisk Broom,バ,Sain,極,地・極・極｜極・極・バ｜バ・バ・極,
ID:1120001695,ハウスバスター,ハウスバスター,1120001695,確定,繁殖登録番号,B_TARGET再構成＋v9.3既存Mで完成,母父・母母父,0,5,6,11,11,Blushing Groom,極,Crimson Satan,極,Reneged,極,Minnesota Mac,極,Intentionally,極,Better Self,極,Never Bend,極,Hasty Road,極,Pilate,極,極・極・極｜極・極・極｜極・極・極,
ID:1120002560,ブルドッグボス,ブルドッグボス,1120002560,確定,繁殖登録番号,A_v9.3直接完成,父,11,0,0,11,11,サンデーサイレンス,地,ノーザンテースト,地,Crimson Satan,極,Danzig,地,His Majesty,地,Buckpasser,極,Green Dancer,バ,High Top,バ,セントクレスピン,地,地-地-極 | 地-地-極 | バ-バ-地,
ID:1120002403,ペルーサ,ペルーサ,1120002403,確定,繁殖登録番号,A_v9.3直接完成,父,11,0,0,11,11,サンデーサイレンス,地,Mining,バ,Clever Trick,地,Blushing Groom,極,Lyphard,バ,Prominer,地,Dorileo,地,Pronto,極,Vitelio,極,地-バ-地 | 極-バ-地 | 地-極-極,
ID:1120002524,ユアーズトゥルーリ,ユアーズトゥルーリ,1120002524,確定,繁殖登録番号,A_v9.3直接完成,父,11,0,0,11,11,キングカメハメハ,地,Storm Cat,地,Cormorant,地,Fairy King,地,Slewpy,極,Lithiot,極,Kingmambo,地,Sadler's Wells,地,Seattle Slew,極,地-地-地 | 地-極-極 | 地-地-極,
ID:1120001963,ロサード,ロサード,1120001963,確定,繁殖登録番号,A_v9.3直接完成,母父,0,11,0,11,11,Halo,極,Understanding,極,Montparnasse,地,Northern Dancer,地,Court Martial,極,Formor,極,Bold Ruler,極,Princequillo,極,,バ,極-極-地 | 地-極-極 | 極-極-バ,
ID:1120002443,ヴァンキッシュラン,ヴァンキッシュラン,1120002443,確定,繁殖登録番号,A_v9.3直接完成,父,11,0,0,11,11,サンデーサイレンス,地,Alzao,バ,Busted,極,Sadler's Wells,地,Miswaki,極,Lombard,地,Bering,バ,Green Dancer,バ,Diatome,極,地-バ-極 | 地-極-地 | バ-バ-極,
ID:1140001904,Baillamont,Baillamont,1140001904,確定,繁殖登録番号,T_v9.21高影響祖先反映で完成,母母父,0,0,10,10,,Red God,極,Wild Risk,極,Tudor Minstrel,地,Saint Crespin,地,High Treason,極,Airway,極,Balladier,バ,Peter Hastings,バ,Man o'War,極,極・極・地｜地・極・極｜バ・バ・極,
ID:1140003080,Blushing John,Blushing John,1140003080,確定,繁殖登録番号,B_TARGET再構成＋v9.3既存Mで完成,母母父,0,0,10,10,10,Red God,極,Wild Risk,極,Tudor Minstrel,地,Princequillo,極,Count Fleet,極,Blue Larkspur,バ,Ribot,極,Alibhai,地,Beau Pere,極,極・極・地｜極・極・バ｜極・地・極,
ID:1140004740,Buddha,Buddha,1140004740,確定,繁殖登録番号,A_v9.3直接完成,母父・母母父,0,2,8,10,10,Unbridled,極,Caro,極,Lucky Mel,地,Storm Bird,地,Secretariat,極,Crimson Satan,極,Mahmoud,極,Shut Out,極,Blue Larkspur,バ,極-極-地 | 地-極-極 | 極-極-バ,
ID:1140007286,City of Light,City of Light,1140007286,確定,繁殖登録番号,A_v9.3直接完成,父,10,0,0,10,10,Elusive Quality,地,Strawberry Road,地,Alydar,バ,Deputy Minister,地,Secretariat,極,Damascus,極,Northern Dancer,地,Princequillo,極,,バ,地-地-バ | 地-極-極 | 地-極-バ,
ID:1140007094,Crimson Tide,Crimson Tide,1140007094,確定,繁殖登録番号,B_TARGET再構成＋v9.3既存Mで完成,母父・母母父,0,4,6,10,10,Northern Dancer,地,Bold Reason,極,Forli,地,Shirley Heights,バ,Abdos,極,Venture,極,Forli,地,Nantallah,極,Gold Bridge,極,地・極・地｜バ・極・極｜地・極・極,
ID:1140003901,D'Accord,D'Accord,1140003901,確定,繁殖登録番号,G_v9.4-v9.9追加祖先反映で完成,母母父,0,0,10,10,,Bold Ruler,極,Princequillo,極,Caruso,バ,Nearctic,地,Native Dancer,極,Mahmoud,極,Flares,極,Buchan,極,Tredennis,バ,極・極・バ｜地・極・極｜極・極・バ,
ID:1140002083,Dahar,Dahar,1140002083,確定,繁殖登録番号,W_v9.24高影響祖先反映で完成,母母父,0,0,10,10,,Northern Dancer,地,Court Martial,極,Formor,極,Vienna,極,Nearco,極,Big Game,極,Alibhai,地,Beau Pere,極,Chance Shot,極,地・極・極｜極・極・極｜地・極・極,
ID:1140006828,Daiwa Major,Daiwa Major,1140006828,確定,繁殖登録番号,A_v9.3直接完成,父・母父,3,7,0,10,10,Halo,極,Understanding,極,Montparnasse,地,Northern Dancer,地,Victoria Park,極,Hyperion,地,Spy Song,極,,バ,,バ,極-極-地 | 地-極-地 | 極-バ-バ,
ID:1140004022,Devil His Due,Devil His Due,1140004022,確定,繁殖登録番号,B_TARGET再構成＋v9.3既存Mで完成,母父・母母父,0,3,7,10,10,Halo,極,Herbager,極,Cohoes,極,Raise a Native,極,Nashua,極,Bull Lea,極,Double Jay,極,Count Fleet,極,War Admiral,極,極・極・極｜極・極・極｜極・極・極,
ID:1140005315,Double Bed,Double Bed,1140005315,確定,繁殖登録番号,B_TARGET再構成＋v9.3既存Mで完成,母母父,0,0,10,10,10,Northern Dancer,地,Tudor Minstrel,地,Stymie,極,St. Paddy,地,Abernant,地,Fairway,極,Nasrullah,極,Count Gallahad,極,Blue Larkspur,バ,地・地・極｜地・地・極｜極・極・バ,
ID:1140002678,Eastern Echo,Eastern Echo,1140002678,確定,繁殖登録番号,B_TARGET再構成＋v9.3既存Mで完成,母母父,0,0,10,10,10,Sword Dancer,極,My Babu,極,Sickle,極,Nearctic,地,Native Dancer,極,Mahmoud,極,Ribot,極,Alibhai,地,Beau Pere,極,極・極・極｜地・極・極｜極・地・極,
ID:1140006354,English Channel,English Channel,1140006354,確定,繁殖登録番号,A_v9.3直接完成,父・母父・母母父,2,7,1,10,10,Mr. Prospector,極,Smarten,バ,Nodouble,バ,Nureyev,地,Sassafras,バ,Hail to Reason,極,Olden Times,極,Jet Action,極,Occupation,極,極-バ-バ | 地-バ-極 | 極-極-極,
ID:1140006542,Excellent Art,Excellent Art,1140006542,確定,繁殖登録番号,A_v9.3直接完成,母父・母母父,0,5,5,10,10,Polar Falcon,地,Cozzene,極,Bustino,極,Mr. Prospector,極,Buckpasser,極,Hasty Road,極,Bold Ruler,極,Princequillo,極,,バ,地-極-極 | 極-極-極 | 極-極-バ,
ID:1140004126,Foxhound,Foxhound,1140004126,確定,繁殖登録番号,B_TARGET再構成＋v9.3既存Mで完成,母母父,0,0,10,10,10,Northern Dancer,地,Admiral's Voyage,バ,Petition,極,Tom Fool,極,War Admiral,極,Blue Larkspur,バ,Turn-to,極,Princequillo,極,Caruso,バ,地・バ・極｜極・極・バ｜極・極・バ,
ID:1140001920,Highland Park,Highland Park,1140001920,確定,繁殖登録番号,I_v9.11_TARGET固定8代年代境界反映で完成,母母父,0,0,10,10,,Native Dancer,極,Case Ace,バ,American Flag,極,Relic,極,Djebel,極,Jock,極,Nearco,極,Blenheim,極,The Tetrarch,バ,極・バ・極｜極・極・極｜極・極・バ,
ID:1140005423,Imperial Ballet,Imperial Ballet,1140005423,確定,繁殖登録番号,B_TARGET再構成＋v9.3既存Mで完成,母母父,0,0,10,10,10,Northern Dancer,地,Bold Reason,極,Forli,地,Bold Ruler,極,Democratic,極,Alycidon,地,Round Table,極,Johnstown,極,Menow,極,地・極・地｜極・極・地｜極・極・極,
ID:1140000879,Known Fact,Known Fact,1140000879,確定,繁殖登録番号,C_v9.4+v9.5追加祖先反映で完成,母母父,0,0,10,10,,Intentionally,極,Rough'n Tumble,極,War Relic,極,Tom Fool,極,Bull Lea,極,The Porter,バ,Owen Tudor,地,Sansovino,極,Son-in-Law,バ,極・極・極｜極・極・バ｜地・極・バ,
ID:1140005329,Loup Sauvage,Loup Sauvage,1140005329,確定,繁殖登録番号,Z_v9.27_TARGET系譜不足枝0扱いで完成,母父・母母父,0,1,9,10,,Never Bend,極,Prince John,極,Roman,極,Northern Dancer,地,Forli,地,Nantallah,極,My Babu,極,Deiri,バ,,バ,極・極・極｜地・地・極｜極・バ・バ,
ID:1140006860,Mount Nelson,Mount Nelson,1140006860,確定,繁殖登録番号,A_v9.3直接完成,母父・母母父,0,9,1,10,10,Danehill,地,Be My Guest,地,Bold Lad (IRE),バ,Sharpen Up,地,Nebbiolo,極,Be Friendly,極,Mr. Prospector,極,Tom Rolfe,極,Double Jay,極,地-地-バ | 地-極-極 | 極-極-極,
ID:1140003650,Mountain Cat,Mountain Cat,1140003650,確定,繁殖登録番号,B_TARGET再構成＋v9.3既存Mで完成,母母父,0,0,10,10,10,Storm Bird,地,Secretariat,極,Crimson Satan,極,Graustark,地,Princequillo,極,War Admiral,極,Nasrullah,極,Djeddah,極,Bimelech,極,地・極・極｜地・極・極｜極・極・極,
ID:1140006315,Muhtathir,Muhtathir,1140006315,確定,繁殖登録番号,A_v9.3直接完成,母父・母母父,0,2,8,10,10,Diesis,地,Roberto,極,Right Tack,バ,Lyphard,バ,Caro,極,Klairon,極,Exclusive Native,極,Crafty Admiral,極,Volcanic,極,地-極-バ | バ-極-極 | 極-極-極,
ID:1140006570,Myboycharlie,Myboycharlie,1140006570,確定,繁殖登録番号,A_v9.3直接完成,父・母父,1,9,0,10,10,Danehill,地,Lear Fan,極,Be My Guest,地,Riverman,極,Marshua's Dancer,地,Sea O Erin,地,Thatch,地,Abernant,地,Darius,極,地-極-地 | 極-地-地 | 地-地-極,
ID:1140006127,Outflanker,Outflanker,1140006127,確定,繁殖登録番号,B_TARGET再構成＋v9.3既存Mで完成,母父・母母父,0,2,8,10,10,Northern Dancer,地,Admiral's Voyage,バ,Petition,極,Raise a Native,極,On-and-On,極,Ponder,地,Tom Fool,極,War Admiral,極,Blue Larkspur,バ,地・バ・極｜極・極・地｜極・極・バ,
ID:1140004153,Payant,Payant,1140004153,確定,繁殖登録番号,Z_v9.27_TARGET系譜不足枝0扱いで完成,母母父,0,0,10,10,,Lacydon,地,Tamerlane,極,Owen Tudor,地,Snow Cat,地,Advocate,極,Barranquero,極,,バ,,バ,,バ,地・極・地｜地・極・極｜バ・バ・バ,
ID:1140006699,Point of Entry,Point of Entry,1140006699,確定,繁殖登録番号,A_v9.3直接完成,父・母父,9,1,0,10,10,Roberto,極,His Majesty,地,Olympia,地,Mr. Prospector,極,Buckpasser,極,Hasty Road,極,His Majesty,地,Sunrise Flight,極,Cockrullah,極,極-地-地 | 極-極-極 | 地-極-極,
ID:1140002441,Posse,Posse,1140002441,確定,繁殖登録番号,F_v9.4-v9.8追加祖先反映で完成,母母父,0,0,10,10,,Aristophanes,地,Advocate,極,Foxglove,極,Nasrullah,極,Discovery,極,Pompey,極,Bimelech,極,War Admiral,極,Black Servant,バ,地・極・極｜極・極・極｜極・極・バ,
ID:1140006461,Privately Held,Privately Held,1140006461,確定,繁殖登録番号,B_TARGET再構成＋v9.3既存Mで完成,母父・母母父,0,8,2,10,10,Damascus,極,Buckpasser,極,Swaps,地,Northern Dancer,地,Occupy,極,Challenger,極,Sir Gaylord,極,Mr. Trouble,極,Pharamond,極,極・極・地｜地・極・極｜極・極・極,
ID:1140003926,Sea Hero,Sea Hero,1140003926,確定,繁殖登録番号,B_TARGET再構成＋v9.3既存Mで完成,母母父,0,0,10,10,10,Danzig,地,Tatan,極,War Admiral,極,Ribot,極,Alibhai,地,Beau Pere,極,Turn-to,極,Blue Swords,極,Sir Gallahad,極,地・極・極｜極・地・極｜極・極・極,
ID:1140001938,Shadeed,Shadeed,1140001938,確定,繁殖登録番号,B_TARGET再構成＋v9.3既存Mで完成,母母父,0,0,10,10,10,Northern Dancer,地,Bull Page,極,Menow,極,Sword Dancer,極,My Babu,極,Sickle,極,Aristophanes,地,Advocate,極,Foxglove,極,地・極・極｜極・極・極｜地・極・極,
ID:1140001888,Spend a Buck,Spend a Buck,1140001888,確定,繁殖登録番号,B_TARGET再構成＋v9.3既存Mで完成,母母父,0,0,10,10,10,Buckpasser,極,No Robbery,地,Prince Bio,極,Prince John,極,Tornado,極,Astrophel,極,Nasrullah,極,Eight Thirty,極,Sir Gallahad,極,極・地・極｜極・極・極｜極・極・極,
ID:1140003160,Strawberry Road,Strawberry Road,1140003160,確定,繁殖登録番号,Z_v9.27_TARGET系譜不足枝0扱いで完成,母母父,0,0,10,10,,Nijinsky,バ,Sailor,極,Alibhai,地,Princely Gift,極,Abernant,地,Bellacose,極,Red Mars,地,Nightmarch,バ,,バ,バ・極・地｜極・地・極｜地・バ・バ,
ID:1140006431,Stroll,Stroll,1140006431,確定,繁殖登録番号,A_v9.3直接完成,母父・母母父,0,9,1,10,10,A.P. Indy,バ,Mr. Prospector,極,Honest Pleasure,極,Young Generation,地,Song,地,Silver Shark,極,Atan,地,Rockefella,地,Majano,極,バ-極-極 | 地-地-極 | 地-地-極,
ID:1140004229,Swain,Swain,1140004229,確定,繁殖登録番号,Y_v9.26残件祖先固定8代欠損0運用確定で完成,母父・母母父,0,9,1,10,,Blushing Groom,極,Bustino,極,Queen's Hussar,極,Graustark,地,Princequillo,極,War Admiral,極,Cohoes,極,Bull Lea,極,Diavolo,バ,極・極・極｜地・極・極｜極・極・バ,
ID:1140001405,Time for a Change,Time for a Change,1140001405,確定,繁殖登録番号,B_TARGET再構成＋v9.3既存Mで完成,母母父,0,0,10,10,10,Sword Dancer,極,My Babu,極,Sickle,極,Bold Ruler,極,Hasty Road,極,Challedon,極,Khaled,地,Beau Pere,極,War Admiral,極,極・極・極｜極・極・極｜地・極・極,
ID:1140002685,Tirol,Tirol,1140002685,確定,繁殖登録番号,B_TARGET再構成＋v9.3既存Mで完成,母母父,0,0,10,10,10,Thatch,地,Abernant,地,Darius,極,Honeyway,極,Admiral's Walk,地,Nearco,極,Vieux Manoir,極,Nasrullah,極,Ballyferis,極,地・地・極｜極・地・極｜極・極・極,
ID:1140001943,Two Punch,Two Punch,1140001943,確定,繁殖登録番号,S_v9.20高影響祖先反映で完成,母母父,0,0,10,10,,Raise a Native,極,Nashua,極,Count Fleet,極,Herbager,極,Mahmoud,極,Pavot,極,Nasrullah,極,Flares,極,Stimulus,バ,極・極・極｜極・極・極｜極・極・バ,
ID:1140006987,Zoustar,Zoustar,1140006987,確定,繁殖登録番号,A_v9.3直接完成,父・母父,9,1,0,10,10,Encosta De Lago,地,Fappiano,極,Forli,地,Danehill,地,Canny Lad,地,Nijinsky,バ,Star of Heaven,地,Novalis,地,Wilkes,極,地-極-地 | 地-地-バ | 地-地-極,
ID:1120002511,アレスバローズ,アレスバローズ,1120002511,確定,繁殖登録番号,A_v9.3直接完成,父,10,0,0,10,10,サンデーサイレンス,地,Alzao,バ,Busted,極,Kampala,極,Hornbeam,地,Preciptic,極,Woodman,バ,Riverman,極,Damascus,極,地-バ-極 | 極-地-極 | バ-極-極,
ID:1120002617,ウィルテイクチャージ,ウィルテイクチャージ,1120002617,確定,繁殖登録番号,A_v9.3直接完成,父,10,0,0,10,10,Unbridled,極,Caro,極,Lucky Mel,地,Deputy Minister,地,Secretariat,極,Damascus,極,Fappiano,極,Nijinsky,バ,In Reality,極,極-極-地 | 地-極-極 | 極-バ-極,
ID:1120002133,ウインクリューガー,ウインクリューガー,1120002133,確定,繁殖登録番号,A_v9.3直接完成,母父・母母父,0,9,1,10,10,Devil's Bag,バ,Caerleon,バ,Thatch,地,Northern Dancer,地,Tudor Minstrel,地,Stymie,極,Crepello,極,Vimy,極,Court Martial,極,バ-バ-地 | 地-地-極 | 極-極-極,
ID:1120002618,カラヴァッジオ,カラヴァッジオ,1120002618,確定,繁殖登録番号,A_v9.3直接完成,父,10,0,0,10,10,Johannesburg,地,Mr. Prospector,極,Nijinsky,バ,Great Above,極,Al Hattab,バ,Grey Dawn,極,In Reality,極,The Axe,極,Royal Note,極,地-極-バ | 極-バ-極 | 極-極-極,
ID:1120001890,クリプティックラスカル,クリプティックラスカル,1120001890,確定,繁殖登録番号,A_v9.3直接完成,母父・母母父,0,9,1,10,10,Fappiano,極,Hoist the Flag,極,Dedicate,極,Battle Joined,極,Turn-to,極,Princequillo,極,Nasrullah,極,Djeddah,極,Bimelech,極,極-極-極 | 極-極-極 | 極-極-極,
ID:1120002530,ゴールデンマンデラ,ゴールデンマンデラ,1120002530,確定,繁殖登録番号,A_v9.3直接完成,父,10,0,0,10,10,Cape Cross,地,Dubai Destination,地,Nureyev,地,Sunday Silence,地,Kris,地,Shantung,地,Surumu,地,Aggressor,極,,バ,地-地-地 | 地-地-地 | 地-極-バ,
ID:1120002509,ショウナンバッハ,ショウナンバッハ,1120002509,確定,繁殖登録番号,A_v9.3直接完成,父,10,0,0,10,10,サンデーサイレンス,地,デイクタス,極,ノーザンテースト,地,サクラユタカオー,地,ノーザンテースト,地,Ambiopoise,極,Honest Pleasure,極,Victoria Park,極,Stratus,極,地-極-地 | 地-地-極 | 極-極-極,
ID:1120001741,ジェリ,ジェリ,1120001741,確定,繁殖登録番号,B_TARGET再構成＋v9.3既存Mで完成,母父・母母父,0,1,9,10,10,Nureyev,地,Sassafras,バ,Hail to Reason,極,Raise a Native,極,Nashua,極,Count Fleet,極,Northern Dancer,地,Victoria Park,極,Bull Page,極,地・バ・極｜極・極・極｜地・極・極,
ID:1120000597,スイフトスワロー,スイフトスワロー,1120000597,確定,繁殖登録番号,Z_v9.27_TARGET系譜不足枝0扱いで完成,母母父,0,0,10,10,,Nearctic,地,Native Dancer,極,Mahmoud,極,Donatello,極,Hyperion,地,Swynford,極,Pharos,極,,バ,,バ,地・極・極｜極・地・極｜極・バ・バ,
ID:1120001046,テンパレートシル,テンパレートシル,1120001046,確定,繁殖登録番号,Z_v9.27_TARGET系譜不足枝0扱いで完成,母母父,0,0,10,10,,Stop the Music,極,Etonian,地,Princely Gift,極,Nashville,極,Your Host,地,Special Agent,極,,バ,,バ,,バ,極・地・極｜極・地・極｜バ・バ・バ,
ID:1120001528,トウショウフリート,トウショウフリート,1120001528,確定,繁殖登録番号,B_TARGET再構成＋v9.3既存Mで完成,母母父,0,0,10,10,10,ダンデイルート,極,ヴエンチア,極,Your Host,地,Nijinsky,バ,Stage Door Johnny,極,Goyama,極,Rockefella,地,Rustom Pasha,極,Friar Marcus,極,極・極・地｜バ・極・極｜地・極・極,
ID:1120001263,フレンチグローリー,フレンチグローリー,1120001263,確定,繁殖登録番号,B_TARGET再構成＋v9.3既存Mで完成,母母父,0,0,10,10,10,Northern Dancer,地,Bold Reason,極,Forli,地,Hardicanute,極,Above Suspicion,極,Tulyar,極,Fine Art,極,Vatellor,極,Blenheim,極,地・極・地｜極・極・極｜極・極・極,
ID:1120001749,プレミアムサンダー,プレミアムサンダー,1120001749,確定,繁殖登録番号,S_v9.20高影響祖先反映で完成,母父・母母父,0,2,8,10,,Alydar,バ,Buckpasser,極,To Market,極,Herbager,極,Mahmoud,極,Pavot,極,Bold Reasoning,極,Poker,極,Jet Action,極,バ・極・極｜極・極・極｜極・極・極,
ID:1120000787,ミナガワマンナ,ミナガワマンナ,1120000787,確定,繁殖登録番号,Y_v9.26残件祖先固定8代欠損0運用確定で完成,母母父,0,0,10,10,,ヒンドスタン,極,ハヤタケ,極,トウルヌソル,極,Wild Risk,極,Black Devil,極,Epinard,極,Solferino,極,Grand Glacier,極,Pomme-de-terre,バ,極・極・極｜極・極・極｜極・極・バ,
ID:1120001562,メイショウホムラ,メイショウホムラ,1120001562,確定,繁殖登録番号,C_v9.4+v9.5追加祖先反映で完成,母父・母母父,0,5,5,10,,Never Bend,極,Roman,極,Sun Again,バ,Nijinsky,バ,Buckpasser,極,Princequillo,極,Prince Bio,極,Rialto,極,Alcantara,バ,極・極・バ｜バ・極・極｜極・極・バ,
ID:1120001467,リファーズウィッシュ,リファーズウィッシュ,1120001467,確定,繁殖登録番号,Y_v9.26残件祖先固定8代欠損0運用確定で完成,母母父,0,0,10,10,,Northern Dancer,地,Court Martial,極,Formor,極,Sideral,極,Embrujo,極,Parwiz,バ,War Relic,極,Bubbling Over,バ,Whisk Broom,バ,地・極・極｜極・極・バ｜極・バ・バ,
ID:1140007321,Authentic,Authentic,1140007321,確定,繁殖登録番号,A_v9.3直接完成,父,9,0,0,9,9,Harlan's Holiday,地,Tricky Creek,地,Stop the Music,極,Gone West,地,Reviewer,極,Dancer's Image,極,Icecapade,バ,Khaled,地,Dante,極,地-地-極 | 地-極-極 | バ-地-極,
ID:1140007202,Bated Breath,Bated Breath,1140007202,確定,繁殖登録番号,A_v9.3直接完成,父・母父,2,7,0,9,9,Danehill,地,Kahyasi,地,High Line,地,Mr. Prospector,極,Irish River,極,Lyphard,バ,Blushing Groom,極,Bustino,極,Queen's Hussar,極,地-地-地 | 極-極-バ | 極-極-極,
ID:1140006686,Blu Air Force,Blu Air Force,1140006686,確定,繁殖登録番号,A_v9.3直接完成,母父・母母父,0,6,3,9,9,Red Ransom,極,Son Ange,極,Needles,地,Northern Dancer,地,Victoria Park,極,Bull Page,極,Tom Fool,極,War Admiral,極,Blue Larkspur,バ,極-極-地 | 地-極-極 | 極-極-バ,
ID:1140007038,California Chrome,California Chrome,1140007038,確定,繁殖登録番号,A_v9.3直接完成,父・母父,7,2,0,9,9,Pulpit,地,Cozzene,極,Lucky Mel,地,Mr. Prospector,極,Northern Dancer,地,Buckpasser,極,Danzig,地,Buckpasser,極,Swaps,地,地-極-地 | 極-地-極 | 地-極-地,
ID:1140005674,Came Home,Came Home,1140005674,確定,繁殖登録番号,A_v9.3直接完成,母父・母母父,0,4,5,9,9,Mr. Prospector,極,Secretariat,極,Tim Tam,極,Icecapade,バ,Better Bee,バ,Djeddah,極,Never Bend,極,Round Table,極,Count Fleet,極,極-極-極 | バ-バ-極 | 極-極-極,
ID:1140006519,Cape Blanco,Cape Blanco,1140006519,確定,繁殖登録番号,A_v9.3直接完成,父・母父,1,8,0,9,9,Sadler's Wells,地,Miswaki,極,Lombard,地,General Assembly,極,Reliance,極,Crepello,極,Round Table,極,My Babu,極,Hyperion,地,地-極-地 | 極-極-極 | 極-極-地,
ID:1140004627,Cee's Tizzy,Cee's Tizzy,1140004627,確定,繁殖登録番号,Y_v9.26残件祖先固定8代欠損0運用確定で完成,母母父,0,0,9,9,,In Reality,極,The Axe,極,Royal Note,極,Northern Dancer,地,Court Martial,極,Formor,極,Worden,極,Clarion,極,Loaningdale,バ,極・極・極｜地・極・極｜極・極・バ,
ID:1140002310,Chief Singer,Chief Singer,1140002310,確定,繁殖登録番号,Y_v9.26残件祖先固定8代欠損0運用確定で完成,母母父,0,0,9,9,,Bold Lad (IRE),バ,Roan Rocket,極,Hill Gail,極,Wild Risk,極,Verso,極,Easton,極,Dante,極,Dastur,極,Arion,バ,バ・極・極｜極・極・極｜極・極・バ,
ID:1140004039,Chimes Band,Chimes Band,1140004039,確定,繁殖登録番号,B_TARGET再構成＋v9.3既存Mで完成,母母父,0,0,9,9,9,Northern Dancer,地,Delta Judge,地,Warfare,地,Raise a Native,極,Nashua,極,Count Fleet,極,Turn-to,極,Blue Swords,極,Sir Gallahad,極,地・地・地｜極・極・極｜極・極・極,
ID:1140006701,Clodovil,Clodovil,1140006701,確定,繁殖登録番号,A_v9.3直接完成,母父・母母父,0,5,4,9,9,Danzig,地,His Majesty,地,Buckpasser,極,Mendez,地,Breton,極,Alcide,地,Great Nephew,バ,Never Say Die,極,Supreme Court,極,地-地-極 | 地-極-地 | バ-極-極,
ID:1140006181,Closing Argument,Closing Argument,1140006181,確定,繁殖登録番号,A_v9.3直接完成,母父,0,9,0,9,9,Valid Appeal,地,Fortunate Prospect,地,Staff Writer,地,Gone West,地,Reviewer,極,Dancer's Image,極,Norcliffe,バ,Restless Wind,極,Corporal,極,地-地-地 | 地-極-極 | バ-極-極,
ID:1140001003,Coastal,Coastal,1140001003,確定,繁殖登録番号,D_v9.4-v9.6追加祖先反映で完成,母母父,0,0,9,9,,Raise a Native,極,Royal Charger,極,Alibhai,地,Tom Fool,極,War Admiral,極,Blue Larkspur,バ,Princequillo,極,Bubbling Over,バ,Wrack,バ,極・極・地｜極・極・バ｜極・バ・バ,
ID:1140004252,Concern,Concern,1140004252,確定,繁殖登録番号,B_TARGET再構成＋v9.3既存Mで完成,母父・母母父,0,4,5,9,9,Ack Ack,極,Hoist the Flag,極,Turn-to,極,The Pruner,極,Rocky Royale,地,I Appeal,極,Raise a Native,極,Francis S.,極,Hyperion,地,極・極・極｜極・地・極｜極・極・地,
ID:1140000945,Cox's Ridge,Cox's Ridge,1140000945,確定,繁殖登録番号,Z_v9.27_TARGET系譜不足枝0扱いで完成,母母父,0,0,9,9,,Turn-to,極,Swaps,地,Bull Lea,極,Ballyogan,極,Phideas,極,Finglas,バ,Equipoise,バ,,バ,,バ,極・地・極｜極・極・バ｜バ・バ・バ,
ID:1140003302,Crusader Sword,Crusader Sword,1140003302,確定,繁殖登録番号,B_TARGET再構成＋v9.3既存Mで完成,母父・母母父,0,1,8,9,9,Sword Dancer,極,My Babu,極,Sickle,極,Northern Dancer,地,Bull Page,極,Menow,極,Blenheim,極,Pompey,極,Sickle,極,極・極・極｜地・極・極｜極・極・極,
ID:1140003345,Doulab,Doulab,1140003345,確定,繁殖登録番号,F_v9.4-v9.8追加祖先反映で完成,母母父,0,0,9,9,,Northern Dancer,地,Round Table,極,Nasrullah,極,Rough'n Tumble,極,Better Self,極,Bull Brier,極,Djebel,極,Badruddin,極,Pharos,極,地・極・極｜極・極・極｜極・極・極,
ID:1140006498,Dunkirk,Dunkirk,1140006498,確定,繁殖登録番号,A_v9.3直接完成,父・母父,2,7,0,9,9,Unbridled,極,Caro,極,Lucky Mel,地,Seattle Slew,極,Secretariat,極,Buckpasser,極,Raise a Native,極,On-and-On,極,Ponder,地,極-極-地 | 極-極-極 | 極-極-地,
ID:1140005396,Forest Camp,Forest Camp,1140005396,確定,繁殖登録番号,A_v9.3直接完成,母父・母母父,0,6,3,9,9,Vice Regent,バ,Bunty's Flight,極,Jabneh,極,Speak John,極,Eight Thirty,極,Blue Larkspur,バ,Drone,極,Johns Joy,極,Bimelech,極,バ-極-極 | 極-極-バ | 極-極-極,
ID:1140006819,Gleneagles,Gleneagles,1140006819,確定,繁殖登録番号,A_v9.3直接完成,父・母父,7,2,0,9,9,Sadler's Wells,地,Miswaki,極,Lombard,地,Storm Bird,地,Secretariat,極,Crimson Satan,極,Blushing Groom,極,Halo,極,Herbager,極,地-極-地 | 地-極-極 | 極-極-極,
ID:1140004510,Lagunas,Lagunas,1140004510,確定,繁殖登録番号,B_TARGET再構成＋v9.3既存Mで完成,母父・母母父,0,1,8,9,9,Nijinsky,バ,Misti,極,Fastnet Rock,極,Birkhahn,極,Masetto,バ,Ticino,極,Donatello,極,Mieuxce,極,Solario,極,バ・極・極｜極・バ・極｜極・極・極,
ID:1140006478,Librettist,Librettist,1140006478,確定,繁殖登録番号,A_v9.3直接完成,母父・母母父,0,4,5,9,9,Northern Dancer,地,Admiral's Voyage,バ,Petition,極,Hoist the Flag,極,Prince John,極,Determine,地,Bold Reasoning,極,Poker,極,Jet Action,極,地-バ-極 | 極-極-地 | 極-極-極,
ID:1140006030,Lonhro,Lonhro,1140006030,確定,繁殖登録番号,A_v9.3直接完成,父・母父,2,7,0,9,9,Zabeel,バ,Pieces of Eight,極,Klairon,極,Mr. Prospector,極,Never Bend,極,Royal Serenade,極,Forli,地,Bold Ruler,極,Princequillo,極,バ-極-極 | 極-極-極 | 地-極-極,
ID:1140004427,Lord Carson,Lord Carson,1140004427,確定,繁殖登録番号,Z_v9.27_TARGET系譜不足枝0扱いで完成,母母父,0,0,9,9,,Mr. Prospector,極,Blushing Groom,極,Nijinsky,バ,Sir Gaylord,極,Ambiorix,極,Spy Song,極,Quorum,極,,バ,,バ,極・極・バ｜極・極・極｜極・バ・バ,
ID:1140004408,Louis Quatorze,Louis Quatorze,1140004408,確定,繁殖登録番号,B_TARGET再構成＋v9.3既存Mで完成,母父・母母父,0,2,7,9,9,Northern Dancer,地,Bold Ruler,極,Mahmoud,極,Bold Lad (USA),極,Native Dancer,極,Fighting Fox,極,Never Bend,極,Requested,バ,Bull Dog,極,地・極・極｜極・極・極｜極・バ・極,
ID:1140005316,O'Reilly,O'Reilly,1140005316,確定,繁殖登録番号,B_TARGET再構成＋v9.3既存Mで完成,母父・母母父,0,5,4,9,9,Try My Best,地,Mill Reef,バ,Sayajirao,極,Tell,極,Damascus,極,Tulyar,極,Palestine,極,Nasrullah,極,Diophon,極,地・バ・極｜極・極・極｜極・極・極,
ID:1140007096,Palace Malice,Palace Malice,1140007096,確定,繁殖登録番号,A_v9.3直接完成,父・母父,7,2,0,9,9,Smart Strike,地,Deputy Minister,地,Bates Motel,極,Theatrical,地,Ack Ack,極,Dewan,極,Roberto,極,Damascus,極,Nearctic,地,地-地-極 | 地-極-極 | 極-極-地,
ID:1140000947,Pharly,Pharly,1140000947,確定,繁殖登録番号,B_TARGET再構成＋v9.3既存Mで完成,母母父,0,0,9,9,9,Northern Dancer,地,Court Martial,極,Formor,極,Mourne,極,Clarion,極,Easton,極,Prince Chevalier,極,Black Devil,極,Godiche,極,地・極・極｜極・極・極｜極・極・極,
ID:1140004611,Poliglote,Poliglote,1140004611,確定,繁殖登録番号,B_TARGET再構成＋v9.3既存Mで完成,母母父,0,0,9,9,9,Northern Dancer,地,Bold Reason,極,Forli,地,Val de Loir,極,Armistice,極,Mousson,極,Turn-to,極,Princequillo,極,Caruso,バ,地・極・地｜極・極・極｜極・極・バ,
ID:1140004522,Real Quiet,Real Quiet,1140004522,確定,繁殖登録番号,A_v9.3直接完成,母父・母母父,0,2,7,9,9,Fappiano,極,Dr. Fager,極,Nearctic,地,In Reality,極,Buckpasser,極,Star Kingdom,地,Native Dancer,極,,バ,,バ,極-極-地 | 極-極-地 | 極-バ-バ,
ID:1140003694,Regal Classic,Regal Classic,1140003694,確定,繁殖登録番号,B_TARGET再構成＋v9.3既存Mで完成,母母父,0,0,9,9,9,Northern Dancer,地,Menetrier,極,Windfields,極,Noholme,地,Double Jay,極,Don Bingo,極,Nasrullah,極,Khaled,地,Beau Pere,極,地・極・極｜地・極・極｜極・地・極,
ID:1140003070,Runaway Groom,Runaway Groom,1140003070,確定,繁殖登録番号,Z_v9.27_TARGET系譜不足枝0扱いで完成,母母父,0,0,9,9,,Red God,極,Wild Risk,極,Tudor Minstrel,地,Better Self,極,Beau Pere,極,Fairway,極,Mahmoud,極,Boojum,バ,,バ,極・極・地｜極・極・極｜極・バ・バ,
ID:1140006693,Soldier Hollow,Soldier Hollow,1140006693,確定,繁殖登録番号,A_v9.3直接完成,母父,0,9,0,9,9,Sadler's Wells,地,Shirley Heights,バ,Sea Hawk,極,Kris,地,Lyphard,バ,Tanerko,極,Nijinsky,バ,Round Table,極,Hail to Reason,極,地-バ-極 | 地-バ-極 | バ-極-極,
ID:1140001410,Spectacular Bid,Spectacular Bid,1140001410,確定,繁殖登録番号,Y_v9.26残件祖先固定8代欠損0運用確定で完成,母母父,0,0,9,9,,Bold Ruler,極,To Market,極,Princequillo,極,Palestinian,極,Mahmoud,極,Toro,バ,Market Wise,極,Johnstown,極,Sickle,極,極・極・極｜極・極・バ｜極・極・極,
ID:1140006547,Spirit One,Spirit One,1140006547,確定,繁殖登録番号,A_v9.3直接完成,母父・母母父,0,5,4,9,9,Anabaa,地,Riverman,極,Lombard,地,Lyphard,バ,Habitat,極,Primera,極,Riverman,極,Barbizon,極,,バ,地-極-地 | バ-極-極 | 極-極-バ,
ID:1140006656,Spring At Last,Spring At Last,1140006656,確定,繁殖登録番号,A_v9.3直接完成,父・母父・母母父,1,5,3,9,9,Deputy Minister,地,Mr. Prospector,極,Road At Sea,極,Roberto,極,His Majesty,地,Olympia,地,Ribot,極,Alibhai,地,Beau Pere,極,地-極-極 | 極-地-地 | 極-地-極,
ID:1140004349,Sri Pekan,Sri Pekan,1140004349,確定,繁殖登録番号,Y_v9.26残件祖先固定8代欠損0運用確定で完成,母父・母母父,0,6,3,9,,Roberto,極,Damascus,極,Nearctic,地,Raise a Native,極,Tom Fool,極,Bull Lea,極,Ponder,地,Jack High,バ,Supremus,極,極・極・地｜極・極・極｜地・バ・極,
ID:1140007414,St Mark's Basilica,St Mark's Basilica,1140007414,確定,繁殖登録番号,A_v9.3直接完成,父,9,0,0,9,9,Pivotal,地,Danehill,地,Conquistador Cielo,極,Sadler's Wells,地,Miswaki,極,Lombard,地,Roberto,極,Lt. Stevens,極,War Admiral,極,地-地-極 | 地-極-地 | 極-極-極,
ID:1140006943,Starspangledbanner,Starspangledbanner,1140006943,確定,繁殖登録番号,A_v9.3直接完成,父・母父,3,6,0,9,9,Danehill Dancer,地,Lunchtime,地,Biscay,地,Green Forest,バ,Roi Dagobert,バ,Dark Star,極,Wilkes,極,Orgoglio,地,,バ,地-地-地 | バ-バ-極 | 極-地-バ,
ID:1140002877,Surumu,Surumu,1140002877,確定,繁殖登録番号,S_v9.20高影響祖先反映で完成,母母父,0,0,9,9,,Birkhahn,極,Masetto,バ,Ticino,極,Tantieme,極,Relic,極,Le Volcan,極,Gainsborough,極,Chaucer,極,Minoru,バ,極・バ・極｜極・極・極｜極・極・バ,
ID:1140006230,Tarr Road,Tarr Road,1140006230,確定,繁殖登録番号,S_v9.20高影響祖先反映で完成,母母父,0,0,9,9,,Herbager,極,Mahmoud,極,Pavot,極,Bold Ruler,極,Roman,極,Princequillo,極,Turn-to,極,Blue Swords,極,Sir Gallahad,極,極・極・極｜極・極・極｜極・極・極,
ID:1140001138,The Noble Player,The Noble Player,1140001138,確定,繁殖登録番号,C_v9.4高影響祖先補完で完成,母母父,0,0,9,9,9,Northern Dancer,地,Victoria Park,極,Bull Page,極,Restless Wind,極,Swaps,地,Panorama,極,Palestine,極,Portlaw,極,Sansovino,極,地・極・極｜極・地・極｜極・極・極,
ID:1140006132,Victory Note,Victory Note,1140006132,確定,繁殖登録番号,A_v9.3直接完成,母父・母母父,0,4,5,9,9,Northern Dancer,地,Bold Reason,極,Forli,地,Sham,地,Forli,地,Nasrullah,極,My Babu,極,,バ,,バ,地-極-地 | 地-地-極 | 極-バ-バ,
ID:1140006921,Wilburn,Wilburn,1140006921,確定,繁殖登録番号,A_v9.3直接完成,母父,0,9,0,9,9,A.P. Indy,バ,Quiet American,地,Spectacular Bid,極,Mr. Prospector,極,Blushing Groom,極,Nijinsky,バ,Norcliffe,バ,Miracle Hill,地,Tulyar,極,バ-地-極 | 極-極-バ | バ-地-極,
ID:1140003381,Zeditave,Zeditave,1140003381,確定,繁殖登録番号,Y_v9.26残件祖先固定8代欠損0運用確定で完成,母母父,0,0,9,9,,Showdown,極,Bellborough,極,Siegfried,バ,Raise a Native,極,Royal Charger,極,Alibhai,地,Pardal,極,Big Game,極,Hyperion,地,極・極・バ｜極・極・地｜極・極・地,
ID:1120002387,アポロソニック,アポロソニック,1120002387,確定,繁殖登録番号,A_v9.3直接完成,父,9,0,0,9,9,Boundary,地,Nureyev,地,Lear Fan,極,Storm Cat,地,Seeking the Gold,極,Nijinsky,バ,Kris S.,極,My Dad George,極,Petare,極,地-地-極 | 地-極-バ | 極-極-極,
ID:1120001959,アラムシャー,アラムシャー,1120001959,確定,繁殖登録番号,A_v9.3直接完成,母父・母母父,0,7,2,9,9,Chief's Crown,地,Gay Mecene,地,Riverman,極,Nijinsky,バ,Thatch,地,Le Haar,極,Shirley Heights,バ,Abdos,極,Venture,極,地-地-極 | バ-地-極 | バ-極-極,
ID:1120002562,ウォータービルド,ウォータービルド,1120002562,確定,繁殖登録番号,A_v9.3直接完成,父,9,0,0,9,9,サンデーサイレンス,地,Alzao,バ,Busted,極,Capote,極,Vice Regent,バ,Restless Wind,極,Raise a Native,極,Nashua,極,Count Fleet,極,地-バ-極 | 極-バ-極 | 極-極-極,
ID:1120000508,サドンソー,サドンソー,1120000508,確定,繁殖登録番号,F_v9.4-v9.8追加祖先反映で完成,母母父,0,0,9,9,,Nearctic,地,Native Dancer,極,Mahmoud,極,Chop Chop,極,Windfields,極,Osiris,極,Gainsborough,極,Chaucer,極,Minoru,バ,地・極・極｜極・極・極｜極・極・バ,
ID:1120002549,スマートオーディン,スマートオーディン,1120002549,確定,繁殖登録番号,A_v9.3直接完成,父,9,0,0,9,9,フジキセキ,極,Mark of Esteem,地,Halo,極,Lyphard,バ,Sir Ivor,極,Roman,極,Busted,極,Val de Loir,極,Charlottesville,極,極-地-極 | バ-極-極 | 極-極-極,
ID:1120001607,ソウルオブザマター,ソウルオブザマター,1120001607,確定,繁殖登録番号,B_TARGET再構成＋v9.3既存Mで完成,母父・母母父,0,2,7,9,9,Private Account,地,Bold Ruler,極,Native Dancer,極,T. V. Lark,地,Alibhai,地,Mahmoud,極,Round Table,極,Nasrullah,極,Big Game,極,地・極・極｜地・地・極｜極・極・極,
ID:1120001940,ダイタクリーヴァ,ダイタクリーヴァ,1120001940,確定,繁殖登録番号,A_v9.3直接完成,母父・母母父,0,8,1,9,9,サンデーサイレンス,地,Le Fabuleux,極,In Reality,極,テスコボーイ,地,ネヴアービート,極,ユアハイネス,極,Never Say Die,極,Big Game,極,Nearco,極,地-極-極 | 地-極-極 | 極-極-極,
ID:1120002373,ノーザンリバー,ノーザンリバー,1120002373,確定,繁殖登録番号,A_v9.3直接完成,父・母父,8,1,0,9,9,サンデーサイレンス,地,ロイヤルスキー,極,リマンド,バ,Mr. Prospector,極,Halo,極,Hoist the Flag,極,Northern Dancer,地,Forli,地,Nantallah,極,地-極-バ | 極-極-極 | 地-地-極,
ID:1120002642,ハイランドリール,ハイランドリール,1120002642,確定,繁殖登録番号,A_v9.3直接完成,父,9,0,0,9,9,Sadler's Wells,地,Miswaki,極,Lombard,地,Danzig,地,His Majesty,地,Buckpasser,極,Biscay,地,To Market,極,,バ,地-極-地 | 地-地-極 | 地-極-バ,
ID:1120001816,ビッグサンデー,ビッグサンデー,1120001816,確定,繁殖登録番号,B_TARGET再構成＋v9.3既存Mで完成,母父・母母父,0,6,3,9,9,Halo,極,Understanding,極,Montparnasse,地,テスコボーイ,地,Your Host,地,Easton,極,Relic,極,Pherozshah,極,Easton,極,極・極・地｜地・地・極｜極・極・極,
ID:1120002233,ブレイクランアウト,ブレイクランアウト,1120002233,確定,繁殖登録番号,A_v9.3直接完成,父・母父,5,4,0,9,9,Mr. Prospector,極,Smarten,バ,Nodouble,バ,Deputy Minister,地,Hold Your Peace,極,Bold Ruler,極,Nijinsky,バ,Bald Eagle,極,Dark Star,極,極-バ-バ | 地-極-極 | バ-極-極,
ID:1120001698,ホークアタック,ホークアタック,1120001698,確定,繁殖登録番号,Y_v9.26残件祖先固定8代欠損0運用確定で完成,母父・母母父,0,2,7,9,,Roberto,極,Amerigo,バ,Mat de Cocagne,極,Gallant Romeo,極,Fleet Nasrullah,極,Alibhai,地,Mr. Busher,極,Hourless,極,Colin,バ,極・バ・極｜極・極・地｜極・極・バ,
ID:1120002437,ポアゾンブラック,ポアゾンブラック,1120002437,確定,繁殖登録番号,A_v9.3直接完成,父,9,0,0,9,9,Seeking the Gold,極,Lypheor,バ,Secretariat,極,Chief's Crown,地,Bold Hour,極,Ribot,極,Seattle Slew,極,Prince John,極,Bold and Brave,極,極-バ-極 | 地-極-極 | 極-極-極,
ID:1120002604,リオンリオン,リオンリオン,1120002604,確定,繁殖登録番号,A_v9.3直接完成,父,9,0,0,9,9,キングカメハメハ,地,トニービン,地,ノーザンテースト,地,French Deputy,地,Classic Go Go,極,Icecapade,バ,Halo,極,Understanding,極,Montparnasse,地,地-地-地 | 地-極-バ | 極-極-地,
ID:1140006771,Act One,Act One,1140006771,確定,繁殖登録番号,B_TARGET再構成＋v9.3既存Mで完成,母母父,0,0,8,8,8,Sadler's Wells,地,Shirley Heights,バ,Sea Hawk,極,Blushing Groom,極,Shoemaker,地,Spy Song,極,Kalamoun,極,Baldric,極,Darius,極,地・バ・極｜極・地・極｜極・極・極,
ID:1140005786,Action This Day,Action This Day,1140005786,確定,繁殖登録番号,A_v9.3直接完成,母父・母母父,0,6,2,8,8,Roberto,極,Princequillo,極,,バ,Sharpen Up,地,ヴアイスリーガル,バ,Molvedo,極,Aristophanes,地,Advocate,極,Foxglove,極,極-極-バ | 地-バ-極 | 地-極-極,
ID:1140004306,Ahmad,Ahmad,1140004306,確定,繁殖登録番号,Z_v9.27_TARGET系譜不足枝0扱いで完成,母母父,0,0,8,8,,Nashua,極,The Doge,極,Count Fleet,極,Congreve,極,,バ,,バ,,バ,,バ,,バ,極・極・極｜極・バ・バ｜バ・バ・バ,
ID:1140002572,Ajdal,Ajdal,1140002572,確定,繁殖登録番号,F_v9.4-v9.8追加祖先反映で完成,母母父,0,0,8,8,,Nearctic,地,Native Dancer,極,Mahmoud,極,Native Dancer,極,Case Ace,バ,American Flag,極,Menow,極,Bull Dog,極,Equipoise,バ,地・極・極｜極・バ・極｜極・極・バ,
ID:1140001340,Al Nasr,Al Nasr,1140001340,確定,繁殖登録番号,F_v9.4-v9.8追加祖先反映で完成,母母父,0,0,8,8,,Northern Dancer,地,Court Martial,極,Formor,極,Fortino,極,Chamossaire,極,Solario,極,Clarion,極,Kantar,バ,Swynford,極,地・極・極｜極・極・極｜極・バ・極,
ID:1140006669,Animal Kingdom,Animal Kingdom,1140006669,確定,繁殖登録番号,A_v9.3直接完成,父・母父,4,4,0,8,8,Candy Stripes,バ,Ahonoora,バ,High Line,地,Surumu,地,Aggressor,極,,バ,Lyphard,バ,Drone,極,Pago Pago,極,バ-バ-地 | 地-極-バ | バ-極-極,
ID:1140004406,Bertrando,Bertrando,1140004406,確定,繁殖登録番号,W_v9.24高影響祖先反映で完成,母父・母母父,0,1,7,8,,Relaunch,極,Boldnesian,極,Native Dancer,極,T. V. Lark,地,Degage,極,Chance Play,極,Hasty Road,極,Hyperion,地,Fairway,極,極・極・極｜地・極・極｜極・地・極,
ID:1140007338,Blue Point,Blue Point,1140007338,確定,繁殖登録番号,A_v9.3直接完成,父,8,0,0,8,8,Giant's Causeway,地,Machiavellian,極,Troy,地,Waajib,地,Auction Ring,地,Sound Track,極,Bold Lad (IRE),バ,Roan Rocket,極,Hill Gail,極,地-極-地 | 地-地-極 | バ-極-極,
ID:1140003116,Bob Back,Bob Back,1140003116,確定,繁殖登録番号,Z_v9.27_TARGET系譜不足枝0扱いで完成,母母父,0,0,8,8,,Hail to Reason,極,Nashua,極,Bull Lea,極,Saggy,地,Star Blen,極,Teddy Beau,バ,Afghan,極,,バ,,バ,極・極・極｜地・極・バ｜極・バ・バ,
ID:1140003955,Bold Executive,Bold Executive,1140003955,確定,繁殖登録番号,C_v9.4+v9.5追加祖先反映で完成,母父・母母父,0,1,7,8,,Boldnesian,極,Raise a Native,極,Double Jay,極,Chop Chop,極,Windfields,極,Osiris,極,Nearco,極,Hyperion,地,Abbots Trace,極,極・極・極｜極・極・極｜極・地・極,
ID:1140006066,Canadian Frontier,Canadian Frontier,1140006066,確定,繁殖登録番号,A_v9.3直接完成,母父・母母父,0,7,1,8,8,Mr. Prospector,極,Secretariat,極,Tim Tam,極,Bold Reasoning,極,Poker,極,Jet Action,極,Northern Dancer,地,Forli,地,Nantallah,極,極-極-極 | 極-極-極 | 地-地-極,
ID:1140006996,Carpe Diem,Carpe Diem,1140006996,確定,繁殖登録番号,A_v9.3直接完成,父・母父,6,2,0,8,8,Storm Cat,地,Rahy,バ,Roberto,極,Unbridled,極,Caro,極,Lucky Mel,地,Danzig,地,Prince John,極,Turn-to,極,地-バ-極 | 極-極-地 | 地-極-極,
ID:1140004209,Dare and Go,Dare and Go,1140004209,確定,繁殖登録番号,G_v9.4-v9.9追加祖先反映で完成,母父・母母父,0,1,7,8,,Raise a Native,極,On-and-On,極,Ponder,地,Bold Ruler,極,Princequillo,極,Caruso,バ,Nearco,極,Hyperion,地,Abbots Trace,極,極・極・地｜極・極・バ｜極・地・極,
ID:1140006398,Dushyantor,Dushyantor,1140006398,確定,繁殖登録番号,B_TARGET再構成＋v9.3既存Mで完成,母父・母母父,0,6,2,8,8,Northern Dancer,地,Bold Reason,極,Forli,地,Hail to Reason,極,Nashua,極,Bull Lea,極,Native Dancer,極,Case Ace,バ,American Flag,極,地・極・地｜極・極・極｜極・バ・極,
ID:1140005985,Fayruz,Fayruz,1140005985,確定,繁殖登録番号,Z_v9.27_TARGET系譜不足枝0扱いで完成,母母父,0,0,8,8,,Sing Sing,地,Vilmorin,極,Winterhalter,極,,バ,,バ,,バ,,バ,,バ,,バ,地・極・極｜バ・バ・バ｜バ・バ・バ,
ID:1140006688,Firebreak,Firebreak,1140006688,確定,繁殖登録番号,A_v9.3直接完成,母父・母母父,0,7,1,8,8,Warning,地,Sadler's Wells,地,Pretense,地,Sing Sing,地,Vilmorin,極,Winterhalter,極,High Treason,極,Pearl Diver,極,Colombo,極,地-地-地 | 地-極-極 | 極-極-極,
ID:1140001437,Fit to Fight,Fit to Fight,1140001437,確定,繁殖登録番号,F_v9.4-v9.8追加祖先反映で完成,母母父,0,0,8,8,,Bold Ruler,極,Roman,極,Princequillo,極,Count Fleet,極,Case Ace,バ,Man o'War,極,Sir Gallahad,極,Buchan,極,Ultimus,バ,極・極・極｜極・バ・極｜極・極・バ,
ID:1140003273,Gold Meridian,Gold Meridian,1140003273,確定,繁殖登録番号,H_v9.4-v9.10追加祖先反映で完成,母母父,0,0,8,8,,Bold Reasoning,極,Poker,極,Jet Action,極,Spy Song,極,Requiebro,極,Papanatas,バ,Owen Tudor,地,Solario,極,Asterus,極,極・極・極｜極・極・バ｜地・極・極,
ID:1140006837,Heart's Cry,Heart's Cry,1140006837,確定,繁殖登録番号,A_v9.3直接完成,父・母父・母母父,1,6,1,8,8,Halo,極,Understanding,極,Montparnasse,地,Kampala,極,Hornbeam,地,Preciptic,極,Northern Dancer,地,Court Martial,極,Formor,極,極-極-地 | 極-地-極 | 地-極-極,
ID:1140006280,Helmsman,Helmsman,1140006280,確定,繁殖登録番号,B_TARGET再構成＋v9.3既存Mで完成,母母父,0,0,8,8,8,Northern Dancer,地,Buckpasser,極,Traffic Judge,地,Round Table,極,Fleet Nasrullah,極,Determine,地,Double Jay,極,Princequillo,極,Mahmoud,極,地・極・地｜極・極・地｜極・極・極,
ID:1140000964,His Majesty,His Majesty,1140000964,確定,繁殖登録番号,Z_v9.27_TARGET系譜不足枝0扱いで完成,母母父,0,0,8,8,,Tenerani,極,El Greco,極,Papyrus,極,Hyperion,地,Tracery,極,Wildfowler,バ,Son-in-Law,バ,Polymelus,バ,,バ,極・極・極｜地・極・バ｜バ・バ・バ,
ID:1140004080,Irish Open,Irish Open,1140004080,確定,繁殖登録番号,B_TARGET再構成＋v9.3既存Mで完成,母母父,0,0,8,8,8,Irish Castle,極,Loom,極,Reneged,極,Tom Fool,極,War Admiral,極,Blue Larkspur,バ,Tourbillon,極,Pharos,極,Swynford,極,極・極・極｜極・極・バ｜極・極・極,
ID:1140002542,Java Gold,Java Gold,1140002542,確定,繁殖登録番号,C_v9.4+v9.5追加祖先反映で完成,母母父,0,0,8,8,,Graustark,地,Princequillo,極,War Admiral,極,Northern Dancer,地,Bull Page,極,Menow,極,Tom Fool,極,Bull Lea,極,The Porter,バ,地・極・極｜地・極・極｜極・極・バ,
ID:1140004721,Kaldounevees,Kaldounevees,1140004721,確定,繁殖登録番号,B_TARGET再構成＋v9.3既存Mで完成,母父・母母父,0,1,7,8,8,Caro,極,Le Haar,極,Venture,極,Petingo,バ,Klairon,極,Tantieme,極,Princequillo,極,Count Fleet,極,Blue Larkspur,バ,極・極・極｜バ・極・極｜極・極・バ,
ID:1140006013,Kelly Kip,Kelly Kip,1140006013,確定,繁殖登録番号,B_TARGET再構成＋v9.3既存Mで完成,母父・母母父,0,1,7,8,8,Valid Appeal,地,Tentam,バ,Misty Day,極,Bold Bidder,極,Buckpasser,極,Turn-to,極,Restless Native,極,Rosemont,バ,Discovery,極,地・バ・極｜極・極・極｜極・バ・極,
ID:1140006612,Mayakovsky,Mayakovsky,1140006612,確定,繁殖登録番号,A_v9.3直接完成,母父・母母父,0,5,3,8,8,Capote,極,Pia Star,地,Fleet Nasrullah,極,Raise a Native,極,Delta Judge,地,Mr. Trouble,極,Round Table,極,Nasrullah,極,Big Game,極,極-地-極 | 極-地-極 | 極-極-極,
ID:1140004670,Mazel Trick,Mazel Trick,1140004670,確定,繁殖登録番号,F_v9.4-v9.8追加祖先反映で完成,母母父,0,0,8,8,,Clever Trick,地,Finnegan,極,Mr. Busher,極,Dewan,極,Tom Fool,極,Count Fleet,極,Nasrullah,極,Gainsborough,極,Abbots Trace,極,地・極・極｜極・極・極｜極・極・極,
ID:1140006994,Muhaarar,Muhaarar,1140006994,確定,繁殖登録番号,A_v9.3直接完成,父・母父,2,6,0,8,8,Green Desert,地,ダンシングブレーヴ,バ,Mill Reef,バ,Mendez,地,Breton,極,Alcide,地,Try My Best,地,Mill Reef,バ,Sayajirao,極,地-バ-バ | 地-極-地 | 地-バ-極,
ID:1140003611,Mujadil,Mujadil,1140003611,確定,繁殖登録番号,B_TARGET再構成＋v9.3既存Mで完成,母父・母母父,0,4,4,8,8,Northern Dancer,地,New Providence,極,Chop Chop,極,Bold Ruler,極,Princequillo,極,Caruso,バ,Aureole,極,Nearco,極,Blandford,極,地・極・極｜極・極・バ｜極・極・極,
ID:1140006865,Night of Thunder,Night of Thunder,1140006865,確定,繁殖登録番号,A_v9.3直接完成,父,8,0,0,8,8,Dubai Millennium,地,Deploy,バ,ダンシングブレーヴ,バ,Sadler's Wells,地,Miswaki,極,Lombard,地,Green Desert,地,Bustino,極,Mill Reef,バ,地-バ-バ | 地-極-地 | 地-極-バ,
ID:1140004212,Pennekamp,Pennekamp,1140004212,確定,繁殖登録番号,B_TARGET再構成＋v9.3既存Mで完成,母父・母母父,0,1,7,8,8,Arctic Tern,極,Lyphard,バ,Le Fabuleux,極,Nijinsky,バ,Val de Loir,極,Spy Song,極,Sicambre,極,Honeyway,極,Diolite,極,極・バ・極｜バ・極・極｜極・極・極,
ID:1140006276,Perfect Soul,Perfect Soul,1140006276,確定,繁殖登録番号,A_v9.3直接完成,母父・母母父,0,7,1,8,8,Northern Dancer,地,Bold Reason,極,Forli,地,Bold Ruler,極,Princequillo,極,,バ,Raise a Native,極,Shut Out,極,Pilate,極,地-極-地 | 極-極-バ | 極-極-極,
ID:1140005765,Pleasantly Perfect,Pleasantly Perfect,1140005765,確定,繁殖登録番号,A_v9.3直接完成,母父・母母父,0,5,3,8,8,His Majesty,地,Sunrise Flight,極,Cockrullah,極,Exclusive Native,極,Crafty Admiral,極,Volcanic,極,Northern Dancer,地,Court Martial,極,Formor,極,地-極-極 | 極-極-極 | 地-極-極,
ID:1140006472,Poet's Voice,Poet's Voice,1140006472,確定,繁殖登録番号,A_v9.3直接完成,父・母父,1,7,0,8,8,Dubai Millennium,地,Deploy,バ,ダンシングブレーヴ,バ,Danzig,地,Secretariat,極,Swoon's Son,極,First Landing,極,Heliopolis,地,,バ,地-バ-バ | 地-極-極 | 極-地-バ,
ID:1140004431,Polish Numbers,Polish Numbers,1140004431,確定,繁殖登録番号,B_TARGET再構成＋v9.3既存Mで完成,母母父,0,0,8,8,8,Northern Dancer,地,Admiral's Voyage,バ,Petition,極,Tom Fool,極,War Admiral,極,Blue Larkspur,バ,Khaled,地,Beau Pere,極,War Admiral,極,地・バ・極｜極・極・バ｜地・極・極,
ID:1140006579,Power,Power,1140006579,確定,繁殖登録番号,A_v9.3直接完成,母父,0,8,0,8,8,Green Desert,地,ダンシングブレーヴ,バ,Mill Reef,バ,Ahonoora,バ,Lomond,極,Welsh Pageant,地,Blushing Groom,極,Herbager,極,Raise a Native,極,地-バ-バ | バ-極-地 | 極-極-極,
ID:1140003255,Proud Truth,Proud Truth,1140003255,確定,繁殖登録番号,Y_v9.26残件祖先固定8代欠損0運用確定で完成,母母父,0,0,8,8,,Ribot,極,Alibhai,地,Beau Pere,極,Heliopolis,地,Omaha,極,Stimulus,バ,Black Toney,バ,Teddy,バ,Helicon,バ,極・地・極｜地・極・バ｜バ・バ・バ,
ID:1140003013,Quest for Fame,Quest for Fame,1140003013,確定,繁殖登録番号,Y_v9.26残件祖先固定8代欠損0運用確定で完成,母母父,0,0,8,8,,Blushing Groom,極,Herbager,極,Raise a Native,極,Nijinsky,バ,Val de Loir,極,Spy Song,極,Sicambre,極,Djebel,極,Nino,バ,極・極・極｜バ・極・極｜極・極・バ,
ID:1140006217,Reset,Reset,1140006217,確定,繁殖登録番号,A_v9.3直接完成,母父,0,8,0,8,8,Sir Tristram,極,Nureyev,地,Val de Loir,極,The Judge,極,Crowned Prince,地,Pardao,地,Be My Guest,地,Sea-Bird,極,Sayajirao,極,極-地-極 | 極-地-地 | 地-極-極,
ID:1140004102,Robyn Dancer,Robyn Dancer,1140004102,確定,繁殖登録番号,X_v9.25_TARGET固定8代安全確定反映,母母父,0,0,8,8,,Mr. Prospector,極,In Reality,極,Royal Note,極,Sunglow,極,By Jimminy,極,Royal Minstrel,極,Polynesian,極,Discovery,極,John P.Grier,バ,極・極・極｜極・極・極｜極・極・バ,
ID:1140006940,Sageburg,Sageburg,1140006940,確定,繁殖登録番号,A_v9.3直接完成,母父・母母父,0,7,1,8,8,Hennessy,地,Ogygian,極,Mr. Prospector,極,Mendez,地,Breton,極,Alcide,地,Luthier,極,Chaparral,極,Pantheon,極,地-極-極 | 地-極-地 | 極-極-極,
ID:1140006392,Sahm,Sahm,1140006392,確定,繁殖登録番号,B_TARGET再構成＋v9.3既存Mで完成,母父・母母父,0,3,5,8,8,Raise a Native,極,Nashua,極,Count Fleet,極,Northern Dancer,地,Bold Reason,極,Forli,地,Round Table,極,My Babu,極,Hyperion,地,極・極・極｜地・極・地｜極・極・地,
ID:1140003189,Scenic,Scenic,1140003189,確定,繁殖登録番号,B_TARGET再構成＋v9.3既存Mで完成,母母父,0,0,8,8,8,Northern Dancer,地,Bold Reason,極,Forli,地,What a Pleasure,極,Tom Fool,極,Tourbillon,極,Native Dancer,極,Case Ace,バ,American Flag,極,地・極・地｜極・極・極｜極・バ・極,
ID:1140001334,Sharpo,Sharpo,1140001334,確定,繁殖登録番号,B_TARGET再構成＋v9.3既存Mで完成,母母父,0,0,8,8,8,Atan,地,Rockefella,地,Majano,極,Milesian,極,Petition,極,Prince Bio,極,Royal Charger,極,Majano,極,Grand Guignol,極,地・地・極｜極・極・極｜極・極・極,
ID:1140003020,Sheikh Albadou,Sheikh Albadou,1140003020,確定,繁殖登録番号,B_TARGET再構成＋v9.3既存Mで完成,母母父,0,0,8,8,8,Danzig,地,Sir Ivor,極,Never Bend,極,Tudor Melody,バ,Court Martial,極,Borealis,地,Prince Chevalier,極,Straight Deal,極,Friar Marcus,極,地・極・極｜バ・極・地｜極・極・極,
ID:1140006822,Slickly,Slickly,1140006822,確定,繁殖登録番号,Y_v9.26残件祖先固定8代欠損0運用確定で完成,母母父,0,0,8,8,,Mendez,地,Breton,極,Alcide,地,Mr. Prospector,極,Bold Commander,極,Turn-to,極,Nearctic,地,Mel Hash,極,Heather Broom,バ,地・極・地｜極・極・極｜地・極・バ,
ID:1140007334,Sottsass,Sottsass,1140007334,確定,繁殖登録番号,A_v9.3直接完成,父,8,0,0,8,8,Pivotal,地,Danehill,地,Conquistador Cielo,極,Sadler's Wells,地,Miswaki,極,Lombard,地,Green Dancer,バ,Mr. Prospector,極,Northern Answer,地,地-地-極 | 地-極-地 | バ-極-地,
ID:1140005936,Sternkoenig,Sternkoenig,1140005936,確定,繁殖登録番号,Z_v9.27_TARGET系譜不足枝0扱いで完成,母母父,0,0,8,8,,Kalamoun,極,Pall Mall,極,Worden,極,Authi,地,Tamerlane,極,Vimy,極,Caran D'Ache,極,,バ,,バ,極・極・極｜地・極・極｜極・バ・バ,
ID:1140006288,Sunray Spirit,Sunray Spirit,1140006288,確定,繁殖登録番号,A_v9.3直接完成,母父・母母父,0,7,1,8,8,Storm Cat,地,Hawaii,バ,Tom Cat,極,Raise a Native,極,On-and-On,極,Ponder,地,Bold Reasoning,極,Poker,極,Jet Action,極,地-バ-極 | 極-極-地 | 極-極-極,
ID:1140003752,Tenby,Tenby,1140003752,確定,繁殖登録番号,B_TARGET再構成＋v9.3既存Mで完成,母母父,0,0,8,8,8,Nijinsky,バ,Round Table,極,Hail to Reason,極,Kalamoun,極,Pall Mall,極,Worden,極,Never Bend,極,Princequillo,極,Count Fleet,極,バ・極・極｜極・極・極｜極・極・極,
ID:1140006747,Thousand Words,Thousand Words,1140006747,確定,繁殖登録番号,A_v9.3直接完成,母父・母母父,0,5,3,8,8,Danehill,地,Kahyasi,地,High Line,地,Northern Dancer,地,New Providence,極,Chop Chop,極,Raise a Native,極,On-and-On,極,Ponder,地,地-地-地 | 地-極-極 | 極-極-地,
ID:1140005371,Titus Livius,Titus Livius,1140005371,確定,繁殖登録番号,B_TARGET再構成＋v9.3既存Mで完成,母母父,0,0,8,8,8,Mr. Prospector,極,Halo,極,Hoist the Flag,極,Northern Dancer,地,Tudor Minstrel,地,Stymie,極,Never Bend,極,Princequillo,極,Count Fleet,極,極・極・極｜地・地・極｜極・極・極,
ID:1140007197,Too Darn Hot,Too Darn Hot,1140007197,確定,繁殖登録番号,A_v9.3直接完成,父,8,0,0,8,8,Dubai Millennium,地,Deploy,バ,ダンシングブレーヴ,バ,In The Wings,地,Halo,極,Herbager,極,High Top,バ,Charlottesville,極,Tantieme,極,地-バ-バ | 地-極-極 | バ-極-極,
ID:1120002078,アポインテッドデイ,アポインテッドデイ,1120002078,確定,繁殖登録番号,A_v9.3直接完成,母父・母母父,0,7,1,8,8,Roberto,極,Damascus,極,Nearctic,地,Northern Dancer,地,Admiral's Voyage,バ,Petition,極,Raise a Native,極,Nasrullah,極,,バ,極-極-地 | 地-バ-極 | 極-極-バ,
ID:1120001064,アンシエントタイム,アンシエントタイム,1120001064,確定,繁殖登録番号,G_v9.4-v9.9追加祖先反映で完成,母母父,0,0,8,8,,Northern Dancer,地,Bull Page,極,Menow,極,Bold Ruler,極,Princequillo,極,Caruso,バ,Bull Lea,極,Jamestown,極,Ultimus,バ,地・極・極｜極・極・バ｜極・極・バ,
ID:1120002488,クラウンレガーロ,クラウンレガーロ,1120002488,確定,繁殖登録番号,A_v9.3直接完成,父,8,0,0,8,8,Silver Hawk,バ,Danzig,地,His Majesty,地,Forty Niner,地,Dance Spell,地,Thinking Cap,地,Mill Reef,バ,Star Moss,極,Naucide,極,バ-地-地 | 地-地-地 | バ-極-極,
ID:1120002412,クリーンエコロジー,クリーンエコロジー,1120002412,確定,繁殖登録番号,A_v9.3直接完成,父・母父,7,1,0,8,8,Kingmambo,地,Last Tycoon,地,Blakeney,地,Unbridled,極,Caro,極,Lucky Mel,地,Seattle Slew,極,Buckpasser,極,Hill Prince,極,地-地-地 | 極-極-地 | 極-極-極,
ID:1120002136,シェルゲーム,シェルゲーム,1120002136,確定,繁殖登録番号,A_v9.3直接完成,母父・母母父,0,6,2,8,8,Nashwan,バ,Key to the Mint,地,Quadrangle,極,Danzig,地,Secretariat,極,Swoon's Son,極,Hoist the Flag,極,Prince John,極,Determine,地,バ-地-極 | 地-極-極 | 極-極-地,
ID:1120001929,シングンオペラ,シングンオペラ,1120001929,確定,繁殖登録番号,A_v9.3直接完成,父,8,0,0,8,8,Sadler's Wells,地,High Top,バ,Jimmy Reppin,極,ハーデイカヌート,極,Above Suspicion,極,Tulyar,極,Bull Lea,極,War Admiral,極,Sir Gallahad,極,地-バ-極 | 極-極-極 | 極-極-極,
ID:1120002575,ストーミーシー,ストーミーシー,1120002575,確定,繁殖登録番号,A_v9.3直接完成,父,8,0,0,8,8,エンドスウィープ,地,サンデーサイレンス,地,Kris,地,Caerleon,バ,Dominion,バ,Kashmir,地,Lyphard,バ,Lucky Debonair,極,Palestinian,極,地-地-地 | バ-バ-地 | バ-極-極,
ID:1120001061,ストームオンザルース,ストームオンザルース,1120001061,確定,繁殖登録番号,B_TARGET再構成＋v9.3既存Mで完成,母母父,0,0,8,8,8,Northern Dancer,地,Court Martial,極,Formor,極,Victoria Park,極,Nearctic,地,Fairaris,極,Nasrullah,極,Khaled,地,Beau Pere,極,地・極・極｜極・地・極｜極・地・極,
ID:1120001863,セイウンスカイ,セイウンスカイ,1120001863,確定,繁殖登録番号,B_TARGET再構成＋v9.3既存Mで完成,母母父,0,0,8,8,8,Posse,地,Kalamoun,極,Right Royal,地,Mill Reef,バ,Ragusa,極,Grey Sovereign,極,Lyphard,バ,Lucky Debonair,極,Palestinian,極,地・極・地｜バ・極・極｜バ・極・極,
ID:1120001329,セレスティアルストーム,セレスティアルストーム,1120001329,確定,繁殖登録番号,S_v9.20高影響祖先反映で完成,母母父,0,0,8,8,,Hail to Reason,極,Nashua,極,Bull Lea,極,Tenerani,極,El Greco,極,Papyrus,極,Royal Gem,極,Bull Dog,極,Bostonian,バ,極・極・極｜極・極・極｜極・極・バ,
ID:1120002227,チェリークラウン,チェリークラウン,1120002227,確定,繁殖登録番号,A_v9.3直接完成,父,8,0,0,8,8,Chief's Crown,地,Bold Hour,極,Ribot,極,Halo,極,Understanding,極,Montparnasse,地,ノーザンテースト,地,Never Bend,極,Roman,極,地-極-極 | 極-極-地 | 地-極-極,
ID:1120002097,プレシャスカフェ,プレシャスカフェ,1120002097,確定,繁殖登録番号,A_v9.3直接完成,母父・母母父,0,1,7,8,8,Nureyev,地,Exclusive Native,極,Prince John,極,Halo,極,Understanding,極,Montparnasse,地,Round Table,極,Bold Ruler,極,Bull Lea,極,地-極-極 | 極-極-地 | 極-極-極,
ID:1120002224,マルカシェンク,マルカシェンク,1120002224,確定,繁殖登録番号,A_v9.3直接完成,父・母父,3,5,0,8,8,Halo,極,Understanding,極,Montparnasse,地,Gone West,地,The Minstrel,バ,Right Tack,バ,Buckpasser,極,Native Dancer,極,Fighting Fox,極,極-極-地 | 地-バ-バ | 極-極-極,
ID:1120001008,ミホシンザン,ミホシンザン,1120001008,確定,繁殖登録番号,I_v9.11_TARGET固定8代年代境界反映で完成,母母父,0,0,8,8,,ヒンドスタン,極,ハヤタケ,極,トウルヌソル,極,Sicambre,極,Nasrullah,極,Ballyferis,極,Tudor Minstrel,地,Nearco,極,Hurry On,バ,極・極・極｜極・極・極｜地・極・バ,
ID:1120001735,ミラクルアドマイヤ,ミラクルアドマイヤ,1120001735,確定,繁殖登録番号,A_v9.3直接完成,母父,0,8,0,8,8,Kampala,極,Hornbeam,地,Preciptic,極,Northern Dancer,地,Bold Reason,極,Forli,地,Petingo,バ,Bois Roussel,極,Casterari,極,極-地-極 | 地-極-地 | バ-極-極,
ID:1120002512,ヤングマンパワー,ヤングマンパワー,1120002512,確定,繁殖登録番号,A_v9.3直接完成,父,8,0,0,8,8,Redoute's Choice,地,Snippets,地,Storm Bird,地,Halo,極,Understanding,極,Montparnasse,地,Northern Dancer,地,Forli,地,Nantallah,極,地-地-地 | 極-極-地 | 地-地-極,
ID:1120002379,ラブイズブーシェ,ラブイズブーシェ,1120002379,確定,繁殖登録番号,A_v9.3直接完成,父,8,0,0,8,8,サンデーサイレンス,地,Law Society,地,Luciano,バ,メジロテイターン,地,リマンド,バ,ヒンドスタン,極,Lyphard,バ,Lucky Debonair,極,Palestinian,極,地-地-バ | 地-バ-極 | バ-極-極,
ID:1120001294,レインボーアンバー,レインボーアンバー,1120001294,確定,繁殖登録番号,Z_v9.27_TARGET系譜不足枝0扱いで完成,母母父,0,0,8,8,,ノーザンテースト,地,Ambiopoise,極,Gallant Man,極,Match,極,Alycidon,地,Fair Trial,極,Fairway,極,Dark Legend,極,,バ,地・極・極｜極・地・極｜極・極・バ,
ID:1140006922,All American,All American,1140006922,確定,繁殖登録番号,A_v9.3直接完成,母父,0,7,0,7,7,Roberto,極,Damascus,極,Nearctic,地,Whiskey Road,地,Rich Gift,地,Red Jester,地,Raise a Native,極,Nashua,極,Count Fleet,極,極-極-地 | 地-地-地 | 極-極-極,
ID:1140007241,Almanzor,Almanzor,1140007241,確定,繁殖登録番号,A_v9.3直接完成,父,7,0,0,7,7,Iffraaj,地,Primo Dominie,バ,Chief's Crown,地,Wavering Monarch,極,Caro,極,Naskra,極,Diesis,地,Green Dancer,バ,Pontifex,極,地-バ-地 | 極-極-極 | 地-バ-極,
ID:1140002375,Antheus,Antheus,1140002375,確定,繁殖登録番号,Y_v9.26残件祖先固定8代欠損0運用確定で完成,母母父,0,0,7,7,,Nearctic,地,Native Dancer,極,Mahmoud,極,Turn-to,極,Princequillo,極,Caruso,バ,Sicambre,極,Djebel,極,Nino,バ,地・極・極｜極・極・バ｜極・極・バ,
ID:1140006711,Archarcharch,Archarcharch,1140006711,確定,繁殖登録番号,A_v9.3直接完成,父・母父,3,4,0,7,7,Kris S.,極,Danzig,地,Alydar,バ,Mr. Prospector,極,Buckpasser,極,Swaps,地,Northern Dancer,地,Forli,地,Nantallah,極,極-地-バ | 極-極-地 | 地-地-極,
ID:1140006250,Bahhare,Bahhare,1140006250,確定,繁殖登録番号,B_TARGET再構成＋v9.3既存Mで完成,母父・母母父,0,3,4,7,7,Mr. Prospector,極,Buckpasser,極,Swaps,地,Northern Dancer,地,Bull Page,極,Menow,極,Bold Ruler,極,To Market,極,Princequillo,極,極・極・地｜地・極・極｜極・極・極,
ID:1140006274,Benchmark,Benchmark,1140006274,確定,繁殖登録番号,B_TARGET再構成＋v9.3既存Mで完成,母母父,0,0,7,7,7,Raise a Native,極,On-and-On,極,Ponder,地,Northern Dancer,地,Admiral's Voyage,バ,Petition,極,Mahmoud,極,Shut Out,極,Blue Larkspur,バ,極・極・地｜地・バ・極｜極・極・バ,
ID:1140003227,Caveat,Caveat,1140003227,確定,繁殖登録番号,B_TARGET再構成＋v9.3既存Mで完成,母母父,0,0,7,7,7,Bold Bidder,極,Ribot,極,Cosmic Bomb,極,Mahmoud,極,Shut Out,極,Blue Larkspur,バ,Royal Charger,極,Admiral Drake,極,Pharos,極,極・極・極｜極・極・バ｜極・極・極,
ID:1140006071,Charge Forward,Charge Forward,1140006071,確定,繁殖登録番号,A_v9.3直接完成,母父・母母父,0,1,6,7,7,Roberto,極,Damascus,極,Nearctic,地,Biscay,地,Relic,極,Fair Trial,極,In Reality,極,Moslem Chief,地,,バ,極-極-地 | 地-極-極 | 極-地-バ,
ID:1140005895,Choisir,Choisir,1140005895,確定,繁殖登録番号,B_TARGET再構成＋v9.3既存Mで完成,母母父,0,0,7,7,7,Danehill,地,Sharpen Up,地,Caro,極,Silly Season,極,Hornbeam,地,Sunny Brae,極,Star Kingdom,地,Makarpura,極,Newtown Wonder,極,地・地・極｜極・地・極｜地・極・極,
ID:1140004683,Compton Place,Compton Place,1140004683,確定,繁殖登録番号,B_TARGET再構成＋v9.3既存Mで完成,母父,0,7,0,7,7,Ahonoora,バ,Swing Easy,地,Skymaster,極,Yellow God,極,Birkhahn,極,Norman,極,Sovereign Path,極,Caracalla,極,Sir Walter Raleigh,極,バ・地・極｜極・極・極｜極・極・極,
ID:1140006456,Concorde's Tune,Concorde's Tune,1140006456,確定,繁殖登録番号,B_TARGET再構成＋v9.3既存Mで完成,母父・母母父,0,5,2,7,7,Super Concorde,地,Iron Ruler,極,Fort Salonga,極,The Pruner,極,Rocky Royale,地,I Appeal,極,Royal Charger,極,War Admiral,極,Blue Larkspur,バ,地・極・極｜極・地・極｜極・極・バ,
ID:1140002660,Crested Wave,Crested Wave,1140002660,確定,繁殖登録番号,Y_v9.26残件祖先固定8代欠損0運用確定で完成,母母父,0,0,7,7,,My Babu,極,Olympia,地,Teddy's Comet,バ,Meadow,極,Diadochos,バ,Fisherman,バ,Questionnaire,バ,Whichone,バ,Luke McLuke,バ,極・地・バ｜極・バ・バ｜バ・バ・バ,
ID:1140006666,Crocker Road,Crocker Road,1140006666,確定,繁殖登録番号,A_v9.3直接完成,母父・母母父,0,6,1,7,7,Seattle Slew,極,Secretariat,極,Buckpasser,極,Northern Dancer,地,Forli,地,Nantallah,極,Turn-to,極,Princequillo,極,,バ,極-極-極 | 地-地-極 | 極-極-バ,
ID:1140004813,Danzero,Danzero,1140004813,確定,繁殖登録番号,B_TARGET再構成＋v9.3既存Mで完成,母父・母母父,0,2,5,7,7,Danzig,地,His Majesty,地,Buckpasser,極,Star Kingdom,地,Emperor,極,Ajax,極,Alycidon,地,Tudor Minstrel,地,Panorama,極,地・地・極｜地・極・極｜地・地・極,
ID:1140006937,Dream Ahead,Dream Ahead,1140006937,確定,繁殖登録番号,A_v9.3直接完成,母父,0,7,0,7,7,Warning,地,Sadler's Wells,地,Ahonoora,バ,Young Generation,地,Sharpen Up,地,Soderini,極,Danzig,地,Sir Ivor,極,Never Bend,極,地-地-バ | 地-地-極 | 地-極-極,
ID:1140005338,Fly Till Dawn,Fly Till Dawn,1140005338,確定,繁殖登録番号,B_TARGET再構成＋v9.3既存Mで完成,母父・母母父,0,1,6,7,7,Grey Dawn,極,The Axe,極,Tompion,極,Caro,極,Honeyway,極,Coaraze,極,Prince Chevalier,極,Nearco,極,Singapore,極,極・極・極｜極・極・極｜極・極・極,
ID:1140007164,Fortify,Fortify,1140007164,確定,繁殖登録番号,A_v9.3直接完成,母父,0,7,0,7,7,Forty Niner,地,Danzig,地,Mr. Leader,極,Seattle Slew,極,Secretariat,極,Buckpasser,極,Northern Dancer,地,Forli,地,Nantallah,極,地-地-極 | 極-極-極 | 地-地-極,
ID:1140003794,Fortunate Prospect,Fortunate Prospect,1140003794,確定,繁殖登録番号,Y_v9.26残件祖先固定8代欠損0運用確定で完成,母父・母母父,0,2,5,7,,Mr. Prospector,極,Northern Dancer,地,My Babu,極,Vertex,バ,Count Fleet,極,Bull Lea,極,Sun Again,バ,Whiskaway,バ,Seth,バ,極・地・極｜バ・極・極｜バ・バ・バ,
ID:1140002538,Glow,Glow,1140002538,確定,繁殖登録番号,B_TARGET再構成＋v9.3既存Mで完成,母母父,0,0,7,7,7,Nearctic,地,Native Dancer,極,Mahmoud,極,Tom Fool,極,War Admiral,極,Blue Larkspur,バ,Turn-to,極,Blue Swords,極,Sir Gallahad,極,地・極・極｜極・極・バ｜極・極・極,
ID:1140007245,Good Magic,Good Magic,1140007245,確定,繁殖登録番号,A_v9.3直接完成,父,7,0,0,7,7,Smart Strike,地,Deputy Minister,地,Bates Motel,極,Danzig,地,Turkoman,地,Roberto,極,Mr. Prospector,極,Buckpasser,極,Princequillo,極,地-地-極 | 地-地-極 | 極-極-極,
ID:1140002218,Great Above,Great Above,1140002218,確定,繁殖登録番号,Y_v9.26残件祖先固定8代欠損0運用確定で完成,母母父,0,0,7,7,,Rough'n Tumble,極,Mustang,極,Phideas,極,Intent,バ,Discovery,極,Percentage,バ,Bimelech,極,War Admiral,極,Black Servant,バ,極・極・極｜バ・極・バ｜極・極・バ,
ID:1140005776,Haafhd,Haafhd,1140005776,確定,繁殖登録番号,A_v9.3直接完成,母父・母母父,0,4,3,7,7,Unfuwain,地,Irish River,極,Val de Loir,極,Red God,極,Wild Risk,極,Tudor Minstrel,地,Noholme,地,Double Jay,極,Don Bingo,極,地-極-極 | 極-極-地 | 地-極-極,
ID:1140003301,Hawkster,Hawkster,1140003301,確定,繁殖登録番号,F_v9.4-v9.8追加祖先反映で完成,母母父,0,0,7,7,,Roberto,極,Amerigo,バ,Mat de Cocagne,極,Bold Ruler,極,Roman,極,Princequillo,極,Blenheim,極,Gainsborough,極,The Tetrarch,バ,極・バ・極｜極・極・極｜極・極・バ,
ID:1140004208,Joyeux Danseur,Joyeux Danseur,1140004208,確定,繁殖登録番号,B_TARGET再構成＋v9.3既存Mで完成,母母父,0,0,7,7,7,Northern Dancer,地,Forli,地,Nantallah,極,Wild Risk,極,Verso,極,Easton,極,Native Dancer,極,Case Ace,バ,American Flag,極,地・地・極｜極・極・極｜極・バ・極,
ID:1140006469,Kalatos,Kalatos,1140006469,確定,繁殖登録番号,B_TARGET再構成＋v9.3既存Mで完成,母父・母母父,0,5,2,7,7,Super Concorde,地,Elevation,極,Tudor Minstrel,地,Rocket,バ,March Past,極,Wyndham,極,Henry the Seventh,バ,Arctic Prince,極,Pont l'Eveque,極,地・極・地｜バ・極・極｜バ・極・極,
ID:1140006395,Lawman,Lawman,1140006395,確定,繁殖登録番号,A_v9.3直接完成,父・母父,1,6,0,7,7,Green Desert,地,Kris,地,Artaius,バ,Mr. Prospector,極,Rambunctious,地,Seven Corners,極,Mill Reef,バ,Hardicanute,極,Grandmaster,極,地-地-バ | 極-地-極 | バ-極-極,
ID:1140001198,Linkage,Linkage,1140001198,確定,繁殖登録番号,Z_v9.27_TARGET系譜不足枝0扱いで完成,母母父,0,0,7,7,,Tom Rolfe,極,War Admiral,極,Tourbillon,極,Turn-to,極,Beau Pere,極,Windsor Lad,極,,バ,,バ,,バ,極・極・極｜極・極・極｜バ・バ・バ,
ID:1140004390,Marlin,Marlin,1140004390,確定,繁殖登録番号,B_TARGET再構成＋v9.3既存Mで完成,母母父,0,0,7,7,7,Nijinsky,バ,Secretariat,極,Forli,地,Sword Dancer,極,My Babu,極,Sickle,極,Lucky Mel,地,Conjure,極,Alibhai,地,バ・極・地｜極・極・極｜地・極・地,
ID:1140007363,McKinzie,McKinzie,1140007363,確定,繁殖登録番号,A_v9.3直接完成,父,7,0,0,7,7,Street Cry,地,Dixieland Band,地,His Majesty,地,Seeking the Gold,極,Wavering Monarch,極,Big Burn,地,Seattle Slew,極,Quadrangle,極,Quibu,極,地-地-地 | 極-極-地 | 極-極-極,
ID:1140006393,Minardi,Minardi,1140006393,確定,繁殖登録番号,A_v9.3直接完成,母父・母母父,0,4,3,7,7,Danzig,地,Damascus,極,Round Table,極,Raise a Native,極,Nashua,極,Count Fleet,極,What a Pleasure,極,Tulyar,極,Dastur,極,地-極-極 | 極-極-極 | 極-極-極,
ID:1140006926,My Golden Song,My Golden Song,1140006926,確定,繁殖登録番号,A_v9.3直接完成,母父・母母父,0,5,2,7,7,Unbridled,極,Caro,極,Lucky Mel,地,Seattle Slew,極,Crimson Satan,極,Rasper,地,Hoist the Flag,極,Prince John,極,Determine,地,極-極-地 | 極-極-地 | 極-極-地,
ID:1140005921,Northern Park,Northern Park,1140005921,確定,繁殖登録番号,B_TARGET再構成＋v9.3既存Mで完成,母母父,0,0,7,7,7,Nearctic,地,Native Dancer,極,Mahmoud,極,Honeyway,極,Admiral's Walk,地,Nearco,極,Wild Risk,極,Verso,極,Easton,極,地・極・極｜極・地・極｜極・極・極,
ID:1130000103,Northfields,Northfields,1130000103,確定,繁殖登録番号,O_v9.17高影響古血統反映で完成,母母父,0,0,7,7,,Nearctic,地,Native Dancer,極,Mahmoud,極,Bull Dog,極,Bunting,バ,North Star,バ,Swynford,極,Great Sport,バ,Royal Realm,極,地・極・極｜極・バ・バ｜極・バ・極,
ID:1140006239,Panoramic,Panoramic,1140006239,確定,繁殖登録番号,B_TARGET再構成＋v9.3既存Mで完成,母母父,0,0,7,7,7,Blushing Groom,極,Herbager,極,Raise a Native,極,Hail to Reason,極,Nashua,極,Bull Lea,極,Bold Ruler,極,Roman,極,Princequillo,極,極・極・極｜極・極・極｜極・極・極,
ID:1130001416,Persian Bold,Persian Bold,1130001416,確定,繁殖登録番号,S_v9.20高影響祖先反映で完成,母母父,0,0,7,7,,Bold Ruler,極,Democratic,極,Alycidon,地,Tanerko,極,Relic,極,Le Volcan,極,Fairway,極,Stefan the Great,極,Bachelor's Double,バ,極・極・地｜極・極・極｜極・極・バ,
ID:1140003355,Peterhof,Peterhof,1140003355,確定,繁殖登録番号,F_v9.4-v9.8追加祖先反映で完成,母母父,0,0,7,7,,Northern Dancer,地,Victoria Park,極,Bull Page,極,Bold Ruler,極,Eight Thirty,極,Pharis,極,Prince Rose,極,Papyrus,極,White Eagle,バ,地・極・極｜極・極・極｜極・極・バ,
ID:1140003492,Polar Falcon,Polar Falcon,1140003492,確定,繁殖登録番号,B_TARGET再構成＋v9.3既存Mで完成,母母父,0,0,7,7,7,Northern Dancer,地,Forli,地,Nantallah,極,Charlottesville,極,Cranach,極,Djebel,極,Tompion,極,Spy Song,極,Sir Gallahad,極,地・地・極｜極・極・極｜極・極・極,
ID:1140006026,Purge,Purge,1140006026,確定,繁殖登録番号,A_v9.3直接完成,母父・母母父,0,6,1,7,7,A.P. Indy,バ,Mr. Prospector,極,Honest Pleasure,極,Tri Jet,バ,Quadrangle,極,Quibu,極,Bold Ruler,極,To Market,極,Princequillo,極,バ-極-極 | バ-極-極 | 極-極-極,
ID:1140006414,Ready's Image,Ready's Image,1140006414,確定,繁殖登録番号,A_v9.3直接完成,母父・母母父,0,6,1,7,7,Southern Halo,バ,Woodman,バ,Naskra,極,Icecapade,バ,Better Bee,バ,Djeddah,極,Majestic Light,地,Buckpasser,極,Better Self,極,バ-バ-極 | バ-バ-極 | 地-極-極,
ID:1140006405,Richly Blended,Richly Blended,1140006405,確定,繁殖登録番号,A_v9.3直接完成,母父・母母父,0,4,3,7,7,アフリート,バ,Topsider,バ,Sir Ivor,極,In Reality,極,Moslem Chief,地,,バ,Iron Ruler,極,Hail to Reason,極,I Will,極,バ-バ-極 | 極-地-バ | 極-極-極,
ID:1140006559,Roi Normand,Roi Normand,1140006559,確定,繁殖登録番号,Y_v9.26残件祖先固定8代欠損0運用確定で完成,母父・母母父,0,5,2,7,,Raise a Native,極,Shut Out,極,Pilate,極,Klairon,極,Cranach,極,Brantome,極,Marino,極,Fine Top,極,Loliondo,バ,極・極・極｜極・極・極｜極・極・バ,
ID:1140004624,Royal Anthem,Royal Anthem,1140004624,確定,繁殖登録番号,A_v9.3直接完成,母父・母母父,0,6,1,7,7,Nureyev,地,Sassafras,バ,Hail to Reason,極,Battle Joined,極,Turn-to,極,Princequillo,極,Bold Ruler,極,,バ,,バ,地-バ-極 | 極-極-極 | 極-バ-バ,
ID:1140006541,Royal Dragon,Royal Dragon,1140006541,確定,繁殖登録番号,A_v9.3直接完成,母父・母母父,0,1,6,7,7,Danzig,地,His Majesty,地,Buckpasser,極,Graustark,地,Princequillo,極,,バ,Bold Ruler,極,Eight Thirty,極,Pharis,極,地-地-極 | 地-極-バ | 極-極-極,
ID:1140002683,Salse,Salse,1140002683,確定,繁殖登録番号,C_v9.4高影響祖先補完で完成,母母父,0,0,7,7,7,Northern Dancer,地,Round Table,極,Nasrullah,極,Princequillo,極,Count Fleet,極,Blue Larkspur,バ,Nearco,極,Precipitation,極,Hyperion,地,地・極・極｜極・極・バ｜極・極・地,
ID:1140003907,Saumarez,Saumarez,1140003907,確定,繁殖登録番号,F_v9.4-v9.8追加祖先反映で完成,母母父,0,0,7,7,,Blushing Groom,極,Herbager,極,Raise a Native,極,Tudor Melody,バ,Court Martial,極,Borealis,地,Gainsborough,極,Chaucer,極,Minoru,バ,極・極・極｜バ・極・地｜極・極・バ,
ID:1140007028,Seattle Fitz,Seattle Fitz,1140007028,確定,繁殖登録番号,A_v9.3直接完成,母父,0,7,0,7,7,Cipayo,地,Stallwood,地,Stupendous,極,Bold Reasoning,極,Poker,極,Jet Action,極,Nasrullah,極,Djeddah,極,Bimelech,極,地-地-極 | 極-極-極 | 極-極-極,
ID:1140006616,Sebring,Sebring,1140006616,確定,繁殖登録番号＋入力名エイリアス統合,A_v9.3直接完成,母父,1,6,0,7,7,Southern Halo,バ,Woodman,バ,Naskra,極,Danehill,地,Mr. Prospector,極,Sir Ivor,極,Kaoru Star,地,Idomeneo,地,Fair's Fair,極,バ-バ-極 | 地-極-極 | 地-地-極, 現代データのID空欄表記「Sebring」1件を同一個体へ統合。
ID:1140006658,Seeker's Reward,Seeker's Reward,1140006658,確定,繁殖登録番号,B_TARGET再構成＋v9.3既存Mで完成,母母父,0,0,7,7,7,Mr. Prospector,極,Secretariat,極,Tim Tam,極,Northfields,バ,Fortino,極,Big Game,極,Utrillo,極,Mehrali,極,Clustine,極,極・極・極｜バ・極・極｜極・極・極,
ID:1140006209,Siberian Summer,Siberian Summer,1140006209,確定,繁殖登録番号,B_TARGET再構成＋v9.3既存Mで完成,母母父,0,0,7,7,7,Caro,極,Warfare,地,Hafiz,極,Nearctic,地,Native Dancer,極,Fighting Fox,極,Ribot,極,Roman,極,Princequillo,極,極・地・極｜地・極・極｜極・極・極,
ID:1140006554,Sightseeing,Sightseeing,1140006554,確定,繁殖登録番号,A_v9.3直接完成,母父,0,7,0,7,7,A.P. Indy,バ,Mr. Prospector,極,Honest Pleasure,極,His Majesty,地,Sunrise Flight,極,Cockrullah,極,Raise a Native,極,On-and-On,極,Ponder,地,バ-極-極 | 地-極-極 | 極-極-地,
ID:1140002682,Slip Anchor,Slip Anchor,1140002682,確定,繁殖登録番号,Y_v9.26残件祖先固定8代欠損0運用確定で完成,母母父,0,0,7,7,,Mill Reef,バ,Hardicanute,極,Grandmaster,極,Alchimist,極,Cappiello,極,Phalaris,極,Athanasius,バ,Aditi,バ,Robert le Diable,バ,バ・極・極｜極・極・極｜バ・バ・バ,
ID:1140006018,Southern Image,Southern Image,1140006018,確定,繁殖登録番号,A_v9.3直接完成,母父,0,7,0,7,7,Halo,極,Valid Appeal,地,Crozier,地,Northern Dancer,地,Delta Judge,地,Warfare,地,His Majesty,地,Sunrise Flight,極,Cockrullah,極,極-地-地 | 地-地-地 | 地-極-極,
ID:1140004679,Tactical Cat,Tactical Cat,1140004679,確定,繁殖登録番号,B_TARGET再構成＋v9.3既存Mで完成,母母父,0,0,7,7,7,Storm Bird,地,Secretariat,極,Crimson Satan,極,Fortino,極,Chamossaire,極,Solario,極,Raise a Native,極,Nashua,極,Heliopolis,地,地・極・極｜極・極・極｜極・極・地,
ID:1140003275,Thirty Six Red,Thirty Six Red,1140003275,確定,繁殖登録番号,C_v9.4+v9.5追加祖先反映で完成,母母父,0,0,7,7,,Seattle Slew,極,Buckpasser,極,Hill Prince,極,Prince John,極,Ballymoss,極,Caldarium,極,Menow,極,Bull Dog,極,Equipoise,バ,極・極・極｜極・極・極｜極・極・バ,
ID:1140006710,Tizway,Tizway,1140006710,確定,繁殖登録番号,A_v9.3直接完成,母父,0,7,0,7,7,Cee's Tizzy,バ,Seattle Song,極,ナイスダンサー,地,Danzig,地,Mr. Prospector,極,Illustrious,極,Intentionally,極,Tim Tam,極,Tudor Minstrel,地,バ-極-地 | 地-極-極 | 極-極-地,
ID:1130000019,Vaguely Noble,Vaguely Noble,1130000019,確定,繁殖登録番号,I_v9.11_TARGET固定8代年代境界反映で完成,母母父,0,0,7,7,,Aureole,極,Turkhan,極,Manna,極,Pharos,極,Havresac,極,Spearmint,バ,Bahram,極,Tetratema,極,White Eagle,バ,極・極・極｜極・極・バ｜極・極・バ,
ID:1120002416,アロマカフェ,アロマカフェ,1120002416,確定,繁殖登録番号,A_v9.3直接完成,父,7,0,0,7,7,サンデーサイレンス,地,Law Society,地,Luciano,バ,Nureyev,地,Exclusive Native,極,Prince John,極,テスコボーイ,地,Airborne,バ,Fair Trial,極,地-地-バ | 地-極-極 | 地-バ-極,
ID:1120000922,イルドブルボン,イルドブルボン,1120000922,確定,繁殖登録番号,Y_v9.26残件祖先固定8代欠損0運用確定で完成,母母父,0,0,7,7,,Northern Dancer,地,Bull Page,極,Menow,極,Medium,極,Tornado,極,Rienzo,極,Ocean Swell,極,Mahmoud,極,Kantar,バ,地・極・極｜極・極・極｜極・極・バ,
ID:1120002090,ウォーターリーグ,ウォーターリーグ,1120002090,確定,繁殖登録番号,A_v9.3直接完成,父・母父,5,2,0,7,7,Deputy Minister,地,Secretariat,極,Damascus,極,Hail to Reason,極,Cosmic Bomb,極,Mahmoud,極,Raise a Native,極,Nashua,極,Count Fleet,極,地-極-極 | 極-極-極 | 極-極-極,
ID:1120001977,エイシンプレストン,エイシンプレストン,1120001977,確定,繁殖登録番号,A_v9.3直接完成,父・母父・母母父,1,3,3,7,7,Nijinsky,バ,Val de Loir,極,Spy Song,極,Lyphard,バ,Match,極,Hyperion,地,Ribot,極,Dedicate,極,Nasrullah,極,バ-極-極 | バ-極-地 | 極-極-極,
ID:1120002343,カフェラピード,カフェラピード,1120002343,確定,繁殖登録番号,A_v9.3直接完成,父・母父,4,3,0,7,7,サンデーサイレンス,地,Law Society,地,Luciano,バ,Nijinsky,バ,Round Table,極,Hail to Reason,極,Mr. Prospector,極,Buckpasser,極,Swaps,地,地-地-バ | バ-極-極 | 極-極-地,
ID:1120002332,クレスコグランド,クレスコグランド,1120002332,確定,繁殖登録番号,A_v9.3直接完成,父・母父,6,1,0,7,7,ブライアンズタイム,地,クリスタルパレス,極,Sea-Bird,極,Halo,極,Understanding,極,Montparnasse,地,Alleged,地,Boldnesian,極,Summer Tan,地,地-極-極 | 極-極-地 | 地-極-地,
ID:1120000513,コリムスキー,コリムスキー,1120000513,確定,繁殖登録番号,Y_v9.26残件祖先固定8代欠損0運用確定で完成,母母父,0,0,7,7,,Nearctic,地,Native Dancer,極,Mahmoud,極,Royal Charger,極,War Admiral,極,Blue Larkspur,バ,Equipoise,バ,Chicle,バ,Fair Play,バ,地・極・極｜極・極・バ｜バ・バ・バ,
ID:1120002316,サウンドボルケーノ,サウンドボルケーノ,1120002316,確定,繁殖登録番号,A_v9.3直接完成,父,7,0,0,7,7,Hennessy,地,Meadowlake,極,Hagley,極,Hail to Reason,極,Cosmic Bomb,極,Mahmoud,極,Northern Dancer,地,Admiral's Voyage,バ,Petition,極,地-極-極 | 極-極-極 | 地-バ-極,
ID:1120000577,サクラシヨウリ,サクラシヨウリ,1120000577,確定,繁殖登録番号,D_v9.4-v9.6追加祖先反映で完成,母母父,0,0,7,7,,Milesian,極,Pharis,極,Abjer,極,Grey Sovereign,極,Relic,極,Orsenigo,極,Bois Roussel,極,Solario,極,Phalaris,極,極・極・極｜極・極・極｜極・極・極,
ID:1120001948,サザンヘイロー,サザンヘイロー,1120001948,確定,繁殖登録番号,B_TARGET再構成＋v9.3既存Mで完成,母父・母母父,0,5,2,7,7,Hail to Reason,極,Cosmic Bomb,極,Mahmoud,極,Nearctic,地,Native Dancer,極,Mahmoud,極,Dan Cupid,極,Sicambre,極,Maurepas,極,極・極・極｜地・極・極｜極・極・極,
ID:1120000142,サンシー,サンシー,1120000142,確定,繁殖登録番号,X_v9.25_TARGET固定8代安全確定反映,母母父,0,0,7,7,,Fine Top,極,Tourment,極,Mahmoud,極,Wild Risk,極,Sind,極,Teddy,バ,Prince Rose,極,Bacteriophage,極,Cadum,極,極・極・極｜極・極・バ｜極・極・極,
ID:1120002485,シゲルカガ,シゲルカガ,1120002485,確定,繁殖登録番号,A_v9.3直接完成,父,7,0,0,7,7,Pulpit,地,Wild Again,地,Pass the Tab,バ,Procida,極,Riverman,極,Damascus,極,Nearctic,地,Hasty Road,極,Crafty Admiral,極,地-地-バ | 極-極-極 | 地-極-極,
ID:1120001390,シャーディー,シャーディー,1120001390,確定,繁殖登録番号,Y_v9.26残件祖先固定8代欠損0運用確定で完成,母父・母母父,0,1,6,7,,Northern Dancer,地,Admiral's Voyage,バ,Petition,極,Tom Rolfe,極,War Admiral,極,Tourbillon,極,Bull Dog,極,Busy American,バ,Leonardo,バ,地・バ・極｜極・極・極｜極・バ・バ,
ID:1120001326,デュラブ,デュラブ,1120001326,確定,繁殖登録番号,F_v9.4-v9.8追加祖先反映で完成,母母父,0,0,7,7,,Northern Dancer,地,Round Table,極,Nasrullah,極,Rough'n Tumble,極,Better Self,極,Bull Brier,極,Djebel,極,Badruddin,極,Pharos,極,地・極・極｜極・極・極｜極・極・極,
ID:1120000440,ノーザリー,ノーザリー,1120000440,確定,繁殖登録番号,T_v9.21高影響祖先反映で完成,母母父,0,0,7,7,,Nearctic,地,Native Dancer,極,Mahmoud,極,Nearco,極,Precipitation,極,Hyperion,地,Sun Teddy,極,Stimulus,バ,Isidor,バ,地・極・極｜極・極・地｜極・バ・バ,
ID:1120000252,ハイセイコー,ハイセイコー,1120000252,確定,繁殖登録番号,Z_v9.27_TARGET系譜不足枝0扱いで完成,母母父,0,0,7,7,,Rockefella,地,Rustom Pasha,極,Friar Marcus,極,Nearco,極,Mirza,極,Apelle,極,,バ,,バ,,バ,地・極・極｜極・極・極｜バ・バ・バ,
ID:1120002270,ヒルノダムール,ヒルノダムール,1120002270,確定,繁殖登録番号,A_v9.3直接完成,父,7,0,0,7,7,サンデーサイレンス,地,Law Society,地,Luciano,バ,Nijinsky,バ,Blushing Groom,極,Snow Knight,地,The Minstrel,バ,Vaguely Noble,地,Swaps,地,地-地-バ | バ-極-地 | バ-地-地,
ID:1120001033,ビシヨツプボブ,ビシヨツプボブ,1120001033,確定,繁殖登録番号,B_TARGET再構成＋v9.3既存Mで完成,母母父,0,0,7,7,7,Icecapade,バ,Better Bee,バ,Djeddah,極,Prince John,極,Better Self,極,Eight Thirty,極,Crafty Admiral,極,Olympia,地,Halcyon,バ,バ・バ・極｜極・極・極｜極・地・バ,
ID:1120000765,プルラリズム,プルラリズム,1120000765,確定,繁殖登録番号,C_v9.4+v9.5追加祖先反映で完成,母母父,0,0,7,7,,Northern Dancer,地,Victoria Park,極,Bull Page,極,Hail to Reason,極,Nashua,極,Bull Lea,極,Prince Bio,極,Rialto,極,Alcantara,バ,地・極・極｜極・極・極｜極・極・バ,
ID:1120002438,マスクゾロ,マスクゾロ,1120002438,確定,繁殖登録番号,A_v9.3直接完成,父,7,0,0,7,7,Fusaichi Pegasus,地,Silver Deputy,地,Quack,バ,Storm Cat,地,Rahy,バ,Roberto,極,Mr. Prospector,極,Vaguely Noble,地,Quibu,極,地-地-バ | 地-バ-極 | 極-地-極,
ID:1120000985,マラキム,マラキム,1120000985,確定,繁殖登録番号,C_v9.4高影響祖先補完で完成,母母父,0,0,7,7,7,Red God,極,Wild Risk,極,Tudor Minstrel,地,Never Bend,極,Princequillo,極,Count Fleet,極,Precipitation,極,Nearco,極,Singapore,極,極・極・地｜極・極・極｜極・極・極,
ID:1120000649,ミシシツピアン,ミシシツピアン,1120000649,確定,繁殖登録番号,Z_v9.27_TARGET系譜不足枝0扱いで完成,母母父,0,0,7,7,,Vienna,極,Nearco,極,Big Game,極,Royal Gem,極,Bull Dog,極,Bostonian,バ,Admiral Drake,極,Vatellor,極,,バ,極・極・極｜極・極・バ｜極・極・バ,
ID:1120001469,ミスターダンデイ,ミスターダンデイ,1120001469,確定,繁殖登録番号,B_TARGET再構成＋v9.3既存Mで完成,母母父,0,0,7,7,7,Bold Bidder,極,Dedicate,極,Blue Larkspur,バ,トサミドリ,極,ダイオライト,極,シアンモア,極,Imbros,極,Alycidon,地,Mazarin,極,極・極・バ｜極・極・極｜極・地・極,
ID:1120001125,ムーンマツドネス,ムーンマツドネス,1120001125,確定,繁殖登録番号,Y_v9.26残件祖先固定8代欠損0運用確定で完成,母母父,0,0,7,7,,Phaeton,極,Verrieres,極,Prince Chevalier,極,Zeddaan,極,Prince Bio,極,Palestine,極,Owen Tudor,地,Victrix,バ,Ksar,バ,極・極・極｜極・極・極｜地・バ・バ,
ID:1120001345,モガンボ,モガンボ,1120001345,確定,繁殖登録番号,B_TARGET再構成＋v9.3既存Mで完成,母母父,0,0,7,7,7,Raise a Native,極,Nashua,極,Count Fleet,極,Royal Charger,極,War Admiral,極,Case Ace,バ,Princequillo,極,Blue Larkspur,バ,Man o'War,極,極・極・極｜極・極・バ｜極・バ・極,
ID:1120002018,モルフェデスペクタ,モルフェデスペクタ,1120002018,確定,繁殖登録番号,A_v9.3直接完成,母父・母母父,0,6,1,7,7,Deputy Minister,地,Secretariat,極,Damascus,極,Raise a Native,極,Nashua,極,Count Fleet,極,Nearctic,地,Native Dancer,極,Fighting Fox,極,地-極-極 | 極-極-極 | 地-極-極,
ID:1120001150,リドヘイム,リドヘイム,1120001150,確定,繁殖登録番号,C_v9.4+v9.5追加祖先反映で完成,母母父,0,0,7,7,,Northern Dancer,地,Forli,地,Nantallah,極,Honeyway,極,Admiral's Walk,地,Nearco,極,Bahram,極,Tetratema,極,White Eagle,バ,地・地・極｜極・地・極｜極・極・バ,
ID:1140006953,Air Force Blue,Air Force Blue,1140006953,確定,繁殖登録番号,A_v9.3直接完成,父・母父,5,1,0,6,6,Danzig,地,Rubiano,地,Forli,地,Wavering Monarch,極,Caro,極,Naskra,極,Mr. Prospector,極,Buckpasser,極,Hasty Road,極,地-地-地 | 極-極-極 | 極-極-極,
ID:1140006776,Alamosa,Alamosa,1140006776,確定,繁殖登録番号,A_v9.3直接完成,母父・母母父,0,5,1,6,6,Last Tycoon,地,Pompeii Court,バ,Pakistan,極,Century,極,Vain,極,Todman,地,Bold Reason,極,New Providence,極,Victoria Park,極,地-バ-極 | 極-極-地 | 極-極-極,
ID:1140003300,Allen's Prospect,Allen's Prospect,1140003300,確定,繁殖登録番号,F_v9.4-v9.8追加祖先反映で完成,母父・母母父,0,1,5,6,,Raise a Native,極,Nashua,極,Count Fleet,極,Khaled,地,Beau Pere,極,War Admiral,極,Man o'War,極,Sweep,バ,Harry of Hereford,極,極・極・極｜地・極・極｜極・バ・極,
ID:1140003669,Always Fair,Always Fair,1140003669,確定,繁殖登録番号,B_TARGET再構成＋v9.3既存Mで完成,母母父,0,0,6,6,6,Northern Dancer,地,Admiral's Voyage,バ,Petition,極,Tom Fool,極,War Admiral,極,Blue Larkspur,バ,Princequillo,極,Sir Cosmo,極,Friar Marcus,極,地・バ・極｜極・極・バ｜極・極・極,
ID:1140006034,Anita's Prince,Anita's Prince,1140006034,確定,繁殖登録番号,B_TARGET再構成＋v9.3既存Mで完成,母母父,0,0,6,6,6,Nijinsky,バ,Hasty Road,極,Crafty Admiral,極,Restless Wind,極,Swaps,地,Panorama,極,Prince Chevalier,極,Nearco,極,Windsor Lad,極,バ・極・極｜極・地・極｜極・極・極,
ID:1140006044,Assatis,Assatis,1140006044,確定,繁殖登録番号,B_TARGET再構成＋v9.3既存Mで完成,母母父,0,0,6,6,6,Northern Dancer,地,Round Table,極,Nasrullah,極,Ribot,極,Alibhai,地,Beau Pere,極,Tom Fool,極,War Admiral,極,Blue Larkspur,バ,地・極・極｜極・地・極｜極・極・バ,
ID:1140003148,Best Western,Best Western,1140003148,確定,繁殖登録番号,B_TARGET再構成＋v9.3既存Mで完成,母母父,0,0,6,6,6,Biscay,地,Relic,極,Fair Trial,極,Grey Sovereign,極,Relic,極,Orsenigo,極,My Babu,極,Mieuxce,極,Solario,極,地・極・極｜極・極・極｜極・極・極,
ID:1140006243,Big Brown,Big Brown,1140006243,確定,繁殖登録番号,A_v9.3直接完成,母父,0,6,0,6,6,Danzig,地,Damascus,極,Round Table,極,Northern Dancer,地,Forli,地,Nantallah,極,Roberto,極,Lt. Stevens,極,War Admiral,極,地-極-極 | 地-地-極 | 極-極-極,
ID:1140006227,Bold Revenue,Bold Revenue,1140006227,確定,繁殖登録番号,Y_v9.26残件祖先固定8代欠損0運用確定で完成,母母父,0,0,6,6,,Boldnesian,極,Raise a Native,極,Double Jay,極,Olympia,地,Roman,極,Display,極,Hill Prince,極,Challenger,極,Diavolo,バ,極・極・極｜地・極・極｜極・極・バ,
ID:1140007319,Bolt d'Oro,Bolt d'Oro,1140007319,確定,繁殖登録番号,A_v9.3直接完成,父,6,0,0,6,6,El Prado,地,Bailjumper,地,Silent Screen,極,Seattle Slew,極,Secretariat,極,Buckpasser,極,General,極,Con Brio,極,Atlas,地,地-地-極 | 極-極-極 | 極-極-地,
ID:1140005465,Buena Shore,Buena Shore,1140005465,確定,繁殖登録番号,Z_v9.27_TARGET系譜不足枝0扱いで完成,母母父,0,0,6,6,,Envoy,極,Unbelievable,極,,バ,Nasrullah,極,Challenger,極,Sir Gallahad,極,Djebel,極,Badruddin,極,Pharos,極,極・極・バ｜極・極・極｜極・極・極,
ID:1140005894,Captain Rio,Captain Rio,1140005894,確定,繁殖登録番号,A_v9.3直接完成,母父,0,6,0,6,6,Polar Falcon,地,Cozzene,極,Bustino,極,Mr. Prospector,極,Buckpasser,極,Princequillo,極,Northern Dancer,地,Bull Page,極,Menow,極,地-極-極 | 極-極-極 | 地-極-極,
ID:1140002939,Carr de Naskra,Carr de Naskra,1140002939,確定,繁殖登録番号,B_TARGET再構成＋v9.3既存Mで完成,母母父,0,0,6,6,6,Naskra,極,Clandestine,極,Tudor Minstrel,地,Bold Ruler,極,Eight Thirty,極,Pharis,極,Royal Charger,極,Hill Prince,極,Stimulus,バ,極・極・地｜極・極・極｜極・極・バ,
ID:1140006623,Chato,Chato,1140006623,確定,繁殖登録番号,B_TARGET再構成＋v9.3既存Mで完成,母母父,0,0,6,6,6,Northern Dancer,地,Vaguely Noble,地,Round Table,極,Red God,極,Wild Risk,極,Tudor Minstrel,地,Rough'n Tumble,極,Better Self,極,Bull Brier,極,地・地・極｜極・極・地｜極・極・極,
ID:1140005842,Chief Seattle,Chief Seattle,1140005842,確定,繁殖登録番号,A_v9.3直接完成,母父,0,6,0,6,6,Bold Reasoning,極,Poker,極,Jet Action,極,Nearctic,地,Native Dancer,極,Fighting Fox,極,Irish Castle,極,Commodore M.,極,Blenheim,極,極-極-極 | 地-極-極 | 極-極-極,
ID:1140006808,City Banker,City Banker,1140006808,確定,繁殖登録番号,A_v9.3直接完成,母父,0,6,0,6,6,Mr. Prospector,極,Sir Ivor,極,Northern Dancer,地,Cinco Grande,バ,Treviglio,極,Right of Way,極,Damascus,極,Francis S.,極,Correlation,極,極-極-地 | バ-極-極 | 極-極-極,
ID:1140006687,City On a Hill,City On a Hill,1140006687,確定,繁殖登録番号,B_TARGET再構成＋v9.3既存Mで完成,母母父,0,0,6,6,6,Blushing Groom,極,Halo,極,Herbager,極,Riverman,極,Klairon,極,East Side,極,Nearctic,地,Native Dancer,極,Mahmoud,極,極・極・極｜極・極・極｜地・極・極,
ID:1130001419,Comedy Star,Comedy Star,1130001419,確定,繁殖登録番号,Y_v9.26残件祖先固定8代欠損0運用確定で完成,母母父,0,0,6,6,,Menow,極,Bull Dog,極,Equipoise,バ,Roman,極,Wise Counsellor,バ,Stefan the Great,極,Black Toney,バ,Teddy,バ,Helicon,バ,極・極・バ｜極・バ・極｜バ・バ・バ,
ID:1140006777,Danske,Danske,1140006777,確定,繁殖登録番号,B_TARGET再構成＋v9.3既存Mで完成,母母父,0,0,6,6,6,Danzig,地,His Majesty,地,Buckpasser,極,Sir Ivor,極,Round Table,極,My Babu,極,Major Portion,極,Borealis,地,Donatello,極,地・地・極｜極・極・極｜極・地・極,
ID:1140003673,De Niro,De Niro,1140003673,確定,繁殖登録番号,B_TARGET再構成＋v9.3既存Mで完成,母母父,0,0,6,6,6,Mr. Prospector,極,Rambunctious,地,Seven Corners,極,Ambiopoise,極,Spy Song,極,Mahmoud,極,Princequillo,極,Blue Larkspur,バ,Man o'War,極,極・地・極｜極・極・極｜極・バ・極,
ID:1140006761,Diamond Green,Diamond Green,1140006761,確定,繁殖登録番号,A_v9.3直接完成,母父,0,6,0,6,6,Danzig,地,Sir Ivor,極,Never Bend,極,Labus,極,Abdos,極,Shantung,地,Bold Lad (IRE),バ,Relko,極,Blue Peter,極,地-極-極 | 極-極-地 | バ-極-極,
ID:1140004775,Expensive Decision,Expensive Decision,1140004775,確定,繁殖登録番号,Y_v9.26残件祖先固定8代欠損0運用確定で完成,母母父,0,0,6,6,,Explodent,地,Diplomat Way,極,Crafty Skipper,極,Tatan,極,Heliopolis,地,Easton,極,War Admiral,極,Umidwar,極,Son-in-Law,バ,地・極・極｜極・地・極｜極・極・バ,
ID:1140007203,Fast Company,Fast Company,1140007203,確定,繁殖登録番号,A_v9.3直接完成,父・母父,1,5,0,6,6,Danehill,地,Sharpen Up,地,Caro,極,Gone West,地,The Minstrel,バ,Right Tack,バ,Never Bend,極,Princequillo,極,Count Fleet,極,地-地-極 | 地-バ-バ | 極-極-極,
ID:1140006336,Flashy Bull,Flashy Bull,1140006336,確定,繁殖登録番号,A_v9.3直接完成,母父,0,6,0,6,6,Great Above,極,Al Hattab,バ,Grey Dawn,極,Blushing Groom,極,Crimson Satan,極,Reneged,極,Lyphard,バ,Le Fabuleux,極,Bold Ruler,極,極-バ-極 | 極-極-極 | バ-極-極,
ID:1140005846,Formal Dinner,Formal Dinner,1140005846,確定,繁殖登録番号,B_TARGET再構成＋v9.3既存Mで完成,母父・母母父,0,3,3,6,6,Raja Baba,極,Majestic Prince,バ,Tudor Minstrel,地,Tom Rolfe,極,War Admiral,極,Tourbillon,極,Nasrullah,極,Discovery,極,Pompey,極,極・バ・地｜極・極・極｜極・極・極,
ID:1140006816,Free House,Free House,1140006816,確定,繁殖登録番号,B_TARGET再構成＋v9.3既存Mで完成,母母父,0,0,6,6,6,Never Tabled,極,Transworld,地,Swoon's Son,極,Grey Dawn,極,El Relicario,極,Cranach,極,Nearctic,地,Native Dancer,極,Fighting Fox,極,極・地・極｜極・極・極｜地・極・極,
ID:1140006635,Gio Ponti,Gio Ponti,1140006635,確定,繁殖登録番号,A_v9.3直接完成,母父,0,6,0,6,6,Storm Cat,地,Mr. Prospector,極,Honest Pleasure,極,Raise a Native,極,On-and-On,極,Ponder,地,Tom Rolfe,極,Sailor,極,Shut Out,極,地-極-極 | 極-極-地 | 極-極-極,
ID:1140006136,Gold Legend,Gold Legend,1140006136,確定,繁殖登録番号,Y_v9.26残件祖先固定8代欠損0運用確定で完成,母父・母母父,0,3,3,6,,Bold Reasoning,極,Poker,極,Jet Action,極,Raise a Native,極,Nashua,極,Count Fleet,極,Round Table,極,Nasrullah,極,Some Chance,バ,極・極・極｜極・極・極｜極・極・バ,
ID:1140006667,Golden Voyager,Golden Voyager,1140006667,確定,繁殖登録番号,B_TARGET再構成＋v9.3既存Mで完成,母母父,0,0,6,6,6,Raise a Native,極,Nashua,極,Count Fleet,極,Intentionally,極,Tim Tam,極,Tudor Minstrel,地,Nearctic,地,Native Dancer,極,Mahmoud,極,極・極・極｜極・極・地｜地・極・極,
ID:1130000798,Great Nephew,Great Nephew,1130000798,確定,繁殖登録番号,K_v9.13古血統精査反映で完成,母母父,0,0,6,6,,Fairway,極,Papyrus,極,White Eagle,バ,Hyperion,地,Roi Herode,バ,Royal Realm,極,Pharos,極,Havresac,極,Spearmint,バ,極・極・バ｜地・バ・極｜極・極・バ,
ID:1140006238,Half a Year,Half a Year,1140006238,確定,繁殖登録番号,F_v9.4-v9.8追加祖先反映で完成,母母父,0,0,6,6,,Never Bend,極,Prince John,極,Roman,極,Nearctic,地,Native Dancer,極,Mahmoud,極,Pilate,極,High Time,バ,Man o'War,極,極・極・極｜地・極・極｜極・バ・極,
ID:1140007077,Havana Gold,Havana Gold,1140007077,確定,繁殖登録番号,A_v9.3直接完成,父・母父,2,4,0,6,6,Galileo,地,Danehill,地,Majestic Light,地,Green Desert,地,High Top,バ,Runnymede,極,Stop the Music,極,Sadair,極,Mr. Busher,極,地-地-地 | 地-バ-極 | 極-極-極,
ID:1140007015,Highland Reel,Highland Reel,1140007015,確定,繁殖登録番号,A_v9.3直接完成,父,6,0,0,6,6,Sadler's Wells,地,Miswaki,極,Lombard,地,Danzig,地,His Majesty,地,Buckpasser,極,Biscay,地,To Market,極,,バ,地-極-地 | 地-地-極 | 地-極-バ,
ID:1140005763,Hold That Tiger,Hold That Tiger,1140005763,確定,繁殖登録番号,A_v9.3直接完成,母父・母母父,0,4,2,6,6,Storm Bird,地,Secretariat,極,Crimson Satan,極,Cannonade,極,The Axe,極,Turn-to,極,Tom Fool,極,Mahmoud,極,,バ,地-極-極 | 極-極-極 | 極-極-バ,
ID:1140003771,Horatius,Horatius,1140003771,確定,繁殖登録番号,Z_v9.27_TARGET系譜不足枝0扱いで完成,母父・母母父,0,1,5,6,,Never Bend,極,Roman,極,Sun Again,バ,Mahmoud,極,Blue Larkspur,バ,Teddy,バ,,バ,,バ,,バ,極・極・バ｜極・バ・バ｜バ・バ・バ,
ID:1140003815,Interprete,Interprete,1140003815,確定,繁殖登録番号,I_v9.11_TARGET固定8代年代境界反映で完成,母父・母母父,0,3,3,6,,Good Manners,極,Cardanil,極,Advocate,極,Bold Bidder,極,Spy Song,極,Mahmoud,極,Timor,極,Gusty,極,Badruddin,極,極・極・極｜極・極・極｜極・極・極,
ID:1140006147,Invasor,Invasor,1140006147,確定,繁殖登録番号,A_v9.3直接完成,母父,0,6,0,6,6,Blushing Groom,極,Lyphard,バ,Prominer,地,Farnesio,極,Liloy,極,Pronto,極,Lacydon,地,Tamerlane,極,Owen Tudor,地,極-バ-地 | 極-極-極 | 地-極-地,
ID:1140003793,Kahyasi,Kahyasi,1140003793,確定,繁殖登録番号,C_v9.4高影響祖先補完で完成,母母父,0,0,6,6,6,Nijinsky,バ,Misti,極,Fastnet Rock,極,Red God,極,Wild Risk,極,Tudor Minstrel,地,Precipitation,極,Nearco,極,Singapore,極,バ・極・極｜極・極・地｜極・極・極,
ID:1140003008,Lead On Time,Lead On Time,1140003008,確定,繁殖登録番号,B_TARGET再構成＋v9.3既存Mで完成,母母父,0,0,6,6,6,Northern Dancer,地,Forli,地,Nantallah,極,Klairon,極,The Phoenix,極,Big Game,極,Aureole,極,Turkhan,極,Manna,極,地・地・極｜極・極・極｜極・極・極,
ID:1140006867,Lucky Roberto,Lucky Roberto,1140006867,確定,繁殖登録番号,I_v9.11_TARGET固定8代年代境界反映で完成,母母父,0,0,6,6,,Danzig,地,Exclusive Native,極,Hail to Reason,極,Hail to Reason,極,Nashua,極,Bull Lea,極,Timor,極,Gusty,極,Badruddin,極,地・極・極｜極・極・極｜極・極・極,
ID:1140006225,Magical Strike,Magical Strike,1140006225,確定,繁殖登録番号,B_TARGET再構成＋v9.3既存Mで完成,母母父,0,0,6,6,6,Northern Dancer,地,Admiral's Voyage,バ,Petition,極,Sir Gaylord,極,Mr. Trouble,極,Pharamond,極,Princequillo,極,Sir Cosmo,極,Friar Marcus,極,地・バ・極｜極・極・極｜極・極・極,
ID:1140006540,Milt's Overture,Milt's Overture,1140006540,確定,繁殖登録番号,Y_v9.26残件祖先固定8代欠損0運用確定で完成,母父・母母父,0,5,1,6,,Roberto,極,His Majesty,地,Olympia,地,Nearctic,地,Mel Hash,極,Heather Broom,バ,Relic,極,Djebel,極,Jock,極,極・地・地｜地・極・バ｜極・極・極,
ID:1140004675,Mud Route,Mud Route,1140004675,確定,繁殖登録番号,C_v9.4高影響祖先補完で完成,母母父,0,0,6,6,6,Whiskey Road,地,Rich Gift,地,Red Jester,地,Halo,極,Sunny,極,Daumier,極,Hyperion,地,Donatello,極,Coronach,極,地・地・地｜極・極・極｜地・極・極,
ID:1140003198,Nabeel Dancer,Nabeel Dancer,1140003198,確定,繁殖登録番号,F_v9.4-v9.8追加祖先反映で完成,母母父,0,0,6,6,,Nearctic,地,Native Dancer,極,Mahmoud,極,What a Pleasure,極,Tom Fool,極,Tourbillon,極,Djebel,極,Badruddin,極,Pharos,極,地・極・極｜極・極・極｜極・極・極,
ID:1140006229,Nedawi,Nedawi,1140006229,確定,繁殖登録番号,A_v9.3直接完成,母父・母母父,0,3,3,6,6,Blushing Groom,極,Herbager,極,Raise a Native,極,Nearctic,地,Native Dancer,極,Mahmoud,極,Vienna,極,Nearco,極,Big Game,極,極-極-極 | 地-極-極 | 極-極-極,
ID:1140007358,Not This Time,Not This Time,1140007358,確定,繁殖登録番号,A_v9.3直接完成,父・母父,4,2,0,6,6,Storm Cat,地,Rahy,バ,Roberto,極,End Sweep,地,Valid Appeal,地,Cougar,極,Minnesota Mac,極,Intentionally,極,Better Self,極,地-バ-極 | 地-地-極 | 極-極-極,
ID:1140004477,Octagonal,Octagonal,1140004477,確定,繁殖登録番号,F_v9.4-v9.8追加祖先反映で完成,母母父,0,0,6,6,,Sir Tristram,極,Nureyev,地,Val de Loir,極,Relic,極,Dante,極,Niccolo Dell'Arca,極,Clarion,極,Kantar,バ,Swynford,極,極・地・極｜極・極・極｜極・バ・極,
ID:1140007035,Offlee Wild,Offlee Wild,1140007035,確定,繁殖登録番号,A_v9.3直接完成,母父・母母父,0,5,1,6,6,Icecapade,バ,Khaled,地,Dante,極,Bold Reasoning,極,Poker,極,Jet Action,極,Ribot,極,Alibhai,地,Beau Pere,極,バ-地-極 | 極-極-極 | 極-地-極,
ID:1140006429,Old Fashioned,Old Fashioned,1140006429,確定,繁殖登録番号,A_v9.3直接完成,母父・母母父,0,5,1,6,6,Unbridled,極,Caro,極,Lucky Mel,地,Hold Your Peace,極,Raise a Native,極,Porterhouse,極,Hoist the Flag,極,Prince John,極,Determine,地,極-極-地 | 極-極-極 | 極-極-地,
ID:1140002921,Pirate's Bounty,Pirate's Bounty,1140002921,確定,繁殖登録番号,Y_v9.26残件祖先固定8代欠損0運用確定で完成,母母父,0,0,6,6,,Tom Rolfe,極,War Admiral,極,Tourbillon,極,Nashua,極,Sun Again,バ,Hyperion,地,Hyperion,地,Felstead,極,Santorb,バ,極・極・極｜極・バ・地｜地・極・バ,
ID:1140003653,Pleasant Tap,Pleasant Tap,1140003653,確定,繁殖登録番号,B_TARGET再構成＋v9.3既存Mで完成,母母父,0,0,6,6,6,His Majesty,地,Sunrise Flight,極,Cockrullah,極,Prince John,極,Ballymoss,極,Caldarium,極,Nasrullah,極,Djeddah,極,Bimelech,極,地・極・極｜極・極・極｜極・極・極,
ID:1140006307,Pollard's Vision,Pollard's Vision,1140006307,確定,繁殖登録番号,A_v9.3直接完成,母父・母母父,0,4,2,6,6,Mr. Prospector,極,Blushing Groom,極,Nijinsky,バ,Northern Dancer,地,Delta Judge,地,Warfare,地,His Majesty,地,Sunrise Flight,極,Cockrullah,極,極-極-バ | 地-地-地 | 地-極-極,
ID:1140006624,Pour Moi,Pour Moi,1140006624,確定,繁殖登録番号,A_v9.3直接完成,母父,0,6,0,6,6,Sadler's Wells,地,Top Ville,バ,Tennyson,極,Shirley Heights,バ,Abdos,極,Venture,極,Mr. Prospector,極,Bold Commander,極,Turn-to,極,地-バ-極 | バ-極-極 | 極-極-極,
ID:1140003909,Regal and Royal,Regal and Royal,1140003909,確定,繁殖登録番号,F_v9.4-v9.8追加祖先反映で完成,母母父,0,0,6,6,,Vienna,極,Nearco,極,Big Game,極,Polynesian,極,Discovery,極,John P.Grier,バ,Djebel,極,Badruddin,極,Pharos,極,極・極・極｜極・極・バ｜極・極・極,
ID:1140006571,Rip Van Winkle,Rip Van Winkle,1140006571,確定,繁殖登録番号,A_v9.3直接完成,母父,0,6,0,6,6,Sadler's Wells,地,Miswaki,極,Lombard,地,Nureyev,地,Blushing Groom,極,Mr. Prospector,極,Ahonoora,バ,African Sky,バ,Princely Gift,極,地-極-地 | 地-極-極 | バ-バ-極,
ID:1140003933,Roanoke,Roanoke,1140003933,確定,繁殖登録番号,B_TARGET再構成＋v9.3既存Mで完成,母母父,0,0,6,6,6,His Majesty,地,Sunrise Flight,極,Cockrullah,極,Dan Cupid,極,Sicambre,極,Maurepas,極,Bold Ruler,極,Eight Thirty,極,Pharis,極,地・極・極｜極・極・極｜極・極・極,
ID:1140004814,Running Stag,Running Stag,1140004814,確定,繁殖登録番号,Y_v9.26残件祖先固定8代欠損0運用確定で完成,母父,0,6,0,6,,Caro,極,Prince John,極,Sir Gaylord,極,Ticino,極,Nuvolari,バ,Athanasius,バ,Bull Lea,極,War Admiral,極,Sir Gallahad,極,極・極・極｜極・バ・バ｜極・極・極,
ID:1140006513,Samum,Samum,1140006513,確定,繁殖登録番号,A_v9.3直接完成,母父・母母父,0,2,4,6,6,Konigsstuhl,極,Surumu,地,Authi,地,Sadler's Wells,地,Derring-Do,バ,Vimy,極,Nantallah,極,Gold Bridge,極,Blandford,極,極-地-地 | 地-バ-極 | 極-極-極,
ID:1140001167,Sauce Boat,Sauce Boat,1140001167,確定,繁殖登録番号,Z_v9.27_TARGET系譜不足枝0扱いで完成,母母父,0,0,6,6,,Graustark,地,Princequillo,極,War Admiral,極,Djebel,極,Badruddin,極,Pharos,極,Blandford,極,,バ,,バ,地・極・極｜極・極・極｜極・バ・バ,
ID:1140006938,Sea The Moon,Sea The Moon,1140006938,確定,繁殖登録番号,A_v9.3直接完成,父・母父,4,2,0,6,6,Cape Cross,地,Miswaki,極,Lombard,地,Konigsstuhl,極,Surumu,地,Authi,地,Sadler's Wells,地,Derring-Do,バ,Vimy,極,地-極-地 | 極-地-地 | 地-バ-極,
ID:1140006676,Sidney's Candy,Sidney's Candy,1140006676,確定,繁殖登録番号,A_v9.3直接完成,母父,0,6,0,6,6,Ride the Rails,極,Candy Stripes,バ,Farnesio,極,Storm Bird,地,Secretariat,極,Crimson Satan,極,Nearctic,地,Mel Hash,極,,バ,極-バ-極 | 地-極-極 | 地-極-バ,
ID:1140005738,Sir Harry Lewis,Sir Harry Lewis,1140005738,確定,繁殖登録番号,B_TARGET再構成＋v9.3既存Mで完成,母母父,0,0,6,6,6,Hoist the Flag,極,Prince John,極,Determine,地,Raise a Native,極,Nashua,極,Count Fleet,極,Nearctic,地,Native Dancer,極,Mahmoud,極,極・極・地｜極・極・極｜地・極・極,
ID:1140004205,Skip Away,Skip Away,1140004205,確定,繁殖登録番号,C_v9.4+v9.5追加祖先反映で完成,母父・母母父,0,1,5,6,,Bailjumper,地,Promised Land,極,Double Jay,極,Nashua,極,Princequillo,極,Ksar,バ,Never Bend,極,Mahmoud,極,Umidwar,極,地・極・極｜極・極・バ｜極・極・極,
ID:1140006320,Slick,Slick,1140006320,確定,繁殖登録番号,Z_v9.27_TARGET系譜不足枝0扱いで完成,母母父,0,0,6,6,,Raise a Native,極,On-and-On,極,Ponder,地,Bold Ruler,極,,バ,,バ,Ribot,極,Alibhai,地,Beau Pere,極,極・極・地｜極・バ・バ｜極・地・極,
ID:1140001196,Sovereign Dancer,Sovereign Dancer,1140001196,確定,繁殖登録番号,F_v9.4-v9.8追加祖先反映で完成,母母父,0,0,6,6,,Nearctic,地,Native Dancer,極,Mahmoud,極,Nasrullah,極,Discovery,極,Pompey,極,Blenheim,極,Gainsborough,極,The Tetrarch,バ,地・極・極｜極・極・極｜極・極・バ,
ID:1140006927,Star Dabbler,Star Dabbler,1140006927,確定,繁殖登録番号,A_v9.3直接完成,母父,0,6,0,6,6,Halo,極,Herbager,極,Cohoes,極,Hold Your Peace,極,Raise a Native,極,Porterhouse,極,Bold Ruler,極,Roman,極,Princequillo,極,極-極-極 | 極-極-極 | 極-極-極,
ID:1140004758,Stormin Fever,Stormin Fever,1140004758,確定,繁殖登録番号,B_TARGET再構成＋v9.3既存Mで完成,母父・母母父,0,1,5,6,6,Storm Bird,地,Secretariat,極,Crimson Satan,極,Bold Reasoning,極,Poker,極,Jet Action,極,Irish Castle,極,Commodore M.,極,Blenheim,極,地・極・極｜極・極・極｜極・極・極,
ID:1140003504,Suave Dancer,Suave Dancer,1140003504,確定,繁殖登録番号,B_TARGET再構成＋v9.3既存Mで完成,母母父,0,0,6,6,6,Nijinsky,バ,Val de Loir,極,Spy Song,極,Hoist the Flag,極,Prince John,極,Determine,地,Princequillo,極,Sir Cosmo,極,Friar Marcus,極,バ・極・極｜極・極・地｜極・極・極,
ID:1140006588,Tale of Ekati,Tale of Ekati,1140006588,確定,繁殖登録番号,A_v9.3直接完成,母父,0,6,0,6,6,Storm Cat,地,Mr. Prospector,極,Honest Pleasure,極,Halo,極,Understanding,極,Montparnasse,地,Northern Dancer,地,Bull Page,極,Menow,極,地-極-極 | 極-極-地 | 地-極-極,
ID:1140004606,Tejabo,Tejabo,1140004606,確定,繁殖登録番号,Y_v9.26残件祖先固定8代欠損0運用確定で完成,母母父,0,0,6,6,,Vice Regent,バ,Bunty's Flight,極,Jabneh,極,Thinking Cap,地,Lovely Night,バ,Quatre Bras,極,Bimelech,極,Bridge of Earn,バ,Carbine,バ,バ・極・極｜地・バ・極｜極・バ・バ,
ID:1140006399,The Great Shark,The Great Shark,1140006399,確定,繁殖登録番号,Z_v9.27_TARGET系譜不足枝0扱いで完成,母母父,0,0,6,6,,Northern Dancer,地,New Providence,極,Chop Chop,極,Khaled,地,Time Maker,バ,Crusader,バ,Fair Play,バ,Rock Sand,バ,,バ,地・極・極｜地・バ・バ｜バ・バ・バ,
ID:1140006328,Tribal Rule,Tribal Rule,1140006328,確定,繁殖登録番号,A_v9.3直接完成,母父,0,6,0,6,6,Storm Bird,地,Secretariat,極,Crimson Satan,極,Graustark,地,Swaps,地,Polynesian,極,Nashua,極,Sun Again,バ,Hyperion,地,地-極-極 | 地-地-極 | 極-バ-地,
ID:1140003571,Tropular,Tropular,1140003571,確定,繁殖登録番号,B_TARGET再構成＋v9.3既存Mで完成,母母父,0,0,6,6,6,Petingo,バ,Hornbeam,地,Pinza,極,Klairon,極,The Phoenix,極,Big Game,極,Sicambre,極,Honeyway,極,Diolite,極,バ・地・極｜極・極・極｜極・極・極,
ID:1140006487,Val Royal,Val Royal,1140006487,確定,繁殖登録番号,A_v9.3直接完成,母父・母母父,0,2,4,6,6,Nijinsky,バ,Crimson Satan,極,Bolero,極,Kalamoun,極,Sea-Bird,極,Sayajirao,極,Hail to Reason,極,Cosmic Bomb,極,Mahmoud,極,バ-極-極 | 極-極-極 | 極-極-極,
ID:1140006748,Vale of York,Vale of York,1140006748,確定,繁殖登録番号,A_v9.3直接完成,母父,0,6,0,6,6,Green Desert,地,Kris,地,Artaius,バ,Diesis,地,Green Dancer,バ,Pontifex,極,Northern Dancer,地,Bold Reason,極,Forli,地,地-地-バ | 地-バ-極 | 地-極-地,
ID:1140006902,Verrazano,Verrazano,1140006902,確定,繁殖登録番号,A_v9.3直接完成,父・母父,4,2,0,6,6,Southern Halo,バ,Woodman,バ,Naskra,極,Storm Cat,地,Rahy,バ,Roberto,極,Raise a Native,極,Nashua,極,Count Fleet,極,バ-バ-極 | 地-バ-極 | 極-極-極,
ID:1140001157,Vigors,Vigors,1140001157,確定,繁殖登録番号,Z_v9.27_TARGET系譜不足枝0扱いで完成,母母父,0,0,6,6,,Herbager,極,Mahmoud,極,Pavot,極,Relic,極,Epinard,極,,バ,Coronach,極,Blandford,極,Sans Souci,極,極・極・極｜極・極・バ｜極・極・極,
ID:1140002672,Wavering Monarch,Wavering Monarch,1140002672,確定,繁殖登録番号,E_v9.4-v9.7追加祖先反映で完成,母母父,0,0,6,6,,Majestic Prince,バ,Ribot,極,Ambiorix,極,Tom Fool,極,War Admiral,極,Blue Larkspur,バ,Bimelech,極,War Admiral,極,Black Servant,バ,バ・極・極｜極・極・バ｜極・極・バ,
ID:1140006874,Wild Event,Wild Event,1140006874,確定,繁殖登録番号,B_TARGET再構成＋v9.3既存Mで完成,母父・母母父,0,4,2,6,6,Icecapade,バ,Khaled,地,Dante,極,Northern Dancer,地,Occupy,極,Challenger,極,Sheshoon,極,Ratification,極,Cranach,極,バ・地・極｜地・極・極｜極・極・極,
ID:1140004539,Wild Rush,Wild Rush,1140004539,確定,繁殖登録番号,B_TARGET再構成＋v9.3既存Mで完成,母父・母母父,0,3,3,6,6,Icecapade,バ,Khaled,地,Dante,極,Key to the Mint,地,Buckpasser,極,My Babu,極,Sir Gaylord,極,Tom Fool,極,Mahmoud,極,バ・地・極｜地・極・極｜極・極・極,
ID:1140007528,Yaupon,Yaupon,1140007528,確定,繁殖登録番号,A_v9.3直接完成,父,6,0,0,6,6,Indian Charlie,地,Arch,地,Dixieland Band,地,Seattle Slew,極,Strawberry Road,地,Hail to Reason,極,Mr. Prospector,極,Venetian Jester,極,Green Ticket,地,地-地-地 | 極-地-極 | 極-極-地,
ID:1140007210,Yoshida,Yoshida,1140007210,確定,繁殖登録番号,A_v9.3直接完成,父,6,0,0,6,6,Sunday Silence,地,トニービン,地,Lyphard,バ,Gone West,地,Seattle Slew,極,Nureyev,地,Sadler's Wells,地,Sir Ivor,極,Tom Fool,極,地-地-バ | 地-極-地 | 地-極-極,
ID:1140006157,Zenno Rob Roy,Zenno Rob Roy,1140006157,確定,繁殖登録番号,A_v9.3直接完成,母父,0,6,0,6,6,Halo,極,Understanding,極,Montparnasse,地,Mr. Prospector,極,Buckpasser,極,Majestic Prince,バ,Icecapade,バ,Better Bee,バ,Djeddah,極,極-極-地 | 極-極-バ | バ-バ-極,
ID:1120001258,イブンベイ,イブンベイ,1120001258,確定,繁殖登録番号,B_TARGET再構成＋v9.3既存Mで完成,母母父,0,0,6,6,6,Never Bend,極,Princequillo,極,Count Fleet,極,Derring-Do,バ,Vimy,極,Court Martial,極,Tom Fool,極,Straight Deal,極,King Salmon,極,極・極・極｜バ・極・極｜極・極・極,
ID:1120001986,エアエミネム,エアエミネム,1120001986,確定,繁殖登録番号,A_v9.3直接完成,母父,0,6,0,6,6,Danzig,地,His Majesty,地,Buckpasser,極,Alydar,バ,Lt. Stevens,極,War Admiral,極,Northern Dancer,地,Bull Page,極,Menow,極,地-地-極 | バ-極-極 | 地-極-極,
ID:1120002634,オメガパフューム,オメガパフューム,1120002634,確定,繁殖登録番号,A_v9.3直接完成,父,6,0,0,6,6,End Sweep,地,Cutlass,極,Ambehaving,極,サンデーサイレンス,地,Nureyev,地,Hostage,極,Roberto,極,In Reality,極,Moslem Chief,地,地-極-極 | 地-地-極 | 極-極-地,
ID:1120000935,ギヤロツプダイナ,ギヤロツプダイナ,1120000935,確定,繁殖登録番号,B_TARGET再構成＋v9.3既存Mで完成,母母父,0,0,6,6,6,Northern Dancer,地,Victoria Park,極,Hyperion,地,Sideral,極,Penny Post,極,Rustom Pasha,極,Nasrullah,極,Discovery,極,Pompey,極,地・極・地｜極・極・極｜極・極・極,
ID:1120002633,グローリーヴェイズ,グローリーヴェイズ,1120002633,確定,繁殖登録番号,A_v9.3直接完成,父,6,0,0,6,6,サンデーサイレンス,地,Alzao,バ,Busted,極,End Sweep,地,Cutlass,極,Ambehaving,極,アンバーシヤダイ,地,メジロサンマン,地,Snob,極,地-バ-極 | 地-極-極 | 地-地-極,
ID:1120002158,サイレントディール,サイレントディール,1120002158,確定,繁殖登録番号,A_v9.3直接完成,父・母父,1,5,0,6,6,Halo,極,Understanding,極,Montparnasse,地,Northern Dancer,地,Forli,地,Nantallah,極,Atan,地,Rockefella,地,Majano,極,極-極-地 | 地-地-極 | 地-地-極,
ID:1120002515,サトノアレス,サトノアレス,1120002515,確定,繁殖登録番号,A_v9.3直接完成,父,6,0,0,6,6,サンデーサイレンス,地,Alzao,バ,Busted,極,Danzig,地,His Majesty,地,Buckpasser,極,Jacinto,極,Hill Prince,極,Rosemont,バ,地-バ-極 | 地-地-極 | 極-極-バ,
ID:1120001550,サンシャインフォーエヴァー,サンシャインフォーエヴァー,1120001550,確定,繁殖登録番号,C_v9.4高影響祖先補完で完成,母母父,0,0,6,6,6,Hail to Reason,極,Nashua,極,Bull Lea,極,Ribot,極,Alibhai,地,Beau Pere,極,Roman,極,Discovery,極,Broomstick,バ,極・極・極｜極・地・極｜極・極・バ,
ID:1120001665,サンデーウェル,サンデーウェル,1120001665,確定,繁殖登録番号,B_TARGET再構成＋v9.3既存Mで完成,母父・母母父,0,4,2,6,6,Halo,極,Understanding,極,Montparnasse,地,Buisson Ardent,極,Palestine,極,Nearco,極,Prince Bio,極,Orsenigo,極,Ortello,極,極・極・地｜極・極・極｜極・極・極,
ID:1120002043,ザッツザプレンティ,ザッツザプレンティ,1120002043,確定,繁殖登録番号,A_v9.3直接完成,母父・母母父,0,5,1,6,6,サンデーサイレンス,地,Nijinsky,バ,Key to the Mint,地,Mr. Prospector,極,Buckpasser,極,Princequillo,極,Northern Dancer,地,Court Martial,極,Formor,極,地-バ-地 | 極-極-極 | 地-極-極,
ID:1120001706,シアトルスズカ,シアトルスズカ,1120001706,確定,繁殖登録番号,Y_v9.26残件祖先固定8代欠損0運用確定で完成,母父・母母父,0,5,1,6,,Nureyev,地,Sassafras,バ,Hail to Reason,極,Seattle Slew,極,Barbizon,極,Rush Act,バ,Princequillo,極,Bull Dog,極,Blue Larkspur,バ,地・バ・極｜極・極・バ｜極・極・バ,
ID:1120002077,シックスセンス,シックスセンス,1120002077,確定,繁殖登録番号,A_v9.3直接完成,母父・母母父,0,5,1,6,6,Halo,極,Understanding,極,Montparnasse,地,Danzig,地,His Majesty,地,Buckpasser,極,Nijinsky,バ,Tom Rolfe,極,Ridan,極,極-極-地 | 地-地-極 | バ-極-極,
ID:1120001670,シンコウキング,シンコウキング,1120001670,確定,繁殖登録番号,B_TARGET再構成＋v9.3既存Mで完成,母母父,0,0,6,6,6,Northern Dancer,地,Bold Reason,極,Forli,地,Hoist the Flag,極,Prince John,極,Determine,地,Nearctic,地,Native Dancer,極,Mahmoud,極,地・極・地｜極・極・地｜地・極・極,
ID:1120002454,ジュンツバサ,ジュンツバサ,1120002454,確定,繁殖登録番号,A_v9.3直接完成,父,6,0,0,6,6,サンデーサイレンス,地,デイクタス,極,ノーザンテースト,地,Mr. Prospector,極,Venetian Jester,極,Green Ticket,地,Storm Bird,地,Secretariat,極,Crimson Satan,極,地-極-地 | 極-極-地 | 地-極-極,
ID:1120001696,スズカストリート,スズカストリート,1120001696,確定,繁殖登録番号,C_v9.4高影響祖先補完で完成,母父・母母父,0,3,3,6,6,Raise a Native,極,Nashua,極,Count Fleet,極,Northern Dancer,地,Victoria Park,極,Bull Page,極,Alibhai,地,Discovery,極,Broomstick,バ,極・極・極｜地・極・極｜地・極・バ,
ID:1120001162,スマコバクリーク,スマコバクリーク,1120001162,確定,繁殖登録番号,B_TARGET再構成＋v9.3既存Mで完成,母母父,0,0,6,6,6,Raise a Native,極,Nashua,極,Count Fleet,極,Sir Gaylord,極,Mr. Trouble,極,Pharamond,極,Nearctic,地,Native Dancer,極,Mahmoud,極,極・極・極｜極・極・極｜地・極・極,
ID:1120001875,ダンディコマンド,ダンディコマンド,1120001875,確定,繁殖登録番号,B_TARGET再構成＋v9.3既存Mで完成,母父,0,6,0,6,6,ステイールハート,地,チヤイナロツク,地,ライジングフレーム,極,Northern Dancer,地,Victoria Park,極,Hyperion,地,Utrillo,極,Mehrali,極,Clustine,極,地・地・極｜地・極・地｜極・極・極,
ID:1120002473,テイエムジンソク,テイエムジンソク,1120002473,確定,繁殖登録番号,A_v9.3直接完成,父,6,0,0,6,6,French Deputy,地,Classic Go Go,極,Icecapade,バ,Mr. Prospector,極,Tom Rolfe,極,Double Jay,極,Lyphard,バ,Drone,極,Pago Pago,極,地-極-バ | 極-極-極 | バ-極-極,
ID:1120000655,ノーアテンシヨン,ノーアテンシヨン,1120000655,確定,繁殖登録番号,Y_v9.26残件祖先固定8代欠損0運用確定で完成,母母父,0,0,6,6,,Nijinsky,バ,Val de Loir,極,Spy Song,極,Grey Sovereign,極,Bobsleigh,極,Winalot,極,Ticino,極,Nuvolari,バ,Athanasius,バ,バ・極・極｜極・極・極｜極・バ・バ,
ID:1120002361,ハタノヴァンクール,ハタノヴァンクール,1120002361,確定,繁殖登録番号,A_v9.3直接完成,父,6,0,0,6,6,Kingmambo,地,Last Tycoon,地,Blakeney,地,Roberto,極,Graustark,地,Hasty Road,極,Halo,極,Understanding,極,Montparnasse,地,地-地-地 | 極-地-極 | 極-極-地,
ID:1120002546,ハッピースプリント,ハッピースプリント,1120002546,確定,繁殖登録番号,A_v9.3直接完成,父,6,0,0,6,6,サンデーサイレンス,地,Carr de Naskra,地,Hoist the Flag,極,Danzig,地,Mr. Prospector,極,Illustrious,極,Bold Ruler,極,Princequillo,極,,バ,地-地-極 | 地-極-極 | 極-極-バ,
ID:1120001661,ヒシアケボノ,ヒシアケボノ,1120001661,確定,繁殖登録番号,B_TARGET再構成＋v9.3既存Mで完成,母母父,0,0,6,6,6,Mr. Prospector,極,Buckpasser,極,Swaps,地,Bold Reasoning,極,Poker,極,Jet Action,極,Northern Dancer,地,Court Martial,極,Formor,極,極・極・地｜極・極・極｜地・極・極,
ID:1120001147,フラツシユオブステイール,フラツシユオブステイール,1120001147,確定,繁殖登録番号,B_TARGET再構成＋v9.3既存Mで完成,母母父,0,0,6,6,6,Sharpen Up,地,Reliance,極,Crepello,極,Tom Rolfe,極,First Landing,極,Princequillo,極,Bold Ruler,極,Eight Thirty,極,Pharis,極,地・極・極｜極・極・極｜極・極・極,
ID:1120000066,フリートウイング,フリートウイング,1120000066,確定,繁殖登録番号,Z_v9.27_TARGET系譜不足枝0扱いで完成,母母父,0,0,6,6,,Nasrullah,極,Count Fleet,極,Bull Dog,極,Atys,極,Tourbillon,極,The Vizier,バ,Limond,極,,バ,,バ,極・極・極｜極・極・バ｜極・バ・バ,
ID:1120001260,マークオブディスティンクション,マークオブディスティンクション,1120001260,確定,繁殖登録番号,B_TARGET再構成＋v9.3既存Mで完成,母母父,0,0,6,6,6,In Reality,極,Tim Tam,極,Tudor Minstrel,地,Nearctic,地,Native Dancer,極,Fighting Fox,極,Hail to Reason,極,Nashua,極,Bull Lea,極,極・極・地｜地・極・極｜極・極・極,
ID:1120002568,ミッキースワロー,ミッキースワロー,1120002568,確定,繁殖登録番号,A_v9.3直接完成,父,6,0,0,6,6,ディープインパクト,地,ノーザンテースト,地,Crafty Prospector,極,トニービン,地,Nureyev,地,Nodouble,バ,Northern Dancer,地,Court Martial,極,Formor,極,地-地-極 | 地-地-バ | 地-極-極,
ID:1120000581,メイワパツサー,メイワパツサー,1120000581,確定,繁殖登録番号,B_TARGET再構成＋v9.3既存Mで完成,母母父,0,0,6,6,6,Tom Fool,極,War Admiral,極,Blue Larkspur,バ,Double Jay,極,War Admiral,極,Blue Larkspur,バ,Tourbillon,極,Pharos,極,Swynford,極,極・極・バ｜極・極・バ｜極・極・極,
ID:1140006152,A Native Danzig,A Native Danzig,1140006152,確定,繁殖登録番号,B_TARGET再構成＋v9.3既存Mで完成,母母父,0,0,5,5,5,Northern Dancer,地,Admiral's Voyage,バ,Petition,極,Native Dancer,極,Case Ace,バ,American Flag,極,Alibhai,地,Mahmoud,極,Sir Andrew,極,地・バ・極｜極・バ・極｜地・極・極,
ID:1140006718,Adios Charlie,Adios Charlie,1140006718,確定,繁殖登録番号,A_v9.3直接完成,父・母父,1,4,0,5,5,In Excess,地,Leo Castelli,地,Diplomat Way,極,アフリート,バ,Nureyev,地,Tentam,バ,Graustark,地,Hail to Reason,極,Swaps,地,地-地-極 | バ-地-バ | 地-極-地,
ID:1140005908,Anees,Anees,1140005908,確定,繁殖登録番号,A_v9.3直接完成,母父・母母父,0,1,4,5,5,Fappiano,極,Le Fabuleux,極,In Reality,極,Raise a Native,極,On-and-On,極,Ponder,地,Sir Gaylord,極,Mr. Trouble,極,Pharamond,極,極-極-極 | 極-極-地 | 極-極-極,
ID:1140006396,Arcano,Arcano,1140006396,確定,繁殖登録番号,A_v9.3直接完成,母父,0,5,0,5,5,Green Desert,地,ダンシングブレーヴ,バ,Mill Reef,バ,Doyoun,地,Miswaki,極,Crystal Palace,極,Derring-Do,バ,Princely Gift,極,King Legend,極,地-バ-バ | 地-極-極 | バ-極-極,
ID:1140003568,Ascot Knight,Ascot Knight,1140003568,確定,繁殖登録番号,Z_v9.27_TARGET系譜不足枝0扱いで完成,母母父,0,0,5,5,,Northern Dancer,地,Admiral's Voyage,バ,Petition,極,Triplicate,バ,,バ,,バ,Djebel,極,Asterus,極,Durbar,極,地・バ・極｜バ・バ・バ｜極・極・極,
ID:1140002309,Ballad Rock,Ballad Rock,1140002309,確定,繁殖登録番号,Y_v9.26残件祖先固定8代欠損0運用確定で完成,母母父,0,0,5,5,,Bold Ruler,極,Democratic,極,Alycidon,地,Buisson Ardent,極,Deux pour Cent,バ,Mahmoud,極,Bull Lea,極,Blenheim,極,Ladkin,バ,極・極・地｜極・バ・極｜極・極・バ,
ID:1140006208,Bandini,Bandini,1140006208,確定,繁殖登録番号,A_v9.3直接完成,母父,0,5,0,5,5,Mr. Prospector,極,Danzig,地,Halo,極,Northern Dancer,地,Delta Judge,地,Warfare,地,Bold Reasoning,極,Poker,極,Jet Action,極,極-地-極 | 地-地-地 | 極-極-極,
ID:1140001906,Bates Motel,Bates Motel,1140001906,確定,繁殖登録番号,B_TARGET再構成＋v9.3既存Mで完成,母母父,0,0,5,5,5,Sir Gaylord,極,Mr. Trouble,極,Pharamond,極,Indian Hemp,地,Heelfly,極,Bull Dog,極,Count Fleet,極,Bull Dog,極,Man o'War,極,極・極・極｜地・極・極｜極・極・極,
ID:1140003305,Beau Genius,Beau Genius,1140003305,確定,繁殖登録番号,Z_v9.27_TARGET系譜不足枝0扱いで完成,母母父,0,0,5,5,,Boldnesian,極,Raise a Native,極,Double Jay,極,Northern Dancer,地,Menetrier,極,Windfields,極,War Jeep,バ,Reigh Count,極,,バ,極・極・極｜地・極・極｜バ・極・バ,
ID:1140003826,Beau's Eagle,Beau's Eagle,1140003826,確定,繁殖登録番号,Y_v9.26残件祖先固定8代欠損0運用確定で完成,母母父,0,0,5,5,,Right Royal,地,Princequillo,極,Case Ace,バ,Ribot,極,Cosmic Bomb,極,Mahmoud,極,Blenheim,極,Sir Gallahad,極,Friar Rock,バ,地・極・バ｜極・極・極｜極・極・バ,
ID:1140004665,Bianconi,Bianconi,1140004665,確定,繁殖登録番号,B_TARGET再構成＋v9.3既存Mで完成,母母父,0,0,5,5,5,Northern Dancer,地,Admiral's Voyage,バ,Petition,極,Endeavour,極,Hyperion,地,Winalot,極,Khaled,地,Beau Pere,極,War Admiral,極,地・バ・極｜極・地・極｜地・極・極,
ID:1140004360,Brian's Time,Brian's Time,1140004360,確定,繁殖登録番号,C_v9.4高影響祖先補完で完成,母母父,0,0,5,5,5,Hail to Reason,極,Nashua,極,Bull Lea,極,Ribot,極,Alibhai,地,Beau Pere,極,Roman,極,Discovery,極,Broomstick,バ,極・極・極｜極・地・極｜極・極・バ,
ID:1140006843,Burning Roma,Burning Roma,1140006843,確定,繁殖登録番号,A_v9.3直接完成,母父,0,5,0,5,5,Fappiano,極,Nijinsky,バ,In Reality,極,Nodouble,バ,Speak John,極,,バ,Nearctic,地,Native Dancer,極,Mahmoud,極,極-バ-極 | バ-極-バ | 地-極-極,
ID:1140003019,Cahill Road,Cahill Road,1140003019,確定,繁殖登録番号,B_TARGET再構成＋v9.3既存Mで完成,母母父,0,0,5,5,5,Mr. Prospector,極,Dr. Fager,極,Correlation,極,Wild Risk,極,Verso,極,Easton,極,Intentionally,極,Rough'n Tumble,極,War Relic,極,極・極・極｜極・極・極｜極・極・極,
ID:1140006900,Casamento,Casamento,1140006900,確定,繁殖登録番号,A_v9.3直接完成,母父,0,5,0,5,5,Giant's Causeway,地,Machiavellian,極,Troy,地,Danzig,地,Buckpasser,極,Round Table,極,Sheshoon,極,Ratification,極,Cranach,極,地-極-地 | 地-極-極 | 極-極-極,
ID:1140007508,Charlatan,Charlatan,1140007508,確定,繁殖登録番号,A_v9.3直接完成,父,5,0,0,5,5,Gone West,地,Storm Cat,地,Chieftain,極,Fappiano,極,Dr. Fager,極,Nearctic,地,Vice Regent,バ,Bunty's Flight,極,Jabneh,極,地-地-極 | 極-極-地 | バ-極-極,
ID:1140003679,Colonial Affair,Colonial Affair,1140003679,確定,繁殖登録番号,B_TARGET再構成＋v9.3既存Mで完成,母母父,0,0,5,5,5,His Majesty,地,Sunrise Flight,極,Cockrullah,極,Northern Dancer,地,Bull Page,極,Menow,極,Native Dancer,極,Case Ace,バ,American Flag,極,地・極・極｜地・極・極｜極・バ・極,
ID:1140001436,Copelan,Copelan,1140001436,確定,繁殖登録番号,Y_v9.26残件祖先固定8代欠損0運用確定で完成,母母父,0,0,5,5,,Jester,極,Olympia,地,Blenheim,極,Cohoes,極,Bull Lea,極,Diavolo,バ,Meadow,極,Diadochos,バ,Fisherman,バ,極・地・極｜極・極・バ｜極・バ・バ,
ID:1140007274,Cracksman,Cracksman,1140007274,v9.3正本ID,v9.3 ID＋入力名エイリアス,v9.3直接完成・同名個体監査済,父,5,0,0,5,5,Galileo,地,Danehill,地,Rainbow Quest,極,Polar Falcon,地,Cozzene,極,Bustino,極,Danzig,地,Sir Ivor,極,Never Bend,極,地・地・極｜地・極・極｜地・極・極,v9.3「04_1302頭9枝」に同一個体として完成済み。
ID:1140006727,Custom for Carlos,Custom for Carlos,1140006727,確定,繁殖登録番号,A_v9.3直接完成,母父,0,5,0,5,5,Southern Halo,バ,Woodman,バ,Naskra,極,Hold Your Peace,極,Raise a Native,極,Porterhouse,極,Bold Reasoning,極,Poker,極,Jet Action,極,バ-バ-極 | 極-極-極 | 極-極-極,
ID:1130000791,Damascus,Damascus,1130000791,確定,繁殖登録番号,X_v9.25_TARGET固定8代安全確定反映,母母父,0,0,5,5,,Sunglow,極,By Jimminy,極,Royal Minstrel,極,Djebel,極,Badruddin,極,Pharos,極,Phalaris,極,Chaucer,極,Minoru,バ,極・極・極｜極・極・極｜極・極・バ,
ID:1140004687,Dance Brightly,Dance Brightly,1140004687,確定,繁殖登録番号,A_v9.3直接完成,母父,0,5,0,5,5,Raise a Native,極,Nashua,極,Count Fleet,極,Northern Dancer,地,Admiral's Voyage,バ,Petition,極,Cyane,極,Quibu,極,Olympia,地,極-極-極 | 地-バ-極 | 極-極-地,
ID:1140006859,Doctor Dino,Doctor Dino,1140006859,確定,繁殖登録番号,A_v9.3直接完成,母父,0,5,0,5,5,Elmaamul,地,Al Nasr,バ,Affirmed,極,Sovereign Dancer,地,Irish River,極,Herbager,極,Pall Mall,極,Matador,極,Jamaica Inn,極,地-バ-極 | 地-極-極 | 極-極-極,
ID:1140004113,Dolphin Street,Dolphin Street,1140004113,確定,繁殖登録番号,B_TARGET再構成＋v9.3既存Mで完成,母母父,0,0,5,5,5,Storm Bird,地,Sir Ivor,極,Tim Tam,極,Riverman,極,Klairon,極,East Side,極,Native Dancer,極,Case Ace,バ,American Flag,極,地・極・極｜極・極・極｜極・バ・極,
ID:1140002372,Doyoun,Doyoun,1140002372,確定,繁殖登録番号,B_TARGET再構成＋v9.3既存Mで完成,母母父,0,0,5,5,5,Never Bend,極,Princequillo,極,Count Fleet,極,Tudor Melody,バ,Blue Train,地,His Grace,極,Prince Bio,極,Nearco,極,Blenheim,極,極・極・極｜バ・地・極｜極・極・極,
ID:1140006685,Dream Well,Dream Well,1140006685,確定,繁殖登録番号,B_TARGET再構成＋v9.3既存Mで完成,母母父,0,0,5,5,5,Northern Dancer,地,Bold Reason,極,Forli,地,Hoist the Flag,極,Prince John,極,Determine,地,Northern Dancer,地,Occupy,極,Challenger,極,地・極・地｜極・極・地｜地・極・極,
ID:1130000353,Exclusive Native,Exclusive Native,1130000353,確定,繁殖登録番号,Y_v9.26残件祖先固定8代欠損0運用確定で完成,母母父,0,0,5,5,,Native Dancer,極,Case Ace,バ,American Flag,極,Equipoise,バ,Chicle,バ,Fair Play,バ,Friar Rock,バ,The Tetrarch,バ,Gallinule,バ,極・バ・極｜バ・バ・バ｜バ・バ・バ,
ID:1140000811,Explodent,Explodent,1140000811,確定,繁殖登録番号,Z_v9.27_TARGET系譜不足枝0扱いで完成,母母父,0,0,5,5,,Nearco,極,Hyperion,地,Abbots Trace,極,Hash,バ,Cri de Guerre,バ,Gainsborough,極,The Porter,バ,Sir Martin,バ,,バ,極・地・極｜バ・バ・極｜バ・バ・バ,
ID:1140004583,Exploit,Exploit,1140004583,確定,繁殖登録番号,A_v9.3直接完成,母父・母母父,0,2,3,5,5,Storm Bird,地,Secretariat,極,Crimson Satan,極,Dark Star,極,Skytracer,極,,バ,Moslem,極,Diadoque,極,Sandal,極,地-極-極 | 極-極-バ | 極-極-極,
ID:1140005924,Export Price,Export Price,1140005924,確定,繁殖登録番号,B_TARGET再構成＋v9.3既存Mで完成,母母父,0,0,5,5,5,Sir Gaylord,極,Occupy,極,Challenger,極,Silly Season,極,Prince Chevalier,極,Borealis,地,Arctic Star,極,Jock,極,Abjer,極,極・極・極｜極・極・地｜極・極・極,
ID:1140002501,Exuberant,Exuberant,1140002501,確定,繁殖登録番号,H_v9.4-v9.10追加祖先反映で完成,母母父,0,0,5,5,,Bold Ruler,極,Mahmoud,極,Ariel,バ,Beau Gar,極,Johnstown,極,War Admiral,極,Prince Chevalier,極,Nearco,極,Solario,極,極・極・バ｜極・極・極｜極・極・極,
ID:1140006560,Falcon Jet,Falcon Jet,1140006560,確定,繁殖登録番号,B_TARGET再構成＋v9.3既存Mで完成,母母父,0,0,5,5,5,Lyphard,バ,Habitat,極,Tanerko,極,Hyperion,地,Nasrullah,極,Bois Roussel,極,Aureole,極,Turkhan,極,Manna,極,バ・極・極｜地・極・極｜極・極・極,
ID:1140002536,Ferdinand,Ferdinand,1140002536,確定,繁殖登録番号,S_v9.20高影響祖先反映で完成,母母父,0,0,5,5,,Northern Dancer,地,Bull Page,極,Menow,極,Balladier,バ,Whisk Broom,バ,Sain,極,Royal Gem,極,Bull Dog,極,Bostonian,バ,地・極・極｜バ・バ・極｜極・極・バ,
ID:1140006232,First Defence,First Defence,1140006232,確定,繁殖登録番号,A_v9.3直接完成,母父・母母父,0,2,3,5,5,Unbridled,極,Caro,極,Lucky Mel,地,Bold Reasoning,極,Poker,極,Jet Action,極,Northern Dancer,地,Buckpasser,極,Traffic Judge,地,極-極-地 | 極-極-極 | 地-極-地,
ID:1140007032,First Dude,First Dude,1140007032,確定,繁殖登録番号,A_v9.3直接完成,母父,0,5,0,5,5,A.P. Indy,バ,Cox's Ridge,バ,Blushing Groom,極,Mr. Prospector,極,Smarten,バ,Nodouble,バ,In Reality,極,The Axe,極,Royal Note,極,バ-バ-極 | 極-バ-バ | 極-極-極,
ID:1140006219,Fitzcarraldo,Fitzcarraldo,1140006219,確定,繁殖登録番号,B_TARGET再構成＋v9.3既存Mで完成,母母父,0,0,5,5,5,Lacydon,地,Tamerlane,極,Owen Tudor,地,El Centauro,極,Atlas,地,Umberto,極,Bold Ruler,極,Ambiorix,極,Menow,極,地・極・地｜極・地・極｜極・極・極,
ID:1140002796,Francis Bacon,Francis Bacon,1140002796,確定,繁殖登録番号,T_v9.21高影響祖先反映で完成,母母父,0,0,5,5,,Grey Sovereign,極,Bobsleigh,極,Winalot,極,Swaps,地,Polynesian,極,Pot au Feu,極,Balladier,バ,Peter Hastings,バ,Man o'War,極,極・極・極｜地・極・極｜バ・バ・極,
ID:1140003657,Go for Gin,Go for Gin,1140003657,確定,繁殖登録番号,B_TARGET再構成＋v9.3既存Mで完成,母母父,0,0,5,5,5,His Majesty,地,Tudor Minstrel,地,Swoon's Son,極,Prince John,極,Ballymoss,極,Caldarium,極,Nasrullah,極,Djeddah,極,Bimelech,極,地・地・極｜極・極・極｜極・極・極,
ID:1140005299,Gold Case,Gold Case,1140005299,確定,繁殖登録番号,B_TARGET再構成＋v9.3既存Mで完成,母母父,0,0,5,5,5,Mr. Prospector,極,Tom Rolfe,極,Double Jay,極,Damascus,極,Buckpasser,極,Swaps,地,Prince John,極,Better Self,極,Eight Thirty,極,極・極・極｜極・極・地｜極・極・極,
ID:1140004327,Gold Fever,Gold Fever,1140004327,確定,繁殖登録番号,B_TARGET再構成＋v9.3既存Mで完成,母母父,0,0,5,5,5,Mr. Prospector,極,Tom Rolfe,極,Double Jay,極,Majestic Prince,バ,Ribot,極,Ambiorix,極,Sword Dancer,極,My Babu,極,Sickle,極,極・極・極｜バ・極・極｜極・極・極,
ID:1140001585,Golden Fleece,Golden Fleece,1140001585,確定,繁殖登録番号,V_v9.23高影響祖先反映で完成,母母父,0,0,5,5,,Northern Dancer,地,Bull Page,極,Menow,極,Vienna,極,Nearco,極,Big Game,極,Equestrian,極,On Watch,極,Man o'War,極,地・極・極｜極・極・極｜極・極・極,
ID:1140007069,Goldencents,Goldencents,1140007069,確定,繁殖登録番号,A_v9.3直接完成,父,5,0,0,5,5,Harlan's Holiday,地,Tricky Creek,地,Stop the Music,極,Forty Niner,地,Nijinsky,バ,Briartic,地,Boldnesian,極,Raise a Native,極,Double Jay,極,地-地-極 | 地-バ-地 | 極-極-極,
ID:1140004016,Goofalik,Goofalik,1140004016,確定,繁殖登録番号,F_v9.4-v9.8追加祖先反映で完成,母父・母母父,0,1,4,5,,Northern Dancer,地,Court Martial,極,Formor,極,Round Table,極,Bold Ruler,極,Bull Lea,極,Clarion,極,Kantar,バ,Swynford,極,地・極・極｜極・極・極｜極・バ・極,
ID:1140006932,Harlington,Harlington,1140006932,確定,繁殖登録番号,A_v9.3直接完成,母父,0,5,0,5,5,Fappiano,極,Le Fabuleux,極,In Reality,極,Blushing Groom,極,Halo,極,Herbager,極,Northern Dancer,地,Occupy,極,Challenger,極,極-極-極 | 極-極-極 | 地-極-極,
ID:1140003256,Herat,Herat,1140003256,確定,繁殖登録番号,B_TARGET再構成＋v9.3既存Mで完成,母母父,0,0,5,5,5,Nearctic,地,Native Dancer,極,Mahmoud,極,Sword Dancer,極,My Babu,極,Sickle,極,The Yuvaraj,極,Donatello,極,Caerleon,バ,地・極・極｜極・極・極｜極・極・バ,
ID:1140004244,Irgun,Irgun,1140004244,確定,繁殖登録番号,B_TARGET再構成＋v9.3既存Mで完成,母母父,0,0,5,5,5,Halo,極,Sunny,極,Daumier,極,Bold Ruler,極,Princequillo,極,Caruso,バ,Crepello,極,My Babu,極,Nearco,極,極・極・極｜極・極・バ｜極・極・極,
ID:1140003903,Isopach,Isopach,1140003903,確定,繁殖登録番号,Z_v9.27_TARGET系譜不足枝0扱いで完成,母母父,0,0,5,5,,Bold Ruler,極,Hasty Road,極,Challedon,極,Swaps,地,Bimelech,極,Blue Larkspur,バ,,バ,,バ,,バ,極・極・極｜地・極・バ｜バ・バ・バ,
ID:1140006870,Jeremy,Jeremy,1140006870,確定,繁殖登録番号,A_v9.3直接完成,母父,0,5,0,5,5,Danehill,地,Sharpen Up,地,Caro,極,Blushing Groom,極,Northern Dancer,地,Le Fabuleux,極,Lyphard,バ,Sir Ivor,極,Roman,極,地-地-極 | 極-地-極 | バ-極-極,
ID:1130000877,Key to the Mint,Key to the Mint,1130000877,確定,繁殖登録番号,F_v9.4-v9.8追加祖先反映で完成,母母父,0,0,5,5,,Ribot,極,Alibhai,地,Beau Pere,極,Prince Rose,極,Papyrus,極,White Eagle,バ,Man o'War,極,Sweep,バ,Harry of Hereford,極,極・地・極｜極・極・バ｜極・バ・極,
ID:1140005760,Kheleyf,Kheleyf,1140005760,確定,繁殖登録番号,A_v9.3直接完成,母父・母母父,0,4,1,5,5,Danzig,地,Sir Ivor,極,Never Bend,極,Raise a Native,極,Nashua,極,Count Fleet,極,Intentionally,極,Tim Tam,極,Tudor Minstrel,地,地-極-極 | 極-極-極 | 極-極-地,
ID:1140006206,King Kamehameha,King Kamehameha,1140006206,確定,繁殖登録番号,A_v9.3直接完成,母父・母母父,0,2,3,5,5,Mr. Prospector,極,Nureyev,地,Prove Out,地,Try My Best,地,Mill Reef,バ,Sayajirao,極,Hethersett,極,Hornbeam,地,Chanteur,極,極-地-地 | 地-バ-極 | 極-地-極,
ID:1140006020,Labeeb,Labeeb,1140006020,確定,繁殖登録番号,B_TARGET再構成＋v9.3既存Mで完成,母父・母母父,0,4,1,5,5,Roberto,極,Lt. Stevens,極,War Admiral,極,Blue Prince,極,Grey Sovereign,極,Morland,極,Bold Ruler,極,Roman,極,Princequillo,極,極・極・極｜極・極・極｜極・極・極,
ID:1140004508,Lando,Lando,1140004508,確定,繁殖登録番号,Y_v9.26残件祖先固定8代欠損0運用確定で完成,母父・母母父,0,4,1,5,,Surumu,地,Aggressor,極,Mr Jinks,バ,Sharpen Up,地,Bon Mot,極,Molvedo,極,Tamerlane,極,Neckar,バ,Allgau,バ,地・極・バ｜地・極・極｜極・バ・バ,
ID:1140006594,Lantana Mob,Lantana Mob,1140006594,確定,繁殖登録番号,A_v9.3直接完成,母父,0,5,0,5,5,Silver Deputy,地,Rahy,バ,Roberto,極,Tri Jet,バ,Quadrangle,極,Quibu,極,Crozier,地,Sailor,極,Swaps,地,地-バ-極 | バ-極-極 | 地-極-地,
ID:1140006464,Layman,Layman,1140006464,確定,繁殖登録番号,A_v9.3直接完成,母父,0,5,0,5,5,Halo,極,Understanding,極,Montparnasse,地,Northern Dancer,地,Forli,地,Nantallah,極,Raise a Native,極,On-and-On,極,Ponder,地,極-極-地 | 地-地-極 | 極-極-地,
ID:1140006684,Literato,Literato,1140006684,確定,繁殖登録番号,A_v9.3直接完成,母父,0,5,0,5,5,Kenmare,極,Gay Mecene,地,Djakao,地,Kaldoun,極,Fabulous Dancer,地,Youth,極,Roberto,極,Stage Door Johnny,極,Goyama,極,極-地-地 | 極-地-極 | 極-極-極,
ID:1140003731,Marauding,Marauding,1140003731,確定,繁殖登録番号,B_TARGET再構成＋v9.3既存Mで完成,母母父,0,0,5,5,5,Sir Ivor,極,Round Table,極,My Babu,極,Star Kingdom,地,Makarpura,極,Newtown Wonder,極,King's Troop,極,The Phoenix,極,Nearco,極,極・極・極｜地・極・極｜極・極・極,
ID:1140006786,Mash One,Mash One,1140006786,確定,繁殖登録番号,B_TARGET再構成＋v9.3既存Mで完成,母母父,0,0,5,5,5,Irish River,極,Karabas,バ,Roan Rocket,極,Vaguely Noble,地,Bald Eagle,極,Dark Star,極,Northern Dancer,地,Admiral's Voyage,バ,Petition,極,極・バ・極｜地・極・極｜地・バ・極,
ID:1140006261,Moon Rocket,Moon Rocket,1140006261,確定,繁殖登録番号,A_v9.3直接完成,母父,0,5,0,5,5,Sir Tristram,極,Nureyev,地,Val de Loir,極,Danzig,地,His Majesty,地,Buckpasser,極,Pardal,極,Valerullah,極,,バ,極-地-極 | 地-地-極 | 極-極-バ,
ID:1140007037,Multiplex,Multiplex,1140007037,確定,繁殖登録番号,A_v9.3直接完成,母父,0,5,0,5,5,Danzig,地,His Majesty,地,Buckpasser,極,Mill Reef,バ,Hardicanute,極,Grandmaster,極,Hail to Reason,極,Nashua,極,Bull Lea,極,地-地-極 | バ-極-極 | 極-極-極,
ID:1140002107,Noir Et Or,Noir Et Or,1140002107,確定,繁殖登録番号,Y_v9.26残件祖先固定8代欠損0運用確定で完成,母母父,0,0,5,5,,Faberge,極,Supreme Court,極,Nearco,極,Marino,極,Fine Top,極,Loliondo,バ,Hyder Ali,地,Easton,極,Comrade,バ,極・極・極｜極・極・バ｜地・極・バ,
ID:1140003817,Nomination,Nomination,1140003817,確定,繁殖登録番号,S_v9.20高影響祖先反映で完成,母母父,0,0,5,5,,Derring-Do,バ,Princely Gift,極,King Legend,極,Hethersett,極,Worden,極,Whirlaway,極,Native Dancer,極,Pavot,極,Blue Larkspur,バ,バ・極・極｜極・極・極｜極・極・バ,
ID:1140007040,Northern Score,Northern Score,1140007040,確定,繁殖登録番号,B_TARGET再構成＋v9.3既存Mで完成,母母父,0,0,5,5,5,Nearctic,地,Native Dancer,極,Mahmoud,極,Hail to Reason,極,Cosmic Bomb,極,Mahmoud,極,Vandale,極,Escamillo,極,Firdaussi,極,地・極・極｜極・極・極｜極・極・極,
ID:1140007246,Omaha Beach,Omaha Beach,1140007246,確定,繁殖登録番号,A_v9.3直接完成,父,5,0,0,5,5,Danzig,地,Rubiano,地,Forli,地,Mr. Prospector,極,Buckpasser,極,Hasty Road,極,Deputy Minister,地,Secretariat,極,Damascus,極,地-地-地 | 極-極-極 | 地-極-極,
ID:1140006657,Orb,Orb,1140006657,確定,繁殖登録番号,A_v9.3直接完成,父・母父,2,3,0,5,5,A.P. Indy,バ,Mr. Prospector,極,Green Dancer,バ,Fappiano,極,Le Fabuleux,極,In Reality,極,Best Turn,バ,Ballydonnell,極,,バ,バ-極-バ | 極-極-極 | バ-極-バ,
ID:1140002843,Palace Music,Palace Music,1140002843,確定,繁殖登録番号,B_TARGET再構成＋v9.3既存Mで完成,母母父,0,0,5,5,5,Northern Dancer,地,Victoria Park,極,Bull Page,極,Princequillo,極,Count Fleet,極,Blue Larkspur,バ,Royal Charger,極,Admiral Drake,極,Pharos,極,地・極・極｜極・極・バ｜極・極・極,
ID:1140004162,Personal Flag,Personal Flag,1140004162,確定,繁殖登録番号,Y_v9.26残件祖先固定8代欠損0運用確定で完成,母母父,0,0,5,5,,Damascus,極,Buckpasser,極,Swaps,地,Tom Rolfe,極,War Admiral,極,Tourbillon,極,Hyperion,地,Mieuxce,極,Colorado,バ,極・極・地｜極・極・極｜地・極・バ,
ID:1140003913,Peteski,Peteski,1140003913,確定,繁殖登録番号,B_TARGET再構成＋v9.3既存Mで完成,母母父,0,0,5,5,5,Exclusive Native,極,Crafty Admiral,極,Volcanic,極,Northern Dancer,地,Forli,地,Nantallah,極,Ribot,極,Alibhai,地,Beau Pere,極,極・極・極｜地・地・極｜極・地・極,
ID:1140000881,Plugged Nickle,Plugged Nickle,1140000881,確定,繁殖登録番号,F_v9.4-v9.8追加祖先反映で完成,母母父,0,0,5,5,,Graustark,地,Princequillo,極,War Admiral,極,Tom Fool,極,War Admiral,極,Blue Larkspur,バ,Djebel,極,Badruddin,極,Pharos,極,地・極・極｜極・極・バ｜極・極・極,
ID:1140007016,Postponed,Postponed,1140007016,v9.3正本ID,v9.3 ID＋入力名エイリアス,v9.3直接完成・同名個体監査済,父,5,0,0,5,5,Dubai Millennium,地,Deploy,バ,ダンシングブレーヴ,バ,Kingmambo,地,Alleged,地,Seattle Slew,極,Topsider,バ,Prince John,極,Amerigo,バ,地・バ・バ｜地・地・極｜バ・極・バ,v9.3「04_1302頭9枝」に同一個体として完成済み。 Postponedは2011年生Dubawi産駒の1140007016を採用し、1997年同名馬は除外。
ID:1140003682,Premiership,Premiership,1140003682,確定,繁殖登録番号,B_TARGET再構成＋v9.3既存Mで完成,母母父,0,0,5,5,5,Raise a Native,極,Shut Out,極,Pilate,極,Nasrullah,極,Djeddah,極,Bimelech,極,Turn-to,極,Blue Swords,極,Sir Gallahad,極,極・極・極｜極・極・極｜極・極・極,
ID:1140006035,Prince Sabo,Prince Sabo,1140006035,確定,繁殖登録番号,B_TARGET再構成＋v9.3既存Mで完成,母母父,0,0,5,5,5,Balidar,地,Shantung,地,Tamerlane,極,Sing Sing,地,Vilmorin,極,Winterhalter,極,Buisson Ardent,極,Palestine,極,Nearco,極,地・地・極｜地・極・極｜極・極・極,
ID:1140006670,Proudest Romeo,Proudest Romeo,1140006670,確定,繁殖登録番号,Y_v9.26残件祖先固定8代欠損0運用確定で完成,母父,0,5,0,5,,Graustark,地,Summer Tan,地,Bimelech,極,Olden Times,極,Summer Tan,地,Polynesian,極,Gallant Man,極,Count Fleet,極,Luke McLuke,バ,地・地・極｜極・地・極｜極・極・バ,
ID:1140006836,Pyro,Pyro,1140006836,確定,繁殖登録番号,A_v9.3直接完成,母父,0,5,0,5,5,A.P. Indy,バ,Mr. Prospector,極,Honest Pleasure,極,Icecapade,バ,Khaled,地,Dante,極,Al Hattab,バ,Gray Phantom,極,Dante,極,バ-極-極 | バ-地-極 | バ-極-極,
ID:1130000878,Raja Baba,Raja Baba,1130000878,確定,繁殖登録番号,Z_v9.27_TARGET系譜不足枝0扱いで完成,母母父,0,0,5,5,,Nasrullah,極,Discovery,極,Pompey,極,Djebel,極,Badruddin,極,Pharos,極,Blandford,極,,バ,,バ,極・極・極｜極・極・極｜極・バ・バ,
ID:1140006824,Reckless Abandon,Reckless Abandon,1140006824,確定,繁殖登録番号,A_v9.3直接完成,母父,0,5,0,5,5,Danzig,地,Seeking the Gold,極,Spectacular Bid,極,Formidable,地,High Top,バ,Ragusa,極,Roberto,極,Amerigo,バ,Mat de Cocagne,極,地-極-極 | 地-バ-極 | 極-バ-極,
ID:1140007017,Reliable Man,Reliable Man,1140007017,確定,繁殖登録番号,A_v9.3直接完成,父・母父,1,4,0,5,5,Darshaan,地,Miswaki,極,Crystal Palace,極,Northern Dancer,地,Bold Reason,極,Forli,地,Petition,極,Alycidon,地,Nearco,極,地-極-極 | 地-極-地 | 極-地-極,
ID:1140006098,Ride the Rails,Ride the Rails,1140006098,確定,繁殖登録番号,Y_v9.26残件祖先固定8代欠損0運用確定で完成,母母父,0,0,5,5,,Fappiano,極,Hoist the Flag,極,Dedicate,極,Vandale,極,Escamillo,極,Firdaussi,極,Unbreakable,極,Polymelian,バ,Pompey,極,極・極・極｜極・極・極｜極・バ・極,
ID:1140006564,Sadlers Congress,Sadlers Congress,1140006564,確定,繁殖登録番号,B_TARGET再構成＋v9.3既存Mで完成,母母父,0,0,5,5,5,Northern Dancer,地,Bold Reason,極,Forli,地,Secretariat,極,Native Dancer,極,Shut Out,極,Nasrullah,極,Menow,極,Bull Dog,極,地・極・地｜極・極・極｜極・極・極,
ID:1140006536,Scipion,Scipion,1140006536,確定,繁殖登録番号,A_v9.3直接完成,母父,0,5,0,5,5,Seattle Slew,極,Secretariat,極,Buckpasser,極,Whiskey Road,地,Rich Gift,地,Red Jester,地,Turn-to,極,Blue Swords,極,Sir Gallahad,極,極-極-極 | 地-地-地 | 極-極-極,
ID:1140004664,Sea of Secrets,Sea of Secrets,1140004664,確定,繁殖登録番号,A_v9.3直接完成,母父・母母父,0,4,1,5,5,Storm Bird,地,Secretariat,極,Crimson Satan,極,Raise a Native,極,Nashua,極,Count Fleet,極,First Landing,極,Palestinian,極,War Admiral,極,地-極-極 | 極-極-極 | 極-極-極,
ID:1140003695,Second Set,Second Set,1140003695,確定,繁殖登録番号,F_v9.4-v9.8追加祖先反映で完成,母母父,0,0,5,5,,Lyphard,バ,Sir Ivor,極,Roman,極,Princequillo,極,Nasrullah,極,Bull Lea,極,Fair Trial,極,Hurry On,バ,Gainsborough,極,バ・極・極｜極・極・極｜極・バ・極,
ID:1140007020,Shalaa,Shalaa,1140007020,確定,繁殖登録番号,A_v9.3直接完成,父,5,0,0,5,5,Green Desert,地,Kris,地,Artaius,バ,Danzig,地,Kris S.,極,Mr. Prospector,極,Sharpen Up,地,Reliance,極,Crepello,極,地-地-バ | 地-極-極 | 地-極-極,
ID:1140006265,Sharp Humor,Sharp Humor,1140006265,確定,繁殖登録番号,A_v9.3直接完成,母父,0,5,0,5,5,Forty Niner,地,Danzig,地,Mr. Leader,極,Woodman,バ,Dancing Count,バ,Victoria Park,極,In Reality,極,Buckpasser,極,Star Kingdom,地,地-地-極 | バ-バ-極 | 極-極-地,
ID:1140001939,Shernazar,Shernazar,1140001939,確定,繁殖登録番号,G_v9.4-v9.9追加祖先反映で完成,母母父,0,0,5,5,,Crepello,極,Vimy,極,Court Martial,極,Vieux Manoir,極,Sunny Boy,極,Tetratema,極,Prince Chevalier,極,Nearco,極,Singapore,極,極・極・極｜極・極・極｜極・極・極,
ID:1140006548,Shining Steel,Shining Steel,1140006548,確定,繁殖登録番号,B_TARGET再構成＋v9.3既存Mで完成,母母父,0,0,5,5,5,Sharpen Up,地,Reliance,極,Crepello,極,Never Bend,極,Princequillo,極,Count Fleet,極,Le Levanstell,極,Ballymoss,極,Solar Slipper,極,地・極・極｜極・極・極｜極・極・極,
ID:1140006934,Showcasing,Showcasing,1140006934,確定,繁殖登録番号,A_v9.3直接完成,父・母父,3,2,0,5,5,Green Desert,地,ダンシングブレーヴ,バ,Mill Reef,バ,Gone West,地,The Minstrel,バ,Right Tack,バ,Known Fact,バ,Roberto,極,Raise a Native,極,地-バ-バ | 地-バ-バ | バ-極-極,
ID:1140001442,Silver Buck,Silver Buck,1140001442,確定,繁殖登録番号,F_v9.4-v9.8追加祖先反映で完成,母母父,0,0,5,5,,Tom Fool,極,War Admiral,極,Blue Larkspur,バ,Turn-to,極,Blue Swords,極,Sir Gallahad,極,Blenheim,極,Gainsborough,極,The Tetrarch,バ,極・極・バ｜極・極・極｜極・極・バ,
ID:1140007030,Sir Prancealot,Sir Prancealot,1140007030,確定,繁殖登録番号,A_v9.3直接完成,母父,0,5,0,5,5,Nayef,地,Nureyev,地,Riverman,極,Storm Cat,地,Majestic Light,地,Buckpasser,極,Thatching,地,Great Nephew,バ,Mourne,極,地-地-極 | 地-地-極 | 地-バ-極,
ID:1140006457,Slew Gin Fizz,Slew Gin Fizz,1140006457,確定,繁殖登録番号,B_TARGET再構成＋v9.3既存Mで完成,母母父,0,0,5,5,5,In Reality,極,The Axe,極,Royal Note,極,Bold Reasoning,極,Poker,極,Jet Action,極,Princequillo,極,Count Fleet,極,Blue Larkspur,バ,極・極・極｜極・極・極｜極・極・バ,
ID:1140006578,So You Think,So You Think,1140006578,確定,繁殖登録番号,A_v9.3直接完成,父・母父,2,3,0,5,5,Sadler's Wells,地,Darshaan,地,Kris,地,Nijinsky,バ,Round Table,極,To Market,極,Linacre,地,Epaulette,極,Panaslipper,極,地-地-地 | バ-極-極 | 地-極-極,
ID:1140006689,Sonus,Sonus,1140006689,確定,繁殖登録番号,C_v9.4+v9.5追加祖先反映で完成,母母父,0,0,5,5,,Northern Dancer,地,Bold Reason,極,Forli,地,Bold Ruler,極,Princequillo,極,Mahmoud,極,Owen Tudor,地,Sansovino,極,Son-in-Law,バ,地・極・地｜極・極・極｜地・極・バ,
ID:1140006008,Stagecraft,Stagecraft,1140006008,確定,繁殖登録番号,B_TARGET再構成＋v9.3既存Mで完成,母母父,0,0,5,5,5,Northern Dancer,地,Bold Reason,極,Forli,地,Lyphard,バ,Le Fabuleux,極,Gilles de Retz,極,Midsummer Night,極,Chamier,極,Walvis Bay,極,地・極・地｜バ・極・極｜極・極・極,
ID:1140007141,Sunday Break,Sunday Break,1140007141,確定,繁殖登録番号,A_v9.3直接完成,母父・母母父,0,3,2,5,5,Mr. Prospector,極,Tom Rolfe,極,Double Jay,極,Storm Bird,地,Secretariat,極,Crimson Satan,極,Sword Dancer,極,My Babu,極,Sickle,極,極-極-極 | 地-極-極 | 極-極-極,
ID:1140002554,Sunshine Forever,Sunshine Forever,1140002554,確定,繁殖登録番号,C_v9.4高影響祖先補完で完成,母母父,0,0,5,5,5,Hail to Reason,極,Nashua,極,Bull Lea,極,Ribot,極,Alibhai,地,Beau Pere,極,Roman,極,Discovery,極,Broomstick,バ,極・極・極｜極・地・極｜極・極・バ,
ID:1140003689,Supremo,Supremo,1140003689,確定,繁殖登録番号,B_TARGET再構成＋v9.3既存Mで完成,母母父,0,0,5,5,5,Mr. Prospector,極,Secretariat,極,Tim Tam,極,Northern Dancer,地,Admiral's Voyage,バ,Petition,極,Ribot,極,Alibhai,地,Beau Pere,極,極・極・極｜地・バ・極｜極・地・極,
ID:1140006207,Symboli Kris S,Symboli Kris S,1140006207,確定,繁殖登録番号,A_v9.3直接完成,母父・母母父,0,3,2,5,5,Roberto,極,Princequillo,極,,バ,Seattle Slew,極,Crimson Satan,極,Rasper,地,Jester,極,Olympia,地,Blenheim,極,極-極-バ | 極-極-地 | 極-地-極,
ID:1140003684,Take Me Out,Take Me Out,1140003684,確定,繁殖登録番号,B_TARGET再構成＋v9.3既存Mで完成,母母父,0,0,5,5,5,Stop the Music,極,Dr. Fager,極,Bold Ruler,極,Ribot,極,Roman,極,Princequillo,極,Hail to Reason,極,Nashua,極,Bull Lea,極,極・極・極｜極・極・極｜極・極・極,
ID:1140006364,Tamayuz,Tamayuz,1140006364,確定,繁殖登録番号,A_v9.3直接完成,父・母父,1,4,0,5,5,Gulch,地,Bustino,極,Queen's Hussar,極,Northern Dancer,地,Forli,地,Nantallah,極,Never Bend,極,Prince John,極,Roman,極,地-極-極 | 地-地-極 | 極-極-極,
ID:1140006797,The Factor,The Factor,1140006797,確定,繁殖登録番号,A_v9.3直接完成,父・母母父,3,0,2,5,5,Danzig,地,Rubiano,地,Forli,地,Mr. Prospector,極,Buckpasser,極,Princequillo,極,Nearctic,地,Native Dancer,極,Fighting Fox,極,地-地-地 | 極-極-極 | 地-極-極,
ID:1140007383,Tiz the Law,Tiz the Law,1140007383,確定,繁殖登録番号,A_v9.3直接完成,父,5,0,0,5,5,Tapit,バ,Distorted Humor,地,Ocean Crest,地,Cee's Tizzy,バ,Seattle Song,極,ナイスダンサー,地,Cormorant,地,Stage Door Johnny,極,Never Bend,極,バ-地-地 | バ-極-地 | 地-極-極,
ID:1140006561,To Honor and Serve,To Honor and Serve,1140006561,確定,繁殖登録番号,A_v9.3直接完成,父・母父,1,4,0,5,5,A.P. Indy,バ,Quiet American,地,Spectacular Bid,極,Vice Regent,バ,Bunty's Flight,極,Jabneh,極,Mr. Prospector,極,Buckpasser,極,Princequillo,極,バ-地-極 | バ-極-極 | 極-極-極,
ID:1140006981,Uncaptured,Uncaptured,1140006981,確定,繁殖登録番号,A_v9.3直接完成,父・母父,2,3,0,5,5,Tale of the Cat,地,Mr. Leader,極,Naskra,極,Kris S.,極,Danzig,地,Alydar,バ,Boldnesian,極,Raise a Native,極,Double Jay,極,地-極-極 | 極-地-バ | 極-極-極,
ID:1140006856,Will Take Charge,Will Take Charge,1140006856,確定,繁殖登録番号,A_v9.3直接完成,父・母父,4,1,0,5,5,Unbridled,極,Caro,極,Lucky Mel,地,Deputy Minister,地,Secretariat,極,Damascus,極,Fappiano,極,Nijinsky,バ,In Reality,極,極-極-地 | 地-極-極 | 極-バ-極,
ID:1140003670,Wolfhound,Wolfhound,1140003670,確定,繁殖登録番号,B_TARGET再構成＋v9.3既存Mで完成,母父・母母父,0,1,4,5,5,Northern Dancer,地,Forli,地,Nantallah,極,Tom Fool,極,War Admiral,極,Blue Larkspur,バ,Turn-to,極,Princequillo,極,Caruso,バ,地・地・極｜極・極・バ｜極・極・バ,
ID:1140007209,Zafeen,Zafeen,1140007209,確定,繁殖登録番号,A_v9.3直接完成,母父・母母父,0,2,3,5,5,Gone West,地,The Minstrel,バ,Right Tack,バ,Caro,極,Le Haar,極,Venture,極,Blushing Groom,極,Lyphard,バ,Violon d'Ingres,極,地-バ-バ | 極-極-極 | 極-バ-極,
ID:1120002608,アスクピーターパン,アスクピーターパン,1120002608,確定,繁殖登録番号,A_v9.3直接完成,父,5,0,0,5,5,Galileo,地,Danehill,地,Rainbow Quest,極,Sunday Silence,地,Le Fabuleux,極,In Reality,極,Devil's Bag,バ,Caerleon,バ,Thatch,地,地-地-極 | 地-極-極 | バ-バ-地,
ID:1120001934,アメリカンボス,アメリカンボス,1120001934,確定,繁殖登録番号,A_v9.3直接完成,父・母父,2,3,0,5,5,Mr. Prospector,極,Nureyev,地,Prove Out,地,Northern Dancer,地,Delta Judge,地,Warfare,地,Intentionally,極,Rough'n Tumble,極,War Relic,極,極-地-地 | 地-地-地 | 極-極-極,
ID:1120001001,グランドオペラ,グランドオペラ,1120001001,確定,繁殖登録番号,B_TARGET再構成＋v9.3既存Mで完成,母父,0,5,0,5,5,Northern Dancer,地,Bull Page,極,Menow,極,Hail to Reason,極,Cosmic Bomb,極,Mahmoud,極,Vandale,極,Escamillo,極,Firdaussi,極,地・極・極｜極・極・極｜極・極・極,
ID:1120001746,グリーンアプローズ,グリーンアプローズ,1120001746,確定,繁殖登録番号,B_TARGET再構成＋v9.3既存Mで完成,母父,0,5,0,5,5,Raise a Native,極,Nashua,極,Count Fleet,極,Northern Dancer,地,Bull Page,極,Menow,極,Prince John,極,Ballymoss,極,Caldarium,極,極・極・極｜地・極・極｜極・極・極,
ID:1120002388,ゴールスキー,ゴールスキー,1120002388,確定,繁殖登録番号,A_v9.3直接完成,父,5,0,0,5,5,サンデーサイレンス,地,Kris,地,Shantung,地,Northern Dancer,地,Forli,地,Nantallah,極,Nijinsky,バ,Val de Loir,極,Count Fleet,極,地-地-地 | 地-地-極 | バ-極-極,
ID:1120002229,サクラオリオン,サクラオリオン,1120002229,確定,繁殖登録番号,A_v9.3直接完成,父,5,0,0,5,5,Kingmambo,地,Sadler's Wells,地,Seattle Slew,極,Northern Dancer,地,Admiral's Voyage,バ,Petition,極,Bold Ruler,極,Princequillo,極,,バ,地-地-極 | 地-バ-極 | 極-極-バ,
ID:1120000458,サンプリンス,サンプリンス,1120000458,確定,繁殖登録番号,I_v9.11_TARGET固定8代年代境界反映で完成,母母父,0,0,5,5,,Nasrullah,極,Blue Peter,極,Blandford,極,Wild Risk,極,Sind,極,Teddy,バ,Pharos,極,Havresac,極,Spearmint,バ,極・極・極｜極・極・バ｜極・極・バ,
ID:1120002592,サンライズソア,サンライズソア,1120002592,確定,繁殖登録番号,A_v9.3直接完成,父,5,0,0,5,5,Kris S.,極,Gold Meridian,地,Tri Jet,バ,サンデーサイレンス,地,マルゼンスキー,バ,セントクレスピン,地,ダンシングブレーヴ,バ,Ela - Mana - Mou,地,Tyrant,極,極-地-バ | 地-バ-地 | バ-地-極,
ID:1120000676,シービークロス,シービークロス,1120000676,確定,繁殖登録番号,Z_v9.27_TARGET系譜不足枝0扱いで完成,母母父,0,0,5,5,,Grey Sovereign,極,Relic,極,Orsenigo,極,Milesian,極,Pharis,極,Abjer,極,Turkhan,極,Bobsleigh,極,,バ,極・極・極｜極・極・極｜極・極・バ,
ID:1120000907,スルーザドラゴン,スルーザドラゴン,1120000907,確定,繁殖登録番号,B_TARGET再構成＋v9.3既存Mで完成,母母父,0,0,5,5,5,Bold Reasoning,極,Poker,極,Jet Action,極,Princequillo,極,Count Fleet,極,Blue Larkspur,バ,Bold Ruler,極,Ambiorix,極,War Admiral,極,極・極・極｜極・極・バ｜極・極・極,
ID:1120002239,スーパーホーネット,スーパーホーネット,1120002239,確定,繁殖登録番号,A_v9.3直接完成,父・母父,2,3,0,5,5,El Gran Senor,地,Hot Spark,極,Crimson Satan,極,Valdez,地,Grey Dawn,極,Dedicate,極,Gallant Romeo,極,Fleet Nasrullah,極,Alibhai,地,地-極-極 | 地-極-極 | 極-極-地,
ID:1120002322,セレスハント,セレスハント,1120002322,確定,繁殖登録番号,A_v9.3直接完成,父,5,0,0,5,5,Forty Niner,地,Damascus,極,Bold Ruler,極,Red God,極,Wild Risk,極,Tudor Minstrel,地,The Axe,極,Tom Fool,極,Prince Bio,極,地-極-極 | 極-極-地 | 極-極-極,
ID:1120001572,タヤスレミグラン,タヤスレミグラン,1120001572,確定,繁殖登録番号,B_TARGET再構成＋v9.3既存Mで完成,母母父,0,0,5,5,5,The Minstrel,バ,Vaguely Noble,地,Swaps,地,Hoist the Flag,極,Prince John,極,Determine,地,Nasrullah,極,Discovery,極,Pompey,極,バ・地・地｜極・極・地｜極・極・極,
ID:1120002635,チュウワウィザード,チュウワウィザード,1120002635,確定,繁殖登録番号,A_v9.3直接完成,父,5,0,0,5,5,Kingmambo,地,Last Tycoon,地,Blakeney,地,サンデーサイレンス,地,ノーザンテースト,地,Creme dela Creme,地,Woodman,バ,Pretense,地,Swaps,地,地-地-地 | 地-地-地 | バ-地-地,
ID:1120002296,トーセンロレンス,トーセンロレンス,1120002296,確定,繁殖登録番号,A_v9.3直接完成,父・母父,2,3,0,5,5,サンデーサイレンス,地,ノーザンテースト,地,Crimson Satan,極,Lyphard,バ,Sir Ivor,極,Roman,極,Crepello,極,Vimy,極,Court Martial,極,地-地-極 | バ-極-極 | 極-極-極,
ID:1120002417,ナムラタイタン,ナムラタイタン,1120002417,確定,繁殖登録番号,A_v9.3直接完成,父,5,0,0,5,5,End Sweep,地,Star de Naskra,地,Cornish Prince,極,Mr. Prospector,極,Venetian Jester,極,Green Ticket,地,Majestic Prince,バ,Ribot,極,Ambiorix,極,地-地-極 | 極-極-地 | バ-極-極,
ID:1120000472,ネヴアーダンス,ネヴアーダンス,1120000472,確定,繁殖登録番号,Y_v9.26残件祖先固定8代欠損0運用確定で完成,母母父,0,0,5,5,,Nasrullah,極,Djeddah,極,Bimelech,極,Polynesian,極,Discovery,極,John P.Grier,バ,Equipoise,バ,Chicle,バ,Fair Play,バ,極・極・極｜極・極・バ｜バ・バ・バ,
ID:1120001367,バンブービギン,バンブービギン,1120001367,確定,繁殖登録番号,Y_v9.26残件祖先固定8代欠損0運用確定で完成,母父・母母父,0,2,3,5,,ジムフレンチ,地,テスコボーイ,地,Marsyas,極,Northern Dancer,地,Victoria Park,極,Hyperion,地,Never Say Die,極,Brumeux,バ,Rose Prince,極,地・地・極｜地・極・地｜極・バ・極,
ID:1120001186,パレスダンサー,パレスダンサー,1120001186,確定,繁殖登録番号,C_v9.4高影響祖先補完で完成,母母父,0,0,5,5,5,Nearctic,地,Native Dancer,極,Mahmoud,極,Tom Fool,極,War Admiral,極,Blue Larkspur,バ,Hyperion,地,Donatello,極,Coronach,極,地・極・極｜極・極・バ｜地・極・極,
ID:1120002165,パーソナルラッシュ,パーソナルラッシュ,1120002165,確定,繁殖登録番号,A_v9.3直接完成,父・母父,1,4,0,5,5,Wild Again,地,Plugged Nickle,地,Drone,極,Raise a Native,極,On-and-On,極,Ponder,地,Bold Ruler,極,Ambiorix,極,Menow,極,地-地-極 | 極-極-地 | 極-極-極,
ID:1110000576,パーソロン,パーソロン,1110000576,確定,繁殖登録番号,Y_v9.26残件祖先固定8代欠損0運用確定で完成,母母父,0,0,5,5,,My Babu,極,Coup de Lyon,バ,Blandford,極,Pharos,極,Clarissimus,極,Captivation,バ,Asterus,極,Sardanapale,極,St. Serf,極,極・バ・極｜極・極・バ｜極・極・極,
ID:1120001714,ビワタケヒデ,ビワタケヒデ,1120001714,確定,繁殖登録番号,A_v9.3直接完成,母父,0,5,0,5,5,Roberto,極,Graustark,地,Hasty Road,極,Nearctic,地,Native Dancer,極,Mahmoud,極,Sword Dancer,極,My Babu,極,Sickle,極,極-地-極 | 地-極-極 | 極-極-極,
ID:1120001870,フィガロ,フィガロ,1120001870,確定,繁殖登録番号,A_v9.3直接完成,父・母父,4,1,0,5,5,Storm Cat,地,Sea-Bird,極,First Landing,極,Bold Forbes,極,Tobin Bronze,極,Summer Tan,地,Round Table,極,By Jimminy,極,,バ,地-極-極 | 極-極-地 | 極-極-バ,
ID:1120002157,フサイチリシャール,フサイチリシャール,1120002157,確定,繁殖登録番号,A_v9.3直接完成,父・母父,1,4,0,5,5,French Deputy,地,Classic Go Go,極,Icecapade,バ,Halo,極,Understanding,極,Montparnasse,地,Raise a Native,極,Nashua,極,Count Fleet,極,地-極-バ | 極-極-地 | 極-極-極,
ID:1120001511,フレイズ,フレイズ,1120001511,確定,繁殖登録番号,Z_v9.27_TARGET系譜不足枝0扱いで完成,母母父,0,0,5,5,,Whiskey Road,地,Rich Gift,地,Red Jester,地,Sanctus,極,Worden,極,Bozzetto,極,Vandale,極,,バ,,バ,地・地・地｜極・極・極｜極・バ・バ,
ID:1120001769,ブロッコ,ブロッコ,1120001769,確定,繁殖登録番号,Z_v9.27_TARGET系譜不足枝0扱いで完成,母父,0,5,0,5,,Roberto,極,Princequillo,極,Occupy,極,Grass Court,極,,バ,,バ,Eight Thirty,極,Pharos,極,Ksar,バ,極・極・極｜極・バ・バ｜極・極・バ,
ID:1120001760,ミシックトライブ,ミシックトライブ,1120001760,確定,繁殖登録番号,H_v9.4-v9.10追加祖先反映で完成,母母父,0,0,5,5,,Raise a Native,極,Nashua,極,Count Fleet,極,Northern Dancer,地,Forli,地,Nantallah,極,Graustark,地,Bold Venture,極,Equipoise,バ,極・極・極｜地・地・極｜地・極・バ,
ID:1120002348,メジロダイボサツ,メジロダイボサツ,1120002348,確定,繁殖登録番号,A_v9.3直接完成,父,5,0,0,5,5,サンデーサイレンス,地,Alzao,バ,Busted,極,アンバーシヤダイ,地,メジロサンマン,地,Snob,極,Milesian,極,Pharis,極,Abjer,極,地-バ-極 | 地-地-極 | 極-極-極,
ID:1120001353,モガミチャンピオン,モガミチャンピオン,1120001353,確定,繁殖登録番号,Z_v9.27_TARGET系譜不足枝0扱いで完成,母母父,0,0,5,5,,テスコボーイ,地,Your Host,地,Easton,極,Milesian,極,Pharis,極,Abjer,極,ミルトン,極,プリメロ,バ,,バ,地・地・極｜極・極・極｜極・バ・バ,
ID:1120001666,ヤシマソブリン,ヤシマソブリン,1120001666,確定,繁殖登録番号,Y_v9.26残件祖先固定8代欠損0運用確定で完成,母母父,0,0,5,5,,Mill Reef,バ,Ragusa,極,Grey Sovereign,極,Wild Risk,極,Black Devil,極,Epinard,極,プリメロ,バ,Flamboyant,極,Robert le Diable,バ,バ・極・極｜極・極・極｜バ・極・バ,
ID:1120001702,ロイヤルタッチ,ロイヤルタッチ,1120001702,確定,繁殖登録番号,B_TARGET再構成＋v9.3既存Mで完成,母父・母母父,0,3,2,5,5,Halo,極,Understanding,極,Montparnasse,地,Nijinsky,バ,Buckpasser,極,Princequillo,極,Princely Gift,極,Hyperion,地,Dastur,極,極・極・地｜バ・極・極｜極・地・極,
ID:1140006425,A. P. Jet,A. P. Jet,1140006425,確定,繁殖登録番号,C_v9.4+v9.5追加祖先反映で完成,母母父,0,0,4,4,,Mr. Prospector,極,Dr. Fager,極,Correlation,極,Intentionally,極,Rough'n Tumble,極,War Relic,極,Tom Fool,極,Bull Lea,極,The Porter,バ,極・極・極｜極・極・極｜極・極・バ,
ID:1140006842,Adhocracy,Adhocracy,1140006842,確定,繁殖登録番号,B_TARGET再構成＋v9.3既存Mで完成,母母父,0,0,4,4,4,Buckaroo,バ,Speak John,極,Jaipur,極,Hoist the Flag,極,Prince John,極,Determine,地,Nasrullah,極,Johnstown,極,Sardanapale,極,バ・極・極｜極・極・地｜極・極・極,
ID:1140006424,After Market,After Market,1140006424,確定,繁殖登録番号,A_v9.3直接完成,母父,0,4,0,4,4,Storm Bird,地,Secretariat,極,Crimson Satan,極,Blushing Groom,極,Halo,極,Herbager,極,Northern Dancer,地,Admiral's Voyage,バ,Petition,極,地-極-極 | 極-極-極 | 地-バ-極,
ID:1140006929,Amadeus Wolf,Amadeus Wolf,1140006929,確定,繁殖登録番号,A_v9.3直接完成,母父,0,4,0,4,4,Danehill,地,Spectacular Bid,極,Graustark,地,Darshaan,地,Ajdal,地,Vaguely Noble,地,Hoist the Flag,極,Prince John,極,Determine,地,地-極-地 | 地-地-地 | 極-極-地,
ID:1140006028,Aragorn,Aragorn,1140006028,確定,繁殖登録番号,A_v9.3直接完成,母父,0,4,0,4,4,Storm Cat,地,Rahy,バ,Roberto,極,Raise a Native,極,Nashua,極,Count Fleet,極,Nearctic,地,Native Dancer,極,Mahmoud,極,地-バ-極 | 極-極-極 | 地-極-極,
ID:1140003671,Arazi,Arazi,1140003671,確定,繁殖登録番号,B_TARGET再構成＋v9.3既存Mで完成,母母父,0,0,4,4,4,Red God,極,Wild Risk,極,Tudor Minstrel,地,Nearctic,地,Native Dancer,極,Mahmoud,極,Wild Risk,極,Verso,極,Easton,極,極・極・地｜地・極・極｜極・極・極,
ID:1140005769,Areion,Areion,1140005769,確定,繁殖登録番号,A_v9.3直接完成,母父,0,4,0,4,4,Super Concorde,地,Elevation,極,Tudor Minstrel,地,Nijinsky,バ,Round Table,極,Hail to Reason,極,Le Lavandou,極,Ballyogan,極,,バ,地-極-地 | バ-極-極 | 極-極-バ,
ID:1140001355,Assert,Assert,1140001355,確定,繁殖登録番号,Z_v9.27_TARGET系譜不足枝0扱いで完成,母母父,0,0,4,4,,Northern Dancer,地,Tudor Minstrel,地,Stymie,極,Dan Cupid,極,Sicambre,極,Maurepas,極,Nearco,極,Dark Legend,極,,バ,地・地・極｜極・極・極｜極・極・バ,
ID:1140006224,Aussie Rules,Aussie Rules,1140006224,確定,繁殖登録番号,A_v9.3直接完成,母父,0,4,0,4,4,Danzig,地,His Majesty,地,Buckpasser,極,Lyphard,バ,Sir Ivor,極,Roman,極,Caro,極,Sicambre,極,Blue Peter,極,地-地-極 | バ-極-極 | 極-極-極,
ID:1140006555,Awesome Gambler,Awesome Gambler,1140006555,確定,繁殖登録番号,A_v9.3直接完成,母父,0,4,0,4,4,Forty Niner,地,Damascus,極,Bold Ruler,極,Vice Regent,バ,Bunty's Flight,極,Jabneh,極,Hail to Reason,極,Cosmic Bomb,極,Mahmoud,極,地-極-極 | バ-極-極 | 極-極-極,
ID:1140006989,Bahamian Bounty,Bahamian Bounty,1140006989,確定,繁殖登録番号,B_TARGET再構成＋v9.3既存Mで完成,母父,0,4,0,4,4,Young Generation,地,Sharpen Up,地,Soderini,極,Bold Lad (IRE),バ,Roan Rocket,極,Hill Gail,極,Bold Bidder,極,Tom Fool,極,Hyperion,地,地・地・極｜バ・極・極｜極・極・地,
ID:1140004737,Beat Hollow,Beat Hollow,1140004737,確定,繁殖登録番号,A_v9.3直接完成,母父・母母父,0,3,1,4,4,Northern Dancer,地,Bold Reason,極,Forli,地,Lyphard,バ,Drone,極,Pago Pago,極,Never Bend,極,Princequillo,極,Count Fleet,極,地-極-地 | バ-極-極 | 極-極-極,
ID:1140006306,Best of Luck,Best of Luck,1140006306,確定,繁殖登録番号,B_TARGET再構成＋v9.3既存Mで完成,母母父,0,0,4,4,4,Ack Ack,極,Hoist the Flag,極,Turn-to,極,Danzig,地,Secretariat,極,Swoon's Son,極,Raise a Native,極,Shut Out,極,Pilate,極,極・極・極｜地・極・極｜極・極・極,
ID:1130001512,Big Spruce,Big Spruce,1130001512,確定,繁殖登録番号,B_TARGET再構成＋v9.3既存Mで完成,母母父,0,0,4,4,4,Vandale,極,Escamillo,極,Firdaussi,極,Princequillo,極,Count Fleet,極,Blue Larkspur,バ,Tourbillon,極,Pharos,極,Swynford,極,極・極・極｜極・極・バ｜極・極・極,
ID:1140006488,Blues Traveller,Blues Traveller,1140006488,確定,繁殖登録番号,Z_v9.27_TARGET系譜不足枝0扱いで完成,母母父,0,0,4,4,,Storm Bird,地,Sir Ivor,極,Tim Tam,極,Aureole,極,Above Suspicion,極,Tulyar,極,Norseman,バ,Massine,極,,バ,地・極・極｜極・極・極｜バ・極・バ,
ID:1140002898,Cacoethes,Cacoethes,1140002898,確定,繁殖登録番号,C_v9.4+v9.5追加祖先反映で完成,母母父,0,0,4,4,,Raise a Native,極,On-and-On,極,Ponder,地,Tom Fool,極,Eight Thirty,極,Jamestown,極,Nearco,極,Blenheim,極,The Tetrarch,バ,極・極・地｜極・極・極｜極・極・バ,
ID:1140006021,Chichicastenango,Chichicastenango,1140006021,確定,繁殖登録番号,B_TARGET再構成＋v9.3既存Mで完成,母母父,0,0,4,4,4,Kaldoun,極,Tip Moss,バ,Arctic Storm,極,Northern Dancer,地,Sir Gaylord,極,Cambremont,極,Northern Dancer,地,The Axe,極,Honeyway,極,極・バ・極｜地・極・極｜地・極・極,
ID:1140004826,Citidancer,Citidancer,1140004826,確定,繁殖登録番号,C_v9.4+v9.5追加祖先反映で完成,母母父,0,0,4,4,,Northern Dancer,地,Poker,極,Jet Action,極,Princely Gift,極,Petition,極,Ujiji,極,Darius,極,Mahmoud,極,Dark Legend,極,地・極・極｜極・極・極｜極・極・極,
ID:1140007263,Collected,Collected,1140007263,確定,繁殖登録番号,A_v9.3直接完成,父,4,0,0,4,4,Carson City,極,Relaunch,極,Tri Jet,バ,Hennessy,地,Ogygian,極,Mr. Prospector,極,Danzig,地,His Majesty,地,Buckpasser,極,極-極-バ | 地-極-極 | 地-地-極,
ID:1140004590,Crafty Friend,Crafty Friend,1140004590,確定,繁殖登録番号,B_TARGET再構成＋v9.3既存Mで完成,母母父,0,0,4,4,4,Mr. Prospector,極,In Reality,極,Royal Note,極,Raise a Native,極,Francis S.,極,Hyperion,地,Nashua,極,Sun Again,バ,Hyperion,地,極・極・極｜極・極・地｜極・バ・地,
ID:1140006539,Creative Cause,Creative Cause,1140006539,確定,繁殖登録番号,A_v9.3直接完成,父・母父,1,3,0,4,4,Storm Cat,地,Rahy,バ,Roberto,極,Siberian Express,地,Icecapade,バ,Tom Rolfe,極,Relaunch,極,Boldnesian,極,Native Dancer,極,地-バ-極 | 地-バ-極 | 極-極-極,
ID:1140006056,Cuvee,Cuvee,1140006056,確定,繁殖登録番号,A_v9.3直接完成,母父,0,4,0,4,4,Mr. Prospector,極,Blushing Groom,極,Nijinsky,バ,Naskra,極,Clandestine,極,Tudor Minstrel,地,Crimson Satan,極,Prince Bio,極,Mat de Cocagne,極,極-極-バ | 極-極-地 | 極-極-極,
ID:1140007052,Dabirsim,Dabirsim,1140007052,確定,繁殖登録番号,A_v9.3直接完成,父・母父,1,3,0,4,4,Sunday Silence,地,Lost Code,地,Damascus,極,Nijinsky,バ,Crimson Satan,極,Bolero,極,Blushing Groom,極,Herbager,極,Raise a Native,極,地-地-極 | バ-極-極 | 極-極-極,
ID:1140007301,Dandy Man,Dandy Man,1140007301,確定,繁殖登録番号,A_v9.3直接完成,父・母父,2,2,0,4,4,Danehill,地,Spectacular Bid,極,Graustark,地,Northern Dancer,地,Chop Chop,極,Windfields,極,Pampapaul,極,Silver Shark,極,Persian Gulf,極,地-極-地 | 地-極-極 | 極-極-極,
ID:1140006615,Denman,Denman,1140006615,確定,繁殖登録番号,A_v9.3直接完成,母父,0,4,0,4,4,Octagonal,地,Straight Strike,極,First Consul,地,Wilkes,極,Orgoglio,地,,バ,Biscay,地,To Market,極,,バ,地-極-地 | 極-地-バ | 地-極-バ,
ID:1140003729,Deposit Ticket,Deposit Ticket,1140003729,確定,繁殖登録番号,B_TARGET再構成＋v9.3既存Mで完成,母母父,0,0,4,4,4,Northern Dancer,地,Round Table,極,Bagdad,極,Raise a Native,極,Nashua,極,Count Fleet,極,Endeavour,極,Khaled,地,Beau Pere,極,地・極・極｜極・極・極｜極・地・極,
ID:1140003856,Deputed Testamony,Deputed Testamony,1140003856,確定,繁殖登録番号,Y_v9.26残件祖先固定8代欠損0運用確定で完成,母母父,0,0,4,4,,Traffic Judge,地,Count Fleet,極,Roman,極,Endeavour,極,Khaled,地,Beau Pere,極,Questionnaire,バ,Eternal,バ,Blink,バ,地・極・極｜極・地・極｜バ・バ・バ,
ID:1140006406,Desert Classic,Desert Classic,1140006406,確定,繁殖登録番号,Y_v9.26残件祖先固定8代欠損0運用確定で完成,母母父,0,0,4,4,,Sword Dancer,極,My Babu,極,Sickle,極,Nasrullah,極,Djeddah,極,Bimelech,極,Stalino,地,Furrokh Siyar,極,Obliterate,バ,極・極・極｜極・極・極｜地・極・バ,
ID:1140004147,Desert King,Desert King,1140004147,確定,繁殖登録番号,B_TARGET再構成＋v9.3既存Mで完成,母父・母母父,0,1,3,4,4,Danzig,地,His Majesty,地,Buckpasser,極,Northern Dancer,地,Forli,地,Nantallah,極,Busted,極,Doutelle,極,Fairway,極,地・地・極｜地・地・極｜極・極・極,
ID:1140002622,Desert Wine,Desert Wine,1140002622,確定,繁殖登録番号,B_TARGET再構成＋v9.3既存Mで完成,母母父,0,0,4,4,4,Sword Dancer,極,My Babu,極,Sickle,極,Nasrullah,極,Djeddah,極,Bimelech,極,The Yuvaraj,極,Donatello,極,Caerleon,バ,極・極・極｜極・極・極｜極・極・バ,
ID:1140002361,Distinctive Pro,Distinctive Pro,1140002361,確定,繁殖登録番号,Z_v9.27_TARGET系譜不足枝0扱いで完成,母父・母母父,0,1,3,4,,Raise a Native,極,Nashua,極,Count Fleet,極,Never Bend,極,Requested,バ,Bull Dog,極,Flushing,極,By Jimminy,極,,バ,極・極・極｜極・バ・極｜極・極・バ,
ID:1140006130,Doc's Leader,Doc's Leader,1140006130,確定,繁殖登録番号,B_TARGET再構成＋v9.3既存Mで完成,母母父,0,0,4,4,4,Hail to Reason,極,Djeddah,極,Beau Pere,極,Noholme,地,Double Jay,極,Don Bingo,極,Bold Ruler,極,Better Self,極,Eight Thirty,極,極・極・極｜地・極・極｜極・極・極,
ID:1140004808,Docksider,Docksider,1140004808,確定,繁殖登録番号,A_v9.3直接完成,母父・母母父,0,2,2,4,4,Sharpen Up,地,Reliance,極,Crepello,極,Aristophanes,地,Advocate,極,Foxglove,極,Sword Dancer,極,My Babu,極,Sickle,極,地-極-極 | 地-極-極 | 極-極-極,
ID:1140006802,Dominus,Dominus,1140006802,確定,繁殖登録番号,A_v9.3直接完成,母父,0,4,0,4,4,Mr. Prospector,極,Smarten,バ,Nodouble,バ,General,極,Con Brio,極,Atlas,地,Exclusive Native,極,Crafty Admiral,極,Volcanic,極,極-バ-バ | 極-極-地 | 極-極-極,
ID:1140006322,Dr. Grace,Dr. Grace,1140006322,確定,繁殖登録番号,B_TARGET再構成＋v9.3既存Mで完成,母母父,0,0,4,4,4,Sir Ivor,極,Round Table,極,My Babu,極,Luthier,極,High Perch,地,Solonaway,極,Hethersett,極,Hornbeam,地,Chanteur,極,極・極・極｜極・地・極｜極・地・極,
ID:1140006675,Drosselmeyer,Drosselmeyer,1140006675,確定,繁殖登録番号,A_v9.3直接完成,母父,0,4,0,4,4,Forty Niner,地,Danzig,地,Mr. Leader,極,Nijinsky,バ,Cornish Prince,極,Princequillo,極,Seattle Slew,極,Buckpasser,極,Hill Prince,極,地-地-極 | バ-極-極 | 極-極-極,
ID:1140007417,Earthlight,Earthlight,1140007417,確定,繁殖登録番号,A_v9.3直接完成,父,4,0,0,4,4,Giant's Causeway,地,Machiavellian,極,Troy,地,Galileo,地,Ahonoora,バ,Match,極,Shirley Heights,バ,Abdos,極,Venture,極,地-極-地 | 地-バ-極 | バ-極-極,
ID:1140006749,Eskendereya,Eskendereya,1140006749,確定,繁殖登録番号,A_v9.3直接完成,母父,0,4,0,4,4,Storm Cat,地,Rahy,バ,Roberto,極,Bold Reasoning,極,Poker,極,Jet Action,極,Raise a Native,極,On-and-On,極,Ponder,地,地-バ-極 | 極-極-極 | 極-極-地,
ID:1140001068,Far North,Far North,1140001068,確定,繁殖登録番号,Z_v9.27_TARGET系譜不足枝0扱いで完成,母母父,0,0,4,4,,Nearctic,地,Native Dancer,極,Mahmoud,極,Chop Chop,極,Windfields,極,Osiris,極,Bull Lea,極,Blue Larkspur,バ,,バ,地・極・極｜極・極・極｜極・バ・バ,
ID:1140004168,Fast Gold,Fast Gold,1140004168,確定,繁殖登録番号,B_TARGET再構成＋v9.3既存Mで完成,母父・母母父,0,1,3,4,4,Raise a Native,極,Nashua,極,Count Fleet,極,Battle Joined,極,Turn-to,極,Princequillo,極,Princequillo,極,Count Fleet,極,Blue Larkspur,バ,極・極・極｜極・極・極｜極・極・バ,
ID:1140007135,First American,First American,1140007135,確定,繁殖登録番号,A_v9.3直接完成,母父・母母父,0,2,2,4,4,Fappiano,極,Dr. Fager,極,Nearctic,地,Intentionally,極,Rosemont,バ,Heliopolis,地,Bold Ruler,極,Mahmoud,極,,バ,極-極-地 | 極-バ-地 | 極-極-バ,
ID:1140007507,Flightline,Flightline,1140007507,確定,繁殖登録番号,A_v9.3直接完成,父,4,0,0,4,4,Pulpit,地,Unbridled,極,Nijinsky,バ,In Excess,地,Leo Castelli,地,Diplomat Way,極,Roberto,極,His Majesty,地,Olympia,地,地-極-バ | 地-地-極 | 極-地-地,
ID:1140004476,Fuji Kiseki,Fuji Kiseki,1140004476,確定,繁殖登録番号,B_TARGET再構成＋v9.3既存Mで完成,母母父,0,0,4,4,4,Halo,極,Understanding,極,Montparnasse,地,Wild Risk,極,Verso,極,Easton,極,Intentionally,極,Rough'n Tumble,極,War Relic,極,極・極・地｜極・極・極｜極・極・極,
ID:1140000817,General Assembly,General Assembly,1140000817,確定,繁殖登録番号,Y_v9.26残件祖先固定8代欠損0運用確定で完成,母母父,0,0,4,4,,Bold Ruler,極,Princequillo,極,Caruso,バ,Polynesian,極,Discovery,極,John P.Grier,バ,Equipoise,バ,Chicle,バ,Fair Play,バ,極・極・バ｜極・極・バ｜バ・バ・バ,
ID:1140007311,Get Stormy,Get Stormy,1140007311,確定,繁殖登録番号,A_v9.3直接完成,母父,0,4,0,4,4,Storm Cat,地,Seattle Slew,極,Coastal,地,Foolish Pleasure,極,Kris,地,Riverman,極,Northern Dancer,地,Victoria Park,極,Bull Page,極,地-極-地 | 極-地-極 | 地-極-極,
ID:1140006880,Gold Halo,Gold Halo,1140006880,確定,繁殖登録番号,A_v9.3直接完成,母父,0,4,0,4,4,Halo,極,Understanding,極,Montparnasse,地,Mr. Prospector,極,Buckpasser,極,Hasty Road,極,Nearctic,地,Native Dancer,極,Mahmoud,極,極-極-地 | 極-極-極 | 地-極-極,
ID:1140003491,Goldneyev,Goldneyev,1140003491,確定,繁殖登録番号,B_TARGET再構成＋v9.3既存Mで完成,母母父,0,0,4,4,4,Northern Dancer,地,Forli,地,Nantallah,極,Never Bend,極,Prince John,極,Roman,極,Mourne,極,Prince Bio,極,Rialto,極,地・地・極｜極・極・極｜極・極・極,
ID:1140006844,Graeme Hall,Graeme Hall,1140006844,確定,繁殖登録番号,B_TARGET再構成＋v9.3既存Mで完成,母母父,0,0,4,4,4,Deputy Minister,地,Secretariat,極,Damascus,極,Mr. Prospector,極,In Reality,極,Royal Note,極,The Axe,極,Abernant,地,Big Game,極,地・極・極｜極・極・極｜極・地・極,
ID:1140006796,Hansen,Hansen,1140006796,確定,繁殖登録番号,A_v9.3直接完成,父・母父,1,3,0,4,4,Pulpit,地,Unbridled,極,Nijinsky,バ,Storm Cat,地,Private Account,地,Run the Gantlet,極,Raise a Native,極,Olden Times,極,Nasrullah,極,地-極-バ | 地-地-極 | 極-極-極,
ID:1140007240,Harry Angel,Harry Angel,1140007240,確定,繁殖登録番号,A_v9.3直接完成,父,4,0,0,4,4,Acclamation,地,Machiavellian,極,Night Shift,地,Young Generation,地,Sharpen Up,地,Soderini,極,Chief's Crown,地,Habitat,極,Tudor Melody,バ,地-極-地 | 地-地-極 | 地-極-バ,
ID:1140006137,Hat Trick,Hat Trick,1140006137,確定,繁殖登録番号,A_v9.3直接完成,父・母父,2,2,0,4,4,Halo,極,Understanding,極,Montparnasse,地,Codex,地,Ack Ack,極,Restless Native,極,Sword Dancer,極,My Babu,極,Sickle,極,極-極-地 | 地-極-極 | 極-極-極,
ID:1140006494,Heatseeker,Heatseeker,1140006494,確定,繁殖登録番号,A_v9.3直接完成,母父,0,4,0,4,4,Storm Cat,地,Rahy,バ,Roberto,極,Fappiano,極,Sham,地,Quadrangle,極,Red God,極,Wild Risk,極,Tudor Minstrel,地,地-バ-極 | 極-地-極 | 極-極-地,
ID:1140002687,High Estate,High Estate,1140002687,確定,繁殖登録番号,B_TARGET再構成＋v9.3既存Mで完成,母母父,0,0,4,4,4,Mill Reef,バ,Hardicanute,極,Grandmaster,極,Raise a Native,極,Francis S.,極,Hyperion,地,Fighting Fox,極,War Admiral,極,Bull Dog,極,バ・極・極｜極・極・地｜極・極・極,
ID:1140003507,Homme de Loi,Homme de Loi,1140003507,確定,繁殖登録番号,Y_v9.26残件祖先固定8代欠損0運用確定で完成,母父・母母父,0,1,3,4,,Alleged,地,Boldnesian,極,Summer Tan,地,Ragusa,極,Ballyogan,極,Bois Roussel,極,Le Lavandou,極,Ballyogan,極,Knight of the Garter,バ,地・極・地｜極・極・極｜極・極・バ,
ID:1140006854,Honor Code,Honor Code,1140006854,確定,繁殖登録番号,A_v9.3直接完成,父・母父,2,2,0,4,4,Seattle Slew,極,Secretariat,極,Buckpasser,極,Storm Bird,地,Secretariat,極,Crimson Satan,極,Raise a Native,極,Nashua,極,Count Fleet,極,極-極-極 | 地-極-極 | 極-極-極,
ID:1140007117,I Am Invincible,I Am Invincible,1140007117,確定,繁殖登録番号,A_v9.3直接完成,父・母父,3,1,0,4,4,Green Desert,地,Kris,地,Artaius,バ,Bletchingly,地,Lunchtime,地,Coeur Volant,極,Our Native,極,Grey Dawn,極,Princequillo,極,地-地-バ | 地-地-極 | 極-極-極,
ID:1140007374,Incurable Optimist,Incurable Optimist,1140007374,確定,繁殖登録番号,B_TARGET再構成＋v9.3既存Mで完成,母母父,0,0,4,4,4,Stop the Music,極,Dr. Fager,極,Bold Ruler,極,Bold Reasoning,極,Poker,極,Jet Action,極,Prince John,極,Ballymoss,極,Caldarium,極,極・極・極｜極・極・極｜極・極・極,
ID:1140006645,Intello,Intello,1140006645,確定,繁殖登録番号,A_v9.3直接完成,父・母父,1,3,0,4,4,Sadler's Wells,地,Miswaki,極,Lombard,地,Danzig,地,His Majesty,地,Buckpasser,極,Caro,極,Le Haar,極,Venture,極,地-極-地 | 地-地-極 | 極-極-極,
ID:1140006476,Intense Focus,Intense Focus,1140006476,確定,繁殖登録番号,A_v9.3直接完成,母父,0,4,0,4,4,Storm Cat,地,Rahy,バ,Roberto,極,Danzig,地,His Majesty,地,Buckpasser,極,Ile de Bourbon,地,Blushing Groom,極,Sheshoon,極,地-バ-極 | 地-地-極 | 地-極-極,
ID:1140007024,Intergaze,Intergaze,1140007024,確定,繁殖登録番号,B_TARGET再構成＋v9.3既存Mで完成,母母父,0,0,4,4,4,Lunchtime,地,Recalled,バ,Golden God,極,Stop the Music,極,Etonian,地,Princely Gift,極,Bold Ruler,極,Princequillo,極,Caruso,バ,地・バ・極｜極・地・極｜極・極・バ,
ID:1140005919,Know Heights,Know Heights,1140005919,確定,繁殖登録番号,B_TARGET再構成＋v9.3既存Mで完成,母母父,0,0,4,4,4,Mill Reef,バ,Hardicanute,極,Grandmaster,極,Tom Rolfe,極,War Admiral,極,Tourbillon,極,Double Jay,極,Blue Peter,極,Bahram,極,バ・極・極｜極・極・極｜極・極・極,
ID:1140006134,Lavirco,Lavirco,1140006134,確定,繁殖登録番号,Y_v9.26残件祖先固定8代欠損0運用確定で完成,母母父,0,0,4,4,,Dschingis Khan,極,Tiepoletto,極,Olymp,極,Literat,極,Reliance,極,Hyperion,地,Neckar,バ,Nebelwerfer,極,Bubbles,極,極・極・極｜極・極・地｜バ・極・極,
ID:1140007113,Lord Kanaloa,Lord Kanaloa,1140007113,確定,繁殖登録番号,A_v9.3直接完成,父・母父,2,2,0,4,4,Kingmambo,地,Last Tycoon,地,Blakeney,地,Storm Bird,地,Secretariat,極,Crimson Satan,極,His Majesty,地,Tudor Minstrel,地,Swoon's Son,極,地-地-地 | 地-極-極 | 地-地-極,
ID:1140004688,Major Impact,Major Impact,1140004688,確定,繁殖登録番号,B_TARGET再構成＋v9.3既存Mで完成,母母父,0,0,4,4,4,Hail to Reason,極,Nashua,極,Bull Lea,極,Intentionally,極,Rough'n Tumble,極,War Relic,極,Nasrullah,極,Count Fleet,極,Bull Dog,極,極・極・極｜極・極・極｜極・極・極,
ID:1140006959,Manhattan Rain,Manhattan Rain,1140006959,確定,繁殖登録番号,A_v9.3直接完成,母父,0,4,0,4,4,Fairy King,地,Star Way,バ,Mr. Prospector,極,Bletchingly,地,Lunchtime,地,Coeur Volant,極,Northern Dancer,地,Bull Page,極,Menow,極,地-バ-極 | 地-地-極 | 地-極-極,
ID:1140007204,Masar,Masar,1140007204,確定,繁殖登録番号,A_v9.3直接完成,父,4,0,0,4,4,Galileo,地,Ahonoora,バ,Match,極,Green Desert,地,Ahonoora,バ,Balidar,地,Sharpen Up,地,Nebbiolo,極,Be Friendly,極,地-バ-極 | 地-バ-地 | 地-極-極,
ID:1140001141,Master Derby,Master Derby,1140001141,確定,繁殖登録番号,B_TARGET再構成＋v9.3既存Mで完成,母母父,0,0,4,4,4,Bold Commander,極,Windy City,極,Challedon,極,Eight Thirty,極,Bull Dog,極,Pot au Feu,極,Fighting Fox,極,War Admiral,極,Bull Dog,極,極・極・極｜極・極・極｜極・極・極,
ID:1140002162,Master Willie,Master Willie,1140002162,確定,繁殖登録番号,Y_v9.26残件祖先固定8代欠損0運用確定で完成,母母父,0,0,4,4,,High Hat,地,Chanteur,極,Djebel,極,Denturius,バ,Pappageno,極,Singapore,極,Hyperion,地,Donatello,極,Friar Marcus,極,地・極・極｜バ・極・極｜地・極・極,
ID:1140003899,Masterclass,Masterclass,1140003899,確定,繁殖登録番号,C_v9.4高影響祖先補完で完成,母母父,0,0,4,4,4,Northern Dancer,地,Victoria Park,極,Bull Page,極,Sir Gaylord,極,Mr. Trouble,極,Pharamond,極,Alibhai,地,Discovery,極,Broomstick,バ,地・極・極｜極・極・極｜地・極・バ,
ID:1140006646,Medaaly,Medaaly,1140006646,確定,繁殖登録番号,B_TARGET再構成＋v9.3既存Mで完成,母母父,0,0,4,4,4,Kenmare,極,Riverman,極,Sir Gaylord,極,Northern Dancer,地,Bold Reason,極,Forli,地,Endeavour,極,Hyperion,地,Winalot,極,極・極・極｜地・極・地｜極・地・極,
ID:1140007098,Mensageiro Alado,Mensageiro Alado,1140007098,確定,繁殖登録番号,B_TARGET再構成＋v9.3既存Mで完成,母母父,0,0,4,4,4,Lyphard,バ,Habitat,極,Tanerko,極,Atan,地,Rockefella,地,Majano,極,Nasrullah,極,Discovery,極,Pompey,極,バ・極・極｜地・地・極｜極・極・極,
ID:1140003905,Mighty Appealing,Mighty Appealing,1140003905,確定,繁殖登録番号,Y_v9.26残件祖先固定8代欠損0運用確定で完成,母母父,0,0,4,4,,In Reality,極,Moslem Chief,地,Alsab,バ,Sicambre,極,Cranach,極,Hyperion,地,Challenger,極,Scotch Broom,バ,Escoba,バ,極・地・バ｜極・極・地｜極・バ・バ,
ID:1140007399,Mitole,Mitole,1140007399,確定,繁殖登録番号,A_v9.3直接完成,父,4,0,0,4,4,Giant's Causeway,地,Seattle Slew,極,Alydar,バ,In Excess,地,Leo Castelli,地,Diplomat Way,極,Two Punch,極,Magesterial,地,King Emperor,極,地-極-バ | 地-地-極 | 極-地-極,
ID:1140006770,Mogok,Mogok,1140006770,確定,繁殖登録番号,B_TARGET再構成＋v9.3既存Mで完成,母母父,0,0,4,4,4,Storm Bird,地,Secretariat,極,Crimson Satan,極,Hail to Reason,極,Cosmic Bomb,極,Mahmoud,極,Tom Rolfe,極,War Admiral,極,Tourbillon,極,地・極・極｜極・極・極｜極・極・極,
ID:1140004104,Monteverdi,Monteverdi,1140004104,確定,繁殖登録番号,S_v9.20高影響祖先反映で完成,母母父,0,0,4,4,,Northern Dancer,地,Court Martial,極,Formor,極,Tantieme,極,Relic,極,Le Volcan,極,Gainsborough,極,Chaucer,極,Minoru,バ,地・極・極｜極・極・極｜極・極・バ,
ID:1140006924,Morning Line,Morning Line,1140006924,確定,繁殖登録番号,A_v9.3直接完成,母父,0,4,0,4,4,Cee's Tizzy,バ,Seattle Song,極,ナイスダンサー,地,Seattle Slew,極,Secretariat,極,Buckpasser,極,Storm Bird,地,Secretariat,極,Crimson Satan,極,バ-極-地 | 極-極-極 | 地-極-極,
ID:1140000962,Naskra,Naskra,1140000962,確定,繁殖登録番号,X_v9.25_TARGET固定8代安全確定反映,母母父,0,0,4,4,,Nasrullah,極,Coaraze,極,Gris Perle,極,Vieux Manoir,極,Teleferique,極,Biribi,極,Pharos,極,Alcantara,バ,Sardanapale,極,極・極・極｜極・極・極｜極・バ・極,
ID:1140001098,Never Tabled,Never Tabled,1140001098,確定,繁殖登録番号,Z_v9.27_TARGET系譜不足枝0扱いで完成,母母父,0,0,4,4,,Nasrullah,極,Djeddah,極,Bimelech,極,Princequillo,極,Sir Cosmo,極,Friar Marcus,極,,バ,,バ,,バ,極・極・極｜極・極・極｜バ・バ・バ,
ID:1140006556,Nineeleven,Nineeleven,1140006556,確定,繁殖登録番号,Z_v9.27_TARGET系譜不足枝0扱いで完成,母母父,0,0,4,4,,Clever Trick,地,Finnegan,極,Mr. Busher,極,Buckpasser,極,Amerigo,バ,Count Rendered,極,Khaled,地,,バ,,バ,地・極・極｜極・バ・極｜地・バ・バ,
ID:1140006123,Norquestor,Norquestor,1140006123,確定,繁殖登録番号,B_TARGET再構成＋v9.3既存Mで完成,母母父,0,0,4,4,4,Mr. Prospector,極,Bold Commander,極,Turn-to,極,Nearctic,地,Native Dancer,極,Mahmoud,極,Dan Cupid,極,Sicambre,極,Maurepas,極,極・極・極｜地・極・極｜極・極・極,
ID:1140007023,Not A Single Doubt,Not A Single Doubt,1140007023,確定,繁殖登録番号,A_v9.3直接完成,母父,0,4,0,4,4,Danehill,地,Canny Lad,地,Nijinsky,バ,Crown Jester,バ,Roan Rocket,極,Matador,極,Northern Dancer,地,Grey Sovereign,極,Vigorous,極,地-地-バ | バ-極-極 | 地-極-極,
ID:1140003399,Opening Verse,Opening Verse,1140003399,確定,繁殖登録番号,S_v9.20高影響祖先反映で完成,母母父,0,0,4,4,,Northern Dancer,地,Victoria Park,極,Bull Page,極,Herbager,極,Mahmoud,極,Pavot,極,Eight Thirty,極,Wise Counsellor,バ,Stefan the Great,極,地・極・極｜極・極・極｜極・バ・極,
ID:1140007167,Oscar Performance,Oscar Performance,1140007167,確定,繁殖登録番号,A_v9.3直接完成,父,4,0,0,4,4,El Prado,地,Lear Fan,極,L'Enjoleur,バ,Nureyev,地,Sassafras,バ,Hail to Reason,極,Raise a Native,極,Nashua,極,Count Fleet,極,地-極-バ | 地-バ-極 | 極-極-極,
ID:1140007448,Palace Pier,Palace Pier,1140007448,確定,繁殖登録番号,A_v9.3直接完成,父,4,0,0,4,4,Invincible Spirit,地,Zamindar,地,ダンシングブレーヴ,バ,Gulch,地,Bustino,極,Queen's Hussar,極,Northern Dancer,地,Chop Chop,極,Windfields,極,地-地-バ | 地-極-極 | 地-極-極,
ID:1140006009,Panis,Panis,1140006009,確定,繁殖登録番号,A_v9.3直接完成,父・母父,1,3,0,4,4,Mr. Prospector,極,Buckpasser,極,Princequillo,極,Matsadoon,バ,Vaguely Noble,地,Marino,極,Hail to Reason,極,Nashua,極,Bull Lea,極,極-極-極 | バ-地-極 | 極-極-極,
ID:1140007066,Repent,Repent,1140007066,確定,繁殖登録番号,A_v9.3直接完成,母父・母母父,0,2,2,4,4,Sovereign Dancer,地,On to Glory,極,Distinctive,極,Lacydon,地,Tamerlane,極,Owen Tudor,地,Sicambre,極,Djebel,極,,バ,地-極-極 | 地-極-地 | 極-極-バ,
ID:1140001792,Robellino,Robellino,1140001792,確定,繁殖登録番号,I_v9.11_TARGET固定8代年代境界反映で完成,母母父,0,0,4,4,,Hail to Reason,極,Nashua,極,Bull Lea,極,Timor,極,Gusty,極,Badruddin,極,Nasrullah,極,Discovery,極,Pompey,極,極・極・極｜極・極・極｜極・極・極,
ID:1140006674,Roderic O'Connor,Roderic O'Connor,1140006674,確定,繁殖登録番号,A_v9.3直接完成,母父,0,4,0,4,4,Sadler's Wells,地,Miswaki,極,Lombard,地,Danzig,地,His Majesty,地,Buckpasser,極,Sharpen Up,地,Reliance,極,Crepello,極,地-極-地 | 地-地-極 | 地-極-極,
ID:1140007097,Runhappy,Runhappy,1140007097,確定,繁殖登録番号,A_v9.3直接完成,父・母父,3,1,0,4,4,Maria's Mon,地,A.P. Indy,バ,Mr. Prospector,極,Unbridled,極,Nijinsky,バ,Blushing Groom,極,Northern Dancer,地,,バ,,バ,地-バ-極 | 極-バ-極 | 地-バ-バ,
ID:1140006326,Sabmykaa,Sabmykaa,1140006326,確定,繁殖登録番号,A_v9.3直接完成,母父,0,4,0,4,4,サクラユタカオー,地,ノーザンテースト,地,Ambiopoise,極,Halo,極,Understanding,極,Montparnasse,地,Sharpen Up,地,Reliance,極,Crepello,極,地-地-極 | 極-極-地 | 地-極-極,
ID:1140005852,Sakhee,Sakhee,1140005852,確定,繁殖登録番号,A_v9.3直接完成,母父,0,4,0,4,4,Riverman,極,Nijinsky,バ,Bold Bidder,極,Northern Dancer,地,Bold Reason,極,Forli,地,Tenerani,極,El Greco,極,,バ,極-バ-極 | 地-極-地 | 極-極-バ,
ID:1140001937,Seattle Dancer,Seattle Dancer,1140001937,確定,繁殖登録番号,B_TARGET再構成＋v9.3既存Mで完成,母母父,0,0,4,4,4,Northern Dancer,地,Bull Page,極,Menow,極,Round Table,極,Nasrullah,極,War Admiral,極,Jet Pilot,極,War Admiral,極,Bubbling Over,バ,地・極・極｜極・極・極｜極・極・バ,
ID:1140007373,Sebi Halo,Sebi Halo,1140007373,確定,繁殖登録番号,A_v9.3直接完成,母父,0,4,0,4,4,Halo,極,Northern Dancer,地,Sea-Bird,極,Caro,極,Outing Class,地,Tom Fool,極,El Curaca,極,Vitelio,極,Guatan,極,極-地-極 | 極-地-極 | 極-極-極,
ID:1140004803,Settlement Day,Settlement Day,1140004803,確定,繁殖登録番号,F_v9.4-v9.8追加祖先反映で完成,母母父,0,0,4,4,,Tom Fool,極,War Admiral,極,Blue Larkspur,バ,Khaled,地,Beau Pere,極,War Admiral,極,Prince Rose,極,Papyrus,極,White Eagle,バ,極・極・バ｜地・極・極｜極・極・バ,
ID:1140006627,Shantou,Shantou,1140006627,確定,繁殖登録番号,B_TARGET再構成＋v9.3既存Mで完成,母母父,0,0,4,4,4,Hoist the Flag,極,Prince John,極,Determine,地,Northern Dancer,地,Sir Ivor,極,Tom Fool,極,Sharpen Up,地,Reliance,極,Crepello,極,極・極・地｜地・極・極｜地・極・極,
ID:1140004415,Silver Charm,Silver Charm,1140004415,確定,繁殖登録番号,Y_v9.26残件祖先固定8代欠損0運用確定で完成,母父・母母父,0,1,3,4,,Buckpasser,極,Hail to Reason,極,Mahmoud,極,Round Table,極,Nasrullah,極,War Admiral,極,Market Wise,極,Isolater,バ,Sir Gallahad,極,極・極・極｜極・極・極｜極・バ・極,
ID:1140006868,Sixties Icon,Sixties Icon,1140006868,確定,繁殖登録番号,A_v9.3直接完成,母父・母母父,0,3,1,4,4,Sadler's Wells,地,Miswaki,極,Lombard,地,Sharpen Up,地,Reliance,極,Crepello,極,Alleged,地,Boldnesian,極,Summer Tan,地,地-極-地 | 地-極-極 | 地-極-地,
ID:1140006483,Soave,Soave,1140006483,確定,繁殖登録番号,A_v9.3直接完成,母父・母母父,0,3,1,4,4,Elegant Air,極,Sharpen Up,地,Tropique,極,Northern Dancer,地,Tudor Minstrel,地,Stymie,極,Hodell,極,Iron Liege,極,Brantome,極,極-地-極 | 地-地-極 | 極-極-極,
ID:1140006871,Sportsworld,Sportsworld,1140006871,確定,繁殖登録番号,B_TARGET再構成＋v9.3既存Mで完成,母母父,0,0,4,4,4,Hoist the Flag,極,Prince John,極,Determine,地,Northern Dancer,地,Forli,地,Nantallah,極,Turn-to,極,Princequillo,極,Caruso,バ,極・極・地｜地・地・極｜極・極・バ,
ID:1140002556,Stately Don,Stately Don,1140002556,確定,繁殖登録番号,B_TARGET再構成＋v9.3既存Mで完成,母母父,0,0,4,4,4,Northern Dancer,地,Forli,地,Nantallah,極,Wild Risk,極,Verso,極,Easton,極,Nasrullah,極,Discovery,極,Pompey,極,地・地・極｜極・極・極｜極・極・極,
ID:1140004705,Stephen Got Even,Stephen Got Even,1140004705,確定,繁殖登録番号,A_v9.3直接完成,母父・母母父,0,1,3,4,4,Seattle Slew,極,Secretariat,極,Buckpasser,極,Best Turn,バ,Ballydonnell,極,,バ,Red God,極,Wild Risk,極,Tudor Minstrel,地,極-極-極 | バ-極-バ | 極-極-地,
ID:1140005413,Storm Creek,Storm Creek,1140005413,確定,繁殖登録番号,B_TARGET再構成＋v9.3既存Mで完成,母父,0,4,0,4,4,Storm Bird,地,Secretariat,極,Crimson Satan,極,Raise a Native,極,Nashua,極,Count Fleet,極,Battle Joined,極,Turn-to,極,Princequillo,極,地・極・極｜極・極・極｜極・極・極,
ID:1140007103,Style Vendome,Style Vendome,1140007103,確定,繁殖登録番号,A_v9.3直接完成,母父,0,4,0,4,4,Danzig,地,Gay Mecene,地,Riverman,極,Kris S.,極,Miswaki,極,Coco La Terreur,地,Highest Honor,バ,Sadler's Wells,地,Pretense,地,地-地-極 | 極-極-地 | バ-地-地,
ID:1130001534,Super Concorde,Super Concorde,1130001534,確定,繁殖登録番号,Z_v9.27_TARGET系譜不足枝0扱いで完成,母母父,0,0,4,4,,Boldnesian,極,Hail to Reason,極,Wait A Bit,極,My Babu,極,Deiri,バ,,バ,Donatello,極,Hyperion,地,Swynford,極,極・極・極｜極・バ・バ｜極・地・極,
ID:1140006384,Synastry,Synastry,1140006384,確定,繁殖登録番号,B_TARGET再構成＋v9.3既存Mで完成,母母父,0,0,4,4,4,Bold Reasoning,極,Poker,極,Jet Action,極,Nasrullah,極,Johnstown,極,Sardanapale,極,Tom Fool,極,War Admiral,極,Blue Larkspur,バ,極・極・極｜極・極・極｜極・極・バ,
ID:1140006782,Take Charge Indy,Take Charge Indy,1140006782,確定,繁殖登録番号,A_v9.3直接完成,父,4,0,0,4,4,Seattle Slew,極,Secretariat,極,Buckpasser,極,Deputy Minister,地,Secretariat,極,Damascus,極,Fappiano,極,Nijinsky,バ,In Reality,極,極-極-極 | 地-極-極 | 極-バ-極,
ID:1140002180,Tasso,Tasso,1140002180,確定,繁殖登録番号,C_v9.4+v9.5追加祖先反映で完成,母母父,0,0,4,4,,Mr. Prospector,極,Dr. Fager,極,Correlation,極,Bold Ruler,極,Mahmoud,極,Ariel,バ,Prince Bio,極,Rialto,極,Alcantara,バ,極・極・極｜極・極・バ｜極・極・バ,
ID:1140006801,Toccet,Toccet,1140006801,確定,繁殖登録番号,B_TARGET再構成＋v9.3既存Mで完成,母母父,0,0,4,4,4,Deputy Minister,地,Blushing Groom,極,Mr. Prospector,極,Caro,極,Prince John,極,Sir Gaylord,極,Breakspear,極,Molvedo,極,Tyrone,極,地・極・極｜極・極・極｜極・極・極,
ID:1140006925,Vespone,Vespone,1140006925,確定,繁殖登録番号,A_v9.3直接完成,母父,0,4,0,4,4,Lyphard,バ,Vaguely Noble,地,Honeys Alibi,地,Alydar,バ,Lt. Stevens,極,War Admiral,極,Northern Dancer,地,Forli,地,Nantallah,極,バ-地-地 | バ-極-極 | 地-地-極,
ID:1140006840,Victoire Pisa,Victoire Pisa,1140006840,確定,繁殖登録番号,A_v9.3直接完成,母父,0,4,0,4,4,Sunday Silence,地,Kris,地,Shantung,地,Mr. Prospector,極,Halo,極,Hoist the Flag,極,Busted,極,Doutelle,極,Fairway,極,地-地-地 | 極-極-極 | 極-極-極,
ID:1140007503,Volatile,Volatile,1140007503,確定,繁殖登録番号,A_v9.3直接完成,父,4,0,0,4,4,Medaglia d'Oro,地,Gone West,地,Storm Cat,地,Unbridled,極,Caro,極,Lucky Mel,地,Seeking the Gold,極,Seattle Slew,極,Northern Dancer,地,地-地-地 | 極-極-地 | 極-極-地,
ID:1140006197,Volksraad,Volksraad,1140006197,確定,繁殖登録番号,B_TARGET再構成＋v9.3既存Mで完成,母母父,0,0,4,4,4,Danzig,地,Sir Ivor,極,Never Bend,極,Bold Ruler,極,Princequillo,極,Caruso,バ,St. Paddy,地,Abernant,地,Fairway,極,地・極・極｜極・極・バ｜地・地・極,
ID:1140006143,Whipper,Whipper,1140006143,確定,繁殖登録番号,A_v9.3直接完成,母父,0,4,0,4,4,Mr. Prospector,極,Nureyev,地,Prove Out,地,Northern Dancer,地,Bold Reason,極,Forli,地,Never Bend,極,Princequillo,極,Count Fleet,極,極-地-地 | 地-極-地 | 極-極-極,
ID:1140006512,Wiesenpfad,Wiesenpfad,1140006512,確定,繁殖登録番号,A_v9.3直接完成,母父,0,4,0,4,4,Alzao,バ,Ahonoora,バ,Pampapaul,極,Darshaan,地,Ajdal,地,Vaguely Noble,地,Surumu,地,Aggressor,極,,バ,バ-バ-極 | 地-地-地 | 地-極-バ,
ID:1140006848,Wiseman's Ferry,Wiseman's Ferry,1140006848,確定,繁殖登録番号,B_TARGET再構成＋v9.3既存Mで完成,母母父,0,0,4,4,4,Storm Cat,地,Hawaii,バ,Tom Cat,極,Deputy Minister,地,Mr. Prospector,極,Road At Sea,極,Exclusive Native,極,Crafty Admiral,極,Volcanic,極,地・バ・極｜地・極・極｜極・極・極,
ID:1140006954,Yesbyjimminy,Yesbyjimminy,1140006954,確定,繁殖登録番号,A_v9.3直接完成,母父,0,4,0,4,4,Is It True,極,Clever Trick,地,Prince of Ascot,極,Fappiano,極,In Reality,極,Buckpasser,極,Valid Appeal,地,Roi Dagobert,バ,Vincentive,極,極-地-極 | 極-極-極 | 地-バ-極,
ID:1140002750,Zephyr Bay,Zephyr Bay,1140002750,確定,繁殖登録番号,Z_v9.27_TARGET系譜不足枝0扱いで完成,母母父,0,0,4,4,,Star Kingdom,地,Makarpura,極,Newtown Wonder,極,Atys,極,Tourbillon,極,The Vizier,バ,Colorado,バ,Buchan,極,,バ,地・極・極｜極・極・バ｜バ・極・バ,
ID:1120001656,アラジ,アラジ,1120001656,確定,繁殖登録番号,B_TARGET再構成＋v9.3既存Mで完成,母父,0,4,0,4,4,Red God,極,Wild Risk,極,Tudor Minstrel,地,Nearctic,地,Native Dancer,極,Mahmoud,極,Wild Risk,極,Verso,極,Easton,極,極・極・地｜地・極・極｜極・極・極,
ID:1120001881,ウイングアロー,ウイングアロー,1120001881,確定,繁殖登録番号,A_v9.3直接完成,母父,0,4,0,4,4,Topsider,バ,Graustark,地,Buckpasser,極,トウシヨウボーイ,地,トピオ,極,アドミラルバード,バ,Never Say Die,極,Big Game,極,Nearco,極,バ-地-極 | 地-極-バ | 極-極-極,
ID:1120002201,エイシンデピュティ,エイシンデピュティ,1120002201,確定,繁殖登録番号,A_v9.3直接完成,父・母父,1,3,0,4,4,Deputy Minister,地,Hold Your Peace,極,Bold Ruler,極,Mr. Prospector,極,Buckpasser,極,Swaps,地,Nijinsky,バ,Val de Loir,極,Spy Song,極,地-極-極 | 極-極-地 | バ-極-極,
ID:1120001397,エルセニョール,エルセニョール,1120001397,確定,繁殖登録番号,Z_v9.27_TARGET系譜不足枝0扱いで完成,母父・母母父,0,1,3,4,,Exclusive Native,極,Graustark,地,Turn-to,極,Herbager,極,Mahmoud,極,Pavot,極,Princequillo,極,John P.Grier,バ,,バ,極・地・極｜極・極・極｜極・バ・バ,
ID:1120002453,エーシンシャラク,エーシンシャラク,1120002453,確定,繁殖登録番号,A_v9.3直接完成,父,4,0,0,4,4,Devil's Bag,バ,Caerleon,バ,Thatch,地,Storm Bird,地,Secretariat,極,Crimson Satan,極,Fortino,極,Chamossaire,極,Solario,極,バ-バ-地 | 地-極-極 | 極-極-極,
ID:1120001637,エーピーダンサー,エーピーダンサー,1120001637,確定,繁殖登録番号,B_TARGET再構成＋v9.3既存Mで完成,母母父,0,0,4,4,4,Northern Dancer,地,Forli,地,Nantallah,極,Riverman,極,Klairon,極,East Side,極,Raise a Native,極,Nashua,極,Count Fleet,極,地・地・極｜極・極・極｜極・極・極,
ID:1120002554,キタノコマンドール,キタノコマンドール,1120002554,確定,繁殖登録番号,A_v9.3直接完成,父,4,0,0,4,4,サンデーサイレンス,地,Alzao,バ,Busted,極,Kingmambo,地,Last Tycoon,地,Blakeney,地,Northern Dancer,地,Forli,地,Nantallah,極,地-バ-極 | 地-地-地 | 地-地-極,
ID:1120001519,グレートホープ,グレートホープ,1120001519,確定,繁殖登録番号,Z_v9.27_TARGET系譜不足枝0扱いで完成,母母父,0,0,4,4,,Northern Dancer,地,Amerigo,バ,Sun Again,バ,Fine Top,極,Delirium,極,,バ,プリメロ,バ,,バ,,バ,地・バ・バ｜極・極・バ｜バ・バ・バ,
ID:1120001497,シルヴァーエンディング,シルヴァーエンディング,1120001497,確定,繁殖登録番号,B_TARGET再構成＋v9.3既存Mで完成,母母父,0,0,4,4,4,Roberto,極,Amerigo,バ,Mat de Cocagne,極,Utrillo,極,Mehrali,極,Clustine,極,Ribot,極,Roman,極,Princequillo,極,極・バ・極｜極・極・極｜極・極・極,
ID:1120002302,スマートロビン,スマートロビン,1120002302,確定,繁殖登録番号,A_v9.3直接完成,父・母父,1,3,0,4,4,サンデーサイレンス,地,Alzao,バ,Busted,極,Northern Dancer,地,Court Martial,極,Formor,極,Northern Dancer,地,Bull Page,極,Menow,極,地-バ-極 | 地-極-極 | 地-極-極,
ID:1120001383,セクレト,セクレト,1120001383,確定,繁殖登録番号,B_TARGET再構成＋v9.3既存Mで完成,母母父,0,0,4,4,4,Nearctic,地,Native Dancer,極,Mahmoud,極,Bold Ruler,極,Princequillo,極,Caruso,バ,Princequillo,極,Count Fleet,極,Blue Larkspur,バ,地・極・極｜極・極・バ｜極・極・バ,
ID:1120001111,セントシーザー,セントシーザー,1120001111,確定,繁殖登録番号,Y_v9.26残件祖先固定8代欠損0運用確定で完成,母母父,0,0,4,4,,Sing Sing,地,Guard's Tie,極,Fair Trial,極,Sir Gaylord,極,Mr. Trouble,極,Pharamond,極,セフト,バ,ダイオライト,極,Junior,バ,地・極・極｜極・極・極｜バ・極・バ,
ID:1120002167,タガノゲルニカ,タガノゲルニカ,1120002167,確定,繁殖登録番号,A_v9.3直接完成,父・母父・母母父,1,1,2,4,4,Roberto,極,Graustark,地,Hasty Road,極,Thatch,地,Abernant,地,Darius,極,Nijinsky,バ,Round Table,極,Hail to Reason,極,極-地-極 | 地-地-極 | バ-極-極,
ID:1120002342,タガノロックオン,タガノロックオン,1120002342,確定,繁殖登録番号,A_v9.3直接完成,父・母父,2,2,0,4,4,Danehill,地,Be My Guest,地,Bold Lad (IRE),バ,Halo,極,Herbager,極,Cohoes,極,Distinctive,極,Sir Khalito,地,Roman,極,地-地-バ | 極-極-極 | 極-地-極,
ID:1120000558,ターゴワイス,ターゴワイス,1120000558,確定,繁殖登録番号,Y_v9.26残件祖先固定8代欠損0運用確定で完成,母母父,0,0,4,4,,Princequillo,極,Sir Cosmo,極,Friar Marcus,極,Nasrullah,極,Discovery,極,Pompey,極,Bull Dog,極,Ballot,バ,Trenton,バ,極・極・極｜極・極・極｜極・バ・バ,
ID:1120000219,ダイアトム,ダイアトム,1120000219,確定,繁殖登録番号,Z_v9.27_TARGET系譜不足枝0扱いで完成,母母父,0,0,4,4,,Prince Bio,極,Rialto,極,Alcantara,バ,Fairway,極,Papyrus,極,White Eagle,バ,Diophon,極,,バ,,バ,極・極・バ｜極・極・バ｜極・バ・バ,
ID:1120002312,ダイシンオレンジ,ダイシンオレンジ,1120002312,確定,繁殖登録番号,A_v9.3直接完成,父・母父,1,3,0,4,4,Crafty Prospector,極,Chief's Crown,地,Alleged,地,Nijinsky,バ,Buckpasser,極,Princequillo,極,Swaps,地,Polynesian,極,Pot au Feu,極,極-地-地 | バ-極-極 | 地-極-極,
ID:1120001521,ダイナマイトダディ,ダイナマイトダディ,1120001521,確定,繁殖登録番号,I_v9.11_TARGET固定8代年代境界反映で完成,母父・母母父,0,2,2,4,,テスコボーイ,地,ネヴアービート,極,ユアハイネス,極,Northern Dancer,地,Victoria Park,極,Hyperion,地,Bubbles,極,Brantome,極,Tetratema,極,地・極・極｜地・極・地｜極・極・極,
ID:1120000867,テユデナムキング,テユデナムキング,1120000867,確定,繁殖登録番号,Y_v9.26残件祖先固定8代欠損0運用確定で完成,母母父,0,0,4,4,,Tudor Melody,バ,Hugh Lupus,極,Chanteur,極,Rockefella,地,Rustom Pasha,極,Friar Marcus,極,セフト,バ,トウルヌソル,極,Campfire,バ,バ・極・極｜地・極・極｜バ・極・バ,
ID:1120001060,デイヴイツズバード,デイヴイツズバード,1120001060,確定,繁殖登録番号,B_TARGET再構成＋v9.3既存Mで完成,母母父,0,0,4,4,4,Northern Dancer,地,New Providence,極,Chop Chop,極,Right Royal,地,Princequillo,極,Case Ace,バ,Nasrullah,極,Eight Thirty,極,Sir Gallahad,極,地・極・極｜地・極・バ｜極・極・極,
ID:1120001221,トロメオ,トロメオ,1120001221,確定,繁殖登録番号,B_TARGET再構成＋v9.3既存Mで完成,母母父,0,0,4,4,4,Lyphard,バ,Sing Sing,地,Klairon,極,Herbager,極,Nasrullah,極,Stimulus,バ,Honeyway,極,Solario,極,Asterus,極,バ・地・極｜極・極・バ｜極・極・極,
ID:1120002245,トーセンモナーク,トーセンモナーク,1120002245,確定,繁殖登録番号,A_v9.3直接完成,父,4,0,0,4,4,サンデーサイレンス,地,ロイヤルスキー,極,リマンド,バ,Mr. Prospector,極,Halo,極,Hoist the Flag,極,Busted,極,Doutelle,極,Fairway,極,地-極-バ | 極-極-極 | 極-極-極,
ID:1120001922,トーホウエンペラー,トーホウエンペラー,1120001922,確定,繁殖登録番号,A_v9.3直接完成,母父,0,4,0,4,4,Roberto,極,Graustark,地,Hasty Road,極,Luthier,極,Prudent,極,Ratification,極,Match,極,Alycidon,地,Fair Trial,極,極-地-極 | 極-極-極 | 極-地-極,
ID:1120001941,ニホンピロニール,ニホンピロニール,1120001941,確定,繁殖登録番号,A_v9.3直接完成,母父,0,4,0,4,4,Halo,極,Understanding,極,Montparnasse,地,Sea-Bird,極,My Babu,極,Polynesian,極,Intentionally,極,Rough'n Tumble,極,War Relic,極,極-極-地 | 極-極-極 | 極-極-極,
ID:1120001868,ニューイングランド,ニューイングランド,1120001868,確定,繁殖登録番号,A_v9.3直接完成,父・母父,1,3,0,4,4,Halo,極,Understanding,極,Montparnasse,地,Danzig,地,Secretariat,極,Swoon's Son,極,Tom Fool,極,War Admiral,極,Blue Larkspur,バ,極-極-地 | 地-極-極 | 極-極-バ,
ID:1120000445,ノーザンアンサー,ノーザンアンサー,1120000445,確定,繁殖登録番号,Z_v9.27_TARGET系譜不足枝0扱いで完成,母母父,0,0,4,4,,Nearctic,地,Native Dancer,極,Mahmoud,極,Bunty Lawless,極,Stimulus,バ,Golden Sun,極,Bull Dog,極,,バ,,バ,地・極・極｜極・バ・極｜極・バ・バ,
ID:1120001780,ハイライズ,ハイライズ,1120001780,確定,繁殖登録番号,A_v9.3直接完成,母父・母母父,0,1,3,4,4,Shirley Heights,バ,Princely Native,地,Crafty Admiral,極,High Hat,地,Chanteur,極,Djebel,極,Herbager,極,Free Man,極,Ocean Swell,極,バ-地-極 | 地-極-極 | 極-極-極,
ID:1120002408,バンデ,バンデ,1120002408,確定,繁殖登録番号,A_v9.3直接完成,父,4,0,0,4,4,Montjeu,地,Saumarez,地,Lyphard,バ,Sovereign Dancer,地,Irish River,極,Herbager,極,Pall Mall,極,Matador,極,Jamaica Inn,極,地-地-バ | 地-極-極 | 極-極-極,
ID:1120001711,ヒカリバオー,ヒカリバオー,1120001711,確定,繁殖登録番号,Y_v9.26残件祖先固定8代欠損0運用確定で完成,母父,0,4,0,4,,Alydar,バ,Buckpasser,極,To Market,極,Olden Times,極,Royal Union,極,Tom Fool,極,Aneroid,極,Blue Larkspur,バ,Orpiment,バ,バ・極・極｜極・極・極｜極・バ・バ,
ID:1120000790,ビゼンニシキ,ビゼンニシキ,1120000790,確定,繁殖登録番号,B_TARGET再構成＋v9.3既存Mで完成,母父・母母父,0,1,3,4,4,Luthier,極,Prudent,極,Relic,極,Northern Dancer,地,Bull Page,極,Menow,極,Whistler,極,Mustang,極,Straight Deal,極,極・極・極｜地・極・極｜極・極・極,
ID:1120000925,ベルマン,ベルマン,1120000925,確定,繁殖登録番号,B_TARGET再構成＋v9.3既存Mで完成,母母父,0,0,4,4,4,Never Bend,極,Prince John,極,Roman,極,Wild Risk,極,Verso,極,Easton,極,Royal Charger,極,Majano,極,Grand Guignol,極,極・極・極｜極・極・極｜極・極・極,
ID:1120002308,マコトスパルビエロ,マコトスパルビエロ,1120002308,確定,繁殖登録番号,A_v9.3直接完成,父,4,0,0,4,4,Roberto,極,Graustark,地,Hasty Road,極,Alydar,バ,Cool Moon,地,Donut King,地,Lyphard,バ,Le Fabuleux,極,Gilles de Retz,極,極-地-極 | バ-地-地 | バ-極-極,
ID:1120001054,マジツクミラー,マジツクミラー,1120001054,確定,繁殖登録番号,B_TARGET再構成＋v9.3既存Mで完成,母母父,0,0,4,4,4,Northern Dancer,地,Forli,地,Nantallah,極,Sir Gaylord,極,Mr. Trouble,極,Pharamond,極,Double Jay,極,Blue Peter,極,Bahram,極,地・地・極｜極・極・極｜極・極・極,
ID:1120002532,マルターズアポジー,マルターズアポジー,1120002532,確定,繁殖登録番号,A_v9.3直接完成,父,4,0,0,4,4,Bernstein,地,Grand Slam,極,Kris S.,極,A.P. Indy,バ,Vigors,極,Crozier,地,Roberto,極,Graustark,地,Hasty Road,極,地-極-極 | バ-極-地 | 極-地-極,
ID:1120001699,ミシエロ,ミシエロ,1120001699,確定,繁殖登録番号,B_TARGET再構成＋v9.3既存Mで完成,母父,0,4,0,4,4,Mr. Prospector,極,Bold Commander,極,Turn-to,極,Forli,地,Nantallah,極,Gold Bridge,極,Noholme,地,Double Jay,極,Don Bingo,極,極・極・極｜地・極・極｜地・極・極,
ID:1120001691,ライブリーワン,ライブリーワン,1120001691,確定,繁殖登録番号,B_TARGET再構成＋v9.3既存Mで完成,母父,0,4,0,4,4,Hail to Reason,極,Cosmic Bomb,極,Mahmoud,極,Mahmoud,極,Shut Out,極,Blue Larkspur,バ,Tom Fool,極,Count Fleet,極,Halcyon,バ,極・極・極｜極・極・バ｜極・極・バ,
ID:1120002232,ワイルドワンダー,ワイルドワンダー,1120002232,確定,繁殖登録番号,A_v9.3直接完成,父・母父,3,1,0,4,4,Roberto,極,Graustark,地,Hasty Road,極,Halo,極,Understanding,極,Montparnasse,地,Raise a Native,極,Nashua,極,Count Fleet,極,極-地-極 | 極-極-地 | 極-極-極,
ID:1120002336,ヴィットリオドーロ,ヴィットリオドーロ,1120002336,確定,繁殖登録番号,A_v9.3直接完成,父,4,0,0,4,4,El Prado,地,Bailjumper,地,Silent Screen,極,Mr. Prospector,極,Venetian Jester,極,Green Ticket,地,Nijinsky,バ,Round Table,極,Hail to Reason,極,地-地-極 | 極-極-地 | バ-極-極,
ID:1140006835,Admire Moon,Admire Moon,1140006835,確定,繁殖登録番号,A_v9.3直接完成,母父,0,3,0,3,3,Forty Niner,地,Dance Spell,地,Thinking Cap,地,Halo,極,Understanding,極,Montparnasse,地,Sharpen Up,地,Reliance,極,Crepello,極,地-地-地 | 極-極-地 | 地-極-極,
ID:1140004636,Aptitude,Aptitude,1140004636,確定,繁殖登録番号,B_TARGET再構成＋v9.3既存Mで完成,母母父,0,0,3,3,3,Seattle Slew,極,Secretariat,極,Buckpasser,極,Nearctic,地,Native Dancer,極,Mahmoud,極,Tom Fool,極,War Admiral,極,Blue Larkspur,バ,極・極・極｜地・極・極｜極・極・バ,
ID:1140001067,Arctic Tern,Arctic Tern,1140001067,確定,繁殖登録番号,F_v9.4-v9.8追加祖先反映で完成,母母父,0,0,3,3,,Dan Cupid,極,Sicambre,極,Maurepas,極,Roman,極,Discovery,極,Broomstick,バ,Blenheim,極,Gainsborough,極,The Tetrarch,バ,極・極・極｜極・極・バ｜極・極・バ,
ID:1140007353,Astrology,Astrology,1140007353,確定,繁殖登録番号,A_v9.3直接完成,母父,0,3,0,3,3,Seattle Slew,極,Secretariat,極,Buckpasser,極,Fappiano,極,Dr. Fager,極,Nearctic,地,Speak John,極,Eight Thirty,極,Blue Larkspur,バ,極-極-極 | 極-極-地 | 極-極-バ,
ID:1140007495,Baaeed,Baaeed,1140007495,確定,繁殖登録番号,A_v9.3直接完成,父,3,0,0,3,3,Cape Cross,地,Miswaki,極,Lombard,地,Mr. Prospector,極,Nureyev,地,Prove Out,地,In The Wings,地,Halo,極,Herbager,極,地-極-地 | 極-地-地 | 地-極-極,
ID:1140006866,Bachelor Duke,Bachelor Duke,1140006866,確定,繁殖登録番号,B_TARGET再構成＋v9.3既存Mで完成,母母父,0,0,3,3,3,Mr. Prospector,極,Buckpasser,極,Princequillo,極,Bold Reasoning,極,Poker,極,Jet Action,極,Nearctic,地,Native Dancer,極,Mahmoud,極,極・極・極｜極・極・極｜地・極・極,
ID:1140007719,Beau Liam,Beau Liam,1140007719,確定,繁殖登録番号,A_v9.3直接完成,父,3,0,0,3,3,Unbridled's Song,バ,Trippi,地,Great Above,極,Deputy Minister,地,Secretariat,極,Damascus,極,Raise a Native,極,Nashua,極,Count Fleet,極,バ-地-極 | 地-極-極 | 極-極-極,
ID:1140007195,Bel Esprit,Bel Esprit,1140007195,確定,繁殖登録番号,A_v9.3直接完成,母父・母母父,0,1,2,3,3,Nijinsky,バ,Crimson Satan,極,Bolero,極,Wilkes,極,Orgoglio,地,,バ,Silly Season,極,Crepello,極,Abernant,地,バ-極-極 | 極-地-バ | 極-極-地,
ID:1140001135,Bellypha,Bellypha,1140001135,確定,繁殖登録番号,B_TARGET再構成＋v9.3既存Mで完成,母母父,0,0,3,3,3,Northern Dancer,地,Court Martial,極,Formor,極,Wild Risk,極,Verso,極,Easton,極,Royal Charger,極,Majano,極,Grand Guignol,極,地・極・極｜極・極・極｜極・極・極,
ID:1140002275,Bletchingly,Bletchingly,1140002275,確定,繁殖登録番号,Y_v9.26残件祖先固定8代欠損0運用確定で完成,母母父,0,0,3,3,,Star Kingdom,地,Makarpura,極,Newtown Wonder,極,War Relic,極,Black Toney,バ,Fariman,バ,Fairway,極,Son-in-Law,バ,Sundridge,バ,地・極・極｜極・バ・バ｜極・バ・バ,
ID:1140007333,Born To Sea,Born To Sea,1140007333,確定,繁殖登録番号,A_v9.3直接完成,母父,0,3,0,3,3,Green Desert,地,Kris,地,Artaius,バ,Mr. Prospector,極,Buckpasser,極,Princequillo,極,Agio,極,Prince Chevalier,極,Big Game,極,地-地-バ | 極-極-極 | 極-極-極,
ID:1140003482,Brief Truce,Brief Truce,1140003482,確定,繁殖登録番号,Z_v9.27_TARGET系譜不足枝0扱いで完成,母母父,0,0,3,3,,Riverman,極,Klairon,極,East Side,極,Nearctic,地,Native Dancer,極,Mahmoud,極,Djebel,極,Rustom Pasha,極,,バ,極・極・極｜地・極・極｜極・極・バ,
ID:1140007244,Catalina Cruiser,Catalina Cruiser,1140007244,確定,繁殖登録番号,A_v9.3直接完成,父,3,0,0,3,3,Dixie Union,地,Gone West,地,Nijinsky,バ,A.P. Indy,バ,Mr. Prospector,極,Hoist the Flag,極,Northern Dancer,地,New Providence,極,Chop Chop,極,地-地-バ | バ-極-極 | 地-極-極,
ID:1140007347,Catholic Boy,Catholic Boy,1140007347,確定,繁殖登録番号,A_v9.3直接完成,父,3,0,0,3,3,Southern Halo,バ,Woodman,バ,Naskra,極,A.P. Indy,バ,Quiet American,地,Spectacular Bid,極,Mr. Prospector,極,Buckpasser,極,Hasty Road,極,バ-バ-極 | バ-地-極 | 極-極-極,
ID:1140003895,Celtic Swing,Celtic Swing,1140003895,確定,繁殖登録番号,B_TARGET再構成＋v9.3既存Mで完成,母父・母母父,0,1,2,3,3,Mr. Prospector,極,Roman Line,地,Double Jay,極,Tudor Melody,バ,Court Martial,極,Borealis,地,Petition,極,Alycidon,地,Nearco,極,極・地・極｜バ・極・地｜極・地・極,
ID:1140006950,Charm Spirit,Charm Spirit,1140006950,確定,繁殖登録番号,A_v9.3直接完成,母父,0,3,0,3,3,Green Desert,地,Kris,地,Artaius,バ,Sadler's Wells,地,Top Ville,バ,Tennyson,極,Mr. Prospector,極,Halo,極,Hoist the Flag,極,地-地-バ | 地-バ-極 | 極-極-極,
ID:1140007360,Circular Quay,Circular Quay,1140007360,確定,繁殖登録番号,A_v9.3直接完成,母父,0,3,0,3,3,Gulch,地,Storm Bird,地,High Line,地,Danzig,地,Exclusive Native,極,Hail to Reason,極,Nijinsky,バ,Damascus,極,Forli,地,地-地-地 | 地-極-極 | バ-極-地,
ID:1140003930,Citidancer,Citidancer,1140003930,確定,繁殖登録番号,B_TARGET再構成＋v9.3既存Mで完成,母母父,0,0,3,3,3,Northern Dancer,地,Delta Judge,地,Warfare,地,Intentionally,極,Tim Tam,極,Tudor Minstrel,地,Tom Rolfe,極,War Admiral,極,Tourbillon,極,地・地・地｜極・極・地｜極・極・極,
ID:1140001459,Commanche Run,Commanche Run,1140001459,確定,繁殖登録番号,Z_v9.27_TARGET系譜不足枝0扱いで完成,母母父,0,0,3,3,,Tom Rolfe,極,First Landing,極,Princequillo,極,Court Martial,極,Solario,極,Kircubbin,バ,Massine,極,,バ,,バ,極・極・極｜極・極・バ｜極・バ・バ,
ID:1140001460,Commemorate,Commemorate,1140001460,確定,繁殖登録番号,B_TARGET再構成＋v9.3既存Mで完成,母母父,0,0,3,3,3,Raise a Native,極,Shut Out,極,Pilate,極,Nasrullah,極,Djeddah,極,Bimelech,極,Turn-to,極,Blue Swords,極,Sir Gallahad,極,極・極・極｜極・極・極｜極・極・極,
ID:1140002525,Cutlass,Cutlass,1140002525,確定,繁殖登録番号,Y_v9.26残件祖先固定8代欠損0運用確定で完成,母母父,0,0,3,3,,Sword Dancer,極,My Babu,極,Sickle,極,Tom Fool,極,Mahmoud,極,Sun Briar,バ,Djebel,極,Badruddin,極,Pharos,極,極・極・極｜極・極・バ｜極・極・極,
ID:1140002865,Dancehall,Dancehall,1140002865,確定,繁殖登録番号,B_TARGET再構成＋v9.3既存Mで完成,母母父,0,0,3,3,3,Be My Guest,地,Sea-Bird,極,Sayajirao,極,Raise a Native,極,Nashua,極,Count Fleet,極,Wild Risk,極,Verso,極,Easton,極,地・極・極｜極・極・極｜極・極・極,
ID:1140002688,Dancing Spree,Dancing Spree,1140002688,確定,繁殖登録番号,X_v9.25_TARGET固定8代安全確定反映,母母父,0,0,3,3,,Northern Dancer,地,Bull Page,極,Menow,極,First Landing,極,Heliopolis,地,Easton,極,Sunglow,極,By Jimminy,極,Royal Minstrel,極,地・極・極｜極・地・極｜極・極・極,
ID:1140003315,Darn That Alarm,Darn That Alarm,1140003315,確定,繁殖登録番号,Z_v9.27_TARGET系譜不足枝0扱いで完成,母母父,0,0,3,3,,Native Dancer,極,Case Ace,バ,Kantar,バ,Count Fleet,極,Mahmoud,極,Umidwar,極,Roman,極,,バ,,バ,極・バ・バ｜極・極・極｜極・バ・バ,
ID:1140006823,Divine Light,Divine Light,1140006823,確定,繁殖登録番号,A_v9.3直接完成,母父・母母父,0,1,2,3,3,Halo,極,Understanding,極,Montparnasse,地,Northern Dancer,地,Victoria Park,極,Hyperion,地,Worden,極,Orwell,極,,バ,極-極-地 | 地-極-地 | 極-極-バ,
ID:1140007323,Easing Along,Easing Along,1140007323,確定,繁殖登録番号,A_v9.3直接完成,母父,0,3,0,3,3,Storm Bird,地,Secretariat,極,Crimson Satan,極,Raise a Native,極,On-and-On,極,Ponder,地,Tom Fool,極,War Admiral,極,Blue Larkspur,バ,地-極-極 | 極-極-地 | 極-極-バ,
ID:1140006720,El Amante,El Amante,1140006720,確定,繁殖登録番号,B_TARGET再構成＋v9.3既存Mで完成,母母父,0,0,3,3,3,Icecapade,バ,Khaled,地,Dante,極,Forli,地,Tudor Melody,バ,Court Martial,極,Endeavour,極,Hyperion,地,Winalot,極,バ・地・極｜地・バ・極｜極・地・極,
ID:1140007092,Engrillado,Engrillado,1140007092,確定,繁殖登録番号,Z_v9.27_TARGET系譜不足枝0扱いで完成,母母父,0,0,3,3,,Good Manners,極,Pardallo,極,Aristophanes,地,Averroes,極,Cabildo,極,Refucilo,地,Yatasto,地,,バ,,バ,極・極・地｜極・極・地｜地・バ・バ,
ID:1140007142,Enrique,Enrique,1140007142,確定,繁殖登録番号,B_TARGET再構成＋v9.3既存Mで完成,母母父,0,0,3,3,3,Sadler's Wells,地,Habitat,極,Runnymede,極,Raise a Native,極,Nashua,極,Bull Lea,極,Bold Ruler,極,Princequillo,極,Sir Cosmo,極,地・極・極｜極・極・極｜極・極・極,
ID:1140005479,Equalize,Equalize,1140005479,確定,繁殖登録番号,Z_v9.27_TARGET系譜不足枝0扱いで完成,母母父,0,0,3,3,,Northern Dancer,地,Sun Again,バ,,バ,Rough'n Tumble,極,Better Self,極,Bull Brier,極,Chamossaire,極,Arctic Prince,極,Scarlet Tiger,バ,地・バ・バ｜極・極・極｜極・極・バ,
ID:1140006942,Equiano,Equiano,1140006942,確定,繁殖登録番号,A_v9.3直接完成,母父,0,3,0,3,3,Royal Applause,極,Ahonoora,バ,Floribunda,極,Pitcairn,地,High Hat,地,Major Portion,極,Sharpen Up,地,Reliance,極,Crepello,極,極-バ-極 | 地-地-極 | 地-極-極,
ID:1140006359,French Envoy,French Envoy,1140006359,確定,繁殖登録番号,A_v9.3直接完成,母父・母母父,0,2,1,3,3,Vice Regent,バ,Bunty's Flight,極,Jabneh,極,Bold Reasoning,極,Poker,極,Jet Action,極,Speak John,極,Eight Thirty,極,Blue Larkspur,バ,バ-極-極 | 極-極-極 | 極-極-バ,
ID:1140003726,Future Storm,Future Storm,1140003726,確定,繁殖登録番号,D_v9.4-v9.6追加祖先反映で完成,母母父,0,0,3,3,,Storm Bird,地,Secretariat,極,Crimson Satan,極,Dan Cupid,極,Sicambre,極,Maurepas,極,Turn-to,極,Bubbling Over,バ,Wrack,バ,地・極・極｜極・極・極｜極・バ・バ,
ID:1140007314,Gemologist,Gemologist,1140007314,確定,繁殖登録番号,A_v9.3直接完成,母父,0,3,0,3,3,Cee's Tizzy,バ,Seattle Song,極,ナイスダンサー,地,Raise a Native,極,Nashua,極,Count Fleet,極,Nearctic,地,Native Dancer,極,Mahmoud,極,バ-極-地 | 極-極-極 | 地-極-極,
ID:1140003282,Glitterman,Glitterman,1140003282,確定,繁殖登録番号,B_TARGET再構成＋v9.3既存Mで完成,母母父,0,0,3,3,3,Bold Ruler,極,Sun Again,バ,American Flag,極,Intentionally,極,Rough'n Tumble,極,War Relic,極,Mahmoud,極,Shut Out,極,Blue Larkspur,バ,極・バ・極｜極・極・極｜極・極・バ,
ID:1140007128,Global Hunter,Global Hunter,1140007128,確定,繁殖登録番号,A_v9.3直接完成,母父,0,3,0,3,3,Mr. Prospector,極,Pharly,バ,Match,極,Table Play,極,Fomento,極,Rustom Pasha,極,Venture,極,Djebel,極,Tourbillon,極,極-バ-極 | 極-極-極 | 極-極-極,
ID:1130000397,Habitat,Habitat,1130000397,確定,繁殖登録番号,O_v9.17高影響古血統反映で完成,母母父,0,0,3,3,,Turn-to,極,Princequillo,極,Caruso,バ,Bull Dog,極,Bunting,バ,North Star,バ,Swynford,極,Great Sport,バ,Royal Realm,極,極・極・バ｜極・バ・バ｜極・バ・極,
ID:1140002803,Hansel,Hansel,1140002803,確定,繁殖登録番号,Y_v9.26残件祖先固定8代欠損0運用確定で完成,母母父,0,0,3,3,,Mr. Prospector,極,Buckpasser,極,Swaps,地,Northern Dancer,地,King's Bench,極,Torbido,バ,Chop Chop,極,Windfields,極,Osiris,極,極・極・地｜地・極・バ｜極・極・極,
ID:1140006743,Haynesfield,Haynesfield,1140006743,確定,繁殖登録番号,A_v9.3直接完成,父・母父,2,1,0,3,3,Gone West,地,Storm Cat,地,Chieftain,極,Deputy Minister,地,Smart,極,Brookfield,極,Round Table,極,Nantallah,極,Gold Bridge,極,地-地-極 | 地-極-極 | 極-極-極,
ID:1140002358,Hero's Honor,Hero's Honor,1140002358,確定,繁殖登録番号,B_TARGET再構成＋v9.3既存Mで完成,母母父,0,0,3,3,3,Nearctic,地,Native Dancer,極,Mahmoud,極,Ribot,極,Alibhai,地,Beau Pere,極,Turn-to,極,Blue Swords,極,Sir Gallahad,極,地・極・極｜極・地・極｜極・極・極,
ID:1140007238,Hibernian Rhapsody,Hibernian Rhapsody,1140007238,確定,繁殖登録番号,B_TARGET再構成＋v9.3既存Mで完成,母母父,0,0,3,3,3,Shirley Heights,バ,Abdos,極,Venture,極,Sir Gaylord,極,Occupy,極,Challenger,極,Nearula,極,Straight Deal,極,Windsor Lad,極,バ・極・極｜極・極・極｜極・極・極,
ID:1140006257,Home At Last,Home At Last,1140006257,確定,繁殖登録番号,M_v9.15古血統安全確定反映で完成,母母父,0,0,3,3,,Quadrangle,極,Quibu,極,Olympia,地,Battle Joined,極,Turn-to,極,Princequillo,極,Determine,地,War Glory,極,Whiskalong,極,極・極・地｜極・極・極｜地・極・極,
ID:1130000852,In Reality,In Reality,1130000852,確定,繁殖登録番号,Y_v9.26残件祖先固定8代欠損0運用確定で完成,母母父,0,0,3,3,,Intent,バ,Discovery,極,Percentage,バ,Free For All,バ,Bull Dog,極,Upset,バ,Man o'War,極,Friar Rock,バ,Superman,バ,バ・極・バ｜バ・極・バ｜極・バ・バ,
ID:1130000002,Irish Castle,Irish Castle,1130000002,確定,繁殖登録番号,K_v9.13古血統精査反映で完成,母母父,0,0,3,3,,Nasrullah,極,Discovery,極,Pompey,極,Tehran,極,Nearco,極,Blandford,極,Pharamond,極,Supremus,極,Roi Herode,バ,極・極・極｜極・極・極｜極・極・バ,
ID:1140004317,Itajara,Itajara,1140004317,確定,繁殖登録番号,Z_v9.27_TARGET系譜不足枝0扱いで完成,母母父,0,0,3,3,,Shantung,地,Guersant,極,Bois Roussel,極,Right Royal,地,Nearco,極,Solario,極,Formasterus,極,Copyright,バ,,バ,地・極・極｜地・極・極｜極・バ・バ,
ID:1140006709,Jimmy Creed,Jimmy Creed,1140006709,確定,繁殖登録番号,A_v9.3直接完成,父・母父,2,1,0,3,3,Forty Niner,地,Danzig,地,Mr. Leader,極,Dixieland Band,地,Tentam,バ,Hoist the Flag,極,Mr. Prospector,極,Swaps,地,,バ,地-地-極 | 地-バ-極 | 極-地-バ,
ID:1140006889,Kantharos,Kantharos,1140006889,確定,繁殖登録番号,A_v9.3直接完成,父,3,0,0,3,3,Tale of the Cat,地,Mr. Leader,極,Naskra,極,Halo,極,Northern Dancer,地,Sea-Bird,極,Mr. Prospector,極,Bold Commander,極,Turn-to,極,地-極-極 | 極-地-極 | 極-極-極,
ID:1140006919,Liaison,Liaison,1140006919,確定,繁殖登録番号,A_v9.3直接完成,母父,0,3,0,3,3,In Excess,地,Leo Castelli,地,Diplomat Way,極,Cryptoclearance,極,Vice Regent,バ,Halo,極,Seattle Slew,極,Secretariat,極,Buckpasser,極,地-地-極 | 極-バ-極 | 極-極-極,
ID:1140007536,Life Is Good,Life Is Good,1140007536,確定,繁殖登録番号,A_v9.3直接完成,父,3,0,0,3,3,Harlan's Holiday,地,Tricky Creek,地,Stop the Music,極,Forty Niner,地,Danzig,地,Mr. Leader,極,A.P. Indy,バ,Mr. Prospector,極,Hoist the Flag,極,地-地-極 | 地-地-極 | バ-極-極,
ID:1140006713,Lion Hearted,Lion Hearted,1140006713,確定,繁殖登録番号,A_v9.3直接完成,母父・母母父,0,1,2,3,3,Storm Bird,地,Secretariat,極,Crimson Satan,極,Raise a Native,極,On-and-On,極,Ponder,地,Tom Fool,極,War Admiral,極,Blue Larkspur,バ,地-極-極 | 極-極-地 | 極-極-バ,
ID:1140007569,Lucky Vega,Lucky Vega,1140007569,確定,繁殖登録番号,A_v9.3直接完成,父,3,0,0,3,3,Shamardal,地,Vettori,バ,Kendor,地,Green Desert,地,Ahonoora,バ,Balidar,地,Elmaamul,地,Al Nasr,バ,Affirmed,極,地-バ-地 | 地-バ-地 | 地-バ-極,
ID:1140004180,Lure,Lure,1140004180,確定,繁殖登録番号,Y_v9.26残件祖先固定8代欠損0運用確定で完成,母母父,0,0,3,3,,Northern Dancer,地,Admiral's Voyage,バ,Petition,極,Raise a Native,極,On-and-On,極,Ponder,地,War Relic,極,Black Toney,バ,Fariman,バ,地・バ・極｜極・極・地｜極・バ・バ,
ID:1140002931,Mari's Book,Mari's Book,1140002931,確定,繁殖登録番号,B_TARGET再構成＋v9.3既存Mで完成,母母父,0,0,3,3,3,Nearctic,地,Native Dancer,極,Mahmoud,極,Ribot,極,Cosmic Bomb,極,Mahmoud,極,Balladier,バ,Whisk Broom,バ,Sain,極,地・極・極｜極・極・極｜バ・バ・極,
ID:1140007308,Maximum Security,Maximum Security,1140007308,確定,繁殖登録番号,A_v9.3直接完成,父,3,0,0,3,3,Street Cry,地,Dixie Union,地,Honour and Glory,地,A.P. Indy,バ,Nureyev,地,Hoist the Flag,極,Northern Dancer,地,Blue Prince,極,Ambiorix,極,地-地-地 | バ-地-極 | 地-極-極,
ID:1140002787,Midyan,Midyan,1140002787,確定,繁殖登録番号,Z_v9.27_TARGET系譜不足枝0扱いで完成,母母父,0,0,3,3,,Mr. Prospector,極,Buckpasser,極,Princequillo,極,Tenerani,極,El Greco,極,Papyrus,極,St. Germans,極,Ultimus,バ,,バ,極・極・極｜極・極・極｜極・バ・バ,
ID:1140007393,Mor Spirit,Mor Spirit,1140007393,確定,繁殖登録番号,A_v9.3直接完成,父,3,0,0,3,3,Giant's Causeway,地,Seattle Slew,極,Alydar,バ,Dixieland Band,地,Capote,極,Mr. Prospector,極,Mr. Prospector,極,Swaps,地,,バ,地-極-バ | 地-極-極 | 極-地-バ,
ID:1130001620,Nodouble,Nodouble,1130001620,確定,繁殖登録番号,Z_v9.27_TARGET系譜不足枝0扱いで完成,母母父,0,0,3,3,,Star Kingdom,地,Colombo,極,Diophon,極,Balladier,バ,Whisk Broom,バ,Sain,極,Serio,極,Lord Basil,バ,,バ,地・極・極｜バ・バ・極｜極・バ・バ,
ID:1140006140,Northair,Northair,1140006140,確定,繁殖登録番号,B_TARGET再構成＋v9.3既存Mで完成,母母父,0,0,3,3,3,Nearctic,地,Native Dancer,極,Mahmoud,極,Hail to Reason,極,Djeddah,極,Bimelech,極,Tudor Minstrel,地,Dante,極,Solario,極,地・極・極｜極・極・極｜地・極・極,
ID:1140006958,Olympic Glory,Olympic Glory,1140006958,確定,繁殖登録番号,A_v9.3直接完成,父・母父,2,1,0,3,3,Danehill Dancer,地,Lunchtime,地,Biscay,地,Lyphard,バ,Sir Ivor,極,Roman,極,Mill Reef,バ,Hardicanute,極,Grandmaster,極,地-地-地 | バ-極-極 | バ-極-極,
ID:1140004456,Our Emblem,Our Emblem,1140004456,確定,繁殖登録番号,B_TARGET再構成＋v9.3既存Mで完成,母父・母母父,0,2,1,3,3,Raise a Native,極,Nashua,極,Count Fleet,極,Damascus,極,Buckpasser,極,Swaps,地,Tom Rolfe,極,War Admiral,極,Tourbillon,極,極・極・極｜極・極・地｜極・極・極,
ID:1130001519,Our Native,Our Native,1130001519,確定,繁殖登録番号,Y_v9.26残件祖先固定8代欠損0運用確定で完成,母母父,0,0,3,3,,Raise a Native,極,Shut Out,極,Pilate,極,Fighting Fox,極,War Admiral,極,Bull Dog,極,Unbreakable,極,Polymelian,バ,Pompey,極,極・極・極｜極・極・極｜極・バ・極,
ID:1140006882,Overanalyze,Overanalyze,1140006882,確定,繁殖登録番号,A_v9.3直接完成,父・母父,2,1,0,3,3,Dixieland Band,地,Capote,極,Mr. Prospector,極,Private Account,地,The Minstrel,バ,Great Nephew,バ,Mr. Prospector,極,Grey Dawn,極,Nantallah,極,地-極-極 | 地-バ-バ | 極-極-極,
ID:1140007325,Paynter,Paynter,1140007325,確定,繁殖登録番号,A_v9.3直接完成,母父,0,3,0,3,3,Deputy Minister,地,Blushing Groom,極,Mr. Prospector,極,Relaunch,極,Lyphard,バ,Trevieres,極,Seattle Slew,極,Prince Blessed,極,Flushing,極,地-極-極 | 極-バ-極 | 極-極-極,
ID:1140006366,Piccolo,Piccolo,1140006366,確定,繁殖登録番号,B_TARGET再構成＋v9.3既存Mで完成,母母父,0,0,3,3,3,Known Fact,バ,Roberto,極,Raise a Native,極,Whistler,極,Nimbus,極,Big Game,極,Pinza,極,Orsenigo,極,Ortello,極,バ・極・極｜極・極・極｜極・極・極,
ID:1140006691,Pips Pride,Pips Pride,1140006691,確定,繁殖登録番号,Y_v9.26残件祖先固定8代欠損0運用確定で完成,母母父,0,0,3,3,,Formidable,地,High Top,バ,Ragusa,極,Relko,極,Pampered King,極,Djebel,極,King of the Tudors,地,Fairy Prince,極,Abbots Trace,極,地・バ・極｜極・極・極｜地・極・極,
ID:1140002134,Procida,Procida,1140002134,確定,繁殖登録番号,Y_v9.26残件祖先固定8代欠損0運用確定で完成,母母父,0,0,3,3,,Raise a Native,極,Nashua,極,Count Fleet,極,Never Bend,極,Requested,バ,Bull Dog,極,Free For All,バ,Bull Dog,極,Upset,バ,極・極・極｜極・バ・極｜バ・極・バ,
ID:1140005417,Put It Back,Put It Back,1140005417,確定,繁殖登録番号,A_v9.3直接完成,母父,0,3,0,3,3,Relaunch,極,Al Nasr,バ,Francis S.,極,What a Pleasure,極,Beau Purple,極,Arctic Prince,極,Swaps,地,Bimelech,極,,バ,極-バ-極 | 極-極-極 | 地-極-バ,
ID:1140006762,Rail Link,Rail Link,1140006762,確定,繁殖登録番号,A_v9.3直接完成,母父,0,3,0,3,3,Danehill,地,Kahyasi,地,High Line,地,Nureyev,地,Sassafras,バ,Hail to Reason,極,Never Bend,極,Prince John,極,Roman,極,地-地-地 | 地-バ-極 | 極-極-極,
ID:1140005844,Really Secret,Really Secret,1140005844,確定,繁殖登録番号,B_TARGET再構成＋v9.3既存Mで完成,母母父,0,0,3,3,3,Intentionally,極,Rough'n Tumble,極,War Relic,極,Bold Ruler,極,Ambiorix,極,Bimelech,極,Double Jay,極,Discovery,極,Challenger,極,極・極・極｜極・極・極｜極・極・極,
ID:1140006767,Rio de La Plata,Rio de La Plata,1140006767,確定,繁殖登録番号,A_v9.3直接完成,父・母父,2,1,0,3,3,Blushing Groom,極,Halo,極,Herbager,極,Good Manners,極,Churrinche,極,Advocate,極,Earldom,極,Narvik,極,Sandjar,極,極-極-極 | 極-極-極 | 極-極-極,
ID:1140002369,Rousillon,Rousillon,1140002369,確定,繁殖登録番号,I_v9.11_TARGET固定8代年代境界反映で完成,母母父,0,0,3,3,,Never Bend,極,Prince John,極,Roman,極,Raise a Native,極,Nashua,極,Heliopolis,地,Shannon,極,Hyperion,地,Bachelor's Double,バ,極・極・極｜極・極・地｜極・地・バ,
ID:1140005718,Royal Chalice,Royal Chalice,1140005718,確定,繁殖登録番号,Y_v9.26残件祖先固定8代欠損0運用確定で完成,母母父,0,0,3,3,,Relko,極,Big Game,極,Nearco,極,Bold Ruler,極,Ponder,地,Bull Lea,極,King of the Tudors,地,Massine,極,The Recorder,バ,極・極・極｜極・地・極｜地・極・バ,
ID:1140006440,Royal Solo,Royal Solo,1140006440,確定,繁殖登録番号,S_v9.20高影響祖先反映で完成,母母父,0,0,3,3,,Northern Dancer,地,Bold Reason,極,Forli,地,Atan,地,Rockefella,地,Majano,極,Fontenay,極,Brantome,極,Legatee,極,地・極・地｜地・地・極｜極・極・極,
ID:1140006799,Run Away and Hide,Run Away and Hide,1140006799,確定,繁殖登録番号,A_v9.3直接完成,父・母父,2,1,0,3,3,Carson City,極,Relaunch,極,Tri Jet,バ,Blushing Groom,極,Call the Witness,極,Boodle,極,Hoist the Flag,極,Iron Ruler,極,Prince John,極,極-極-バ | 極-極-極 | 極-極-極,
ID:1140002108,Sackford,Sackford,1140002108,確定,繁殖登録番号,Y_v9.26残件祖先固定8代欠損0運用確定で完成,母母父,0,0,3,3,,Hail to Reason,極,Tom Fool,極,Prince Bio,極,Alycidon,地,Nearco,極,Hyperion,地,Man o'War,極,Friar Rock,バ,Superman,バ,極・極・極｜地・極・地｜極・バ・バ,
ID:1140005293,Sakura Bakushin O,Sakura Bakushin O,1140005293,確定,繁殖登録番号,Y_v9.26残件祖先固定8代欠損0運用確定で完成,母母父,0,0,3,3,,Tesco Boy,地,Never Beat,極,Your Highness,極,Northern Dancer,地,Victoria Park,極,Hyperion,地,Ambiorix,極,Bull Lea,極,Equipoise,バ,地・極・極｜地・極・地｜極・極・バ,
ID:1140006037,Secret Slew,Secret Slew,1140006037,確定,繁殖登録番号,Z_v9.27_TARGET系譜不足枝0扱いで完成,母母父,0,0,3,3,,Bold Reasoning,極,Poker,極,Jet Action,極,Battle Joined,極,Turn-to,極,Princequillo,極,Biribi,極,Trespasser,バ,,バ,極・極・極｜極・極・極｜極・バ・バ,
ID:1130000056,Silent Screen,Silent Screen,1130000056,確定,繁殖登録番号,F_v9.4-v9.8追加祖先反映で完成,母母父,0,0,3,3,,Princequillo,極,Count Fleet,極,Blue Larkspur,バ,Bimelech,極,War Admiral,極,Black Servant,バ,Pilate,極,High Time,バ,Man o'War,極,極・極・バ｜極・極・バ｜極・バ・極,
ID:1140007083,Silver Planet,Silver Planet,1140007083,確定,繁殖登録番号,Z_v9.27_TARGET系譜不足枝0扱いで完成,母父,0,3,0,3,,Cipayo,地,Stallwood,地,Stupendous,極,El Centauro,極,Tatan,極,,バ,Sicambre,極,Djebel,極,Nino,バ,地・地・極｜極・極・バ｜極・極・バ,
ID:1130000054,Sir Ivor,Sir Ivor,1130000054,確定,繁殖登録番号,Y_v9.26残件祖先固定8代欠損0運用確定で完成,母母父,0,0,3,3,,Turn-to,極,Princequillo,極,Caruso,バ,Mahmoud,極,Sir Gallahad,極,Sir Martin,バ,Phalaris,極,Chaucer,極,Minoru,バ,極・極・バ｜極・極・バ｜極・極・バ,
ID:1140006935,Sir Percy,Sir Percy,1140006935,確定,繁殖登録番号,A_v9.3直接完成,父・母父,1,2,0,3,3,Darshaan,地,Ajdal,地,Vaguely Noble,地,Hethersett,極,Hornbeam,地,Chanteur,極,Sheshoon,極,Ratification,極,Cranach,極,地-地-地 | 極-地-極 | 極-極-極,
ID:1140007126,Skipshot,Skipshot,1140007126,確定,繁殖登録番号,A_v9.3直接完成,母父,0,3,0,3,3,Skip Trial,バ,Diplomat Way,極,Iron Ruler,極,Halo,極,Sunny,極,Daumier,極,King of the Tudors,地,Spy Song,極,Hairan,極,バ-極-極 | 極-極-極 | 地-極-極,
ID:1140006196,Snitzel,Snitzel,1140006196,確定,繁殖登録番号,A_v9.3直接完成,父・母父,2,1,0,3,3,Danehill,地,Canny Lad,地,Nijinsky,バ,Lunchtime,地,Grand Chaudiere,バ,Misty Day,極,Northern Dancer,地,New Providence,極,Chop Chop,極,地-地-バ | 地-バ-極 | 地-極-極,
ID:1140007063,Solon,Solon,1140007063,確定,繁殖登録番号,C_v9.4高影響祖先補完で完成,母父,0,3,0,3,3,Blushing Groom,極,Vaguely Noble,地,Round Table,極,Tamerlane,極,Birkhahn,極,Mangon,極,Teleferique,極,Coronach,極,Blandford,極,極・地・極｜極・極・極｜極・極・極,
ID:1140007108,Southdale,Southdale,1140007108,確定,繁殖登録番号,A_v9.3直接完成,母父,0,3,0,3,3,Machiavellian,極,Troy,地,Riverman,極,Halo,極,Herbager,極,Cohoes,極,Danzig,地,Better Bee,バ,Djeddah,極,極-地-極 | 極-極-極 | 地-バ-極,
ID:1140003186,St. Jovite,St. Jovite,1140003186,確定,繁殖登録番号,C_v9.4高影響祖先補完で完成,母母父,0,0,3,3,3,His Majesty,地,Sunrise Flight,極,Cockrullah,極,Northern Dancer,地,Occupy,極,Challenger,極,Mossborough,極,Singapore,極,Buchan,極,地・極・極｜地・極・極｜極・極・極,
ID:1140007166,St. Petersburg,St. Petersburg,1140007166,確定,繁殖登録番号,A_v9.3直接完成,母父,0,3,0,3,3,Northern Dancer,地,Forli,地,Nantallah,極,In Reality,極,Moslem Chief,地,,バ,Bold Ruler,極,To Market,極,Princequillo,極,地-地-極 | 極-地-バ | 極-極-極,
ID:1140001474,Stalwart,Stalwart,1140001474,確定,繁殖登録番号,B_TARGET再構成＋v9.3既存Mで完成,母母父,0,0,3,3,3,Tom Rolfe,極,War Admiral,極,Tourbillon,極,Never Bend,極,Mahmoud,極,Umidwar,極,Princequillo,極,Count Fleet,極,Blue Larkspur,バ,極・極・極｜極・極・極｜極・極・バ,
ID:1140005762,Storming Home,Storming Home,1140005762,確定,繁殖登録番号,A_v9.3直接完成,母父・母母父,0,2,1,3,3,Mr. Prospector,極,Halo,極,Hoist the Flag,極,Northern Dancer,地,Sir Ivor,極,Tom Fool,極,Raise a Native,極,Nashua,極,Count Fleet,極,極-極-極 | 地-極-極 | 極-極-極,
ID:1140007234,Stormy River,Stormy River,1140007234,確定,繁殖登録番号,A_v9.3直接完成,母父・母母父,0,1,2,3,3,Highest Honor,バ,Secreto,地,Mr. Prospector,極,Irish River,極,ヴアイスリーガル,バ,Queen's Own,極,Lyphard,バ,Sodium,極,Verrieres,極,バ-地-極 | 極-バ-極 | バ-極-極,
ID:1140007326,Stripes Song,Stripes Song,1140007326,確定,繁殖登録番号,A_v9.3直接完成,母父,0,3,0,3,3,Cox's Ridge,バ,Buckfinder,極,Damascus,極,Blushing Groom,極,Lyphard,バ,Prominer,地,Northern Jove,地,Dr. Fager,極,Santa Claus,極,バ-極-極 | 極-バ-地 | 地-極-極,
ID:1140007275,Study of Man,Study of Man,1140007275,確定,繁殖登録番号,A_v9.3直接完成,父,3,0,0,3,3,Sunday Silence,地,Alzao,バ,Busted,極,Storm Bird,地,Secretariat,極,Crimson Satan,極,Northern Dancer,地,Forli,地,Nantallah,極,地-バ-極 | 地-極-極 | 地-地-極,
ID:1140003454,Sultry Song,Sultry Song,1140003454,確定,繁殖登録番号,Y_v9.26残件祖先固定8代欠損0運用確定で完成,母父・母母父,0,2,1,3,,Best Turn,バ,Ballydonnell,極,Carrier Pigeon,バ,Buckpasser,極,Native Dancer,極,Fighting Fox,極,Sword Dancer,極,My Babu,極,Sickle,極,バ・極・バ｜極・極・極｜極・極・極,
ID:1140006893,Swiss Spirit,Swiss Spirit,1140006893,確定,繁殖登録番号,A_v9.3直接完成,母父,0,3,0,3,3,Green Desert,地,Kris,地,Artaius,バ,Ahonoora,バ,Swing Easy,地,Skymaster,極,Mansingh,極,Linacre,地,Tudor Melody,バ,地-地-バ | バ-地-極 | 極-地-バ,
ID:1140002490,Talc,Talc,1140002490,確定,繁殖登録番号,Y_v9.26残件祖先固定8代欠損0運用確定で完成,母母父,0,0,3,3,,Rasper,地,Polynesian,極,Milkman,バ,Prince John,極,Noble Impulse,極,Sickle,極,Swing and Sway,バ,Hyperion,地,Bachelor's Double,バ,地・極・バ｜極・極・極｜バ・地・バ,
ID:1140007075,Tavistock,Tavistock,1140007075,確定,繁殖登録番号,A_v9.3直接完成,父・母父,2,1,0,3,3,Sadler's Wells,地,Top Ville,バ,Tennyson,極,Rainbow Quest,極,Green Dancer,バ,Cambremont,極,High Hat,地,Chanteur,極,Djebel,極,地-バ-極 | 極-バ-極 | 地-極-極,
ID:1140001310,Temperence Hill,Temperence Hill,1140001310,確定,繁殖登録番号,I_v9.11_TARGET固定8代年代境界反映で完成,母母父,0,0,3,3,,Hail to Reason,極,Tom Fool,極,Prince Bio,極,Owen Tudor,地,Windsor Slipper,極,Son-in-Law,バ,Nasrullah,極,Blue Peter,極,Blandford,極,極・極・極｜地・極・バ｜極・極・極,
ID:1140007058,The Gurkha,The Gurkha,1140007058,確定,繁殖登録番号,A_v9.3直接完成,父・母父,1,2,0,3,3,Sadler's Wells,地,Miswaki,極,Lombard,地,Danehill,地,Sharpen Up,地,Caro,極,Seattle Slew,極,Buckpasser,極,Hill Prince,極,地-極-地 | 地-地-極 | 極-極-極,
ID:1140006006,The Watcher,The Watcher,1140006006,確定,繁殖登録番号,U_v9.22安全確定反映で完成,母母父,0,0,3,3,,Buckpasser,極,Native Dancer,極,Fighting Fox,極,Market Wise,極,Johnstown,極,Sickle,極,Count Fleet,極,Sickle,極,Man o'War,極,極・極・極｜極・極・極｜極・極・極,
ID:1140006649,Thewayyouare,Thewayyouare,1140006649,確定,繁殖登録番号,A_v9.3直接完成,母父,0,3,0,3,3,Mr. Prospector,極,Nureyev,地,Prove Out,地,Northern Dancer,地,Bold Reason,極,Forli,地,Red God,極,Wild Risk,極,Tudor Minstrel,地,極-地-地 | 地-極-地 | 極-極-地,
ID:1140004418,Timber Country,Timber Country,1140004418,確定,繁殖登録番号,B_TARGET再構成＋v9.3既存Mで完成,母父・母母父,0,1,2,3,3,Mr. Prospector,極,Buckpasser,極,Swaps,地,Endeavour,極,Hyperion,地,Winalot,極,Khaled,地,Beau Pere,極,War Admiral,極,極・極・地｜極・地・極｜地・極・極,
ID:1140005660,Tomorrows Cat,Tomorrows Cat,1140005660,確定,繁殖登録番号,C_v9.4+v9.5追加祖先反映で完成,母母父,0,0,3,3,,Storm Bird,地,Secretariat,極,Crimson Satan,極,Lyphard,バ,Caro,極,Klairon,極,Ambiorix,極,Mahmoud,極,Ariel,バ,地・極・極｜バ・極・極｜極・極・バ,
ID:1140001654,Tourangeau,Tourangeau,1140001654,確定,繁殖登録番号,Z_v9.27_TARGET系譜不足枝0扱いで完成,母母父,0,0,3,3,,Vieux Manoir,極,Sunny Boy,極,Tetratema,極,Tourbillon,極,Swynford,極,,バ,Tourbillon,極,Gay Crusader,バ,Teddy,バ,極・極・極｜極・極・バ｜極・バ・バ,
ID:1140006678,Trappe Shot,Trappe Shot,1140006678,確定,繁殖登録番号,A_v9.3直接完成,父・母父,1,2,0,3,3,Pulpit,地,Unbridled,極,Nijinsky,バ,Damascus,極,Buckpasser,極,Swaps,地,Raise a Native,極,Royal Charger,極,Alibhai,地,地-極-バ | 極-極-地 | 極-極-地,
ID:1140002350,Tsunami Slew,Tsunami Slew,1140002350,確定,繁殖登録番号,Z_v9.27_TARGET系譜不足枝0扱いで完成,母母父,0,0,3,3,,Bold Reasoning,極,Poker,極,Jet Action,極,Polynesian,極,Bull Lea,極,Sweep,バ,Jacopo,極,Sweep,バ,,バ,極・極・極｜極・極・バ｜極・バ・バ,
ID:1140003790,Twilight Agenda,Twilight Agenda,1140003790,確定,繁殖登録番号,B_TARGET再構成＋v9.3既存Mで完成,母母父,0,0,3,3,3,Halo,極,Herbager,極,Cohoes,極,Graustark,地,Swaps,地,Polynesian,極,Pensive,地,Stimulus,バ,Sir Gallahad,極,極・極・極｜地・地・極｜地・バ・極,
ID:1140007179,Upstart,Upstart,1140007179,確定,繁殖登録番号,A_v9.3直接完成,父,3,0,0,3,3,A.P. Indy,バ,Mr. Prospector,極,Northern Dancer,地,Deputy Minister,地,Buckpasser,極,Northern Dancer,地,Mt. Livermore,バ,Great Above,極,New Prospect,極,バ-極-地 | 地-極-地 | バ-極-極,
ID:1140007309,Vekoma,Vekoma,1140007309,確定,繁殖登録番号,A_v9.3直接完成,父,3,0,0,3,3,Ride the Rails,極,Candy Stripes,バ,Farnesio,極,Gone West,地,Storm Cat,地,Chieftain,極,Hoist the Flag,極,Cyane,極,,バ,極-バ-極 | 地-地-極 | 極-極-バ,
ID:1140006474,Verglas,Verglas,1140006474,確定,繁殖登録番号,B_TARGET再構成＋v9.3既存Mで完成,母母父,0,0,3,3,3,Kenmare,極,Riverman,極,Sir Gaylord,極,Northern Dancer,地,Secretariat,極,Prince John,極,Raise a Native,極,Nashua,極,Count Fleet,極,極・極・極｜地・極・極｜極・極・極,
ID:1140007457,Vino Rosso,Vino Rosso,1140007457,確定,繁殖登録番号,A_v9.3直接完成,父,3,0,0,3,3,Smart Strike,地,Deputy Minister,地,Bates Motel,極,Machiavellian,極,Troy,地,Riverman,極,Deputy Minister,地,Buckpasser,極,Northern Dancer,地,地-地-極 | 極-地-極 | 地-極-地,
ID:1140003952,West by West,West by West,1140003952,確定,繁殖登録番号,Z_v9.27_TARGET系譜不足枝0扱いで完成,母母父,0,0,3,3,,Mr. Prospector,極,Secretariat,極,Tim Tam,極,Best Turn,バ,Ballydonnell,極,Carrier Pigeon,バ,Bold Ruler,極,,バ,,バ,極・極・極｜バ・極・バ｜極・バ・バ,
ID:1120001165,アイシーグルーム,アイシーグルーム,1120001165,確定,繁殖登録番号,B_TARGET再構成＋v9.3既存Mで完成,母母父,0,0,3,3,3,Red God,極,Wild Risk,極,Tudor Minstrel,地,Hail to Reason,極,Nashua,極,Bull Lea,極,Nearctic,地,Native Dancer,極,Mahmoud,極,極・極・地｜極・極・極｜地・極・極,
ID:1120002479,アグニシャイン,アグニシャイン,1120002479,確定,繁殖登録番号,A_v9.3直接完成,父,3,0,0,3,3,Dansili,地,Bering,バ,Shareef Dancer,地,サンデーサイレンス,地,ロイヤルスキー,極,リマンド,バ,Mr. Prospector,極,Buckpasser,極,Hasty Road,極,地-バ-地 | 地-極-バ | 極-極-極,
ID:1120002152,アドマイヤジュピタ,アドマイヤジュピタ,1120002152,確定,繁殖登録番号,A_v9.3直接完成,母父,0,3,0,3,3,Deputy Minister,地,Hold Your Peace,極,Bold Ruler,極,Roberto,極,In Reality,極,Moslem Chief,地,Be My Guest,地,Sea-Bird,極,Sayajirao,極,地-極-極 | 極-極-地 | 地-極-極,
ID:1120002632,アルクトス,アルクトス,1120002632,確定,繁殖登録番号,A_v9.3直接完成,父,3,0,0,3,3,アグネスタキオン,地,Caerleon,バ,Lord Gayle,地,Kris S.,極,Gold Meridian,地,Tri Jet,バ,Mr. Prospector,極,Buckpasser,極,Hasty Road,極,地-バ-地 | 極-地-バ | 極-極-極,
ID:1120001236,アロングオール,アロングオール,1120001236,確定,繁殖登録番号,Y_v9.26残件祖先固定8代欠損0運用確定で完成,母母父,0,0,3,3,,Never Bend,極,Princequillo,極,Count Fleet,極,Round Table,極,Bold Ruler,極,Bull Lea,極,Brantome,極,Finglas,バ,Zionist,バ,極・極・極｜極・極・極｜極・バ・バ,
ID:1120001184,インイクストリーミス,インイクストリーミス,1120001184,確定,繁殖登録番号,B_TARGET再構成＋v9.3既存Mで完成,母母父,0,0,3,3,3,Atan,地,Rockefella,地,Majano,極,What a Pleasure,極,Tom Fool,極,Tourbillon,極,Vienna,極,Nearco,極,Big Game,極,地・地・極｜極・極・極｜極・極・極,
ID:1120002629,インティ,インティ,1120002629,確定,繁殖登録番号,A_v9.3直接完成,父,3,0,0,3,3,Gone West,地,Clever Trick,地,Full Out,極,アフリート,バ,Nureyev,地,Tentam,バ,Storm Cat,地,Pleasant Colony,バ,Dr. Fager,極,地-地-極 | バ-地-バ | 地-バ-極,
ID:1120001052,インデエアンキング,インデエアンキング,1120001052,確定,繁殖登録番号,Y_v9.26残件祖先固定8代欠損0運用確定で完成,母母父,0,0,3,3,,Bold Ruler,極,My Babu,極,Umidwar,極,Prince John,極,Noble Impulse,極,Sickle,極,Eight Thirty,極,Jack High,バ,Man o'War,極,極・極・極｜極・極・極｜極・バ・極,
ID:1120000948,ウインザーノツト,ウインザーノツト,1120000948,確定,繁殖登録番号,F_v9.4-v9.8追加祖先反映で完成,母母父,0,0,3,3,,Milesian,極,Pharis,極,Abjer,極,Nasrullah,極,Tiger,極,Display,極,Prince Rose,極,Papyrus,極,White Eagle,バ,極・極・極｜極・極・極｜極・極・バ,
ID:1120002072,ウインラディウス,ウインラディウス,1120002072,確定,繁殖登録番号,A_v9.3直接完成,母父,0,3,0,3,3,Halo,極,Understanding,極,Montparnasse,地,Nijinsky,バ,Buckpasser,極,Princequillo,極,Buisson Ardent,極,Palestine,極,Nearco,極,極-極-地 | バ-極-極 | 極-極-極,
ID:1120001822,ウェイオブライト,ウェイオブライト,1120001822,確定,繁殖登録番号,A_v9.3直接完成,母父,0,3,0,3,3,Mr. Prospector,極,Buckpasser,極,Swaps,地,Northern Dancer,地,Bull Page,極,Menow,極,Hail to Reason,極,Cosmic Bomb,極,Mahmoud,極,極-極-地 | 地-極-極 | 極-極-極,
ID:1120001652,エアダブリン,エアダブリン,1120001652,確定,繁殖登録番号,B_TARGET再構成＋v9.3既存Mで完成,母母父,0,0,3,3,3,Kampala,極,Hornbeam,地,Preciptic,極,Northern Dancer,地,Bull Page,極,Menow,極,Graustark,地,Princequillo,極,War Admiral,極,極・地・極｜地・極・極｜地・極・極,
ID:1120002399,エキストラエンド,エキストラエンド,1120002399,確定,繁殖登録番号,A_v9.3直接完成,父,3,0,0,3,3,サンデーサイレンス,地,Alzao,バ,Busted,極,Mill Reef,バ,Sicambre,極,Right Royal,地,Marino,極,Fine Top,極,,バ,地-バ-極 | バ-極-地 | 極-極-バ,
ID:1120002570,エタリオウ,エタリオウ,1120002570,確定,繁殖登録番号,A_v9.3直接完成,父,3,0,0,3,3,サンデーサイレンス,地,デイクタス,極,ノーザンテースト,地,Hennessy,地,Lycius,バ,Danzig,地,Ack Ack,極,Hoist the Flag,極,Turn-to,極,地-極-地 | 地-バ-地 | 極-極-極,
ID:1120001297,オグリキャップ,オグリキャップ,1120001297,確定,繁殖登録番号,Z_v9.27_TARGET系譜不足枝0扱いで完成,母父・母母父,0,2,1,3,,Native Dancer,極,Grey Sovereign,極,,バ,Buisson Ardent,極,Palestine,極,Nearco,極,Never Say Die,極,Big Game,極,Nearco,極,極・極・バ｜極・極・極｜極・極・極,
ID:1120001884,オリオンザサンクス,オリオンザサンクス,1120001884,確定,繁殖登録番号,A_v9.3直接完成,父,3,0,0,3,3,Procida,極,Riverman,極,Damascus,極,Riverman,極,Vaguely Noble,地,Honeys Alibi,地,Swaps,地,On Trust,地,Oil Capitol,極,極-極-極 | 極-地-地 | 地-地-極,
ID:1120002205,カフェオリンポス,カフェオリンポス,1120002205,確定,繁殖登録番号,A_v9.3直接完成,父・母父,1,2,0,3,3,Gone West,地,El Gran Senor,地,Key to the Mint,地,Naskra,極,Whitesburg,極,Reverse,極,Hail to Reason,極,Nashua,極,Bull Lea,極,地-地-地 | 極-極-極 | 極-極-極,
ID:1120002507,キタサンミカヅキ,キタサンミカヅキ,1120002507,確定,繁殖登録番号,A_v9.3直接完成,父,3,0,0,3,3,ダンシングブレーヴ,バ,Halo,極,Sir Ivor,極,サクラユタカオー,地,ノーザンテースト,地,Ambiopoise,極,Round Table,極,My Babu,極,Hyperion,地,バ-極-極 | 地-地-極 | 極-極-地,
ID:1120002282,キモンノカシワ,キモンノカシワ,1120002282,確定,繁殖登録番号,A_v9.3直接完成,父,3,0,0,3,3,サンデーサイレンス,地,Alzao,バ,Busted,極,Miswaki,極,Al Hattab,バ,Bold Commander,極,Halo,極,Herbager,極,Cohoes,極,地-バ-極 | 極-バ-極 | 極-極-極,
ID:1120001600,キョウワアリシバ,キョウワアリシバ,1120001600,確定,繁殖登録番号,B_TARGET再構成＋v9.3既存Mで完成,母父・母母父,0,1,2,3,3,Alydar,バ,Lt. Stevens,極,War Admiral,極,Nearctic,地,Native Dancer,極,Mahmoud,極,Olympia,地,Nasrullah,極,Beau Pere,極,バ・極・極｜地・極・極｜地・極・極,
ID:1120000426,クラウンドプリンス,クラウンドプリンス,1120000426,確定,繁殖登録番号,F_v9.4-v9.8追加祖先反映で完成,母母父,0,0,3,3,,Native Dancer,極,Case Ace,バ,American Flag,極,Nearco,極,Solario,極,Blenheim,極,Hyperion,地,Tracery,極,Wildfowler,バ,極・バ・極｜極・極・極｜地・極・バ,
ID:1120001014,グレートローマン,グレートローマン,1120001014,確定,繁殖登録番号,Y_v9.26残件祖先固定8代欠損0運用確定で完成,母母父,0,0,3,3,,Never Bend,極,Roman,極,Sun Again,バ,Never Say Die,極,Big Game,極,Nearco,極,Owen Tudor,地,Victrix,バ,Ksar,バ,極・極・バ｜極・極・極｜地・バ・バ,
ID:1120002384,グロリアスノア,グロリアスノア,1120002384,確定,繁殖登録番号,A_v9.3直接完成,父,3,0,0,3,3,End Sweep,地,Summing,バ,Cold Reception,バ,Mr. Prospector,極,Nijinsky,バ,Forli,地,Minnesota Mac,極,Intentionally,極,Better Self,極,地-バ-バ | 極-バ-地 | 極-極-極,
ID:1120002578,コパノチャーリー,コパノチャーリー,1120002578,確定,繁殖登録番号,A_v9.3直接完成,父,3,0,0,3,3,Crafty Prospector,極,Chief's Crown,地,Alleged,地,Woodman,バ,Pretense,地,Swaps,地,Kampala,極,Hornbeam,地,Preciptic,極,極-地-地 | バ-地-地 | 極-地-極,
ID:1120002528,ゴールデンバローズ,ゴールデンバローズ,1120002528,確定,繁殖登録番号,A_v9.3直接完成,父,3,0,0,3,3,Pulpit,地,Unbridled,極,Nijinsky,バ,Matty G,地,Raise a Man,地,Tell,極,Storm Cat,地,Hawaii,バ,Tom Cat,極,地-極-バ | 地-地-極 | 地-バ-極,
ID:1120000673,サクラシンゲキ,サクラシンゲキ,1120000673,確定,繁殖登録番号,Z_v9.27_TARGET系譜不足枝0扱いで完成,母母父,0,0,3,3,,Grey Sovereign,極,Toulouse Lautrec,極,Niccolo Dell'Arca,極,Never Say Die,極,Big Game,極,Nearco,極,Chamossaire,極,Solario,極,,バ,極・極・極｜極・極・極｜極・極・バ,
ID:1120002230,サクラゼウス,サクラゼウス,1120002230,確定,繁殖登録番号,A_v9.3直接完成,父,3,0,0,3,3,サクラユタカオー,地,ノーザンテースト,地,Ambiopoise,極,Bold Reasoning,極,Poker,極,Jet Action,極,Raise a Native,極,On-and-On,極,Ponder,地,地-地-極 | 極-極-極 | 極-極-地,
ID:1120001579,サクラチトセオー,サクラチトセオー,1120001579,確定,繁殖登録番号,Y_v9.26残件祖先固定8代欠損0運用確定で完成,母父・母母父,0,1,2,3,,Kampala,極,Hornbeam,地,Preciptic,極,Northern Dancer,地,Victoria Park,極,Hyperion,地,Cohoes,極,Bull Lea,極,Diavolo,バ,極・地・極｜地・極・地｜極・極・バ,
ID:1120002014,サニングデール,サニングデール,1120002014,確定,繁殖登録番号,A_v9.3直接完成,父・母父,1,2,0,3,3,Known Fact,バ,Roberto,極,Raise a Native,極,Shirley Heights,バ,Abdos,極,Venture,極,Red God,極,Wild Risk,極,Tudor Minstrel,地,バ-極-極 | バ-極-極 | 極-極-地,
ID:1120002598,シュウジ,シュウジ,1120002598,確定,繁殖登録番号,A_v9.3直接完成,父,3,0,0,3,3,フジキセキ,極,Pleasant Colony,バ,Lyphard,バ,Mr. Prospector,極,Nureyev,地,Prove Out,地,Roberto,極,Amerigo,バ,Mat de Cocagne,極,極-バ-バ | 極-地-地 | 極-バ-極,
ID:1120001795,ストローズクリーク,ストローズクリーク,1120001795,確定,繁殖登録番号,C_v9.4+v9.5追加祖先反映で完成,母母父,0,0,3,3,,Hail to Reason,極,Cosmic Bomb,極,Mahmoud,極,Northern Dancer,地,Round Table,極,Nasrullah,極,Polynesian,極,Bull Lea,極,Sweep,バ,極・極・極｜地・極・極｜極・極・バ,
ID:1120002367,セイクリムズン,セイクリムズン,1120002367,確定,繁殖登録番号,A_v9.3直接完成,父,3,0,0,3,3,サンデーサイレンス,地,ノーザリー,地,ドン,極,Mill Reef,バ,Ribot,極,Dedicate,極,Northern Dancer,地,Windfields,極,Teddy Wrack,極,地-地-極 | バ-極-極 | 地-極-極,
ID:1120002537,タツゴウゲキ,タツゴウゲキ,1120002537,確定,繁殖登録番号,A_v9.3直接完成,父,3,0,0,3,3,サンデーサイレンス,地,ヴアイスリーガル,バ,Laugh Aloud,バ,In The Wings,地,Halo,極,Herbager,極,Sharpen Up,地,Reliance,極,Crepello,極,地-バ-バ | 地-極-極 | 地-極-極,
ID:1120002541,ダイシンサンダー,ダイシンサンダー,1120002541,確定,繁殖登録番号,A_v9.3直接完成,父,3,0,0,3,3,エンドスウィープ,地,サンデーサイレンス,地,Kris,地,サンデーサイレンス,地,Law Society,地,Luciano,バ,Mr. Prospector,極,Buckpasser,極,Princequillo,極,地-地-地 | 地-地-バ | 極-極-極,
ID:1120001899,ダイナマイトメール,ダイナマイトメール,1120001899,確定,繁殖登録番号,A_v9.3直接完成,母父,0,3,0,3,3,ノーザンテースト,地,Arts and Letters,地,Forli,地,Ragusa,極,Hornbeam,地,Chanteur,極,Sayajirao,極,Morland,極,Rustom Pasha,極,地-地-地 | 極-地-極 | 極-極-極,
ID:1120001228,ダイヤモンドショール,ダイヤモンドショール,1120001228,確定,繁殖登録番号,Y_v9.26残件祖先固定8代欠損0運用確定で完成,母母父,0,0,3,3,,Never Bend,極,Princequillo,極,Count Fleet,極,Ribot,極,Alibhai,地,Beau Pere,極,Free For All,バ,Bull Dog,極,Upset,バ,極・極・極｜極・地・極｜バ・極・バ,
ID:1120002493,ダンスディレクター,ダンスディレクター,1120002493,確定,繁殖登録番号,A_v9.3直接完成,父,3,0,0,3,3,Mr. Prospector,極,Private Account,地,Northfields,バ,Halo,極,Understanding,極,Montparnasse,地,Kampala,極,Hornbeam,地,Preciptic,極,極-地-バ | 極-極-地 | 極-地-極,
ID:1120001618,ダンツシアトル,ダンツシアトル,1120001618,確定,繁殖登録番号,B_TARGET再構成＋v9.3既存Mで完成,母父・母母父,0,2,1,3,3,Bold Reasoning,極,Poker,極,Jet Action,極,Princequillo,極,Count Fleet,極,Blue Larkspur,バ,Nasrullah,極,Johnstown,極,Sardanapale,極,極・極・極｜極・極・バ｜極・極・極,
ID:1120002102,デビッドジュニア,デビッドジュニア,1120002102,確定,繁殖登録番号,A_v9.3直接完成,母父,0,3,0,3,3,Pleasant Colony,バ,Stage Door Johnny,極,Never Bend,極,Riverman,極,Klairon,極,East Side,極,Northern Dancer,地,Occupy,極,Challenger,極,バ-極-極 | 極-極-極 | 地-極-極,
ID:1120001764,トーヨーレインボー,トーヨーレインボー,1120001764,確定,繁殖登録番号,Y_v9.26残件祖先固定8代欠損0運用確定で完成,母父,0,3,0,3,,Vice Regent,バ,Bunty's Flight,極,Jabneh,極,Sadair,極,Rego,極,Beau Port,バ,Noholme,地,Double Jay,極,Don Bingo,極,バ・極・極｜極・極・バ｜地・極・極,
ID:1120001168,ナスルエルアラブ,ナスルエルアラブ,1120001168,確定,繁殖登録番号,B_TARGET再構成＋v9.3既存Mで完成,母母父,0,0,3,3,3,Lyphard,バ,Caro,極,Klairon,極,Nijinsky,バ,Val de Loir,極,Spy Song,極,Sicambre,極,Honeyway,極,Diolite,極,バ・極・極｜バ・極・極｜極・極・極,
ID:1120002096,ナリタセンチュリー,ナリタセンチュリー,1120002096,確定,繁殖登録番号,A_v9.3直接完成,母父,0,3,0,3,3,Kampala,極,Hornbeam,地,Preciptic,極,Northern Dancer,地,Victoria Park,極,Hyperion,地,Vienna,極,Nearco,極,Big Game,極,極-地-極 | 地-極-地 | 極-極-極,
ID:1120002297,ネヴァブション,ネヴァブション,1120002297,確定,繁殖登録番号,A_v9.3直接完成,父,3,0,0,3,3,サンデーサイレンス,地,ヴアイスリーガル,バ,Laugh Aloud,バ,Never Bend,極,Princequillo,極,Count Fleet,極,Vienna,極,Nearco,極,Big Game,極,地-バ-バ | 極-極-極 | 極-極-極,
ID:1120000611,ノノアルコ,ノノアルコ,1120000611,確定,繁殖登録番号,C_v9.4+v9.5追加祖先反映で完成,母母父,0,0,3,3,,Nearco,極,Hyperion,地,Abbots Trace,極,Roman,極,Discovery,極,Broomstick,バ,Fighting Fox,極,War Admiral,極,Bull Dog,極,極・地・極｜極・極・バ｜極・極・極,
ID:1120000982,ノーパスノーセール,ノーパスノーセール,1120000982,確定,繁殖登録番号,B_TARGET再構成＋v9.3既存Mで完成,母母父,0,0,3,3,3,Northern Dancer,地,Occupy,極,Challenger,極,Tanerko,極,Ribot,極,Hyperion,地,Le Haar,極,Mossborough,極,Noble Star,極,地・極・極｜極・極・地｜極・極・極,
ID:1120000896,ノーリユート,ノーリユート,1120000896,確定,繁殖登録番号,Y_v9.26残件祖先固定8代欠損0運用確定で完成,母母父,0,0,3,3,,Klairon,極,Cranach,極,Brantome,極,My Babu,極,Easton,極,Man o'War,極,Court Martial,極,Solario,極,Kircubbin,バ,極・極・極｜極・極・極｜極・極・バ,
ID:1120002494,ハギノハイブリッド,ハギノハイブリッド,1120002494,確定,繁殖登録番号,A_v9.3直接完成,父,3,0,0,3,3,ブライアンズタイム,地,クリスタルパレス,極,Sea-Bird,極,Kampala,極,Hornbeam,地,Preciptic,極,Halo,極,Understanding,極,Montparnasse,地,地-極-極 | 極-地-極 | 極-極-地,
ID:1120001733,ハンセル,ハンセル,1120001733,確定,繁殖登録番号,Y_v9.26残件祖先固定8代欠損0運用確定で完成,母父・母母父,0,2,1,3,,Mr. Prospector,極,Buckpasser,極,Swaps,地,Northern Dancer,地,King's Bench,極,Torbido,バ,Chop Chop,極,Windfields,極,Osiris,極,極・極・地｜地・極・バ｜極・極・極,
ID:1120001230,バイアモン,バイアモン,1120001230,確定,繁殖登録番号,T_v9.21高影響祖先反映で完成,母母父,0,0,3,3,,Red God,極,Wild Risk,極,Tudor Minstrel,地,Saint Crespin,地,High Treason,極,Airway,極,Balladier,バ,Peter Hastings,バ,Man o'War,極,極・極・地｜地・極・極｜バ・バ・極,
ID:1120001773,バトルライン,バトルライン,1120001773,確定,繁殖登録番号,B_TARGET再構成＋v9.3既存Mで完成,母父,0,3,0,3,3,Damascus,極,Francis S.,極,Correlation,極,Northern Dancer,地,New Providence,極,Chop Chop,極,High Hat,地,Chanteur,極,Djebel,極,極・極・極｜地・極・極｜地・極・極,
ID:1120002311,バロズハート,バロズハート,1120002311,確定,繁殖登録番号,A_v9.3直接完成,父・母父,2,1,0,3,3,Mr. Prospector,極,Venetian Jester,極,Green Ticket,地,Halo,極,Understanding,極,Montparnasse,地,Nijinsky,バ,Pardao,地,Nasrullah,極,極-極-地 | 極-極-地 | バ-地-極,
ID:1120002318,バーディバーディ,バーディバーディ,1120002318,確定,繁殖登録番号,A_v9.3直接完成,父,3,0,0,3,3,Roberto,極,Graustark,地,Hasty Road,極,Mr. Prospector,極,Buckpasser,極,Hasty Road,極,His Majesty,地,Sunrise Flight,極,Cockrullah,極,極-地-極 | 極-極-極 | 地-極-極,
ID:1120001509,ビワハヤヒデ,ビワハヤヒデ,1120001509,確定,繁殖登録番号,B_TARGET再構成＋v9.3既存Mで完成,母母父,0,0,3,3,3,Caro,極,Cougar,極,Fleet Nasrullah,極,Nearctic,地,Native Dancer,極,Mahmoud,極,Sword Dancer,極,My Babu,極,Sickle,極,極・極・極｜地・極・極｜極・極・極,
ID:1120000989,プライマリー2,プライマリー2,1120000989,確定,繁殖登録番号,F_v9.4-v9.8追加祖先反映で完成,母母父,0,0,3,3,,Nijinsky,バ,Val de Loir,極,Spy Song,極,Vienna,極,Nearco,極,Big Game,極,Fair Trial,極,Hurry On,バ,Gainsborough,極,バ・極・極｜極・極・極｜極・バ・極,
ID:1120001242,ホクトヘリオス,ホクトヘリオス,1120001242,確定,繁殖登録番号,B_TARGET再構成＋v9.3既存Mで完成,母母父,0,0,3,3,3,Hail to Reason,極,Swaps,地,War Admiral,極,Round Table,極,Johnstown,極,Menow,極,Hail to Reason,極,Mahmoud,極,Sir Gallahad,極,極・地・極｜極・極・極｜極・極・極,
ID:1120002169,ボーナスフィーバー,ボーナスフィーバー,1120002169,確定,繁殖登録番号,A_v9.3直接完成,母父,0,3,0,3,3,Mr. Prospector,極,Buckpasser,極,Hasty Road,極,Northern Dancer,地,Admiral's Voyage,バ,Petition,極,Hail to Reason,極,Cosmic Bomb,極,Mahmoud,極,極-極-極 | 地-バ-極 | 極-極-極,
ID:1120002628,マカヒキ,マカヒキ,1120002628,確定,繁殖登録番号,A_v9.3直接完成,父,3,0,0,3,3,サンデーサイレンス,地,Alzao,バ,Busted,極,Deputy Minister,地,Hold Your Peace,極,Bold Ruler,極,Rainbow Quest,極,Kings Lake,地,Bold Lad (IRE),バ,地-バ-極 | 地-極-極 | 極-地-バ,
ID:1120002385,ミキノバンジョー,ミキノバンジョー,1120002385,確定,繁殖登録番号,A_v9.3直接完成,父,3,0,0,3,3,Silver Hawk,バ,Danzig,地,His Majesty,地,Riverman,極,Vaguely Noble,地,Honeys Alibi,地,テスコボーイ,地,Your Host,地,,バ,バ-地-地 | 極-地-地 | 地-地-バ,
ID:1120002053,ミスキャスト,ミスキャスト,1120002053,確定,繁殖登録番号,A_v9.3直接完成,父・母父,2,1,0,3,3,Halo,極,Understanding,極,Montparnasse,地,Kampala,極,Hornbeam,地,Preciptic,極,Ambiorix,極,War Admiral,極,Bubbling Over,バ,極-極-地 | 極-地-極 | 極-極-バ,
ID:1120000934,ミルコウジ,ミルコウジ,1120000934,確定,繁殖登録番号,Z_v9.27_TARGET系譜不足枝0扱いで完成,母母父,0,0,3,3,,Mill Reef,バ,Ragusa,極,Grey Sovereign,極,ボンモー,極,Hard Sauce,極,Umidwar,極,Verso,極,Rustom Pasha,極,,バ,バ・極・極｜極・極・極｜極・極・バ,
ID:1120001798,メジロブライト,メジロブライト,1120001798,確定,繁殖登録番号,B_TARGET再構成＋v9.3既存Mで完成,母父,0,3,0,3,3,アンバーシヤダイ,地,メジロサンマン,地,Snob,極,Nijinsky,バ,Buckpasser,極,Princequillo,極,Graustark,地,Swaps,地,Roman,極,地・地・極｜バ・極・極｜地・地・極,
ID:1120000550,モーニングフローリツク,モーニングフローリツク,1120000550,確定,繁殖登録番号,S_v9.20高影響祖先反映で完成,母母父,0,0,3,3,,Herbager,極,Mahmoud,極,Pavot,極,Bold Ruler,極,Mr. Music,極,Jamestown,極,Nearco,極,Hyperion,地,Abbots Trace,極,極・極・極｜極・極・極｜極・地・極,
ID:1120001531,ラシアンゴールド,ラシアンゴールド,1120001531,確定,繁殖登録番号,B_TARGET再構成＋v9.3既存Mで完成,母母父,0,0,3,3,3,Nijinsky,バ,Buckpasser,極,Princequillo,極,Snob,極,Alizier,極,Bozzetto,極,Arctic Star,極,Jock,極,Abjer,極,バ・極・極｜極・極・極｜極・極・極,
ID:1120001470,ラジヤマハール,ラジヤマハール,1120001470,確定,繁殖登録番号,Y_v9.26残件祖先固定8代欠損0運用確定で完成,母母父,0,0,3,3,,Round Table,極,Bold Ruler,極,Bull Lea,極,Snob,極,Alizier,極,Bozzetto,極,War Relic,極,Black Toney,バ,Fariman,バ,極・極・極｜極・極・極｜極・バ・バ,
ID:1120000502,リイフオー,リイフオー,1120000502,確定,繁殖登録番号,Y_v9.26残件祖先固定8代欠損0運用確定で完成,母母父,0,0,3,3,,Northern Dancer,地,Court Martial,極,Formor,極,Tudor Minstrel,地,Portlaw,極,Xandover,バ,Clarion,極,Kantar,バ,Swynford,極,地・極・極｜地・極・バ｜極・バ・極,
ID:1120000991,リフアーズスペシヤル,リフアーズスペシヤル,1120000991,確定,繁殖登録番号,D_v9.4-v9.6追加祖先反映で完成,母母父,0,0,3,3,,Northern Dancer,地,Court Martial,極,Formor,極,Double Jay,極,War Admiral,極,Blue Larkspur,バ,Blue Larkspur,バ,Sir Gallahad,極,High Time,バ,地・極・極｜極・極・バ｜バ・極・バ,
ID:1120000825,リーフアーマツドネス,リーフアーマツドネス,1120000825,確定,繁殖登録番号,D_v9.4-v9.6追加祖先反映で完成,母母父,0,0,3,3,,Never Bend,極,Princequillo,極,Count Fleet,極,Persian Gulf,極,Hyperion,地,King Salmon,極,Nasrullah,極,Baytown,極,Hainault,極,極・極・極｜極・地・極｜極・極・極,
ID:1120000992,ワイズカウンセラー,ワイズカウンセラー,1120000992,確定,繁殖登録番号,F_v9.4-v9.8追加祖先反映で完成,母母父,0,0,3,3,,Hoist the Flag,極,Prince John,極,Determine,地,Native Dancer,極,Case Ace,バ,American Flag,極,Polynesian,極,Bull Lea,極,Sweep,バ,極・極・地｜極・バ・極｜極・極・バ,
ID:1130000006,Ack Ack,Ack Ack,1130000006,確定,繁殖登録番号,Y_v9.26残件祖先固定8代欠損0運用確定で完成,母母父,0,0,2,2,,Armageddon,極,Revoked,極,Reaping Reward,極,Royal Charger,極,Admiral Drake,極,Pharos,極,Prince Rose,極,Papyrus,極,White Eagle,バ,極・極・極｜極・極・極｜極・極・バ,
ID:1140006995,Adlerflug,Adlerflug,1140006995,確定,繁殖登録番号,A_v9.3直接完成,父,2,0,0,2,2,Sadler's Wells,地,Shirley Heights,バ,Sea Hawk,極,Try My Best,地,Mill Reef,バ,Sayajirao,極,Agio,極,Prince Chevalier,極,Big Game,極,地-バ-極 | 地-バ-極 | 極-極-極,
ID:1140007147,Agnes Gold,Agnes Gold,1140007147,確定,繁殖登録番号,A_v9.3直接完成,母父,0,2,0,2,2,Halo,極,Understanding,極,Montparnasse,地,Northern Dancer,地,Victoria Park,極,Hyperion,地,Fortino,極,Chamossaire,極,Solario,極,極-極-地 | 地-極-地 | 極-極-極,
ID:1140006912,Air Express,Air Express,1140006912,確定,繁殖登録番号,C_v9.4高影響祖先補完で完成,母母父,0,0,2,2,2,Topsider,バ,Prince John,極,Amerigo,バ,Nijinsky,バ,Princequillo,極,Count Fleet,極,Hyperion,地,Donatello,極,Coronach,極,バ・極・バ｜バ・極・極｜地・極・極,
ID:1140007002,Alex's Pal,Alex's Pal,1140007002,確定,繁殖登録番号,A_v9.3直接完成,母父・母母父,0,1,1,2,2,Valid Appeal,地,Iron Constitution,極,Hangover,極,Northern Prospect,バ,Lucky Debonair,極,Palestinian,極,Northern Dancer,地,Swaps,地,Princequillo,極,地-極-極 | バ-極-極 | 地-地-極,
ID:1140007079,Alkaased,Alkaased,1140007079,確定,繁殖登録番号,A_v9.3直接完成,母父,0,2,0,2,2,Mr. Prospector,極,Nureyev,地,Prove Out,地,Nijinsky,バ,Tom Rolfe,極,Ridan,極,Derring-Do,バ,Vimy,極,Court Martial,極,極-地-地 | バ-極-極 | バ-極-極,
ID:1140003229,Always Run Lucky,Always Run Lucky,1140003229,確定,繁殖登録番号,M_v9.15古血統安全確定反映で完成,母母父,0,0,2,2,,Bold Ruler,極,Double Jay,極,Bold Irishman,極,Traffic Judge,地,Noor,極,Bull Lea,極,Determine,地,War Glory,極,Whiskalong,極,極・極・極｜地・極・極｜地・極・極,
ID:1140003274,Alydeed,Alydeed,1140003274,確定,繁殖登録番号,Z_v9.27_TARGET系譜不足枝0扱いで完成,母母父,0,0,2,2,,Nijinsky,バ,Damascus,極,Forli,地,Raise a Native,極,On-and-On,極,Ponder,地,Triplicate,バ,,バ,,バ,バ・極・地｜極・極・地｜バ・バ・バ,
ID:1140007272,Anodin,Anodin,1140007272,確定,繁殖登録番号,A_v9.3直接完成,母父,0,2,0,2,2,Danzig,地,Gay Mecene,地,Riverman,極,Red God,極,Wild Risk,極,Tudor Minstrel,地,Northern Dancer,地,Court Martial,極,Formor,極,地-地-極 | 極-極-地 | 地-極-極,
ID:1140007559,Authenticate,Authenticate,1140007559,確定,繁殖登録番号,B_TARGET再構成＋v9.3既存Mで完成,母母父,0,0,2,2,2,Mr. Prospector,極,Secretariat,極,Tim Tam,極,Bold Reasoning,極,Poker,極,Jet Action,極,Raise a Native,極,On-and-On,極,Ponder,地,極・極・極｜極・極・極｜極・極・地,
ID:1140004175,Averof,Averof,1140004175,確定,繁殖登録番号,Y_v9.26残件祖先固定8代欠損0運用確定で完成,母母父,0,0,2,2,,Tudor Minstrel,地,Portlaw,極,Xandover,バ,Pharos,極,Havresac,極,Spearmint,バ,Gainsborough,極,Sundridge,バ,Ayrshire,バ,地・極・バ｜極・極・バ｜極・バ・バ,
ID:1140001767,Bailjumper,Bailjumper,1140001767,確定,繁殖登録番号,C_v9.4高影響祖先補完で完成,母母父,0,0,2,2,2,Sword Dancer,極,My Babu,極,Sickle,極,Kingsway,極,Coronach,極,Buchan,極,Pensive,地,Stimulus,バ,Sir Gallahad,極,極・極・極｜極・極・極｜地・バ・極,
ID:1140006254,Ballingarry,Ballingarry,1140006254,確定,繁殖登録番号,A_v9.3直接完成,母父,0,2,0,2,2,Northern Dancer,地,Bold Reason,極,Forli,地,Damascus,極,Never Bend,極,Tatan,極,Petare,極,,バ,,バ,地-極-地 | 極-極-極 | 極-バ-バ,
ID:1140006128,Bayou Hebert,Bayou Hebert,1140006128,確定,繁殖登録番号,B_TARGET再構成＋v9.3既存Mで完成,母母父,0,0,2,2,2,Tom Rolfe,極,War Admiral,極,Tourbillon,極,Sword Dancer,極,My Babu,極,Sickle,極,Nasrullah,極,Flares,極,Stimulus,バ,極・極・極｜極・極・極｜極・極・バ,
ID:1140007080,Belardo,Belardo,1140007080,確定,繁殖登録番号,A_v9.3直接完成,父,2,0,0,2,2,Shamardal,地,Vettori,バ,Kendor,地,Danzig,地,His Majesty,地,Buckpasser,極,Blushing Groom,極,Caro,極,Tom Fool,極,地-バ-地 | 地-地-極 | 極-極-極,
ID:1140002805,Belmez,Belmez,1140002805,確定,繁殖登録番号,G_v9.4-v9.9追加祖先反映で完成,母母父,0,0,2,2,,Northern Dancer,地,Buckpasser,極,Traffic Judge,地,High Top,バ,Charlottesville,極,Tantieme,極,Vieux Manoir,極,Sunny Boy,極,Tetratema,極,地・極・地｜バ・極・極｜極・極・極,
ID:1140006948,Bobby's Kitten,Bobby's Kitten,1140006948,確定,繁殖登録番号,A_v9.3直接完成,父,2,0,0,2,2,El Prado,地,Lear Fan,極,L'Enjoleur,バ,Storm Cat,地,Pleasant Colony,バ,Dr. Fager,極,In Reality,極,The Axe,極,Royal Note,極,地-極-バ | 地-バ-極 | 極-極-極,
ID:1140006281,Camacho,Camacho,1140006281,確定,繁殖登録番号,A_v9.3直接完成,母父,0,2,0,2,2,Danzig,地,His Majesty,地,Buckpasser,極,Gone West,地,The Minstrel,バ,Right Tack,バ,Known Fact,バ,Roberto,極,Raise a Native,極,地-地-極 | 地-バ-バ | バ-極-極,
ID:1140004535,Cape Town,Cape Town,1140004535,確定,繁殖登録番号,A_v9.3直接完成,母父・母母父,0,1,1,2,2,Mr. Prospector,極,Buckpasser,極,Hasty Road,極,Bold Reasoning,極,Poker,極,Jet Action,極,Graustark,地,Princequillo,極,,バ,極-極-極 | 極-極-極 | 地-極-バ,
ID:1140006535,Chineur,Chineur,1140006535,確定,繁殖登録番号,B_TARGET再構成＋v9.3既存Mで完成,母母父,0,0,2,2,2,Nureyev,地,Mr. Prospector,極,Never Bend,極,Sharpen Up,地,Falcon,極,Gilles de Retz,極,Morston,地,Sound Track,極,Premonition,極,地・極・極｜地・極・極｜地・極・極,
ID:1140007300,Churchill,Churchill,1140007300,確定,繁殖登録番号,A_v9.3直接完成,父,2,0,0,2,2,Sadler's Wells,地,Miswaki,極,Lombard,地,Storm Bird,地,Secretariat,極,Crimson Satan,極,Salse,バ,Caucasus,バ,High Hat,地,地-極-地 | 地-極-極 | バ-バ-地,
ID:1140005731,Combat Ready,Combat Ready,1140005731,確定,繁殖登録番号,B_TARGET再構成＋v9.3既存Mで完成,母父・母母父,0,1,1,2,2,Chieftain,極,One Count,極,Roman,極,Native Dancer,極,Heliopolis,地,High Quest,極,Khaled,地,Beau Pere,極,War Admiral,極,極・極・極｜極・地・極｜地・極・極,
ID:1140006205,Commands,Commands,1140006205,確定,繁殖登録番号,A_v9.3直接完成,母父・母母父,0,1,1,2,2,Danzig,地,His Majesty,地,Buckpasser,極,Petition,極,Grey Sovereign,極,Solferino,極,Relic,極,Dante,極,Niccolo Dell'Arca,極,地-地-極 | 極-極-極 | 極-極-極,
ID:1140007073,Competitive Edge,Competitive Edge,1140007073,確定,繁殖登録番号,A_v9.3直接完成,父・母父,1,1,0,2,2,Maria's Mon,地,A.P. Indy,バ,Mr. Prospector,極,Seeking the Gold,極,Seattle Slew,極,Key to the Mint,地,Deputy Minister,地,Secretariat,極,Damascus,極,地-バ-極 | 極-極-地 | 地-極-極,
ID:1140006000,Concerto,Concerto,1140006000,確定,繁殖登録番号,B_TARGET再構成＋v9.3既存Mで完成,母母父,0,0,2,2,2,Danzig,地,Secretariat,極,Swoon's Son,極,Intentionally,極,Rough'n Tumble,極,War Relic,極,Envoy,極,Tudor Minstrel,地,Blue Peter,極,地・極・極｜極・極・極｜極・地・極,
ID:1140007292,Connect,Connect,1140007292,確定,繁殖登録番号,A_v9.3直接完成,父,2,0,0,2,2,Smart Strike,地,Deputy Minister,地,Bates Motel,極,Great Above,極,Al Hattab,バ,Grey Dawn,極,Native Royalty,極,Citation,地,Blenheim,極,地-地-極 | 極-バ-極 | 極-地-極,
ID:1140006017,Consolidator,Consolidator,1140006017,確定,繁殖登録番号,A_v9.3直接完成,母父,0,2,0,2,2,Storm Bird,地,Secretariat,極,Crimson Satan,極,Blushing Groom,極,Donut King,地,Fleet Nasrullah,極,Noholme,地,Double Jay,極,Don Bingo,極,地-極-極 | 極-地-極 | 地-極-極,
ID:1140001344,Cormorant,Cormorant,1140001344,確定,繁殖登録番号,Z_v9.27_TARGET系譜不足枝0扱いで完成,母母父,0,0,2,2,,Ribot,極,Alibhai,地,Beau Pere,極,Owen Tudor,地,Sansovino,極,Son-in-Law,バ,The Doge,極,Sweep Like,極,,バ,極・地・極｜地・極・バ｜極・極・バ,
ID:1140007548,Corniche,Corniche,1140007548,確定,繁殖登録番号,A_v9.3直接完成,父,2,0,0,2,2,Elusive Quality,地,Strawberry Road,地,Alydar,バ,Runaway Groom,極,Capote,極,Conquistador Cielo,極,Green Dancer,バ,High Top,バ,セントクレスピン,地,地-地-バ | 極-極-極 | バ-バ-地,
ID:1140007391,Court Vision,Court Vision,1140007391,確定,繁殖登録番号,A_v9.3直接完成,母父,0,2,0,2,2,Mr. Prospector,極,Rambunctious,地,Seven Corners,極,Northern Dancer,地,New Providence,極,Chop Chop,極,Bold Ruler,極,Princequillo,極,,バ,極-地-極 | 地-極-極 | 極-極-バ,
ID:1140002679,Criminal Type,Criminal Type,1140002679,確定,繁殖登録番号,Z_v9.27_TARGET系譜不足枝0扱いで完成,母母父,0,0,2,2,,Raise a Native,極,On-and-On,極,Ponder,地,Swaps,地,Bimelech,極,Blue Larkspur,バ,,バ,,バ,,バ,極・極・地｜地・極・バ｜バ・バ・バ,
ID:1140007129,Cross Traffic,Cross Traffic,1140007129,確定,繁殖登録番号,A_v9.3直接完成,母父,0,2,0,2,2,Unbridled,極,Caro,極,Lucky Mel,地,Stop the Music,極,Dr. Fager,極,Bold Ruler,極,Raise a Native,極,I'm For More,地,Silver King,極,極-極-地 | 極-極-極 | 極-地-極,
ID:1140002354,Crystal Glitters,Crystal Glitters,1140002354,確定,繁殖登録番号,C_v9.4+v9.5追加祖先反映で完成,母母父,0,0,2,2,,Red God,極,Wild Risk,極,Tudor Minstrel,地,Determine,地,Bull Dog,極,Sweep,バ,Nasrullah,極,Count Fleet,極,Bull Dog,極,極・極・地｜地・極・バ｜極・極・極,
ID:1140006168,D'wildcat,D'wildcat,1140006168,確定,繁殖登録番号,A_v9.3直接完成,母父,0,2,0,2,2,Storm Cat,地,Bold Native,極,Seaneen,バ,Secretariat,極,Northern Dancer,地,Chop Chop,極,In Reality,極,Buckpasser,極,Star Kingdom,地,地-極-バ | 極-地-極 | 極-極-地,
ID:1140006772,Daggers Drawn,Daggers Drawn,1140006772,確定,繁殖登録番号,B_TARGET再構成＋v9.3既存Mで完成,母母父,0,0,2,2,2,Sharpen Up,地,Reliance,極,Crepello,極,Northern Dancer,地,Raise a Native,極,Tom Fool,極,Sir Gaylord,極,Occupy,極,Challenger,極,地・極・極｜地・極・極｜極・極・極,
ID:1140007211,Dalhart,Dalhart,1140007211,確定,繁殖登録番号,B_TARGET再構成＋v9.3既存Mで完成,母母父,0,0,2,2,2,Mr. Prospector,極,Tom Rolfe,極,Double Jay,極,Northern Dancer,地,Victoria Park,極,Bull Page,極,Tom Rolfe,極,War Admiral,極,Tourbillon,極,極・極・極｜地・極・極｜極・極・極,
ID:1140007004,Dance Floor,Dance Floor,1140007004,確定,繁殖登録番号,Z_v9.27_TARGET系譜不足枝0扱いで完成,母父・母母父,0,1,1,2,,Naskra,極,Clandestine,極,Tudor Minstrel,地,Native Dancer,極,Heliopolis,地,High Quest,極,Full Sail,極,,バ,,バ,極・極・地｜極・地・極｜極・バ・バ,
ID:1140007415,Daredevil,Daredevil,1140007415,確定,繁殖登録番号,A_v9.3直接完成,父・母父,1,1,0,2,2,Southern Halo,バ,Woodman,バ,Naskra,極,Mr. Prospector,極,Tom Rolfe,極,Double Jay,極,Halo,極,Sunny,極,Daumier,極,バ-バ-極 | 極-極-極 | 極-極-極,
NAME:Deep Field,Deep Field,Deep Field,,TARGET繁殖登録番号未取得・個体同定済,入力名＋父母血統で個体同定,Web個体同定＋既存/固定8代M,父,2,0,0,2,2,Encosta de Lago,地,Fappiano,極,Forli,地,Gone West,地,Hero's Honor,地,Sir Ivor,極,Sir Tristram,極,In the Purple,極,Le Filou,極,地・極・地｜地・地・極｜極・極・極,Northern Meteor×Listen Here(Elusive Quality)、祖母Announce(Military Plume)から9枝を展開。Military Plume母系Frivoleの父Le Filouまで確認。
ID:1140004572,Defrere,Defrere,1140004572,確定,繁殖登録番号,B_TARGET再構成＋v9.3既存Mで完成,母母父,0,0,2,2,2,Vice Regent,バ,Bunty's Flight,極,Jabneh,極,Bold Ruler,極,Princequillo,極,Caruso,バ,Sword Dancer,極,My Babu,極,Sickle,極,バ・極・極｜極・極・バ｜極・極・極,
ID:1140003509,Demons Begone,Demons Begone,1140003509,確定,繁殖登録番号,M_v9.15古血統安全確定反映で完成,母母父,0,0,2,2,,Gallant Romeo,極,Fleet Nasrullah,極,Alibhai,地,Hail to Reason,極,Cosmic Bomb,極,Mahmoud,極,Rasper,地,The Solicitor,極,Birthright,極,極・極・地｜極・極・極｜地・極・極,
ID:1140007366,Desert God,Desert God,1140007366,確定,繁殖登録番号,C_v9.4高影響祖先補完で完成,母母父,0,0,2,2,2,Mr. Prospector,極,Dr. Fager,極,Correlation,極,Red God,極,Wild Risk,極,Tudor Minstrel,地,Alibhai,地,Discovery,極,Broomstick,バ,極・極・極｜極・極・地｜地・極・バ,
ID:1130000827,Dike,Dike,1130000827,確定,繁殖登録番号,Z_v9.27_TARGET系譜不足枝0扱いで完成,母母父,0,0,2,2,,Vandale,極,Escamillo,極,Firdaussi,極,Nearco,極,Blenheim,極,The Tetrarch,バ,Ultimus,バ,Uncle,バ,,バ,極・極・極｜極・極・バ｜バ・バ・バ,
ID:1140003948,Dixie Brass,Dixie Brass,1140003948,確定,繁殖登録番号,Z_v9.27_TARGET系譜不足枝0扱いで完成,母母父,0,0,2,2,,Northern Dancer,地,Delta Judge,地,Warfare,地,Pretense,地,Princequillo,極,Sickle,極,,バ,,バ,,バ,地・地・地｜地・極・極｜バ・バ・バ,
ID:1140007250,Don Eduardo,Don Eduardo,1140007250,確定,繁殖登録番号,Z_v9.27_TARGET系譜不足枝0扱いで完成,母母父,0,0,2,2,,Sir Tristram,極,Nureyev,地,Val de Loir,極,Faringdon,地,Port Vista,極,,バ,Relic,極,Dante,極,Niccolo Dell'Arca,極,極・地・極｜地・極・バ｜極・極・極,
ID:1140002467,Don't Forget Me,Don't Forget Me,1140002467,確定,繁殖登録番号,B_TARGET再構成＋v9.3既存Mで完成,母母父,0,0,2,2,2,Lorenzaccio,極,Martial,極,Whistler,極,Sing Sing,地,Nimbus,極,Bobsleigh,極,Nasrullah,極,Blue Peter,極,Blandford,極,極・極・極｜地・極・極｜極・極・極,
ID:1140002627,Dr. Blum,Dr. Blum,1140002627,確定,繁殖登録番号,B_TARGET再構成＋v9.3既存Mで完成,母母父,0,0,2,2,2,Rough'n Tumble,極,Better Self,極,Bull Brier,極,Turn-to,極,Princequillo,極,Caruso,バ,Nasrullah,極,Discovery,極,Pompey,極,極・極・極｜極・極・バ｜極・極・極,
ID:1140007456,Due Diligence,Due Diligence,1140007456,確定,繁殖登録番号,A_v9.3直接完成,母父,0,2,0,2,2,Danzig,地,Rubiano,地,Forli,地,A.P. Indy,バ,Mr. Prospector,極,Honest Pleasure,極,Nearctic,地,Native Dancer,極,Fighting Fox,極,地-地-地 | バ-極-極 | 地-極-極,
ID:1140007423,Dundeel,Dundeel,1140007423,確定,繁殖登録番号,A_v9.3直接完成,父・母父,1,1,0,2,2,Sadler's Wells,地,Darshaan,地,Kris,地,Sir Tristram,極,Nureyev,地,Val de Loir,極,Luskin Star,地,Wilkes,極,,バ,地-地-地 | 極-地-極 | 地-極-バ,
ID:1140005709,Eighty Below Zero,Eighty Below Zero,1140005709,確定,繁殖登録番号,Y_v9.26残件祖先固定8代欠損0運用確定で完成,母母父,0,0,2,2,,T. V. Commercial,地,Arctic Prince,極,Court Martial,極,Case Ace,バ,Man o'War,極,Pennant,バ,Donatello,極,Hyperion,地,Swynford,極,地・極・極｜バ・極・バ｜極・地・極,
ID:1140003906,El Basco,El Basco,1140003906,確定,繁殖登録番号,B_TARGET再構成＋v9.3既存Mで完成,母母父,0,0,2,2,2,Grey Dawn,極,El Relicario,極,Cranach,極,Prince John,極,Tom Fool,極,Hyperion,地,Nasrullah,極,Flares,極,Stimulus,バ,極・極・極｜極・極・地｜極・極・バ,
ID:1140007356,Elnadim,Elnadim,1140007356,確定,繁殖登録番号,B_TARGET再構成＋v9.3既存Mで完成,母母父,0,0,2,2,2,Northern Dancer,地,Admiral's Voyage,バ,Petition,極,Raise a Native,極,Shut Out,極,Pilate,極,Endeavour,極,Hyperion,地,Winalot,極,地・バ・極｜極・極・極｜極・地・極,
ID:1140006879,Emcee,Emcee,1140006879,確定,繁殖登録番号,A_v9.3直接完成,父,2,0,0,2,2,Unbridled,極,Caro,極,Lucky Mel,地,Storm Bird,地,Seattle Slew,極,Prince John,極,Al Hattab,バ,Gray Phantom,極,Dante,極,極-極-地 | 地-極-極 | バ-極-極,
ID:1140007380,Epaulette,Epaulette,1140007380,確定,繁殖登録番号,A_v9.3直接完成,母父,0,2,0,2,2,Danehill,地,My Swanee,極,Pieces of Eight,極,In The Wings,地,Halo,極,Herbager,極,Never Bend,極,Princequillo,極,Count Fleet,極,地-極-極 | 地-極-極 | 極-極-極,
ID:1140007434,Essential Quality,Essential Quality,1140007434,確定,繁殖登録番号,A_v9.3直接完成,父,2,0,0,2,2,Pulpit,地,Unbridled,極,Nijinsky,バ,Gone West,地,Hero's Honor,地,Sir Ivor,極,Storm Bird,地,Secretariat,極,Crimson Satan,極,地-極-バ | 地-地-極 | 地-極-極,
ID:1140007618,Exceedance,Exceedance,1140007618,確定,繁殖登録番号,A_v9.3直接完成,父,2,0,0,2,2,Danehill,地,Lomond,極,Watch Your Step,地,Spinning World,地,Bluebird,地,Bletchingly,地,Huntingdale,地,Yeats,地,To Market,極,地-極-地 | 地-地-地 | 地-地-極,
ID:1140007312,Explicit,Explicit,1140007312,確定,繁殖登録番号,B_TARGET再構成＋v9.3既存Mで完成,母母父,0,0,2,2,2,Mr. Prospector,極,Irish River,極,Lyphard,バ,Sir Gaylord,極,Mr. Trouble,極,Pharamond,極,Nearctic,地,Native Dancer,極,Mahmoud,極,極・極・バ｜極・極・極｜地・極・極,
ID:1140004346,Ezzoud,Ezzoud,1140004346,確定,繁殖登録番号,B_TARGET再構成＋v9.3既存Mで完成,母母父,0,0,2,2,2,Try My Best,地,Mill Reef,バ,Sayajirao,極,Hornbeam,地,Vatellor,極,Verso,極,Tenerani,極,El Greco,極,Papyrus,極,地・バ・極｜地・極・極｜極・極・極,
ID:1140002716,Fast Play,Fast Play,1140002716,確定,繁殖登録番号,C_v9.4高影響祖先補完で完成,母母父,0,0,2,2,2,Bold Reasoning,極,Poker,極,Jet Action,極,Tom Fool,極,War Admiral,極,Blue Larkspur,バ,Roman,極,Discovery,極,Broomstick,バ,極・極・極｜極・極・バ｜極・極・バ,
ID:1140007070,Fed Biz,Fed Biz,1140007070,確定,繁殖登録番号,A_v9.3直接完成,父,2,0,0,2,2,Storm Cat,地,Rahy,バ,Roberto,極,Icecapade,バ,Khaled,地,Dante,極,Raise a Native,極,Nashua,極,Count Fleet,極,地-バ-極 | バ-地-極 | 極-極-極,
ID:1140007352,Flat Out,Flat Out,1140007352,確定,繁殖登録番号,A_v9.3直接完成,母父,0,2,0,2,2,A.P. Indy,バ,Mr. Prospector,極,Northern Dancer,地,Northern Dancer,地,Blue Prince,極,Ambiorix,極,Balladier,バ,Whisk Broom,バ,Sain,極,バ-極-地 | 地-極-極 | バ-バ-極,
ID:1140007255,Forestier,Forestier,1140007255,確定,繁殖登録番号,Y_v9.26残件祖先固定8代欠損0運用確定で完成,母母父,0,0,2,2,,Nonoalco,地,Sovereign Path,極,Orsini,極,Lyphard,バ,Habitat,極,Primera,極,Queen's Hussar,極,Prince Chevalier,極,Horus,バ,地・極・極｜バ・極・極｜極・極・バ,
ID:1140004552,Formal Gold,Formal Gold,1140004552,確定,繁殖登録番号,Z_v9.27_TARGET系譜不足枝0扱いで完成,母父・母母父,0,1,1,2,,Miswaki,極,Al Hattab,バ,Bold Commander,極,Silent Screen,極,Nashua,極,Mahmoud,極,,バ,,バ,,バ,極・バ・極｜極・極・極｜バ・バ・バ,
ID:1140006945,Free Eagle,Free Eagle,1140006945,確定,繁殖登録番号,A_v9.3直接完成,父,2,0,0,2,2,Sadler's Wells,地,Darshaan,地,Kris,地,Danzig,地,His Majesty,地,Buckpasser,極,Exclusive Native,極,Crafty Admiral,極,Volcanic,極,地-地-地 | 地-地-極 | 極-極-極,
ID:1140006863,Freedom Cry,Freedom Cry,1140006863,確定,繁殖登録番号,B_TARGET再構成＋v9.3既存Mで完成,母母父,0,0,2,2,2,Nureyev,地,Venture,極,Vandale,極,Bold Bidder,極,Tom Fool,極,Hyperion,地,Nearctic,地,Native Dancer,極,Mahmoud,極,地・極・極｜極・極・地｜地・極・極,
ID:1140003656,Gate Dancer,Gate Dancer,1140003656,確定,繁殖登録番号,Y_v9.26残件祖先固定8代欠損0運用確定で完成,母母父,0,0,2,2,,Northern Dancer,地,Bold Ruler,極,Mahmoud,極,Bull Dog,極,Ballot,バ,Trenton,バ,Sun Teddy,極,Stimulus,バ,Isidor,バ,地・極・極｜極・バ・バ｜極・バ・バ,
ID:1140001914,Gato Del Sol,Gato Del Sol,1140001914,確定,繁殖登録番号,Z_v9.27_TARGET系譜不足枝0扱いで完成,母母父,0,0,2,2,,Tale of Two Cities,極,Madara,極,Afghan,極,Bold Ruler,極,,バ,,バ,Turn-to,極,Blue Swords,極,Sir Gallahad,極,極・極・極｜極・バ・バ｜極・極・極,
ID:1140002377,General Holme,General Holme,1140002377,確定,繁殖登録番号,Y_v9.26残件祖先固定8代欠損0運用確定で完成,母母父,0,0,2,2,,Star Kingdom,地,Colombo,極,Diophon,極,Reigh Count,極,Haste,バ,Stefan the Great,極,Case Ace,バ,Man o'War,極,Pennant,バ,地・極・極｜極・バ・極｜バ・極・バ,
ID:1140007510,Ghaiyyath,Ghaiyyath,1140007510,確定,繁殖登録番号,A_v9.3直接完成,父,2,0,0,2,2,Dubai Millennium,地,Deploy,バ,ダンシングブレーヴ,バ,Sadler's Wells,地,Miswaki,極,Lombard,地,Ahonoora,バ,Swing Easy,地,Skymaster,極,地-バ-バ | 地-極-地 | バ-地-極,
ID:1140006268,Giacomo,Giacomo,1140006268,確定,繁殖登録番号,A_v9.3直接完成,母父,0,2,0,2,2,Great Above,極,Al Hattab,バ,Grey Dawn,極,Hail to Reason,極,Tom Fool,極,Prince Bio,極,Bold Ruler,極,My Babu,極,Panorama,極,極-バ-極 | 極-極-極 | 極-極-極,
ID:1140007605,Global Campaign,Global Campaign,1140007605,確定,繁殖登録番号,A_v9.3直接完成,父,2,0,0,2,2,Smart Strike,地,Deputy Minister,地,Bates Motel,極,Seattle Slew,極,Secretariat,極,Buckpasser,極,General,極,Con Brio,極,Atlas,地,地-地-極 | 極-極-極 | 極-極-地,
ID:1140007287,Good and Tough,Good and Tough,1140007287,確定,繁殖登録番号,B_TARGET再構成＋v9.3既存Mで完成,母母父,0,0,2,2,2,Mr. Prospector,極,Blushing Groom,極,Nijinsky,バ,Raja Baba,極,Northern Dancer,地,Dark Star,極,Princequillo,極,Nasrullah,極,Bull Lea,極,極・極・バ｜極・地・極｜極・極・極,
ID:1140007106,Grand Reward,Grand Reward,1140007106,確定,繁殖登録番号,A_v9.3直接完成,母父,0,2,0,2,2,Storm Bird,地,Secretariat,極,Crimson Satan,極,Blushing Groom,極,Halo,極,Herbager,極,Northern Dancer,地,Occupy,極,Challenger,極,地-極-極 | 極-極-極 | 地-極-極,
ID:1140006914,Graydar,Graydar,1140006914,確定,繁殖登録番号,A_v9.3直接完成,父・母父,1,1,0,2,2,Unbridled,極,Caro,極,Lucky Mel,地,Deputy Minister,地,Secretariat,極,Damascus,極,Mr. Prospector,極,Bold Commander,極,Turn-to,極,極-極-地 | 地-極-極 | 極-極-極,
ID:1140007056,Gutaifan,Gutaifan,1140007056,確定,繁殖登録番号,A_v9.3直接完成,父・母父,1,1,0,2,2,Acclamation,地,Machiavellian,極,Night Shift,地,Riverman,極,Cutlass,極,Count Fleet,極,Nijinsky,バ,Damascus,極,Forli,地,地-極-地 | 極-極-極 | バ-極-地,
ID:1140007253,Haatef,Haatef,1140007253,確定,繁殖登録番号,B_TARGET再構成＋v9.3既存Mで完成,母母父,0,0,2,2,2,Northern Dancer,地,Admiral's Voyage,バ,Petition,極,Raise a Native,極,Nashua,極,Count Fleet,極,Red God,極,Wild Risk,極,Tudor Minstrel,地,地・バ・極｜極・極・極｜極・極・地,
ID:1140007213,Halo Sunshine,Halo Sunshine,1140007213,確定,繁殖登録番号,B_TARGET再構成＋v9.3既存Mで完成,母母父,0,0,2,2,2,Hail to Reason,極,Cosmic Bomb,極,Mahmoud,極,Naskra,極,Clandestine,極,Tudor Minstrel,地,Sir Gaylord,極,Tom Fool,極,Mahmoud,極,極・極・極｜極・極・地｜極・極・極,
ID:1140007324,Heliostatic,Heliostatic,1140007324,確定,繁殖登録番号,A_v9.3直接完成,母父,0,2,0,2,2,Sadler's Wells,地,Miswaki,極,Lombard,地,Busted,極,Shantung,地,Tamerlane,極,Sir Gaylord,極,Court Martial,極,Hyperion,地,地-極-地 | 極-地-極 | 極-極-地,
ID:1140007249,Hinchinbrook,Hinchinbrook,1140007249,確定,繁殖登録番号,A_v9.3直接完成,母父,0,2,0,2,2,Danehill,地,Royal Academy,バ,Marauding,地,Lunchtime,地,Grand Chaudiere,バ,Misty Day,極,Northern Dancer,地,New Providence,極,Chop Chop,極,地-バ-地 | 地-バ-極 | 地-極-極,
ID:1140001574,Hold Your Peace,Hold Your Peace,1140001574,確定,繁殖登録番号,Y_v9.26残件祖先固定8代欠損0運用確定で完成,母母父,0,0,2,2,,Prince John,極,Tornado,極,Astrophel,極,Pilate,極,High Time,バ,Man o'War,極,Black Servant,バ,North Star,バ,Fariman,バ,極・極・極｜極・バ・極｜バ・バ・バ,
ID:1140007694,Home Affairs,Home Affairs,1140007694,確定,繁殖登録番号,A_v9.3直接完成,父,2,0,0,2,2,Invincible Spirit,地,Canny Lad,地,Zoffany,極,Danehill,地,Mr. Prospector,極,Sir Ivor,極,Nureyev,地,Blushing Groom,極,Mr. Prospector,極,地-地-極 | 地-極-極 | 地-極-極,
ID:1140002926,Houston,Houston,1140002926,確定,繁殖登録番号,Y_v9.26残件祖先固定8代欠損0運用確定で完成,母母父,0,0,2,2,,Bold Reasoning,極,Poker,極,Jet Action,極,Cohoes,極,Bull Lea,極,Diavolo,バ,Meadow,極,Diadochos,バ,Fisherman,バ,極・極・極｜極・極・バ｜極・バ・バ,
ID:1140001510,Ile de Bourbon,Ile de Bourbon,1140001510,確定,繁殖登録番号,Y_v9.26残件祖先固定8代欠損0運用確定で完成,母母父,0,0,2,2,,Northern Dancer,地,Bull Page,極,Menow,極,Medium,極,Tornado,極,Rienzo,極,Ocean Swell,極,Mahmoud,極,Kantar,バ,地・極・極｜極・極・極｜極・極・バ,
ID:1140007355,Improbable,Improbable,1140007355,確定,繁殖登録番号,A_v9.3直接完成,父,2,0,0,2,2,Carson City,極,Relaunch,極,Tri Jet,バ,Seattle Slew,極,Secretariat,極,Buckpasser,極,Nureyev,地,Blushing Groom,極,Mr. Prospector,極,極-極-バ | 極-極-極 | 地-極-極,
ID:1140007285,Indian Rocket,Indian Rocket,1140007285,確定,繁殖登録番号,Z_v9.27_TARGET系譜不足枝0扱いで完成,母父,0,2,0,2,,Ahonoora,バ,Swing Easy,地,Skymaster,極,Sing Sing,地,Grey Sovereign,極,Honeyway,極,Prince Taj,極,,バ,,バ,バ・地・極｜地・極・極｜極・バ・バ,
ID:1140007136,Irish Fighter,Irish Fighter,1140007136,確定,繁殖登録番号,F_v9.4-v9.8追加祖先反映で完成,母母父,0,0,2,2,,Riverman,極,Klairon,極,East Side,極,Bold Ruler,極,Sun Again,バ,American Flag,極,Alibhai,地,Mahmoud,極,Clarissimus,極,極・極・極｜極・バ・極｜地・極・極,
ID:1140007261,Istan,Istan,1140007261,確定,繁殖登録番号,A_v9.3直接完成,母父,0,2,0,2,2,Mr. Prospector,極,Secretariat,極,Tim Tam,極,Storm Bird,地,Sir Ivor,極,Tim Tam,極,Key to the Mint,地,Nijinsky,バ,Tim Tam,極,極-極-極 | 地-極-極 | 地-バ-極,
ID:1140002337,It's Freezing,It's Freezing,1140002337,確定,繁殖登録番号,F_v9.4-v9.8追加祖先反映で完成,母母父,0,0,2,2,,T. V. Lark,地,Alibhai,地,Mahmoud,極,Prince Chevalier,極,Nearco,極,Solario,極,Fair Trial,極,Hurry On,バ,Gainsborough,極,地・地・極｜極・極・極｜極・バ・極,
ID:1140007558,Jack Christopher,Jack Christopher,1140007558,確定,繁殖登録番号,A_v9.3直接完成,父,2,0,0,2,2,Speightstown,地,Holy Bull,地,Lord At War,地,Unbridled's Song,バ,Storm Cat,地,Flying Paster,地,Damascus,極,Francis S.,極,Correlation,極,地-地-地 | バ-地-地 | 極-極-極,
ID:1140007539,Jackie's Warrior,Jackie's Warrior,1140007539,確定,繁殖登録番号,A_v9.3直接完成,父,2,0,0,2,2,Distorted Humor,地,Unbridled's Song,バ,Gone West,地,A.P. Indy,バ,Danzig,地,Hoist the Flag,極,Seattle Slew,極,Stop the Music,極,Dunce,極,地-バ-地 | バ-地-極 | 極-極-極,
ID:1140003508,Jolie's Halo,Jolie's Halo,1140003508,確定,繁殖登録番号,B_TARGET再構成＋v9.3既存Mで完成,母母父,0,0,2,2,2,Hail to Reason,極,Cosmic Bomb,極,Mahmoud,極,Sir Gaylord,極,Mr. Trouble,極,Pharamond,極,Nasrullah,極,Count Fleet,極,Bull Dog,極,極・極・極｜極・極・極｜極・極・極,
ID:1140007496,Kameko,Kameko,1140007496,確定,繁殖登録番号,A_v9.3直接完成,父,2,0,0,2,2,El Prado,地,Lear Fan,極,L'Enjoleur,バ,Danehill,地,Be My Guest,地,Bold Lad (IRE),バ,El Gran Senor,地,Top Ville,バ,Val de Loir,極,地-極-バ | 地-地-バ | 地-バ-極,
ID:1140007021,Karakontie,Karakontie,1140007021,確定,繁殖登録番号,A_v9.3直接完成,父,2,0,0,2,2,Storm Cat,地,Affirmed,極,Round Table,極,Halo,極,Understanding,極,Montparnasse,地,Mr. Prospector,極,Buckpasser,極,Swaps,地,地-極-極 | 極-極-地 | 極-極-地,
ID:1140007170,Khozan,Khozan,1140007170,確定,繁殖登録番号,A_v9.3直接完成,父,2,0,0,2,2,Forty Niner,地,Danzig,地,Mr. Leader,極,Seattle Slew,極,Secretariat,極,Buckpasser,極,Northern Dancer,地,Court Martial,極,Formor,極,地-地-極 | 極-極-極 | 地-極-極,
ID:1140005943,Kingsalsa,Kingsalsa,1140005943,確定,繁殖登録番号,A_v9.3直接完成,母父,0,2,0,2,2,Mr. Prospector,極,Nureyev,地,Prove Out,地,Fortino,極,Chamossaire,極,Solario,極,Clarion,極,,バ,,バ,極-地-地 | 極-極-極 | 極-バ-バ,
ID:1140006752,Kissin Kris,Kissin Kris,1140006752,確定,繁殖登録番号,D_v9.4-v9.6追加祖先反映で完成,母母父,0,0,2,2,,Roberto,極,Princequillo,極,Occupy,極,Alibhai,地,Beau Pere,極,Windsor Lad,極,Turn-to,極,Bubbling Over,バ,Wrack,バ,極・極・極｜地・極・極｜極・バ・バ,
ID:1140007140,Konigstiger,Konigstiger,1140007140,確定,繁殖登録番号,B_TARGET再構成＋v9.3既存Mで完成,母母父,0,0,2,2,2,Danehill,地,Appiani,地,St. Chad,地,Sadler's Wells,地,Habitat,極,Runnymede,極,Never Bend,極,Princequillo,極,Count Fleet,極,地・地・地｜地・極・極｜極・極・極,
ID:1140004031,Lake Coniston,Lake Coniston,1140004031,確定,繁殖登録番号,B_TARGET再構成＋v9.3既存Mで完成,母母父,0,0,2,2,2,Storm Bird,地,Sir Ivor,極,Tim Tam,極,Bold Lad (IRE),バ,Relko,極,Blue Peter,極,Nantallah,極,Gold Bridge,極,Blandford,極,地・極・極｜バ・極・極｜極・極・極,
ID:1140003672,Lammtarra,Lammtarra,1140003672,確定,繁殖登録番号,Y_v9.26残件祖先固定8代欠損0運用確定で完成,母母父,0,0,2,2,,Northern Dancer,地,Bull Page,極,Menow,極,Red God,極,Wild Risk,極,Tudor Minstrel,地,Firestreak,地,Flush Royal,極,Tehran,極,地・極・極｜極・極・地｜地・極・極,
ID:1140007339,Laoban,Laoban,1140007339,確定,繁殖登録番号,A_v9.3直接完成,母父,0,2,0,2,2,Indian Charlie,地,Arch,地,Dixieland Band,地,Gone West,地,Storm Cat,地,Chieftain,極,Danzig,地,Secretariat,極,Hail to Reason,極,地-地-地 | 地-地-極 | 地-極-極,
ID:1140004610,Leading Counsel,Leading Counsel,1140004610,確定,繁殖登録番号,B_TARGET再構成＋v9.3既存Mで完成,母母父,0,0,2,2,2,Hoist the Flag,極,Prince John,極,Determine,地,Turn-to,極,Princequillo,極,Caruso,バ,Heliopolis,地,Omaha,極,Stimulus,バ,極・極・地｜極・極・バ｜地・極・バ,
ID:1140006904,Lookin At Lucky,Lookin At Lucky,1140006904,確定,繁殖登録番号,A_v9.3直接完成,母父,0,2,0,2,2,Mr. Prospector,極,Smarten,バ,Nodouble,バ,Danzig,地,Exclusive Native,極,Hail to Reason,極,Icecapade,バ,Better Bee,バ,Djeddah,極,極-バ-バ | 地-極-極 | バ-バ-極,
ID:1140000665,Lypheor,Lypheor,1140000665,確定,繁殖登録番号,Y_v9.26残件祖先固定8代欠損0運用確定で完成,母母父,0,0,2,2,,Northern Dancer,地,Court Martial,極,Formor,極,Tudor Minstrel,地,Portlaw,極,Xandover,バ,Clarion,極,Kantar,バ,Swynford,極,地・極・極｜地・極・バ｜極・バ・極,
ID:1140006910,Magician,Magician,1140006910,確定,繁殖登録番号,A_v9.3直接完成,父・母父,1,1,0,2,2,Sadler's Wells,地,Miswaki,極,Lombard,地,Danehill,地,Spectacular Bid,極,Graustark,地,Bluebird,地,Persian Bold,地,Ridan,極,地-極-地 | 地-極-地 | 地-地-極,
ID:1140007418,Magna Grecia,Magna Grecia,1140007418,確定,繁殖登録番号,A_v9.3直接完成,父,2,0,0,2,2,Green Desert,地,Kris,地,Artaius,バ,Sadler's Wells,地,Miswaki,極,Lombard,地,Roberto,極,Lt. Stevens,極,War Admiral,極,地-地-バ | 地-極-地 | 極-極-極,
ID:1140007284,Make Believe,Make Believe,1140007284,確定,繁殖登録番号,A_v9.3直接完成,父,2,0,0,2,2,Dubawi,地,Green Desert,地,Irish River,極,Green Dancer,バ,Alleged,地,Round Table,極,Habitat,極,Claude,地,Ribot,極,地-地-極 | バ-地-極 | 極-地-極,
ID:1140006368,Manipulator,Manipulator,1140006368,確定,繁殖登録番号,A_v9.3直接完成,母父・母母父,0,1,1,2,2,Fappiano,極,Le Fabuleux,極,In Reality,極,Damascus,極,Buckpasser,極,Swaps,地,Graustark,地,Princequillo,極,,バ,極-極-極 | 極-極-地 | 地-極-バ,
ID:1140001417,Mariache,Mariache,1140001417,確定,繁殖登録番号,F_v9.4-v9.8追加祖先反映で完成,母母父,0,0,2,2,,Ballymoss,極,Native Dancer,極,Challenger,極,Fair Trial,極,Hurry On,バ,Gainsborough,極,Gainsborough,極,Chaucer,極,Minoru,バ,極・極・極｜極・バ・極｜極・極・バ,
ID:1140007057,Mastery,Mastery,1140007057,確定,繁殖登録番号,A_v9.3直接完成,父,2,0,0,2,2,Ride the Rails,極,Candy Stripes,バ,Farnesio,極,A.P. Indy,バ,Vigors,極,Crozier,地,Storm Bird,地,Secretariat,極,Crimson Satan,極,極-バ-極 | バ-極-地 | 地-極-極,
ID:1140007494,Maurice,Maurice,1140007494,確定,繁殖登録番号,A_v9.3直接完成,父,2,0,0,2,2,グラスワンダー,地,Sunday Silence,地,ノーザンテースト,地,Sadler's Wells,地,Riverman,極,Sunny Boy,極,Lyphard,バ,Lucky Debonair,極,Palestinian,極,地-地-地 | 地-極-極 | バ-極-極,
ID:1140007629,Maxfield,Maxfield,1140007629,確定,繁殖登録番号,A_v9.3直接完成,父,2,0,0,2,2,Street Cry,地,Dixieland Band,地,His Majesty,地,A.P. Indy,バ,Quiet American,地,Spectacular Bid,極,Storm Bird,地,Secretariat,極,Crimson Satan,極,地-地-地 | バ-地-極 | 地-極-極,
ID:1140006572,Mayson,Mayson,1140006572,確定,繁殖登録番号,A_v9.3直接完成,父,2,0,0,2,2,Green Desert,地,Kris,地,Artaius,バ,Polar Falcon,地,Cozzene,極,Bustino,極,Formidable,地,High Top,バ,Ragusa,極,地-地-バ | 地-極-極 | 地-バ-極,
ID:1140000675,Mill George,Mill George,1140000675,確定,繁殖登録番号,K_v9.13古血統精査反映で完成,母母父,0,0,2,2,,Never Bend,極,Princequillo,極,Count Fleet,極,Ribot,極,Ambiorix,極,Petee-Wrack,極,Nasrullah,極,Baytown,極,Hainault,極,極・極・極｜極・極・極｜極・極・極,
ID:1130000149,Mill Reef,Mill Reef,1130000149,確定,繁殖登録番号,K_v9.13古血統精査反映で完成,母母父,0,0,2,2,,Nasrullah,極,Djeddah,極,Bimelech,極,Prince Rose,極,Papyrus,極,White Eagle,バ,Reigh Count,極,Haste,バ,Stefan the Great,極,極・極・極｜極・極・バ｜極・バ・極,
ID:1140007549,Minstrel Glory,Minstrel Glory,1140007549,確定,繁殖登録番号,C_v9.4+v9.5追加祖先反映で完成,母母父,0,0,2,2,,Northern Dancer,地,Victoria Park,極,Bull Page,極,Tom Rolfe,極,War Admiral,極,Tourbillon,極,Polynesian,極,Bull Lea,極,Sweep,バ,地・極・極｜極・極・極｜極・極・バ,
ID:1140003398,Mo Exception,Mo Exception,1140003398,確定,繁殖登録番号,Y_v9.26残件祖先固定8代欠損0運用確定で完成,母母父,0,0,2,2,,Golden Ruler,バ,Sub Fleet,極,Sweep All,バ,Native Dancer,極,Pilate,極,The Satrap,バ,Free For All,バ,Bull Dog,極,Upset,バ,バ・極・バ｜極・極・バ｜バ・極・バ,
ID:1140006001,Mo Power,Mo Power,1140006001,確定,繁殖登録番号,Z_v9.27_TARGET系譜不足枝0扱いで完成,母母父,0,0,2,2,,Raise a Native,極,Sir Gallahad,極,Blue Larkspur,バ,,バ,,バ,,バ,,バ,,バ,,バ,極・極・バ｜バ・バ・バ｜バ・バ・バ,
ID:1140007139,Mohaymen,Mohaymen,1140007139,確定,繁殖登録番号,A_v9.3直接完成,父,2,0,0,2,2,Pulpit,地,Unbridled,極,Nijinsky,バ,Dixieland Band,地,Capote,極,Mr. Prospector,極,Relaunch,極,Al Nasr,バ,Francis S.,極,地-極-バ | 地-極-極 | 極-バ-極,
ID:1140005761,Monsieur Bond,Monsieur Bond,1140005761,確定,繁殖登録番号,A_v9.3直接完成,母父,0,2,0,2,2,Danehill,地,Sharpen Up,地,Caro,極,Sing Sing,地,Vilmorin,極,Winterhalter,極,Prince Chevalier,極,Nearco,極,Singapore,極,地-地-極 | 地-極-極 | 極-極-極,
ID:1140007304,Mr Speaker,Mr Speaker,1140007304,確定,繁殖登録番号,A_v9.3直接完成,母父,0,2,0,2,2,A.P. Indy,バ,Mr. Prospector,極,Honest Pleasure,極,Fappiano,極,Le Fabuleux,極,In Reality,極,Damascus,極,Buckpasser,極,Swaps,地,バ-極-極 | 極-極-極 | 極-極-地,
ID:1140007178,Mshawish,Mshawish,1140007178,確定,繁殖登録番号,A_v9.3直接完成,父,2,0,0,2,2,El Prado,地,Bailjumper,地,Silent Screen,極,Gulch,地,Storm Bird,地,High Line,地,Storm Bird,地,Secretariat,極,Crimson Satan,極,地-地-極 | 地-地-地 | 地-極-極,
ID:1140007173,Mucho Macho Man,Mucho Macho Man,1140007173,確定,繁殖登録番号,A_v9.3直接完成,父・母父,1,1,0,2,2,Holy Bull,地,Blushing Groom,極,Mr. Prospector,極,Two Punch,極,Nijinsky,バ,Native Dancer,極,Hoist the Flag,極,Victoria Park,極,Le Lavandou,極,地-極-極 | 極-バ-極 | 極-極-極,
ID:1130001163,Nashville,Nashville,1130001163,TARGET繁殖登録番号,繁殖登録番号,TARGET9枝＋欠損枝0扱い,父,2,0,0,2,2,Nearco,極,Blenheim,極,The Tetrarch,バ,Sir Gallahad,極,Celt,バ,,バ,,バ,,バ,,バ,極・極・バ｜極・バ・バ｜バ・バ・バ,TARGET繁殖登録番号1130001163から9枝を展開。取得不能4枝は正式仕様の欠損枝0扱い＝【バ】。
ID:1140006839,Neo Universe,Neo Universe,1140006839,確定,繁殖登録番号,W_v9.24高影響祖先反映で完成,母母父,0,0,2,2,,Halo,極,Understanding,極,Montparnasse,地,Sharpen Up,地,Reliance,極,Crepello,極,Sicambre,極,Hyperion,地,Schiavoni,極,極・極・地｜地・極・極｜極・地・極,
ID:1140002828,No Lute,No Lute,1140002828,確定,繁殖登録番号,Y_v9.26残件祖先固定8代欠損0運用確定で完成,母母父,0,0,2,2,,Klairon,極,Cranach,極,Brantome,極,My Babu,極,Easton,極,Man o'War,極,Court Martial,極,Solario,極,Kircubbin,バ,極・極・極｜極・極・極｜極・極・バ,
ID:1140006915,Noble Mission,Noble Mission,1140006915,確定,繁殖登録番号,A_v9.3直接完成,父,2,0,0,2,2,Sadler's Wells,地,Miswaki,極,Lombard,地,Danzig,地,His Majesty,地,Buckpasser,極,Blushing Groom,極,Herbager,極,Raise a Native,極,地-極-地 | 地-地-極 | 極-極-極,
ID:1140001214,Northern Jove,Northern Jove,1140001214,確定,繁殖登録番号,Z_v9.27_TARGET系譜不足枝0扱いで完成,母母父,0,0,2,2,,Nearctic,地,Native Dancer,極,Mahmoud,極,Sun Teddy,極,Stimulus,バ,Isidor,バ,,バ,,バ,,バ,地・極・極｜極・バ・バ｜バ・バ・バ,
ID:1140004338,Northern Spur,Northern Spur,1140004338,確定,繁殖登録番号,B_TARGET再構成＋v9.3既存Mで完成,母母父,0,0,2,2,2,Northern Dancer,地,Bold Reason,極,Forli,地,Faberge,極,Supreme Court,極,Nearco,極,Tudor Melody,バ,Court Martial,極,Borealis,地,地・極・地｜極・極・極｜バ・極・地,
ID:1140007296,Ocean Park,Ocean Park,1140007296,確定,繁殖登録番号,A_v9.3直接完成,父,2,0,0,2,2,Spinning World,地,Bluebird,地,Bletchingly,地,Sir Tristram,極,Nureyev,地,Val de Loir,極,Tell,極,Damascus,極,Tulyar,極,地-地-地 | 極-地-極 | 極-極-極,
ID:1140003565,On to Glory,On to Glory,1140003565,確定,繁殖登録番号,Z_v9.27_TARGET系譜不足枝0扱いで完成,母母父,0,0,2,2,,Bold Ruler,極,Princequillo,極,Mahmoud,極,Polynesian,極,Discovery,極,John P.Grier,バ,Sir Gallahad,極,Celt,バ,,バ,極・極・極｜極・極・バ｜極・バ・バ,
ID:1140006712,Paddy O'Prado,Paddy O'Prado,1140006712,確定,繁殖登録番号,A_v9.3直接完成,父,2,0,0,2,2,Sadler's Wells,地,Sir Ivor,極,Tom Fool,極,Kris S.,極,My Dad George,極,Petare,極,Pago Pago,極,Never Bend,極,Dumpty Humpty,地,地-極-極 | 極-極-極 | 極-極-地,
ID:1140003851,Parade Marshal,Parade Marshal,1140003851,確定,繁殖登録番号,B_TARGET再構成＋v9.3既存Mで完成,母母父,0,0,2,2,2,Fortino,極,Chamossaire,極,Solario,極,Swaps,地,Bimelech,極,Blue Larkspur,バ,Prince Rose,極,Bacteriophage,極,Cadum,極,極・極・極｜地・極・バ｜極・極・極,
ID:1140007059,Pedro the Great,Pedro the Great,1140007059,確定,繁殖登録番号,A_v9.3直接完成,母父,0,2,0,2,2,Kingmambo,地,Sadler's Wells,地,Irish River,極,Blushing Groom,極,Herbager,極,Raise a Native,極,Nijinsky,バ,Val de Loir,極,Spy Song,極,地-地-極 | 極-極-極 | バ-極-極,
ID:1140007315,Petit Poucet,Petit Poucet,1140007315,確定,繁殖登録番号,B_TARGET再構成＋v9.3既存Mで完成,母母父,0,0,2,2,2,Northern Dancer,地,Bold Reason,極,Forli,地,Run the Gantlet,極,Levmoss,極,Arctic Slave,極,Northern Dancer,地,Victoria Park,極,Bull Page,極,地・極・地｜極・極・極｜地・極・極,
ID:1140003561,Petong,Petong,1140003561,確定,繁殖登録番号,Y_v9.26残件祖先固定8代欠損0運用確定で完成,母母父,0,0,2,2,,Jaipur,極,Native Dancer,極,Occupy,極,Rockefella,地,Panorama,極,Chrysler,バ,Tudor Minstrel,地,Dante,極,Solario,極,極・極・極｜地・極・バ｜地・極・極,
ID:1140007251,Pierro,Pierro,1140007251,確定,繁殖登録番号,A_v9.3直接完成,母父,0,2,0,2,2,Octagonal,地,Straight Strike,極,First Consul,地,Doyoun,地,Miswaki,極,Crystal Palace,極,Northern Dancer,地,Bold Reason,極,Forli,地,地-極-地 | 地-極-極 | 地-極-地,
ID:1140004258,Pioneering,Pioneering,1140004258,確定,繁殖登録番号,G_v9.4-v9.9追加祖先反映で完成,母母父,0,0,2,2,,Raise a Native,極,Nashua,極,Count Fleet,極,Bold Ruler,極,Princequillo,極,Caruso,バ,Spy Song,極,Requiebro,極,Papanatas,バ,極・極・極｜極・極・バ｜極・極・バ,
ID:1140007231,Planteur,Planteur,1140007231,確定,繁殖登録番号,A_v9.3直接完成,母父,0,2,0,2,2,Danehill,地,Sharpen Up,地,Caro,極,Storm Cat,地,Rahy,バ,Roberto,極,Roberto,極,Lt. Stevens,極,War Admiral,極,地-地-極 | 地-バ-極 | 極-極-極,
ID:1140002549,Polish Navy,Polish Navy,1140002549,確定,繁殖登録番号,I_v9.11_TARGET固定8代年代境界反映で完成,母母父,0,0,2,2,,Northern Dancer,地,Admiral's Voyage,バ,Petition,極,The Yuvaraj,極,Donatello,極,Caerleon,バ,Man o'War,極,Sweep,バ,Harry of Hereford,極,地・バ・極｜極・極・バ｜極・バ・極,
ID:1140002821,Pompeii Court,Pompeii Court,1140002821,確定,繁殖登録番号,B_TARGET再構成＋v9.3既存Mで完成,母母父,0,0,2,2,2,Round Table,極,Nasrullah,極,Big Game,極,Sword Dancer,極,My Babu,極,Sickle,極,Tehran,極,Nearco,極,Blandford,極,極・極・極｜極・極・極｜極・極・極,
ID:1140007489,Postponed,Postponed,1140007489,確定,繁殖登録番号,A_v9.3直接完成,母母父,0,0,2,2,2,Storm Bird,地,Secretariat,極,Buckpasser,極,Mr. Prospector,極,Rambunctious,地,Seven Corners,極,Nearctic,地,Native Dancer,極,Mahmoud,極,地-極-極 | 極-地-極 | 地-極-極,
ID:1140003362,Prized,Prized,1140003362,確定,繁殖登録番号,Y_v9.26残件祖先固定8代欠損0運用確定で完成,母母父,0,0,2,2,,Roberto,極,Princequillo,極,Occupy,極,Dark Star,極,Skytracer,極,Burgoo King,バ,Moslem,極,Diadoque,極,Sandal,極,極・極・極｜極・極・バ｜極・極・極,
ID:1140003847,Propicio,Propicio,1140003847,確定,繁殖登録番号,I_v9.11_TARGET固定8代年代境界反映で完成,母母父,0,0,2,2,,Aristophanes,地,Advocate,極,Congreve,極,Timor,極,Gusty,極,Badruddin,極,Claro,極,Rustom Pasha,極,Barranquero,極,地・極・極｜極・極・極｜極・極・極,
ID:1140005831,Prospector's Halo,Prospector's Halo,1140005831,確定,繁殖登録番号,B_TARGET再構成＋v9.3既存Mで完成,母母父,0,0,2,2,2,Mr. Prospector,極,Cornish Prince,極,Doswell,極,Hail to Reason,極,Cosmic Bomb,極,Mahmoud,極,Royal Charger,極,War Admiral,極,Blue Larkspur,バ,極・極・極｜極・極・極｜極・極・バ,
ID:1140007008,Race Day,Race Day,1140007008,確定,繁殖登録番号,A_v9.3直接完成,父,2,0,0,2,2,Pulpit,地,Unbridled,極,Nijinsky,バ,Southern Halo,バ,Woodman,バ,Naskra,極,Intentionally,極,Rough'n Tumble,極,War Relic,極,地-極-バ | バ-バ-極 | 極-極-極,
ID:1140003737,Rainbows for Life,Rainbows for Life,1140003737,確定,繁殖登録番号,B_TARGET再構成＋v9.3既存Mで完成,母母父,0,0,2,2,2,Northern Dancer,地,Court Martial,極,Formor,極,Hail to Reason,極,Cosmic Bomb,極,Mahmoud,極,Prince John,極,Ballymoss,極,Caldarium,極,地・極・極｜極・極・極｜極・極・極,
ID:1140000966,Raise a Man,Raise a Man,1140000966,確定,繁殖登録番号,Y_v9.26残件祖先固定8代欠損0運用確定で完成,母母父,0,0,2,2,,Native Dancer,極,Case Ace,バ,American Flag,極,Traffic Judge,地,Noor,極,Bull Lea,極,Mahmoud,極,Sir Gallahad,極,Sir Martin,バ,極・バ・極｜地・極・極｜極・極・バ,
ID:1140007439,Red Runner,Red Runner,1140007439,確定,繁殖登録番号,A_v9.3直接完成,母父,0,2,0,2,2,Storm Bird,地,Secretariat,極,Crimson Satan,極,Red God,極,Wild Risk,極,Tudor Minstrel,地,Bold Ruler,極,My Babu,極,,バ,地-極-極 | 極-極-地 | 極-極-バ,
ID:1140007131,Redattore,Redattore,1140007131,確定,繁殖登録番号,A_v9.3直接完成,母父,0,2,0,2,2,Exclusive Native,極,Luthier,極,Carvin,極,Vice Regent,バ,Bunty's Flight,極,Jabneh,極,Tom Fool,極,War Admiral,極,Blue Larkspur,バ,極-極-極 | バ-極-極 | 極-極-バ,
ID:1140006441,Repriced,Repriced,1140006441,確定,繁殖登録番号,B_TARGET再構成＋v9.3既存Mで完成,母母父,0,0,2,2,2,Hail to Reason,極,Nashua,極,Bull Lea,極,T. V. Lark,地,Princequillo,極,Court Martial,極,The Yuvaraj,極,Donatello,極,Caerleon,バ,極・極・極｜地・極・極｜極・極・バ,
ID:1140007114,Ribchester,Ribchester,1140007114,確定,繁殖登録番号,A_v9.3直接完成,父,2,0,0,2,2,Zafonic,地,Nureyev,地,Ahonoora,バ,Last Tycoon,地,Artaius,バ,Welsh Pageant,地,Shirley Heights,バ,Abdos,極,Venture,極,地-地-バ | 地-バ-地 | バ-極-極,
ID:1140007013,Richter Scale,Richter Scale,1140007013,確定,繁殖登録番号,Y_v9.26残件祖先固定8代欠損0運用確定で完成,母父・母母父,0,1,1,2,,Habitat,極,Gallant Man,極,Bull Lea,極,Bold Bidder,極,Graustark,地,My Babu,極,Sadair,極,Rego,極,Beau Port,バ,極・極・極｜極・地・極｜極・極・バ,
ID:1140006057,Rinka Das,Rinka Das,1140006057,確定,繁殖登録番号,B_TARGET再構成＋v9.3既存Mで完成,母母父,0,0,2,2,2,Northern Dancer,地,Forli,地,Nantallah,極,Graustark,地,Dedicate,極,Nasrullah,極,Right Royal,地,Macherio,極,Orsenigo,極,地・地・極｜地・極・極｜地・極・極,
ID:1140002378,Risen Star,Risen Star,1140002378,確定,繁殖登録番号,B_TARGET再構成＋v9.3既存Mで完成,母母父,0,0,2,2,2,Bold Ruler,極,Princequillo,極,Caruso,バ,Ribot,極,Alibhai,地,Beau Pere,極,Turn-to,極,Blue Swords,極,Sir Gallahad,極,極・極・バ｜極・地・極｜極・極・極,
ID:1140007100,Roaring Lion,Roaring Lion,1140007100,確定,繁殖登録番号,A_v9.3直接完成,父,2,0,0,2,2,El Prado,地,Lear Fan,極,L'Enjoleur,バ,Street Cry,地,Dixieland Band,地,His Majesty,地,Seattle Slew,極,Pass the Glass,バ,Bold Bidder,極,地-極-バ | 地-地-地 | 極-バ-極,
ID:1140007237,Ruler of The World,Ruler of The World,1140007237,確定,繁殖登録番号,A_v9.3直接完成,母父,0,2,0,2,2,Sadler's Wells,地,Miswaki,極,Lombard,地,Mr. Prospector,極,Nureyev,地,Prove Out,地,Raise a Native,極,On-and-On,極,Ponder,地,地-極-地 | 極-地-地 | 極-極-地,
ID:1140007332,Sekari,Sekari,1140007332,確定,繁殖登録番号,B_TARGET再構成＋v9.3既存Mで完成,母母父,0,0,2,2,2,Danzig,地,Buckpasser,極,Bold Lad (USA),極,Raise a Native,極,Nashua,極,Count Fleet,極,Bold Ruler,極,Princequillo,極,Caruso,バ,地・極・極｜極・極・極｜極・極・バ,
ID:1140006734,Sepoy,Sepoy,1140006734,確定,繁殖登録番号,A_v9.3直接完成,母父,0,2,0,2,2,Gone West,地,Hero's Honor,地,Sir Ivor,極,Danzig,地,His Majesty,地,Buckpasser,極,Biscay,地,To Market,極,,バ,地-地-極 | 地-地-極 | 地-極-バ,
ID:1140003902,Sexton Blake,Sexton Blake,1140003902,確定,繁殖登録番号,Z_v9.27_TARGET系譜不足枝0扱いで完成,母母父,0,0,2,2,,Hethersett,極,Hornbeam,地,Chanteur,極,Owen Tudor,地,Rustom Pasha,極,The Tetrarch,バ,,バ,,バ,,バ,極・地・極｜地・極・バ｜バ・バ・バ,
ID:1140007160,Sharp Azteca,Sharp Azteca,1140007160,確定,繁殖登録番号,A_v9.3直接完成,父,2,0,0,2,2,Storm Cat,地,Rahy,バ,Roberto,極,Saint Ballado,バ,Quiet American,地,Lyphard,バ,Mr. Prospector,極,Bold Commander,極,Turn-to,極,地-バ-極 | バ-地-バ | 極-極-極,
ID:1140001065,Sharpen Up,Sharpen Up,1140001065,確定,繁殖登録番号,Z_v9.27_TARGET系譜不足枝0扱いで完成,母母父,0,0,2,2,,Native Dancer,極,Tudor Minstrel,地,Tehran,極,Hyperion,地,Felstead,極,Santorb,バ,Deiri,バ,Ksar,バ,,バ,極・地・極｜地・極・バ｜バ・バ・バ,
ID:1140003957,Shotiche,Shotiche,1140003957,確定,繁殖登録番号,W_v9.24高影響祖先反映で完成,母母父,0,0,2,2,,Nearctic,地,Native Dancer,極,Mahmoud,極,Turn-to,極,Beau Pere,極,Windsor Lad,極,Native Dancer,極,Bull Lea,極,Chance Play,極,地・極・極｜極・極・極｜極・極・極,
ID:1140001592,Siberian Express,Siberian Express,1140001592,確定,繁殖登録番号,Z_v9.27_TARGET系譜不足枝0扱いで完成,母母父,0,0,2,2,,Fortino,極,Chamossaire,極,Solario,極,Determine,地,War Glory,極,Whiskalong,極,Nearco,極,Macaron,バ,,バ,極・極・極｜地・極・極｜極・バ・バ,
ID:1140006911,Silent Name,Silent Name,1140006911,確定,繁殖登録番号,A_v9.3直接完成,母父・母母父,0,1,1,2,2,Halo,極,Understanding,極,Montparnasse,地,Danzig,地,His Majesty,地,Buckpasser,極,Red God,極,Wild Risk,極,Tudor Minstrel,地,極-極-地 | 地-地-極 | 極-極-地,
ID:1140006562,Sillery,Sillery,1140006562,確定,繁殖登録番号,B_TARGET再構成＋v9.3既存Mで完成,母母父,0,0,2,2,2,Red God,極,Wild Risk,極,Tudor Minstrel,地,Lyphard,バ,Le Fabuleux,極,Gilles de Retz,極,Never Bend,極,Prince John,極,Roman,極,極・極・地｜バ・極・極｜極・極・極,
ID:1140003423,Silver Ghost,Silver Ghost,1140003423,確定,繁殖登録番号,C_v9.4+v9.5追加祖先反映で完成,母母父,0,0,2,2,,Raise a Native,極,Nashua,極,Count Fleet,極,Hail to Reason,極,Cosmic Bomb,極,Mahmoud,極,Princequillo,極,Mahmoud,極,Ariel,バ,極・極・極｜極・極・極｜極・極・バ,
ID:1140002859,Slew City Slew,Slew City Slew,1140002859,確定,繁殖登録番号,Z_v9.27_TARGET系譜不足枝0扱いで完成,母母父,0,0,2,2,,Bold Reasoning,極,Poker,極,Jet Action,極,Rash Prince,極,,バ,,バ,Double Jay,極,Princequillo,極,Mahmoud,極,極・極・極｜極・バ・バ｜極・極・極,
ID:1140006973,Square Eddie,Square Eddie,1140006973,確定,繁殖登録番号,A_v9.3直接完成,父・母父,1,1,0,2,2,Mr. Prospector,極,Smarten,バ,Nodouble,バ,Northern Dancer,地,Buckpasser,極,Traffic Judge,地,Quadrangle,極,Quibu,極,Olympia,地,極-バ-バ | 地-極-地 | 極-極-地,
ID:1140007478,St Patrick's Day,St Patrick's Day,1140007478,確定,繁殖登録番号,A_v9.3直接完成,父,2,0,0,2,2,Empire Maker,地,Lord At War,地,Key to the Kingdom,極,Storm Cat,地,Flying Paster,地,Grenfall,地,Exclusive Native,極,Chieftain,極,Helioscope,地,地-地-極 | 地-地-地 | 極-極-地,
ID:1130000627,Stage Door Johnny,Stage Door Johnny,1130000627,確定,繁殖登録番号,Z_v9.27_TARGET系譜不足枝0扱いで完成,母母父,0,0,2,2,,Princequillo,極,Count Fleet,極,Blue Larkspur,バ,Mossborough,極,Singapore,極,Buchan,極,Brantome,極,Massine,極,,バ,極・極・バ｜極・極・極｜極・極・バ,
ID:1140007390,Storm Embrujado,Storm Embrujado,1140007390,確定,繁殖登録番号,A_v9.3直接完成,母父,0,2,0,2,2,Storm Cat,地,Affirmed,極,Round Table,極,Buckpasser,極,Delta Judge,地,Blue Prince,極,Pronto,極,Penny Post,極,British Empire,極,地-極-極 | 極-地-極 | 極-極-極,
ID:1140006970,Strong Mandate,Strong Mandate,1140006970,確定,繁殖登録番号,A_v9.3直接完成,母父,0,2,0,2,2,Cee's Tizzy,バ,Seattle Song,極,ナイスダンサー,地,Vice Regent,バ,Bunty's Flight,極,Jabneh,極,Atan,地,Rockefella,地,Majano,極,バ-極-地 | バ-極-極 | 地-地-極,
ID:1140005900,Sulamani,Sulamani,1140005900,確定,繁殖登録番号,B_TARGET再構成＋v9.3既存Mで完成,母母父,0,0,2,2,2,Niniski,バ,Miswaki,極,Lyphard,バ,Hoist the Flag,極,Prince John,極,Determine,地,Northern Dancer,地,Occupy,極,Challenger,極,バ・極・バ｜極・極・地｜地・極・極,
ID:1140002334,Tank's Prospect,Tank's Prospect,1140002334,確定,繁殖登録番号,Y_v9.26残件祖先固定8代欠損0運用確定で完成,母母父,0,0,2,2,,Raise a Native,極,Nashua,極,Count Fleet,極,Endeavour,極,Hyperion,地,Winalot,極,Free For All,バ,Bull Dog,極,Upset,バ,極・極・極｜極・地・極｜バ・極・バ,
ID:1140007224,Tawqeet,Tawqeet,1140007224,確定,繁殖登録番号,A_v9.3直接完成,母父,0,2,0,2,2,Mr. Prospector,極,Nureyev,地,Prove Out,地,Nijinsky,バ,Round Table,極,Hail to Reason,極,Never Bend,極,Prince John,極,Roman,極,極-地-地 | バ-極-極 | 極-極-極,
ID:1140001195,Teenoso,Teenoso,1140001195,確定,繁殖登録番号,C_v9.4高影響祖先補完で完成,母母父,0,0,2,2,2,Ack Ack,極,Dark Star,極,L'Amiral,極,Mossborough,極,Singapore,極,Buchan,極,Chanteur,極,Donatello,極,Manna,極,極・極・極｜極・極・極｜極・極・極,
ID:1140002809,Tejano,Tejano,1140002809,確定,繁殖登録番号,B_TARGET再構成＋v9.3既存Mで完成,母母父,0,0,2,2,2,Fortino,極,Chamossaire,極,Solario,極,Raise a Native,極,Shut Out,極,Pilate,極,Nasrullah,極,Djeddah,極,Bimelech,極,極・極・極｜極・極・極｜極・極・極,
ID:1140006974,Ten Most Wanted,Ten Most Wanted,1140006974,確定,繁殖登録番号,A_v9.3直接完成,母父・母母父,0,1,1,2,2,Deputy Minister,地,Malinowski,地,Tudor Music,地,Alydar,バ,No Robbery,地,Beau Gar,極,Intentionally,極,Rough'n Tumble,極,War Relic,極,地-地-地 | バ-地-極 | 極-極-極,
ID:1140007054,Territories,Territories,1140007054,確定,繁殖登録番号,A_v9.3直接完成,父,2,0,0,2,2,Green Desert,地,Kris,地,Artaius,バ,Mr. Prospector,極,Halo,極,Hoist the Flag,極,Known Fact,バ,Roberto,極,Raise a Native,極,地-地-バ | 極-極-極 | バ-極-極,
ID:1140007413,The Wow Signal,The Wow Signal,1140007413,確定,繁殖登録番号,A_v9.3直接完成,母父,0,2,0,2,2,Choisir,地,Made of Gold,地,Vain,極,Sadler's Wells,地,Darshaan,地,Kris,地,Northern Dancer,地,Round Table,極,Nasrullah,極,地-地-極 | 地-地-地 | 地-極-極,
ID:1140006790,Thorn Park,Thorn Park,1140006790,確定,繁殖登録番号,A_v9.3直接完成,母父・母母父,0,1,1,2,2,Nureyev,地,Riverman,極,Northfields,バ,Storm Bird,地,Sir Ivor,極,Tim Tam,極,Biscay,地,Relic,極,Fair Trial,極,地-極-バ | 地-極-極 | 地-極-極,
ID:1140003751,Time to Explode,Time to Explode,1140003751,確定,繁殖登録番号,Y_v9.26残件祖先固定8代欠損0運用確定で完成,母母父,0,0,2,2,,Nearctic,地,Mel Hash,極,Heather Broom,バ,Relic,極,Djebel,極,Jock,極,Hyperion,地,Tracery,極,Wildfowler,バ,地・極・バ｜極・極・極｜地・極・バ,
ID:1130000671,Tom Rolfe,Tom Rolfe,1130000671,確定,繁殖登録番号,F_v9.4-v9.8追加祖先反映で完成,母母父,0,0,2,2,,Tenerani,極,El Greco,極,Papyrus,極,Sir Gallahad,極,Buchan,極,Ultimus,バ,Prince Rose,極,Papyrus,極,White Eagle,バ,極・極・極｜極・極・バ｜極・極・バ,
ID:1140007446,Tom's d'Etat,Tom's d'Etat,1140007446,確定,繁殖登録番号,A_v9.3直接完成,父,2,0,0,2,2,Mr. Prospector,極,Smarten,バ,Nodouble,バ,Storm Cat,地,Rahy,バ,Roberto,極,Cryptoclearance,極,Herbager,極,Polynesian,極,極-バ-バ | 地-バ-極 | 極-極-極,
ID:1140006855,Tonalist,Tonalist,1140006855,確定,繁殖登録番号,A_v9.3直接完成,父,2,0,0,2,2,Pulpit,地,Unbridled,極,Nijinsky,バ,His Majesty,地,Sunrise Flight,極,Cockrullah,極,Northern Dancer,地,Round Table,極,Nasrullah,極,地-極-バ | 地-極-極 | 地-極-極,
ID:1140004713,Traditionally,Traditionally,1140004713,確定,繁殖登録番号,B_TARGET再構成＋v9.3既存Mで完成,母母父,0,0,2,2,2,Raise a Native,極,Nashua,極,Count Fleet,極,Damascus,極,Buckpasser,極,Swaps,地,Tom Rolfe,極,War Admiral,極,Tourbillon,極,極・極・極｜極・極・地｜極・極・極,
ID:1140006443,Trans Island,Trans Island,1140006443,確定,繁殖登録番号,B_TARGET再構成＋v9.3既存Mで完成,母母父,0,0,2,2,2,Sharpen Up,地,Nebbiolo,極,Be Friendly,極,Danzig,地,Sir Ivor,極,Never Bend,極,Thatch,地,Klairon,極,Big Game,極,地・極・極｜地・極・極｜地・極・極,
ID:1140005412,Trippi,Trippi,1140005412,確定,繁殖登録番号,A_v9.3直接完成,母父・母母父,0,1,1,2,2,Forty Niner,地,Dance Spell,地,Thinking Cap,地,In Reality,極,Moslem Chief,地,,バ,Tale of Two Cities,極,Madara,極,Afghan,極,地-地-地 | 極-地-バ | 極-極-極,
ID:1140007331,True Cause,True Cause,1140007331,確定,繁殖登録番号,A_v9.3直接完成,母父,0,2,0,2,2,Storm Bird,地,Secretariat,極,Crimson Satan,極,Blushing Groom,極,Halo,極,Herbager,極,Northern Dancer,地,Bull Page,極,Menow,極,地-極-極 | 極-極-極 | 地-極-極,
ID:1140003783,Tunerup,Tunerup,1140003783,確定,繁殖登録番号,Y_v9.26残件祖先固定8代欠損0運用確定で完成,母母父,0,0,2,2,,Herbager,極,Better Self,極,Bull Lea,極,Rockefella,地,Niccolo Dell'Arca,極,Quai d'Orsay,バ,Sir Pennant,極,Chance Shot,極,Stefan the Great,極,極・極・極｜地・極・バ｜極・極・極,
ID:1140003979,Turtle Island,Turtle Island,1140003979,確定,繁殖登録番号,B_TARGET再構成＋v9.3既存Mで完成,母母父,0,0,2,2,2,Northern Dancer,地,Bold Reason,極,Forli,地,Derring-Do,バ,Vimy,極,Court Martial,極,Round Table,極,Bold Ruler,極,Bull Lea,極,地・極・地｜バ・極・極｜極・極・極,
ID:1140007206,U S Navy Flag,U S Navy Flag,1140007206,確定,繁殖登録番号,A_v9.3直接完成,父,2,0,0,2,2,Danzig,地,Rubiano,地,Forli,地,Sadler's Wells,地,Miswaki,極,Lombard,地,Storm Bird,地,Secretariat,極,Crimson Satan,極,地-地-地 | 地-極-地 | 地-極-極,
ID:1140004095,Unaccounted For,Unaccounted For,1140004095,確定,繁殖登録番号,B_TARGET再構成＋v9.3既存Mで完成,母母父,0,0,2,2,2,Damascus,極,Buckpasser,極,Swaps,地,Northern Dancer,地,Victoria Park,極,Bull Page,極,Honeyway,極,Admiral's Walk,地,Nearco,極,極・極・地｜地・極・極｜極・地・極,
ID:1140007394,Unified,Unified,1140007394,確定,繁殖登録番号,A_v9.3直接完成,父,2,0,0,2,2,Ride the Rails,極,Candy Stripes,バ,Farnesio,極,Dixieland Band,地,Capote,極,Mr. Prospector,極,Mr. Prospector,極,Blushing Groom,極,Nijinsky,バ,極-バ-極 | 地-極-極 | 極-極-バ,
ID:1140007335,Vertiformer,Vertiformer,1140007335,確定,繁殖登録番号,A_v9.3直接完成,母父,0,2,0,2,2,Roberto,極,His Majesty,地,Olympia,地,Blushing Groom,極,Halo,極,Herbager,極,Mr. Prospector,極,Secretariat,極,Tim Tam,極,極-地-地 | 極-極-極 | 極-極-極,
ID:1140007107,Victory Speech,Victory Speech,1140007107,確定,繁殖登録番号,B_TARGET再構成＋v9.3既存Mで完成,母母父,0,0,2,2,2,Vice Regent,バ,Bunty's Flight,極,Jabneh,極,Raise a Native,極,On-and-On,極,Ponder,地,Nasrullah,極,Djeddah,極,Bimelech,極,バ・極・極｜極・極・地｜極・極・極,
ID:1140006821,War Command,War Command,1140006821,確定,繁殖登録番号,A_v9.3直接完成,父,2,0,0,2,2,Danzig,地,Rubiano,地,Forli,地,Roberto,極,Damascus,極,Nearctic,地,Ribot,極,Alibhai,地,Beau Pere,極,地-地-地 | 極-極-地 | 極-地-極,
ID:1140006340,War Emblem,War Emblem,1140006340,確定,繁殖登録番号,B_TARGET再構成＋v9.3既存Mで完成,母母父,0,0,2,2,2,Mr. Prospector,極,Private Account,地,Hoist the Flag,極,General,極,Con Brio,極,Atlas,地,Herbager,極,Better Self,極,Bull Lea,極,極・地・極｜極・極・地｜極・極・極,
ID:1140005397,Wayne's Crane,Wayne's Crane,1140005397,確定,繁殖登録番号,Y_v9.26残件祖先固定8代欠損0運用確定で完成,母母父,0,0,2,2,,Buckpasser,極,Northern Dancer,地,Chop Chop,極,Gallant Man,極,Count Fleet,極,Luke McLuke,バ,Turn-to,極,Blue Swords,極,Sir Gallahad,極,極・地・極｜極・極・バ｜極・極・極,
ID:1140002367,Well Decorated,Well Decorated,1140002367,確定,繁殖登録番号,C_v9.4+v9.5追加祖先反映で完成,母父・母母父,0,1,1,2,,Bold Ruler,極,My Babu,極,Umidwar,極,Raise a Native,極,Royal Charger,極,Alibhai,地,Owen Tudor,地,Sansovino,極,Son-in-Law,バ,極・極・極｜極・極・地｜地・極・バ,
ID:1140007132,West Coast,West Coast,1140007132,確定,繁殖登録番号,A_v9.3直接完成,父,2,0,0,2,2,A.P. Indy,バ,Mr. Prospector,極,Northern Dancer,地,Relaunch,極,Al Nasr,バ,Francis S.,極,Raise a Native,極,Royal Charger,極,Alibhai,地,バ-極-地 | 極-バ-極 | 極-極-地,
ID:1140003876,Westminster,Westminster,1140003876,確定,繁殖登録番号,Z_v9.27_TARGET系譜不足枝0扱いで完成,母母父,0,0,2,2,,Sir Tristram,極,Hermes,地,Le Filou,極,,バ,,バ,,バ,,バ,,バ,,バ,極・地・極｜バ・バ・バ｜バ・バ・バ,
ID:1140007359,Wilko,Wilko,1140007359,確定,繁殖登録番号,B_TARGET再構成＋v9.3既存Mで完成,母母父,0,0,2,2,2,Deputy Minister,地,Blushing Groom,極,Mr. Prospector,極,Ahonoora,バ,Swing Easy,地,Skymaster,極,Sallust,極,Ragusa,極,Mazarin,極,地・極・極｜バ・地・極｜極・極・極,
ID:1140003517,Winrightt,Winrightt,1140003517,確定,繁殖登録番号,Z_v9.27_TARGET系譜不足枝0扱いで完成,母母父,0,0,2,2,,Never Bend,極,Requested,バ,Bull Dog,極,Fleet Nasrullah,極,Khaled,地,,バ,Sir Gallahad,極,Buchan,極,Ultimus,バ,極・バ・極｜極・地・バ｜極・極・バ,
ID:1140003743,Wolf Power,Wolf Power,1140003743,確定,繁殖登録番号,Z_v9.27_TARGET系譜不足枝0扱いで完成,母母父,0,0,2,2,,Round Table,極,Johns Joy,極,Pilate,極,Never Say Die,極,Abernant,地,Big Game,極,Court Martial,極,,バ,,バ,極・極・極｜極・地・極｜極・バ・バ,
ID:1140007463,Written Tycoon,Written Tycoon,1140007463,確定,繁殖登録番号,A_v9.3直接完成,父・母父,1,1,0,2,2,Last Tycoon,地,Marscay,地,Paris Review,地,Kalamoun,極,Milesian,極,Nearula,極,Wilkes,極,Orgoglio,地,,バ,地-地-地 | 極-極-極 | 極-地-バ,
ID:1140007053,Zanzibari,Zanzibari,1140007053,確定,繁殖登録番号,A_v9.3直接完成,母父,0,2,0,2,2,Mr. Prospector,極,Smarten,バ,Nodouble,バ,Danzig,地,Habitat,極,Tourangeau,極,Mendez,地,Breton,極,Alcide,地,極-バ-バ | 地-極-極 | 地-極-地,
ID:1140007419,Zarak,Zarak,1140007419,確定,繁殖登録番号,A_v9.3直接完成,父・母父,1,1,0,2,2,Dubai Millennium,地,Deploy,バ,ダンシングブレーヴ,バ,Gone West,地,The Minstrel,バ,Right Tack,バ,Ile de Bourbon,地,Blushing Groom,極,Sheshoon,極,地-バ-バ | 地-バ-バ | 地-極-極,
ID:1140005988,Zavata,Zavata,1140005988,確定,繁殖登録番号,A_v9.3直接完成,母父,0,2,0,2,2,Clever Trick,地,Finnegan,極,Mr. Busher,極,Best Turn,バ,Ballydonnell,極,,バ,Pretense,地,Princequillo,極,Sickle,極,地-極-極 | バ-極-バ | 地-極-極,
ID:1110001028,アラナス,アラナス,1110001028,確定,繁殖登録番号,Z_v9.27_TARGET系譜不足枝0扱いで完成,母母父,0,0,2,2,,Owen Tudor,地,Victrix,バ,Ksar,バ,,バ,,バ,,バ,,バ,,バ,,バ,地・バ・バ｜バ・バ・バ｜バ・バ・バ,
ID:1120000045,アローエクスプレス,アローエクスプレス,1120000045,確定,繁殖登録番号,Y_v9.26残件祖先固定8代欠損0運用確定で完成,母母父,0,0,2,2,,Sovereign Path,極,Le Sage,極,Fairway,極,Precipitation,極,Buchan,極,Gay Crusader,バ,Fairway,極,Son-in-Law,バ,Sundridge,バ,極・極・極｜極・極・バ｜極・バ・バ,
ID:1120000990,アンフイールド,アンフイールド,1120000990,確定,繁殖登録番号,B_TARGET再構成＋v9.3既存Mで完成,母母父,0,0,2,2,2,Northern Dancer,地,Tudor Minstrel,地,Stymie,極,Panorama,極,Fair Trial,極,Solario,極,Tehran,極,Nearco,極,Blandford,極,地・地・極｜極・極・極｜極・極・極,
ID:1120000766,アーテイアス,アーテイアス,1120000766,確定,繁殖登録番号,F_v9.4-v9.8追加祖先反映で完成,母母父,0,0,2,2,,Princequillo,極,Sir Cosmo,極,Friar Marcus,極,Djebel,極,Badruddin,極,Pharos,極,Gainsborough,極,Chaucer,極,Minoru,バ,極・極・極｜極・極・極｜極・極・バ,
ID:1120000524,ウエスタンウインド,ウエスタンウインド,1120000524,確定,繁殖登録番号,Y_v9.26残件祖先固定8代欠損0運用確定で完成,母母父,0,0,2,2,,Migoli,極,Mahmoud,極,Buchan,極,Turn-to,極,Princequillo,極,Caruso,バ,Blenheim,極,Sir Gallahad,極,Friar Rock,バ,極・極・極｜極・極・バ｜極・極・バ,
ID:1120002193,エムオーウイナー,エムオーウイナー,1120002193,確定,繁殖登録番号,A_v9.3直接完成,父・母父,1,1,0,2,2,ステイールハート,地,チヤイナロツク,地,ライジングフレーム,極,Lord Gayle,地,Silver Shark,極,,バ,Northern Dancer,地,Victoria Park,極,Hyperion,地,地-地-極 | 地-極-バ | 地-極-地,
ID:1120002248,エーシンフォワード,エーシンフォワード,1120002248,確定,繁殖登録番号,A_v9.3直接完成,父・母父,1,1,0,2,2,Storm Cat,地,Bold Native,極,Seaneen,バ,Stop the Music,極,Dr. Fager,極,Bold Ruler,極,Blushing Groom,極,The Axe,極,Fleet Nasrullah,極,地-極-バ | 極-極-極 | 極-極-極,
ID:1120002411,オールステイ,オールステイ,1120002411,確定,繁殖登録番号,A_v9.3直接完成,父,2,0,0,2,2,Green Desert,地,Ahonoora,バ,Balidar,地,Cryptoclearance,極,Vice Regent,バ,Halo,極,Mr. Prospector,極,Lyphard,バ,High Hat,地,地-バ-地 | 極-バ-極 | 極-バ-地,
ID:1120002621,カデナ,カデナ,1120002621,確定,繁殖登録番号,A_v9.3直接完成,父,2,0,0,2,2,サンデーサイレンス,地,Alzao,バ,Busted,極,Deputy Minister,地,Hold Your Peace,極,Bold Ruler,極,Bold Reasoning,極,Poker,極,Jet Action,極,地-バ-極 | 地-極-極 | 極-極-極,
ID:1120000329,キタノカチドキ,キタノカチドキ,1120000329,確定,繁殖登録番号,Z_v9.27_TARGET系譜不足枝0扱いで完成,母母父,0,0,2,2,,Princely Gift,極,Hyperion,地,Dastur,極,The Phoenix,極,Nearco,極,Craig an Eran,極,Diophon,極,,バ,,バ,極・地・極｜極・極・極｜極・バ・バ,
ID:1120002533,キングリオ,キングリオ,1120002533,確定,繁殖登録番号,A_v9.3直接完成,父,2,0,0,2,2,Kingmambo,地,Last Tycoon,地,Blakeney,地,A.P. Indy,バ,Mr. Prospector,極,Northern Dancer,地,Storm Cat,地,Caro,極,Marshua's Dancer,地,地-地-地 | バ-極-地 | 地-極-地,
ID:1120002338,ギンザグリングラス,ギンザグリングラス,1120002338,確定,繁殖登録番号,A_v9.3直接完成,父,2,0,0,2,2,メジロテイターン,地,リマンド,バ,ヒンドスタン,極,Lypheor,バ,Lanyon,極,Nodouble,バ,マルゼンスキー,バ,オンリーフオアライフ,極,ガルカドール,極,地-バ-極 | バ-極-バ | バ-極-極,
ID:1120002002,クリストワイニング,クリストワイニング,1120002002,確定,繁殖登録番号,A_v9.3直接完成,父,2,0,0,2,2,Forty Niner,地,Never Bend,極,War Admiral,極,Cox's Ridge,バ,Star Envoy,地,Etonian,地,Graustark,地,Princequillo,極,,バ,地-極-極 | バ-地-地 | 地-極-バ,
ID:1120002358,グランシュヴァリエ,グランシュヴァリエ,1120002358,確定,繁殖登録番号,A_v9.3直接完成,父・母父,1,1,0,2,2,サンデーサイレンス,地,Caro,極,Buckpasser,極,Nijinsky,バ,Buckpasser,極,Princequillo,極,Sicambre,極,Honeyway,極,Diolite,極,地-極-極 | バ-極-極 | 極-極-極,
ID:1120000714,グランデイ,グランデイ,1120000714,確定,繁殖登録番号,Z_v9.27_TARGET系譜不足枝0扱いで完成,母母父,0,0,2,2,,Honeyway,極,Admiral's Walk,地,Nearco,極,Wild Risk,極,Sind,極,Teddy,バ,,バ,,バ,,バ,極・地・極｜極・極・バ｜バ・バ・バ,
ID:1120001464,コタシャーン,コタシャーン,1120001464,確定,繁殖登録番号,B_TARGET再構成＋v9.3既存Mで完成,母母父,0,0,2,2,2,Shirley Heights,バ,Abdos,極,Venture,極,Gallant Romeo,極,Fleet Nasrullah,極,Alibhai,地,Nijinsky,バ,Val de Loir,極,Spy Song,極,バ・極・極｜極・極・地｜バ・極・極,
ID:1120002177,コパノフウジン,コパノフウジン,1120002177,確定,繁殖登録番号,A_v9.3直接完成,母父,0,2,0,2,2,Storm Cat,地,Hawaii,バ,Tom Cat,極,Mr. Prospector,極,Nijinsky,バ,Round Table,極,Red God,極,Wild Risk,極,Tudor Minstrel,地,地-バ-極 | 極-バ-極 | 極-極-地,
ID:1120002386,コメート,コメート,1120002386,確定,繁殖登録番号,A_v9.3直接完成,父,2,0,0,2,2,サンデーサイレンス,地,Alzao,バ,Busted,極,Mr. Prospector,極,Venetian Jester,極,Green Ticket,地,Green Dancer,バ,High Top,バ,セントクレスピン,地,地-バ-極 | 極-極-地 | バ-バ-地,
ID:1120002000,ゴールドプルーフ,ゴールドプルーフ,1120002000,確定,繁殖登録番号,A_v9.3直接完成,母父,0,2,0,2,2,ボールドアンドブレーヴ,極,レイバーン,極,キノー,地,Princely Gift,極,,バ,,バ,Alycidon,地,Hyperion,地,,バ,極-極-地 | 極-バ-バ | 地-地-バ,
ID:1120002465,サウンドスカイ,サウンドスカイ,1120002465,確定,繁殖登録番号,A_v9.3直接完成,父,2,0,0,2,2,アグネスタキオン,地,Chief's Crown,地,Key to the Mint,地,Mr. Prospector,極,Secretariat,極,Tim Tam,極,Riverman,極,Klairon,極,East Side,極,地-地-地 | 極-極-極 | 極-極-極,
ID:1120002341,サダムパテック,サダムパテック,1120002341,確定,繁殖登録番号,A_v9.3直接完成,父,2,0,0,2,2,サンデーサイレンス,地,Le Fabuleux,極,In Reality,極,Fairy King,地,Slewpy,極,Val de l'Orne,極,Raise a Native,極,Nashua,極,Count Fleet,極,地-極-極 | 地-極-極 | 極-極-極,
ID:1120002610,サトノインプレッサ,サトノインプレッサ,1120002610,確定,繁殖登録番号,A_v9.3直接完成,父,2,0,0,2,2,サンデーサイレンス,地,Alzao,バ,Busted,極,Mr. Prospector,極,Sadler's Wells,地,Artaius,バ,Pleasant Colony,バ,Stage Door Johnny,極,Never Bend,極,地-バ-極 | 極-地-バ | バ-極-極,
ID:1120002449,サドンストーム,サドンストーム,1120002449,確定,繁殖登録番号,A_v9.3直接完成,父,2,0,0,2,2,Machiavellian,極,Shareef Dancer,地,Mr. Prospector,極,Danzig,地,Sir Ivor,極,Never Bend,極,Bold Ruckus,極,ヴアイスリーガル,バ,Queen's Own,極,極-地-極 | 地-極-極 | 極-バ-極,
ID:1120002548,サングラス,サングラス,1120002548,確定,繁殖登録番号,A_v9.3直接完成,父,2,0,0,2,2,Storm Cat,地,Seattle Slew,極,Buckpasser,極,サンデーサイレンス,地,Nijinsky,バ,Key to the Mint,地,Roberto,極,Graustark,地,Hasty Road,極,地-極-極 | 地-バ-地 | 極-地-極,
ID:1120002623,サンライズノヴァ,サンライズノヴァ,1120002623,確定,繁殖登録番号,A_v9.3直接完成,父,2,0,0,2,2,サンデーサイレンス,地,Nureyev,地,Hostage,極,Gulch,地,Storm Bird,地,High Line,地,Roberto,極,In Reality,極,Moslem Chief,地,地-地-極 | 地-地-地 | 極-極-地,
ID:1120000993,シエルシユールドール,シエルシユールドール,1120000993,確定,繁殖登録番号,B_TARGET再構成＋v9.3既存Mで完成,母母父,0,0,2,2,2,Nearctic,地,Native Dancer,極,Mahmoud,極,Never Bend,極,Prince John,極,Roman,極,Mourne,極,Prince Bio,極,Rialto,極,地・極・極｜極・極・極｜極・極・極,
ID:1120000058,シルバーシヤーク,シルバーシヤーク,1120000058,確定,繁殖登録番号,Z_v9.27_TARGET系譜不足枝0扱いで完成,母母父,0,0,2,2,,Relic,極,Pherozshah,極,Easton,極,Fair Trial,極,Tetratema,極,,バ,Pharos,極,Havresac,極,Spearmint,バ,極・極・極｜極・極・バ｜極・極・バ,
ID:1120002615,ストラクター,ストラクター,1120002615,確定,繁殖登録番号,A_v9.3直接完成,父,2,0,0,2,2,Curlin,地,Royal Anthem,地,Red Ransom,極,Southern Halo,バ,Woodman,バ,Naskra,極,Deputy Minister,地,Secretariat,極,Damascus,極,地-地-極 | バ-バ-極 | 地-極-極,
ID:1120002520,スピリッツミノル,スピリッツミノル,1120002520,確定,繁殖登録番号,A_v9.3直接完成,父,2,0,0,2,2,アグネスタキオン,地,Chief's Crown,地,Key to the Mint,地,Nijinsky,バ,Blushing Groom,極,Snow Knight,地,Storm Bird,地,Secretariat,極,Crimson Satan,極,地-地-地 | バ-極-地 | 地-極-極,
ID:1120001273,スーパークリーク,スーパークリーク,1120001273,確定,繁殖登録番号,Z_v9.27_TARGET系譜不足枝0扱いで完成,母母父,0,0,2,2,,Green Dancer,バ,Sovereign Path,極,Orsini,極,Hornbeam,地,Persian Gulf,極,Niccolo Dell'Arca,極,Nearco,極,Dark Legend,極,,バ,バ・極・極｜地・極・極｜極・極・バ,
ID:1120002181,セイントアレックス,セイントアレックス,1120002181,確定,繁殖登録番号,A_v9.3直接完成,母父,0,2,0,2,2,Northern Afleet,地,Hawkster,バ,Hawaii,バ,Topsider,バ,Graustark,地,Buckpasser,極,Raise a Native,極,Royal Charger,極,Alibhai,地,地-バ-バ | バ-地-極 | 極-極-地,
ID:1120001673,ゼネラリスト,ゼネラリスト,1120001673,確定,繁殖登録番号,B_TARGET再構成＋v9.3既存Mで完成,母父,0,2,0,2,2,Danzig,地,His Majesty,地,Buckpasser,極,Mr. Prospector,極,Bold Commander,極,Turn-to,極,Tom Rolfe,極,War Admiral,極,Tourbillon,極,地・地・極｜極・極・極｜極・極・極,
ID:1120001747,タックスパラダイス,タックスパラダイス,1120001747,確定,繁殖登録番号,A_v9.3直接完成,母父,0,2,0,2,2,Northern Dancer,地,Admiral's Voyage,バ,Petition,極,Majestic Light,地,Buckpasser,極,Better Self,極,Ribot,極,Alibhai,地,Beau Pere,極,地-バ-極 | 地-極-極 | 極-地-極,
ID:1120000890,ダイゼンキング,ダイゼンキング,1120000890,確定,繁殖登録番号,Z_v9.27_TARGET系譜不足枝0扱いで完成,母母父,0,0,2,2,,テスコボーイ,地,Your Host,地,Easton,極,Hyperbole,地,,バ,,バ,,バ,,バ,,バ,地・地・極｜地・バ・バ｜バ・バ・バ,
ID:1120001806,ダイタクサージャン,ダイタクサージャン,1120001806,確定,繁殖登録番号,B_TARGET再構成＋v9.3既存Mで完成,母父,0,2,0,2,2,Halo,極,Understanding,極,Montparnasse,地,Princely Gift,極,Hyperion,地,Dastur,極,Never Say Die,極,Big Game,極,Nearco,極,極・極・地｜極・地・極｜極・極・極,
ID:1120002401,ダブルスター,ダブルスター,1120002401,確定,繁殖登録番号,A_v9.3直接完成,父,2,0,0,2,2,Old Trieste,地,The Prime Minister,地,Hurry Up Blue,極,Topsider,バ,Graustark,地,Buckpasser,極,Danzig,地,Buckpasser,極,Ambiorix,極,地-地-極 | バ-地-極 | 地-極-極,
ID:1120001332,ダンスホール,ダンスホール,1120001332,確定,繁殖登録番号,B_TARGET再構成＋v9.3既存Mで完成,母父・母母父,0,1,1,2,2,Be My Guest,地,Sea-Bird,極,Sayajirao,極,Raise a Native,極,Nashua,極,Count Fleet,極,Wild Risk,極,Verso,極,Easton,極,地・極・極｜極・極・極｜極・極・極,
ID:1120002068,チアズブライトリー,チアズブライトリー,1120002068,確定,繁殖登録番号,A_v9.3直接完成,母父,0,2,0,2,2,Halo,極,Understanding,極,Montparnasse,地,ノーザンテースト,地,Ambiopoise,極,Gallant Man,極,Swaps,地,Polynesian,極,Pot au Feu,極,極-極-地 | 地-極-極 | 地-極-極,
ID:1120002021,ツルマルボーイ,ツルマルボーイ,1120002021,確定,繁殖登録番号,A_v9.3直接完成,母父,0,2,0,2,2,サンデーサイレンス,地,Nijinsky,バ,Key to the Mint,地,デイクタス,極,ノーザンテースト,地,Princely Gift,極,スパニツシユイクスプレス,極,Airborne,バ,Fair Trial,極,地-バ-地 | 極-地-極 | 極-バ-極,
ID:1120000836,テリオス,テリオス,1120000836,確定,繁殖登録番号,I_v9.11_TARGET固定8代年代境界反映で完成,母母父,0,0,2,2,,Never Bend,極,Princequillo,極,Count Fleet,極,Darius,極,Abernant,地,Chanteur,極,Bubbles,極,Brantome,極,Tetratema,極,極・極・極｜極・地・極｜極・極・極,
ID:1120002611,テーオーヘリオス,テーオーヘリオス,1120002611,確定,繁殖登録番号,A_v9.3直接完成,父,2,0,0,2,2,Mr. Prospector,極,Danzig,地,Halo,極,Private Terms,バ,Medaille d'Or,バ,Ack Ack,極,Buckaroo,バ,In Reality,極,Third Brother,極,極-地-極 | バ-バ-極 | バ-極-極,
ID:1120002126,ディクタット,ディクタット,1120002126,確定,繁殖登録番号,A_v9.3直接完成,母父,0,2,0,2,2,Known Fact,バ,Roberto,極,Raise a Native,極,Northern Dancer,地,Bold Reason,極,Forli,地,Lorenzaccio,極,Martial,極,Whistler,極,バ-極-極 | 地-極-地 | 極-極-極,
ID:1120002491,ディープエクシード,ディープエクシード,1120002491,確定,繁殖登録番号,A_v9.3直接完成,父,2,0,0,2,2,サンデーサイレンス,地,Alzao,バ,Busted,極,Machiavellian,極,Troy,地,Riverman,極,Riverman,極,Northern Dancer,地,,バ,地-バ-極 | 極-地-極 | 極-地-バ,
ID:1120001032,トウホーカムリ,トウホーカムリ,1120001032,確定,繁殖登録番号,Y_v9.26残件祖先固定8代欠損0運用確定で完成,母母父,0,0,2,2,,Red God,極,Fun Fair,極,Coronach,極,Pharis,極,Asterus,極,Helicon,バ,Nearco,極,Mirza,極,Apelle,極,極・極・極｜極・極・バ｜極・極・極,
ID:1120000719,トレボロ,トレボロ,1120000719,確定,繁殖登録番号,D_v9.4-v9.6追加祖先反映で完成,母母父,0,0,2,2,,Hail to Reason,極,Nashua,極,Bull Lea,極,Mahmoud,極,Blue Larkspur,バ,Teddy,バ,Alibhai,地,Mahmoud,極,Clarissimus,極,極・極・極｜極・バ・バ｜地・極・極,
ID:1120002171,ネイティヴハート,ネイティヴハート,1120002171,確定,繁殖登録番号,A_v9.3直接完成,父・母父,1,1,0,2,2,Cozzene,極,Pia Star,地,Fleet Nasrullah,極,Northern Dancer,地,Victoria Park,極,Hyperion,地,Nasrullah,極,Tiger,極,Display,極,極-地-極 | 地-極-地 | 極-極-極,
ID:1120002142,ノボトゥルー,ノボトゥルー,1120002142,確定,繁殖登録番号,A_v9.3直接完成,父・母父,1,1,0,2,2,Ack Ack,極,Hoist the Flag,極,Turn-to,極,Nasram,極,Le Haar,極,Fastnet,極,Wild Risk,極,Verso,極,Easton,極,極-極-極 | 極-極-極 | 極-極-極,
ID:1120000730,ハギノカムイオー,ハギノカムイオー,1120000730,確定,繁殖登録番号,B_TARGET再構成＋v9.3既存Mで完成,母母父,0,0,2,2,2,Princely Gift,極,Hyperion,地,Dastur,極,Relic,極,Pherozshah,極,Easton,極,Never Say Die,極,Big Game,極,Nearco,極,極・地・極｜極・極・極｜極・極・極,
ID:1120000609,ハバツト,ハバツト,1120000609,確定,繁殖登録番号,Z_v9.27_TARGET系譜不足枝0扱いで完成,母母父,0,0,2,2,,Sir Gaylord,極,Occupy,極,Challenger,極,Jock,極,Solario,極,Sansovino,極,Fair Trial,極,Tetratema,極,,バ,極・極・極｜極・極・極｜極・極・バ,
ID:1120000511,ハビトニー,ハビトニー,1120000511,確定,繁殖登録番号,Y_v9.26残件祖先固定8代欠損0運用確定で完成,母母父,0,0,2,2,,Sir Gaylord,極,Occupy,極,Challenger,極,Migoli,極,Mahmoud,極,Buchan,極,Bull Dog,極,Ballot,バ,Trenton,バ,極・極・極｜極・極・極｜極・バ・バ,
ID:1120002091,バランスオブゲーム,バランスオブゲーム,1120002091,確定,繁殖登録番号,A_v9.3直接完成,母父,0,2,0,2,2,Caerleon,バ,Sadler's Wells,地,English Prince,極,Tom Rolfe,極,Bold Reasoning,極,Pappa Fourway,極,Sanctus,極,Worden,極,Bozzetto,極,バ-地-極 | 極-極-極 | 極-極-極,
ID:1120002324,ファーガソン,ファーガソン,1120002324,確定,繁殖登録番号,A_v9.3直接完成,父,2,0,0,2,2,サンデーサイレンス,地,Law Society,地,Luciano,バ,Nijinsky,バ,Blushing Groom,極,Snow Knight,地,The Minstrel,バ,Vaguely Noble,地,Swaps,地,地-地-バ | バ-極-地 | バ-地-地,
ID:1110001013,フアバージ,フアバージ,1110001013,確定,繁殖登録番号,Y_v9.26残件祖先固定8代欠損0運用確定で完成,母母父,0,0,2,2,,Nasrullah,極,Blue Peter,極,Blandford,極,Dark Legend,極,Battersea,バ,Mesilim,極,Blandford,極,Charless O'Malley,極,Robert le Diable,バ,極・極・極｜極・バ・極｜極・極・バ,
ID:1120000299,フイリツプオブスペイン,フイリツプオブスペイン,1120000299,確定,繁殖登録番号,Q_v9.19古血統反映で完成,母母父,0,0,2,2,,Tudor Minstrel,地,Dante,極,Solario,極,Golden Cloud,極,Mazarin,極,Gainsborough,極,Pharos,極,Papyrus,極,Swynford,極,地・極・極｜極・極・極｜極・極・極,
ID:1120000485,フエートメーカー,フエートメーカー,1120000485,確定,繁殖登録番号,Y_v9.26残件祖先固定8代欠損0運用確定で完成,母母父,0,0,2,2,,Khaled,地,Beau Pere,極,War Admiral,極,Nasrullah,極,Challenger,極,Sir Gallahad,極,Questionnaire,バ,Eternal,バ,Negofol,極,地・極・極｜極・極・極｜バ・バ・極,
ID:1120001809,フサイチソニック,フサイチソニック,1120001809,確定,繁殖登録番号,B_TARGET再構成＋v9.3既存Mで完成,母母父,0,0,2,2,2,Danzig,地,His Majesty,地,Buckpasser,極,Accipiter,極,Cohoes,極,Nasrullah,極,Tanerko,極,Ribot,極,Hyperion,地,地・地・極｜極・極・極｜極・極・地,
ID:1120000966,フジノフウウン,フジノフウウン,1120000966,確定,繁殖登録番号,Z_v9.27_TARGET系譜不足枝0扱いで完成,母母父,0,0,2,2,,フアバージ,極,Supreme Court,極,Nearco,極,Nasrullah,極,Count Fleet,極,Bull Dog,極,Fair Trial,極,Artist's Proof,極,,バ,極・極・極｜極・極・極｜極・極・バ,
ID:1120002334,ブリーズフレイバー,ブリーズフレイバー,1120002334,確定,繁殖登録番号,A_v9.3直接完成,父,2,0,0,2,2,Mr. Prospector,極,Tom Rolfe,極,Double Jay,極,Northern Dancer,地,Chop Chop,極,Windfields,極,Nearctic,地,Chanteur,極,Umidwar,極,極-極-極 | 地-極-極 | 地-極-極,
ID:1120000229,ボールドコンバタント,ボールドコンバタント,1120000229,確定,繁殖登録番号,Z_v9.27_TARGET系譜不足枝0扱いで完成,母母父,0,0,2,2,,Nasrullah,極,Discovery,極,Pompey,極,Pilate,極,High Time,バ,Man o'War,極,Fair Play,バ,Rock Sand,バ,,バ,極・極・極｜極・バ・極｜バ・バ・バ,
ID:1120000466,マグニテユード,マグニテユード,1120000466,確定,繁殖登録番号,B_TARGET再構成＋v9.3既存Mで完成,母母父,0,0,2,2,2,Never Bend,極,Princequillo,極,Count Fleet,極,Aureole,極,Nearco,極,Blandford,極,Donatello,極,Mieuxce,極,Solario,極,極・極・極｜極・極・極｜極・極・極,
ID:1120001183,マジックマイルズ,マジックマイルズ,1120001183,確定,繁殖登録番号,B_TARGET再構成＋v9.3既存Mで完成,母父,0,2,0,2,2,Raise a Native,極,Nashua,極,Count Fleet,極,Pronto,極,Black Out,極,Embrujo,極,Court Harwell,地,Rustom Pasha,極,Congreve,極,極・極・極｜極・極・極｜地・極・極,
ID:1120000687,マナード,マナード,1120000687,確定,繁殖登録番号,Z_v9.27_TARGET系譜不足枝0扱いで完成,母母父,0,0,2,2,,Turn-to,極,Ambiorix,極,Devil Diver,バ,Tudor Minstrel,地,Portlaw,極,Xandover,バ,Fair Trial,極,Tetratema,極,,バ,極・極・バ｜地・極・バ｜極・極・バ,
ID:1120002594,ミラアイトーン,ミラアイトーン,1120002594,確定,繁殖登録番号,A_v9.3直接完成,父,2,0,0,2,2,Octagonal,地,Straight Strike,極,First Consul,地,Cee's Tizzy,バ,Seattle Song,極,ナイスダンサー,地,Mr. Prospector,極,Buckpasser,極,Hasty Road,極,地-極-地 | バ-極-地 | 極-極-極,
ID:1120000923,ミルフオード,ミルフオード,1120000923,確定,繁殖登録番号,Y_v9.26残件祖先固定8代欠損0運用確定で完成,母母父,0,0,2,2,,Never Bend,極,Princequillo,極,Count Fleet,極,March Past,極,Vilmorin,極,Fair Trial,極,Brumeux,バ,Hyperion,地,Swynford,極,極・極・極｜極・極・極｜バ・地・極,
ID:1120000913,メンデス,メンデス,1120000913,確定,繁殖登録番号,Z_v9.27_TARGET系譜不足枝0扱いで完成,母母父,0,0,2,2,,Lyphard,バ,Le Fabuleux,極,Gilles de Retz,極,Fortino,極,Chamossaire,極,Solario,極,Heliopolis,地,Stimulus,バ,,バ,バ・極・極｜極・極・極｜地・バ・バ,
ID:1120000807,モンテフアスト,モンテフアスト,1120000807,確定,繁殖登録番号,C_v9.4+v9.5追加祖先反映で完成,母母父,0,0,2,2,,Herbager,極,Free Man,極,Ocean Swell,極,Bois Roussel,極,Solario,極,Blandford,極,Bahram,極,Tetratema,極,White Eagle,バ,極・極・極｜極・極・極｜極・極・バ,
ID:1120001987,ラスカルスズカ,ラスカルスズカ,1120001987,確定,繁殖登録番号,A_v9.3直接完成,母父,0,2,0,2,2,ダンシングブレーヴ,バ,Roberto,極,Raise a Native,極,Mr. Prospector,極,Buckpasser,極,Princequillo,極,Battle Joined,極,Turn-to,極,Princequillo,極,バ-極-極 | 極-極-極 | 極-極-極,
ID:1120000062,ラデイガ,ラデイガ,1120000062,確定,繁殖登録番号,C_v9.4+v9.5追加祖先反映で完成,母母父,0,0,2,2,,Ribot,極,Alibhai,地,Beau Pere,極,Khaled,地,Beau Pere,極,War Admiral,極,Sir Gallahad,極,Buchan,極,Ultimus,バ,極・地・極｜地・極・極｜極・極・バ,
ID:1120002200,リキアイサイレンス,リキアイサイレンス,1120002200,確定,繁殖登録番号,A_v9.3直接完成,母父,0,2,0,2,2,Halo,極,Understanding,極,Montparnasse,地,Mill Reef,バ,Habitat,極,Busted,極,Northern Dancer,地,Court Martial,極,Formor,極,極-極-地 | バ-極-極 | 地-極-極,
ID:1120002455,リッチーリッチー,リッチーリッチー,1120002455,確定,繁殖登録番号,A_v9.3直接完成,父,2,0,0,2,2,Galileo,地,Danehill,地,Majestic Light,地,Polar Falcon,地,Cozzene,極,Bustino,極,Danzig,地,Secretariat,極,Swoon's Son,極,地-地-地 | 地-極-極 | 地-極-極,
ID:1120000831,ルイヴイルサミツト,ルイヴイルサミツト,1120000831,確定,繁殖登録番号,B_TARGET再構成＋v9.3既存Mで完成,母母父,0,0,2,2,2,Bold Ruler,極,My Babu,極,Umidwar,極,Princequillo,極,Nasrullah,極,Bull Lea,極,Bull Lea,極,Blenheim,極,American Flag,極,極・極・極｜極・極・極｜極・極・極,
ID:1120002506,ロンギングダンサー,ロンギングダンサー,1120002506,確定,繁殖登録番号,A_v9.3直接完成,父,2,0,0,2,2,Kris S.,極,Gold Meridian,地,Tri Jet,バ,Halo,極,Understanding,極,Montparnasse,地,Northern Dancer,地,Bull Page,極,Menow,極,極-地-バ | 極-極-地 | 地-極-極,
ID:1120002197,ヴリル,ヴリル,1120002197,確定,繁殖登録番号,A_v9.3直接完成,父・母父,1,1,0,2,2,Halo,極,Understanding,極,Montparnasse,地,Raise a Native,極,Nashua,極,Count Fleet,極,Nearctic,地,Native Dancer,極,Mahmoud,極,極-極-地 | 極-極-極 | 地-極-極,
ID:1140007604,Accelerate,Accelerate,1140007604,確定,繁殖登録番号,A_v9.3直接完成,父,1,0,0,1,1,Smart Strike,地,Belong to Me,地,Clever Trick,地,Deputy Minister,地,Blushing Groom,極,Mr. Prospector,極,Damascus,極,Northern Dancer,地,Graustark,地,地-地-地 | 地-極-極 | 極-地-地,
ID:1140001119,Accipiter,Accipiter,1140001119,確定,繁殖登録番号,F_v9.4-v9.8追加祖先反映で完成,母母父,0,0,1,1,,Sword Dancer,極,My Babu,極,Sickle,極,Nasrullah,極,Discovery,極,Pompey,極,Blue Larkspur,バ,Sir Gallahad,極,High Time,バ,極・極・極｜極・極・極｜バ・極・バ,
ID:1140007168,Ad Valorem,Ad Valorem,1140007168,確定,繁殖登録番号,A_v9.3直接完成,母父,0,1,0,1,1,Northern Dancer,地,Admiral's Voyage,バ,Petition,極,In Reality,極,The Axe,極,Royal Note,極,Hail to Reason,極,Djeddah,極,Blenheim,極,地-バ-極 | 極-極-極 | 極-極-極,
ID:1140006963,Adcat,Adcat,1140006963,確定,繁殖登録番号,A_v9.3直接完成,母父,0,1,0,1,1,Storm Bird,地,Secretariat,極,Crimson Satan,極,Never Bend,極,Prince John,極,Roman,極,Turn-to,極,Beau Pere,極,Windsor Lad,極,地-極-極 | 極-極-極 | 極-極-極,
ID:1140007357,Adelaide,Adelaide,1140007357,確定,繁殖登録番号,A_v9.3直接完成,母父,0,1,0,1,1,Sadler's Wells,地,Miswaki,極,Lombard,地,Danzig,地,Exclusive Native,極,Pretense,地,Nijinsky,バ,Tom Rolfe,極,Ridan,極,地-極-地 | 地-極-地 | バ-極-極,
ID:1140005295,Agnes Tachyon,Agnes Tachyon,1140005295,確定,繁殖登録番号,B_TARGET再構成＋v9.3既存Mで完成,母母父,0,0,1,1,1,Halo,極,Understanding,極,Montparnasse,地,Raja Baba,極,Involvement,極,Tournoi,極,Alcide,地,Palestine,極,Chanteur,極,極・極・地｜極・極・極｜地・極・極,
ID:1140007232,Al Wukair,Al Wukair,1140007232,確定,繁殖登録番号,A_v9.3直接完成,父,1,0,0,1,1,Diktat,地,Cadeaux Genereux,地,Green Desert,地,Mr. Prospector,極,Halo,極,Hoist the Flag,極,Nijinsky,バ,Round Table,極,Hail to Reason,極,地-地-地 | 極-極-極 | バ-極-極,
ID:1140007048,Albert the Great,Albert the Great,1140007048,確定,繁殖登録番号,B_TARGET再構成＋v9.3既存Mで完成,母母父,0,0,1,1,1,Cormorant,地,Stage Door Johnny,極,Never Bend,極,Mr. Prospector,極,Dr. Fager,極,Correlation,極,Northern Dancer,地,Menetrier,極,Windfields,極,地・極・極｜極・極・極｜地・極・極,
ID:1140007236,Alex The Winner,Alex The Winner,1140007236,確定,繁殖登録番号,A_v9.3直接完成,母父,0,1,0,1,1,Storm Bird,地,Secretariat,極,Crimson Satan,極,Seattle Slew,極,Secretariat,極,Buckpasser,極,Raise a Native,極,Nashua,極,Count Fleet,極,地-極-極 | 極-極-極 | 極-極-極,
ID:1140007290,Aljabr,Aljabr,1140007290,確定,繁殖登録番号,B_TARGET再構成＋v9.3既存Mで完成,母母父,0,0,1,1,1,Storm Bird,地,Secretariat,極,Crimson Satan,極,Blushing Groom,極,Shoemaker,地,Spy Song,極,Zeddaan,極,Prince Bio,極,Palestine,極,地・極・極｜極・地・極｜極・極・極,
ID:1140007159,Always Dreaming,Always Dreaming,1140007159,確定,繁殖登録番号,A_v9.3直接完成,父,1,0,0,1,1,Empire Maker,地,Storm Cat,地,A.P. Indy,バ,Siberian Express,地,Saulingo,バ,Vilmorin,極,Northern Dancer,地,Princequillo,極,,バ,地-地-バ | 地-バ-極 | 地-極-バ,
ID:1140002804,Alwuhush,Alwuhush,1140002804,確定,繁殖登録番号,B_TARGET再構成＋v9.3既存Mで完成,母父,0,1,0,1,1,Northern Dancer,地,Forli,地,Nantallah,極,Bold Ruler,極,Double Jay,極,Bold Irishman,極,Prince Chevalier,極,Nearco,極,Singapore,極,地・地・極｜極・極・極｜極・極・極,
ID:1140007288,American Freedom,American Freedom,1140007288,確定,繁殖登録番号,A_v9.3直接完成,父,1,0,0,1,1,A.P. Indy,バ,Mr. Prospector,極,Honest Pleasure,極,Pleasant Colony,バ,Stage Door Johnny,極,Never Bend,極,Gallant Romeo,極,Fleet Nasrullah,極,Alibhai,地,バ-極-極 | バ-極-極 | 極-極-地,
ID:1140007686,Anjaal,Anjaal,1140007686,確定,繁殖登録番号,A_v9.3直接完成,母父,0,1,0,1,1,Cadeaux Genereux,地,Ballad Rock,バ,Mount Hagen,地,Nureyev,地,Alydar,バ,Habitat,極,Riverman,極,Klairon,極,East Side,極,地-バ-地 | 地-バ-極 | 極-極-極,
ID:1140004692,Arena,Arena,1140004692,確定,繁殖登録番号,Y_v9.26残件祖先固定8代欠損0運用確定で完成,母母父,0,0,1,1,,Danzig,地,His Majesty,地,Buckpasser,極,Blushing Groom,極,Ben Lomond,地,Prince John,極,Alcide,地,Sayani,バ,Solario,極,地・地・極｜極・地・極｜地・バ・極,
ID:1140003441,Argument,Argument,1140003441,確定,繁殖登録番号,Z_v9.27_TARGET系譜不足枝0扱いで完成,母母父,0,0,1,1,,Relko,極,Aureole,極,Big Game,極,Vandale,極,,バ,,バ,Crafty Admiral,極,Eight Thirty,極,Sir Gallahad,極,極・極・極｜極・バ・バ｜極・極・極,
ID:1140007486,Army Mule,Army Mule,1140007486,確定,繁殖登録番号,A_v9.3直接完成,父,1,0,0,1,1,A.P. Indy,バ,Dehere,地,Marscay,地,Mr. Prospector,極,In Reality,極,Royal Note,極,Northern Dancer,地,New Providence,極,Chop Chop,極,バ-地-地 | 極-極-極 | 地-極-極,
ID:1140004416,Artax,Artax,1140004416,確定,繁殖登録番号,B_TARGET再構成＋v9.3既存Mで完成,母母父,0,0,1,1,1,Conquistador Cielo,極,Vice Regent,バ,Never Bend,極,Round Table,極,Nantallah,極,Gold Bridge,極,Rough'n Tumble,極,Better Self,極,Bull Brier,極,極・バ・極｜極・極・極｜極・極・極,
ID:1140005857,Artichoke,Artichoke,1140005857,確定,繁殖登録番号,Z_v9.27_TARGET系譜不足枝0扱いで完成,母母父,0,0,1,1,,Bold Ruler,極,,バ,,バ,Princequillo,極,Bubbling Over,バ,Wrack,バ,The Porter,バ,Colin,バ,Star Shoot,バ,極・バ・バ｜極・バ・バ｜バ・バ・バ,
ID:1140004064,Atticus,Atticus,1140004064,確定,繁殖登録番号,B_TARGET再構成＋v9.3既存Mで完成,母母父,0,0,1,1,1,Northern Dancer,地,Forli,地,Nantallah,極,Bold Ruler,極,Princequillo,極,Caruso,バ,Klairon,極,Cranach,極,Brantome,極,地・地・極｜極・極・バ｜極・極・極,
ID:1140007348,Audible,Audible,1140007348,確定,繁殖登録番号,A_v9.3直接完成,父,1,0,0,1,1,Harlan's Holiday,地,Tricky Creek,地,Stop the Music,極,Timeless Moment,極,What a Pleasure,極,Princequillo,極,Mr. Prospector,極,Rambunctious,地,Seven Corners,極,地-地-極 | 極-極-極 | 極-地-極,
ID:1140007420,Awtaad,Awtaad,1140007420,確定,繁殖登録番号,A_v9.3直接完成,母父,0,1,0,1,1,Green Desert,地,Ahonoora,バ,Balidar,地,Giant's Causeway,地,Machiavellian,極,Troy,地,Mr. Prospector,極,Sadler's Wells,地,Artaius,バ,地-バ-地 | 地-極-地 | 極-地-バ,
ID:1140007698,Badge of Silver,Badge of Silver,1140007698,確定,繁殖登録番号,B_TARGET再構成＋v9.3既存Mで完成,母母父,0,0,1,1,1,Deputy Minister,地,Mr. Prospector,極,Road At Sea,極,Roberto,極,Amerigo,バ,Mat de Cocagne,極,Prince John,極,War Relic,極,Black Toney,バ,地・極・極｜極・バ・極｜極・極・バ,
ID:1140004335,Balleroy,Balleroy,1140004335,確定,繁殖登録番号,B_TARGET再構成＋v9.3既存Mで完成,母母父,0,0,1,1,1,Caro,極,Le Haar,極,Venture,極,Northern Dancer,地,Forli,地,Nantallah,極,Wild Risk,極,Verso,極,Easton,極,極・極・極｜地・地・極｜極・極・極,
ID:1140004404,Banker's Gold,Banker's Gold,1140004404,確定,繁殖登録番号,Y_v9.26残件祖先固定8代欠損0運用確定で完成,母父,0,1,0,1,,Mr. Prospector,極,Tom Rolfe,極,Double Jay,極,Northern Dancer,地,Bull Page,極,Menow,極,Nearctic,地,Round Table,極,Bernborough,バ,極・極・極｜地・極・極｜地・極・バ,
ID:1140004735,Baronius,Baronius,1140004735,確定,繁殖登録番号,Z_v9.27_TARGET系譜不足枝0扱いで完成,母母父,0,0,1,1,,Right Royal,地,Nearco,極,Solario,極,Alipio,極,Orsenigo,極,Brantome,極,Tourbillon,極,,バ,,バ,地・極・極｜極・極・極｜極・バ・バ,
ID:1140007547,Bay of Plenty,Bay of Plenty,1140007547,確定,繁殖登録番号,A_v9.3直接完成,母父,0,1,0,1,1,El Prado,地,Bailjumper,地,Silent Screen,極,Seattle Slew,極,Secretariat,極,Buckpasser,極,Northern Dancer,地,Forli,地,Nantallah,極,地-地-極 | 極-極-極 | 地-地-極,
ID:1140007154,Bayern,Bayern,1140007154,確定,繁殖登録番号,A_v9.3直接完成,父,1,0,0,1,1,Wild Again,地,Seattle Slew,極,His Majesty,地,Gulch,地,Storm Bird,地,High Line,地,Raise a Native,極,On-and-On,極,Ponder,地,地-極-地 | 地-地-地 | 極-極-地,
ID:1140006625,Big Bad Bob,Big Bad Bob,1140006625,確定,繁殖登録番号,A_v9.3直接完成,母父,0,1,0,1,1,Roberto,極,Carry Back,地,Beauchef,極,Last Tycoon,地,Artaius,バ,Welsh Pageant,地,Bold Lad (IRE),バ,Relko,極,Blue Peter,極,極-地-極 | 地-バ-地 | バ-極-極,
ID:1140003872,Bigstone,Bigstone,1140003872,確定,繁殖登録番号,B_TARGET再構成＋v9.3既存Mで完成,母母父,0,0,1,1,1,Try My Best,地,Mill Reef,バ,Sayajirao,極,Forli,地,Bold Ruler,極,Better Self,極,Court Martial,極,Mieuxce,極,Colombo,極,地・バ・極｜地・極・極｜極・極・極,
ID:1140004213,Birdonthewire,Birdonthewire,1140004213,確定,繁殖登録番号,Y_v9.26残件祖先固定8代欠損0運用確定で完成,母母父,0,0,1,1,,Proud Clarion,極,Bolero,極,Pavot,極,Royal Dorimar,極,Tejon,極,Ramazon,バ,Polynesian,極,Discovery,極,John P.Grier,バ,極・極・極｜極・極・バ｜極・極・バ,
ID:1140005410,Black Minnaloushe,Black Minnaloushe,1140005410,確定,繁殖登録番号,A_v9.3直接完成,母父,0,1,0,1,1,Storm Bird,地,Secretariat,極,Crimson Satan,極,Nijinsky,バ,Val de Loir,極,Spy Song,極,Sicambre,極,Honeyway,極,Diolite,極,地-極-極 | バ-極-極 | 極-極-極,
ID:1140004123,Boone's Mill,Boone's Mill,1140004123,確定,繁殖登録番号,B_TARGET再構成＋v9.3既存Mで完成,母母父,0,0,1,1,1,Mr. Prospector,極,Blushing Groom,極,Nijinsky,バ,Bold Ruler,極,Princequillo,極,Caruso,バ,Raise a Native,極,On-and-On,極,Ponder,地,極・極・バ｜極・極・バ｜極・極・地,
ID:1140007481,Bowman's Band,Bowman's Band,1140007481,確定,繁殖登録番号,A_v9.3直接完成,母父,0,1,0,1,1,Northern Dancer,地,Delta Judge,地,Warfare,地,His Majesty,地,Sunrise Flight,極,Cockrullah,極,Northern Dancer,地,Bull Page,極,Menow,極,地-地-地 | 地-極-極 | 地-極-極,
ID:1140004754,Brahms,Brahms,1140004754,確定,繁殖登録番号,B_TARGET再構成＋v9.3既存Mで完成,母母父,0,0,1,1,1,Northern Dancer,地,Admiral's Voyage,バ,Petition,極,Raise a Native,極,Nashua,極,Count Fleet,極,Red God,極,Wild Risk,極,Tudor Minstrel,地,地・バ・極｜極・極・極｜極・極・地,
ID:1140007118,Brazen Beau,Brazen Beau,1140007118,確定,繁殖登録番号,A_v9.3直接完成,父,1,0,0,1,1,Invincible Spirit,地,Canny Lad,地,Zoffany,極,Danzig,地,What a Pleasure,極,Chop Chop,極,Biscay,地,Relic,極,Fair Trial,極,地-地-極 | 地-極-極 | 地-極-極,
ID:1140007361,Brilliant Speed,Brilliant Speed,1140007361,確定,繁殖登録番号,A_v9.3直接完成,母父,0,1,0,1,1,Roberto,極,His Majesty,地,Olympia,地,Mr. Prospector,極,Secretariat,極,Tim Tam,極,Vice Regent,バ,Bunty's Flight,極,Jabneh,極,極-地-地 | 極-極-極 | バ-極-極,
ID:1140001432,Buckaroo,Buckaroo,1140001432,確定,繁殖登録番号,B_TARGET再構成＋v9.3既存Mで完成,母母父,0,0,1,1,1,Tom Fool,極,War Admiral,極,Blue Larkspur,バ,Swaps,地,Bimelech,極,Blue Larkspur,バ,Prince Rose,極,Bacteriophage,極,Cadum,極,極・極・バ｜地・極・バ｜極・極・極,
ID:1140007012,Bullet Train,Bullet Train,1140007012,確定,繁殖登録番号,A_v9.3直接完成,父,1,0,0,1,1,Northern Dancer,地,Bold Reason,極,Forli,地,Danzig,地,His Majesty,地,Buckpasser,極,Blushing Groom,極,Herbager,極,Raise a Native,極,地-極-地 | 地-地-極 | 極-極-極,
ID:1140007710,Burgundy,Burgundy,1140007710,確定,繁殖登録番号,A_v9.3直接完成,母父,0,1,0,1,1,Danehill,地,Canny Lad,地,Nijinsky,バ,Sir Tristram,極,Nureyev,地,Val de Loir,極,Bismark,極,Le Filou,極,Whistling Wind,極,地-地-バ | 極-地-極 | 極-極-極,
ID:1140007480,Cajun Breeze,Cajun Breeze,1140007480,確定,繁殖登録番号,A_v9.3直接完成,父,1,0,0,1,1,A.P. Indy,バ,Mr. Prospector,極,Northern Dancer,地,Deputy Minister,地,Blushing Groom,極,Mr. Prospector,極,Tri Jet,バ,Quadrangle,極,Quibu,極,バ-極-地 | 地-極-極 | バ-極-極,
ID:1140003270,Canny Lad,Canny Lad,1140003270,確定,繁殖登録番号,B_TARGET再構成＋v9.3既存Mで完成,母母父,0,0,1,1,1,Biscay,地,Relic,極,Fair Trial,極,Silly Season,極,Hornbeam,地,Sunny Brae,極,Palestine,極,Dante,極,Dastur,極,地・極・極｜極・地・極｜極・極・極,
ID:1140004708,Cape Canaveral,Cape Canaveral,1140004708,確定,繁殖登録番号,B_TARGET再構成＋v9.3既存Mで完成,母母父,0,0,1,1,1,Raise a Native,極,Nashua,極,Count Fleet,極,Bold Reasoning,極,Poker,極,Jet Action,極,Graustark,地,Princequillo,極,War Admiral,極,極・極・極｜極・極・極｜地・極・極,
ID:1140007464,Capitalist,Capitalist,1140007464,確定,繁殖登録番号,A_v9.3直接完成,父,1,0,0,1,1,Iglesia,地,Kenmare,極,Vain,極,Mr. Prospector,極,Danzig,地,Halo,極,Danzig,地,His Majesty,地,Buckpasser,極,地-極-極 | 極-地-極 | 地-地-極,
ID:1140007200,Cat's Career,Cat's Career,1140007200,確定,繁殖登録番号,B_TARGET再構成＋v9.3既存Mで完成,母母父,0,0,1,1,1,Raise a Native,極,Nashua,極,Count Fleet,極,Vaguely Noble,地,Bald Eagle,極,Dark Star,極,Nearctic,地,Native Dancer,極,Mahmoud,極,極・極・極｜地・極・極｜地・極・極,
ID:1140006966,Central Banker,Central Banker,1140006966,確定,繁殖登録番号,A_v9.3直接完成,父,1,0,0,1,1,Gone West,地,Storm Cat,地,Chieftain,極,Cormorant,地,Stage Door Johnny,極,Never Bend,極,Hail to Reason,極,Cosmic Bomb,極,Mahmoud,極,地-地-極 | 地-極-極 | 極-極-極,
ID:1140007169,Centrust,Centrust,1140007169,確定,繁殖登録番号,Z_v9.27_TARGET系譜不足枝0扱いで完成,母母父,0,0,1,1,,Raise a Native,極,Nashua,極,Count Fleet,極,Utrillo,極,Mehrali,極,Clustine,極,,バ,,バ,,バ,極・極・極｜極・極・極｜バ・バ・バ,
ID:1140005999,Chapel Royal,Chapel Royal,1140005999,確定,繁殖登録番号,A_v9.3直接完成,母父,0,1,0,1,1,Buckaroo,バ,Jet Diplomacy,地,Diplomat Way,極,Damascus,極,Dunce,極,My Babu,極,Nasrullah,極,Djeddah,極,Bimelech,極,バ-地-極 | 極-極-極 | 極-極-極,
ID:1140003843,Cherokee Colony,Cherokee Colony,1140003843,確定,繁殖登録番号,B_TARGET再構成＋v9.3既存Mで完成,母母父,0,0,1,1,1,His Majesty,地,Sunrise Flight,極,Cockrullah,極,Northern Dancer,地,Bull Page,極,Menow,極,Blenheim,極,Pompey,極,Sickle,極,地・極・極｜地・極・極｜極・極・極,
ID:1140007104,Christine's Outlaw,Christine's Outlaw,1140007104,確定,繁殖登録番号,A_v9.3直接完成,母父,0,1,0,1,1,Icecapade,バ,Khaled,地,Dante,極,Bold Ruler,極,,バ,,バ,Matrice,極,Abbots Fell,極,Talking,極,バ-地-極 | 極-バ-バ | 極-極-極,
ID:1140007212,Cimarron Secret,Cimarron Secret,1140007212,確定,繁殖登録番号,B_TARGET再構成＋v9.3既存Mで完成,母母父,0,0,1,1,1,Caro,極,Exclusive Native,極,Never Bend,極,Mr. Prospector,極,In Reality,極,Royal Note,極,Double Jay,極,Bald Eagle,極,Roman,極,極・極・極｜極・極・極｜極・極・極,
ID:1140007125,Circulating,Circulating,1140007125,確定,繁殖登録番号,Z_v9.27_TARGET系譜不足枝0扱いで完成,母母父,0,0,1,1,,Boldnesian,極,Raise a Native,極,Double Jay,極,Northern Dancer,地,Menetrier,極,Windfields,極,Le Levanstell,極,,バ,,バ,極・極・極｜地・極・極｜極・バ・バ,
ID:1140007218,Classic Empire,Classic Empire,1140007218,確定,繁殖登録番号,A_v9.3直接完成,父,1,0,0,1,1,Empire Maker,地,Lord At War,地,Key to the Kingdom,極,Storm Cat,地,Alydar,バ,No Robbery,地,Mr. Prospector,極,Buckpasser,極,Princequillo,極,地-地-極 | 地-バ-地 | 極-極-極,
ID:1140003549,Clay Hero,Clay Hero,1140003549,確定,繁殖登録番号,Y_v9.26残件祖先固定8代欠損0運用確定で完成,母母父,0,0,1,1,,Vain,極,Sostenuto,バ,Edmundo,地,Biscay,地,Relic,極,Fair Trial,極,Le Pacha,極,Badruddin,極,Pharos,極,極・バ・地｜地・極・極｜極・極・極,
ID:1140007606,Cloud Computing,Cloud Computing,1140007606,確定,繁殖登録番号,A_v9.3直接完成,父,1,0,0,1,1,Distorted Humor,地,Unbridled's Song,バ,Gone West,地,Seattle Slew,極,Secretariat,極,Buckpasser,極,Relaunch,極,Grey Dawn,極,Graustark,地,地-バ-地 | 極-極-極 | 極-極-地,
ID:1140007354,Cloud Hopping,Cloud Hopping,1140007354,確定,繁殖登録番号,B_TARGET再構成＋v9.3既存Mで完成,母母父,0,0,1,1,1,Raise a Native,極,Nashua,極,Count Fleet,極,Northern Dancer,地,Court Martial,極,Formor,極,Turn-to,極,Beau Pere,極,Windsor Lad,極,極・極・極｜地・極・極｜極・極・極,
ID:1140007386,Colombia,Colombia,1140007386,確定,繁殖登録番号,F_v9.4-v9.8追加祖先反映で完成,母母父,0,0,1,1,,Sir Tristram,極,Nureyev,地,Val de Loir,極,Relic,極,Dante,極,Niccolo Dell'Arca,極,Clarion,極,Kantar,バ,Swynford,極,極・地・極｜極・極・極｜極・バ・極,
ID:1140003277,Colony Light,Colony Light,1140003277,確定,繁殖登録番号,C_v9.4+v9.5追加祖先反映で完成,母母父,0,0,1,1,,His Majesty,地,Sunrise Flight,極,Cockrullah,極,Bold Lad (USA),極,Heliopolis,地,Phalanx,極,Polynesian,極,Bull Lea,極,Sweep,バ,地・極・極｜極・地・極｜極・極・バ,
ID:1140004669,Comic Strip,Comic Strip,1140004669,確定,繁殖登録番号,B_TARGET再構成＋v9.3既存Mで完成,母母父,0,0,1,1,1,Roberto,極,Damascus,極,Nearctic,地,Alydar,バ,Irish Castle,極,Commodore M.,極,Olympia,地,Nasrullah,極,Beau Pere,極,極・極・地｜バ・極・極｜地・極・極,
ID:1140007598,Complexity,Complexity,1140007598,確定,繁殖登録番号,A_v9.3直接完成,父,1,0,0,1,1,Distorted Humor,地,Unbridled's Song,バ,Gone West,地,Is It True,極,Clever Trick,地,Prince of Ascot,極,Seattle Slew,極,The Axe,極,Nearctic,地,地-バ-地 | 極-地-極 | 極-極-地,
ID:1140007248,Cosmic,Cosmic,1140007248,確定,繁殖登録番号,A_v9.3直接完成,母父,0,1,0,1,1,Sadler's Wells,地,Sir Ivor,極,Tom Fool,極,Mr. Prospector,極,Buckpasser,極,Hasty Road,極,Northern Dancer,地,Bull Page,極,Menow,極,地-極-極 | 極-極-極 | 地-極-極,
ID:1140006967,Country Store,Country Store,1140006967,確定,繁殖登録番号,B_TARGET再構成＋v9.3既存Mで完成,母母父,0,0,1,1,1,Bold Reasoning,極,Poker,極,Jet Action,極,Raise a Native,極,Shut Out,極,Pilate,極,Noholme,地,Double Jay,極,Don Bingo,極,極・極・極｜極・極・極｜地・極・極,
ID:1140007742,Courtier,Courtier,1140007742,確定,繁殖登録番号,A_v9.3直接完成,母父,0,1,0,1,1,Empire Maker,地,Lord At War,地,Key to the Kingdom,極,Deputy Minister,地,Buckpasser,極,Northern Dancer,地,Seattle Slew,極,Secretariat,極,Buckpasser,極,地-地-極 | 地-極-地 | 極-極-極,
ID:1140006501,Cowboy Cal,Cowboy Cal,1140006501,確定,繁殖登録番号,A_v9.3直接完成,母父,0,1,0,1,1,Storm Cat,地,Rahy,バ,Roberto,極,Mr. Prospector,極,Buckpasser,極,Hasty Road,極,Northern Dancer,地,Maribeau,極,Double Jay,極,地-バ-極 | 極-極-極 | 地-極-極,
ID:1140004783,Crow,Crow,1140004783,確定,繁殖登録番号,Y_v9.26残件祖先固定8代欠損0運用確定で完成,母母父,0,0,1,1,,Le Haar,極,Mossborough,極,Noble Star,極,Honeyway,極,Migoli,極,Fair Trial,極,Hyperion,地,Mieuxce,極,Colorado,バ,極・極・極｜極・極・極｜地・極・バ,
ID:1140007615,Daaher,Daaher,1140007615,確定,繁殖登録番号,A_v9.3直接完成,父,1,0,0,1,1,Deputy Minister,地,Blushing Groom,極,Mr. Prospector,極,Irish Tower,バ,Buckpasser,極,Ambiorix,極,Habitat,極,Crowned Prince,地,Abernant,地,地-極-極 | バ-極-極 | 極-地-地,
ID:1140005845,Danetime,Danetime,1140005845,確定,繁殖登録番号,B_TARGET再構成＋v9.3既存Mで完成,母父,0,1,0,1,1,Danzig,地,His Majesty,地,Buckpasser,極,Roberto,極,Lt. Stevens,極,War Admiral,極,Northern Dancer,地,Tudor Minstrel,地,Stymie,極,地・地・極｜極・極・極｜地・地・極,
ID:1140007144,Danon Ballade,Danon Ballade,1140007144,確定,繁殖登録番号,A_v9.3直接完成,父,1,0,0,1,1,Sunday Silence,地,Alzao,バ,Busted,極,Fappiano,極,Le Fabuleux,極,In Reality,極,Hail to Reason,極,Cosmic Bomb,極,Mahmoud,極,地-バ-極 | 極-極-極 | 極-極-極,
ID:1130000851,Dewan,Dewan,1130000851,確定,繁殖登録番号,Z_v9.27_TARGET系譜不足枝0扱いで完成,母母父,0,0,1,1,,Nasrullah,極,Discovery,極,Pompey,極,Sun Teddy,極,Stimulus,バ,Isidor,バ,Man o'War,極,,バ,,バ,極・極・極｜極・バ・バ｜極・バ・バ,
ID:1140007174,Dialed In,Dialed In,1140007174,確定,繁殖登録番号,A_v9.3直接完成,父,1,0,0,1,1,A.P. Indy,バ,Mr. Prospector,極,Hoist the Flag,極,Storm Bird,地,Secretariat,極,Crimson Satan,極,Blushing Groom,極,Crimson Satan,極,Reneged,極,バ-極-極 | 地-極-極 | 極-極-極,
ID:1140007459,Disco Partner,Disco Partner,1140007459,確定,繁殖登録番号,A_v9.3直接完成,父,1,0,0,1,1,Citidancer,地,Apalachee,極,Double Zeus,地,Mr. Prospector,極,Nijinsky,バ,Forli,地,Concorde Bound,地,Tunerup,地,Francis S.,極,地-極-地 | 極-バ-地 | 地-地-極,
ID:1140002442,Dominion,Dominion,1140002442,確定,繁殖登録番号,Z_v9.27_TARGET系譜不足枝0扱いで完成,母母父,0,0,1,1,,Darius,極,Abernant,地,Chanteur,極,Nasrullah,極,Blue Peter,極,Blandford,極,Dark Legend,極,Teddy,バ,,バ,極・地・極｜極・極・極｜極・バ・バ,
ID:1140002825,Double Form,Double Form,1140002825,確定,繁殖登録番号,F_v9.4-v9.8追加祖先反映で完成,母母父,0,0,1,1,,Sir Gaylord,極,Occupy,極,Challenger,極,King of the Tudors,地,Goyama,極,Borealis,地,Fairway,極,Papyrus,極,White Eagle,バ,極・極・極｜地・極・地｜極・極・バ,
ID:1140003870,Dowsing,Dowsing,1140003870,確定,繁殖登録番号,C_v9.4+v9.5追加祖先反映で完成,母母父,0,0,1,1,,Never Bend,極,Prince John,極,Roman,極,Raise a Native,極,Nashua,極,Count Fleet,極,Polynesian,極,Discovery,極,John P.Grier,バ,極・極・極｜極・極・極｜極・極・バ,
ID:1140004033,Dr Devious,Dr Devious,1140004033,確定,繁殖登録番号,B_TARGET再構成＋v9.3既存Mで完成,母母父,0,0,1,1,1,Lorenzaccio,極,Martial,極,Whistler,極,Hoist the Flag,極,Prince John,極,Determine,地,Nearctic,地,Native Dancer,極,Mahmoud,極,極・極・極｜極・極・地｜地・極・極,
ID:1140007449,Dragon Pulse,Dragon Pulse,1140007449,確定,繁殖登録番号,A_v9.3直接完成,父,1,0,0,1,1,Pivotal,地,Song,地,Crooner,極,Rainbow Quest,極,Alleged,地,Round Table,極,Nijinsky,バ,Damascus,極,Forli,地,地-地-極 | 極-地-極 | バ-極-地,
ID:1140007785,Drain the Clock,Drain the Clock,1140007785,確定,繁殖登録番号,A_v9.3直接完成,父,1,0,0,1,1,Distorted Humor,地,Unbridled's Song,バ,Gone West,地,Kris S.,極,Danzig,地,Alydar,バ,Polar Falcon,地,Cozzene,極,Bustino,極,地-バ-地 | 極-地-バ | 地-極-極,
ID:1140006918,During,During,1140006918,確定,繁殖登録番号,A_v9.3直接完成,母父,0,1,0,1,1,Runaway Groom,極,Silver Saber,極,Francis S.,極,Bold Ruler,極,Princequillo,極,Sir Cosmo,極,Intentionally,極,Tim Tam,極,Tudor Minstrel,地,極-極-極 | 極-極-極 | 極-極-地,
ID:1140007469,Ecclesiastic,Ecclesiastic,1140007469,確定,繁殖登録番号,A_v9.3直接完成,母父,0,1,0,1,1,A.P. Indy,バ,Mr. Prospector,極,Honest Pleasure,極,Fappiano,極,Nijinsky,バ,In Reality,極,Aristophanes,地,Advocate,極,Foxglove,極,バ-極-極 | 極-バ-極 | 地-極-極,
ID:1140006846,Ecliptical,Ecliptical,1140006846,確定,繁殖登録番号,B_TARGET再構成＋v9.3既存Mで完成,母母父,0,0,1,1,1,Raise a Native,極,Shut Out,極,Pilate,極,Bold Ruler,極,Roman,極,Princequillo,極,Heliopolis,地,Man o'War,極,Black Toney,バ,極・極・極｜極・極・極｜地・極・バ,
ID:1140006024,Eddington,Eddington,1140006024,確定,繁殖登録番号,A_v9.3直接完成,母父,0,1,0,1,1,Fappiano,極,Le Fabuleux,極,In Reality,極,Danzig,地,Secretariat,極,Swoon's Son,極,Sir Gaylord,極,Mr. Trouble,極,Pharamond,極,極-極-極 | 地-極-極 | 極-極-極,
ID:1140004591,El Condor Pasa,El Condor Pasa,1140004591,確定,繁殖登録番号,B_TARGET再構成＋v9.3既存Mで完成,母母父,0,0,1,1,1,Mr. Prospector,極,Nureyev,地,Prove Out,地,Northern Dancer,地,Bold Reason,極,Forli,地,Bold Reasoning,極,Poker,極,Jet Action,極,極・地・地｜地・極・地｜極・極・極,
ID:1140002226,Electric,Electric,1140002226,確定,繁殖登録番号,Y_v9.26残件祖先固定8代欠損0運用確定で完成,母母父,0,0,1,1,,Hethersett,極,Hornbeam,地,Chanteur,極,Rustam,極,My Babu,極,Fair Trial,極,Bull Lea,極,Blenheim,極,Ladkin,バ,極・地・極｜極・極・極｜極・極・バ,
ID:1140006004,Elektrant,Elektrant,1140006004,確定,繁殖登録番号,Y_v9.26残件祖先固定8代欠損0運用確定で完成,母母父,0,0,1,1,,Tamerlane,極,Neckar,バ,Allgau,バ,Ticino,極,Nuvolari,バ,Athanasius,バ,Donatello,極,Hyperion,地,Swynford,極,極・バ・バ｜極・バ・バ｜極・地・極,
ID:1140003494,Elmaamul,Elmaamul,1140003494,確定,繁殖登録番号,Z_v9.27_TARGET系譜不足枝0扱いで完成,母母父,0,0,1,1,,Sharpen Up,地,Reliance,極,Crepello,極,Hail to Reason,極,Nashua,極,Bull Lea,極,Hard Tack,バ,,バ,,バ,地・極・極｜極・極・極｜バ・バ・バ,
ID:1140001134,Elocutionist,Elocutionist,1140001134,確定,繁殖登録番号,Y_v9.26残件祖先固定8代欠損0運用確定で完成,母母父,0,0,1,1,,Gallant Man,極,Count Fleet,極,Luke McLuke,バ,Nasrullah,極,Count Fleet,極,Bull Dog,極,Hyperion,地,Tracery,極,Wildfowler,バ,極・極・バ｜極・極・極｜地・極・バ,
ID:1140007330,Elzaam,Elzaam,1140007330,確定,繁殖登録番号,A_v9.3直接完成,母父,0,1,0,1,1,Danehill,地,Canny Lad,地,Nijinsky,バ,Mr. Prospector,極,Nureyev,地,Prove Out,地,Seattle Slew,極,Buckpasser,極,Hill Prince,極,地-地-バ | 極-地-地 | 極-極-極,
ID:1140007437,Emperor Richard,Emperor Richard,1140007437,確定,繁殖登録番号,A_v9.3直接完成,母父,0,1,0,1,1,Halo,極,Northern Dancer,地,Sea-Bird,極,Blushing Groom,極,Lyphard,バ,Prominer,地,Caro,極,Outing Class,地,Tom Fool,極,極-地-極 | 極-バ-地 | 極-地-極,
ID:1130001162,Empery,Empery,1130001162,確定,繁殖登録番号,Z_v9.27_TARGET系譜不足枝0扱いで完成,母母父,0,0,1,1,,Vienna,極,Nearco,極,Big Game,極,Hunter's Moon,極,,バ,,バ,Fairway,極,Ksar,バ,,バ,極・極・極｜極・バ・バ｜極・バ・バ,
ID:1140007122,Exaggerator,Exaggerator,1140007122,確定,繁殖登録番号,A_v9.3直接完成,父,1,0,0,1,1,Smart Strike,地,Deputy Minister,地,Bates Motel,極,Seattle Slew,極,Strawberry Road,地,Hail to Reason,極,Boldnesian,極,Raise a Native,極,Double Jay,極,地-地-極 | 極-地-極 | 極-極-極,
ID:1140007072,Exbourne,Exbourne,1140007072,確定,繁殖登録番号,Y_v9.26残件祖先固定8代欠損0運用確定で完成,母母父,0,0,1,1,,Nearctic,地,Mel Hash,極,Heather Broom,バ,Jaipur,極,Court Martial,極,Big Game,極,Swaps,地,Polynesian,極,Eight Thirty,極,地・極・バ｜極・極・極｜地・極・極,
ID:1140005771,Executive Pride,Executive Pride,1140005771,確定,繁殖登録番号,K_v9.13古血統精査反映で完成,母母父,0,0,1,1,,Secretariat,極,Native Dancer,極,Shut Out,極,Raise a Native,極,Royal Charger,極,Alibhai,地,Blenheim,極,Petee-Wrack,極,Man o'War,極,極・極・極｜極・極・地｜極・極・極,
ID:1140007005,Explosive Red,Explosive Red,1140007005,確定,繁殖登録番号,Y_v9.26残件祖先固定8代欠損0運用確定で完成,母父,0,1,0,1,,Nearctic,地,Mel Hash,極,Heather Broom,バ,Bold Ruler,極,Mr. Music,極,Jamestown,極,Tenerani,極,El Greco,極,Papyrus,極,地・極・バ｜極・極・極｜極・極・極,
ID:1140004225,Falstaff,Falstaff,1140004225,確定,繁殖登録番号,B_TARGET再構成＋v9.3既存Mで完成,母母父,0,0,1,1,1,Northern Dancer,地,Court Martial,極,Formor,極,Sir Gaylord,極,Mr. Trouble,極,Pharamond,極,Sword Dancer,極,My Babu,極,Sickle,極,地・極・極｜極・極・極｜極・極・極,
ID:1140006090,Falvelon,Falvelon,1140006090,確定,繁殖登録番号,A_v9.3直接完成,母父,0,1,0,1,1,Noalcoholic,地,Crowned Prince,地,Pardao,地,Zephyr Bay,地,Montecello,バ,Tip the Bottle,極,Helioscope,地,Bull Lea,極,Blue Larkspur,バ,地-地-地 | 地-バ-極 | 地-極-バ,
ID:1140007273,Farhh,Farhh,1140007273,確定,繁殖登録番号,A_v9.3直接完成,父,1,0,0,1,1,Polar Falcon,地,Cozzene,極,Bustino,極,Acatenango,地,Sharpman,地,Dschingis Khan,極,Shirley Heights,バ,Birkhahn,極,Ticino,極,地-極-極 | 地-地-極 | バ-極-極,
ID:1140007625,Farnan,Farnan,1140007625,確定,繁殖登録番号,A_v9.3直接完成,父,1,0,0,1,1,Redoute's Choice,地,Rory's Jester,地,Grand Chaudiere,バ,Machiavellian,極,Troy,地,Riverman,極,Danehill,地,Godswalk,極,Doutelle,極,地-地-バ | 極-地-極 | 地-極-極,
ID:1140007298,Fast 'N' Famous,Fast 'N' Famous,1140007298,確定,繁殖登録番号,A_v9.3直接完成,母父,0,1,0,1,1,Danehill,地,Canny Lad,地,Nijinsky,バ,Sir Tristram,極,Nureyev,地,Val de Loir,極,Biscay,地,Better Boy,極,,バ,地-地-バ | 極-地-極 | 地-極-バ,
ID:1140006673,Filante,Filante,1140006673,確定,繁殖登録番号,B_TARGET再構成＋v9.3既存Mで完成,母母父,0,0,1,1,1,Star Appeal,バ,Klairon,極,Umberto,極,Sir Ivor,極,Round Table,極,My Babu,極,Blue Prince,極,Hyperion,地,Donatello,極,バ・極・極｜極・極・極｜極・地・極,
ID:1140007787,Flameaway,Flameaway,1140007787,確定,繁殖登録番号,A_v9.3直接完成,父,1,0,0,1,1,Johannesburg,地,Mr. Prospector,極,Nijinsky,バ,Mr. Prospector,極,Danzig,地,Halo,極,Caerleon,バ,Master Derby,極,Tulyar,極,地-極-バ | 極-地-極 | バ-極-極,
ID:1140001744,Flip Sal,Flip Sal,1140001744,確定,繁殖登録番号,Z_v9.27_TARGET系譜不足枝0扱いで完成,母母父,0,0,1,1,,Sir Gaylord,極,Tom Fool,極,Mahmoud,極,Better Self,極,Beau Pere,極,Fairway,極,Ultimus,バ,John o'Gaunt,バ,,バ,極・極・極｜極・極・極｜バ・バ・バ,
ID:1130000872,Foolish Pleasure,Foolish Pleasure,1130000872,確定,繁殖登録番号,Y_v9.26残件祖先固定8代欠損0運用確定で完成,母母父,0,0,1,1,,Bold Ruler,極,Mahmoud,極,Ariel,バ,Menow,極,Bull Dog,極,Equipoise,バ,Ksar,バ,Durbar,極,Irish Lad,バ,極・極・バ｜極・極・バ｜バ・極・バ,
ID:1140006698,Fort Larned,Fort Larned,1140006698,確定,繁殖登録番号,A_v9.3直接完成,父,1,0,0,1,1,Mr. Prospector,極,Lord At War,地,Verbatim,極,Ack Ack,極,Hoist the Flag,極,Turn-to,極,Bold Bidder,極,Fleet Nasrullah,極,Solidarity,地,極-地-極 | 極-極-極 | 極-極-地,
ID:1140007465,Foxwedge,Foxwedge,1140007465,確定,繁殖登録番号,A_v9.3直接完成,母父,0,1,0,1,1,Danehill,地,Royal Academy,バ,Marauding,地,Storm Cat,地,Bold Native,極,Seaneen,バ,Naskra,極,Crewman,地,Prince John,極,地-バ-地 | 地-極-バ | 極-地-極,
ID:1140007397,Free Drop Billy,Free Drop Billy,1140007397,確定,繁殖登録番号,A_v9.3直接完成,父,1,0,0,1,1,Dixie Union,地,Gone West,地,Nijinsky,バ,Storm Cat,地,Rahy,バ,Roberto,極,Mr. Prospector,極,Dr. Fager,極,Correlation,極,地-地-バ | 地-バ-極 | 極-極-極,
ID:1140007542,Full Mast,Full Mast,1140007542,確定,繁殖登録番号,A_v9.3直接完成,母父,0,1,0,1,1,Cozzene,極,Graustark,地,Tom Fool,極,Northern Dancer,地,Admiral's Voyage,バ,Petition,極,Hail to Reason,極,Nashua,極,Bull Lea,極,極-地-極 | 地-バ-極 | 極-極-極,
ID:1140007502,Game Winner,Game Winner,1140007502,確定,繁殖登録番号,A_v9.3直接完成,父,1,0,0,1,1,Ride the Rails,極,Candy Stripes,バ,Farnesio,極,Seattle Slew,極,Secretariat,極,Buckpasser,極,In Excess,地,Leo Castelli,地,Diplomat Way,極,極-バ-極 | 極-極-極 | 地-地-極,
ID:1140006930,Garswood,Garswood,1140006930,確定,繁殖登録番号,A_v9.3直接完成,父,1,0,0,1,1,Medicean,地,Spectrum,極,Drumalis,地,Pivotal,地,Song,地,Crooner,極,Young Generation,地,Sharpen Up,地,Soderini,極,地-極-地 | 地-地-極 | 地-地-極,
ID:1130001510,Gay Mecene,Gay Mecene,1130001510,確定,繁殖登録番号,G_v9.4-v9.9追加祖先反映で完成,母母父,0,0,1,1,,Vienna,極,Nearco,極,Big Game,極,Turn-to,極,Princequillo,極,Caruso,バ,Djebel,極,Badruddin,極,Pharos,極,極・極・極｜極・極・バ｜極・極・極,
ID:1140004119,Ghazi,Ghazi,1140004119,確定,繁殖登録番号,B_TARGET再構成＋v9.3既存Mで完成,母母父,0,0,1,1,1,Danzig,地,Tatan,極,War Admiral,極,Sword Dancer,極,My Babu,極,Sickle,極,Tehran,極,Nearco,極,Blandford,極,地・極・極｜極・極・極｜極・極・極,
ID:1140006583,Girolamo,Girolamo,1140006583,確定,繁殖登録番号,A_v9.3直接完成,母父,0,1,0,1,1,Seattle Slew,極,Secretariat,極,Buckpasser,極,Raise a Native,極,Nashua,極,Count Fleet,極,Nearctic,地,Native Dancer,極,Mahmoud,極,極-極-極 | 極-極-極 | 地-極-極,
ID:1140007124,Going Commando,Going Commando,1140007124,確定,繁殖登録番号,A_v9.3直接完成,母父,0,1,0,1,1,Unbridled,極,Caro,極,Lucky Mel,地,Tri Jet,バ,Quadrangle,極,Quibu,極,Herculean,極,Bolinas Boy,極,Flaneur,極,極-極-地 | バ-極-極 | 極-極-極,
ID:1140007302,Golan,Golan,1140007302,確定,繁殖登録番号,A_v9.3直接完成,母父,0,1,0,1,1,Rainbow Quest,極,Irish River,極,Dancer's Image,極,Caerleon,バ,Master Derby,極,Tulyar,極,Mill Reef,バ,Hardicanute,極,Grandmaster,極,極-極-極 | バ-極-極 | バ-極-極,
ID:1140004767,Golden Missile,Golden Missile,1140004767,確定,繁殖登録番号,A_v9.3直接完成,母父,0,1,0,1,1,Seattle Slew,極,Secretariat,極,Buckpasser,極,Stop the Music,極,Dr. Fager,極,Bold Ruler,極,Forli,地,On-and-On,極,,バ,極-極-極 | 極-極-極 | 地-極-バ,
ID:1140007219,Good Samaritan,Good Samaritan,1140007219,確定,繁殖登録番号,A_v9.3直接完成,父,1,0,0,1,1,Harlan,地,Affirmed,極,Honest Pleasure,極,A.P. Indy,バ,Mr. Prospector,極,Honest Pleasure,極,Kris S.,極,Danzig,地,Alydar,バ,地-極-極 | バ-極-極 | 極-地-バ,
ID:1140006700,Good Times,Good Times,1140006700,確定,繁殖登録番号,C_v9.4高影響祖先補完で完成,母母父,0,0,1,1,1,Honeyway,極,Admiral's Walk,地,Nearco,極,Nasrullah,極,War Admiral,極,Vatout,極,Precipitation,極,Fair Trial,極,Dastur,極,極・地・極｜極・極・極｜極・極・極,
ID:1130001186,Graustark,Graustark,1130001186,確定,繁殖登録番号,Z_v9.27_TARGET系譜不足枝0扱いで完成,母母父,0,0,1,1,,Tenerani,極,El Greco,極,Papyrus,極,Hyperion,地,Tracery,極,Wildfowler,バ,Son-in-Law,バ,Polymelus,バ,,バ,極・極・極｜地・極・バ｜バ・バ・バ,
ID:1140005501,Great Gladiator,Great Gladiator,1140005501,確定,繁殖登録番号,B_TARGET再構成＋v9.3既存Mで完成,母母父,0,0,1,1,1,Damascus,極,Native Dancer,極,Count Fleet,極,Utrillo,極,Mehrali,極,Clustine,極,Alibhai,地,Mahmoud,極,Sir Andrew,極,極・極・極｜極・極・極｜地・極・極,
ID:1140007716,Great Notion,Great Notion,1140007716,確定,繁殖登録番号,Z_v9.27_TARGET系譜不足枝0扱いで完成,母母父,0,0,1,1,,Gone West,地,Hero's Honor,地,Sir Ivor,極,Danzig,地,Mr. Prospector,極,Illustrious,極,,バ,,バ,,バ,地・地・極｜地・極・極｜バ・バ・バ,
ID:1140006086,Green Line Express,Green Line Express,1140006086,確定,繁殖登録番号,D_v9.4-v9.6追加祖先反映で完成,母母父,0,0,1,1,,Shecky Greene,地,The Axe,極,Count of Honor,極,Graustark,地,Princequillo,極,War Admiral,極,Blue Larkspur,バ,Sir Gallahad,極,High Time,バ,地・極・極｜地・極・極｜バ・極・バ,
ID:1140007455,Gregorian,Gregorian,1140007455,確定,繁殖登録番号,A_v9.3直接完成,母父,0,1,0,1,1,Danehill,地,Linamix,地,Good Times,バ,Young Generation,地,Sharpen Up,地,Soderini,極,Dominion,バ,Rarity,極,Takawalk,極,地-地-バ | 地-地-極 | バ-極-極,
ID:1130000394,Grey Dawn,Grey Dawn,1130000394,確定,繁殖登録番号,Y_v9.26残件祖先固定8代欠損0運用確定で完成,母母父,0,0,1,1,,Vandale,極,Escamillo,極,Firdaussi,極,Blenheim,極,Gainsborough,極,The Tetrarch,バ,Case Ace,バ,Man o'War,極,Pennant,バ,極・極・極｜極・極・バ｜バ・極・バ,
NAME:Guiliani,Guiliani,Giuliani,,TARGET繁殖登録番号未取得・個体同定済,入力名＋父母血統で個体同定,Web個体同定＋既存/固定8代M,父,1,0,0,1,1,Miswaki,極,Trempolino,地,Lombard,地,Konigsstuhl,極,Surumu,地,Authi,地,Northern Dancer,地,Bustino,極,Queen's Hussar,極,極・地・地｜極・地・地｜地・極・極,入力Guilianiは2011年生Giuliani（Tertullian×Guadalupe/Monsun）と個体同定。TrempolinoはTARGET固定8代 H=.09375/S=0→地。
ID:1140006864,Hallowed Crown,Hallowed Crown,1140006864,確定,繁殖登録番号,A_v9.3直接完成,母父,0,1,0,1,1,Street Cry,地,Dixieland Band,地,His Majesty,地,Danzig,地,His Majesty,地,Buckpasser,極,Biscay,地,Relic,極,Fair Trial,極,地-地-地 | 地-地-極 | 地-極-極,
ID:1140007512,Harbinger,Harbinger,1140007512,確定,繁殖登録番号,A_v9.3直接完成,母父,0,1,0,1,1,Danehill,地,Kahyasi,地,High Line,地,Arctic Tern,極,Lyphard,バ,Le Fabuleux,極,Northern Dancer,地,Sir Ivor,極,Tom Fool,極,地-地-地 | 極-バ-極 | 地-極-極,
ID:1140007299,Havana Grey,Havana Grey,1140007299,確定,繁殖登録番号,A_v9.3直接完成,父,1,0,0,1,1,Teofilo,地,Desert Style,地,Taufan,極,Acclamation,地,Machiavellian,極,Night Shift,地,Danzig,地,Sir Ivor,極,Never Bend,極,地-地-極 | 地-極-地 | 地-極-極,
ID:1140006965,He's Had Enough,He's Had Enough,1140006965,確定,繁殖登録番号,A_v9.3直接完成,父,1,0,0,1,1,Pulpit,地,Unbridled,極,Nijinsky,バ,Northern Dancer,地,Delta Judge,地,Warfare,地,Raise a Native,極,On-and-On,極,Ponder,地,地-極-バ | 地-地-地 | 極-極-地,
ID:1140004728,Helissio,Helissio,1140004728,確定,繁殖登録番号,B_TARGET再構成＋v9.3既存Mで完成,母母父,0,0,1,1,1,Northern Dancer,地,Bold Reason,極,Forli,地,Seattle Slew,極,Prince John,極,Mr. Music,極,Val de Loir,極,Armistice,極,Mousson,極,地・極・地｜極・極・極｜極・極・極,
ID:1140002835,High Brite,High Brite,1140002835,確定,繁殖登録番号,F_v9.4-v9.8追加祖先反映で完成,母母父,0,0,1,1,,Turn-to,極,Swaps,地,Bull Lea,極,Aristophanes,地,Advocate,極,Foxglove,極,Prince Rose,極,Papyrus,極,White Eagle,バ,極・地・極｜地・極・極｜極・極・バ,
ID:1140000814,Honest Pleasure,Honest Pleasure,1140000814,確定,繁殖登録番号,Z_v9.27_TARGET系譜不足枝0扱いで完成,母母父,0,0,1,1,,Bold Ruler,極,Mahmoud,極,Ariel,バ,Tehran,極,Nearco,極,Blandford,極,Solario,極,Friar Marcus,極,,バ,極・極・バ｜極・極・極｜極・極・バ,
ID:1140007608,Honor A. P.,Honor A. P.,1140007608,確定,繁殖登録番号,A_v9.3直接完成,父,1,0,0,1,1,A.P. Indy,バ,Storm Cat,地,Mr. Prospector,極,Wild Again,地,Plugged Nickle,地,Drone,極,Roberto,極,His Majesty,地,Olympia,地,バ-地-極 | 地-地-極 | 極-地-地,
ID:1140004500,Hooched,Hooched,1140004500,確定,繁殖登録番号,B_TARGET再構成＋v9.3既存Mで完成,母母父,0,0,1,1,1,Northern Dancer,地,Admiral's Voyage,バ,Petition,極,Ribot,極,Roman,極,Princequillo,極,Balladier,バ,Whisk Broom,バ,Sain,極,地・バ・極｜極・極・極｜バ・バ・極,
ID:1140003661,Hostage,Hostage,1140003661,確定,繁殖登録番号,K_v9.13古血統精査反映で完成,母母父,0,0,1,1,,Northern Dancer,地,Bull Page,極,Menow,極,Vieux Manoir,極,Sunny Boy,極,Tetratema,極,Reigh Count,極,Haste,バ,Stefan the Great,極,地・極・極｜極・極・極｜極・バ・極,
ID:1140007208,Hunter's Light,Hunter's Light,1140007208,確定,繁殖登録番号,A_v9.3直接完成,父,1,0,0,1,1,Dubai Millennium,地,Deploy,バ,ダンシングブレーヴ,バ,Sadler's Wells,地,Habitat,極,Runnymede,極,Mill Reef,バ,Hardicanute,極,Grandmaster,極,地-バ-バ | 地-極-極 | バ-極-極,
ID:1140006077,Hurricane Sky,Hurricane Sky,1140006077,確定,繁殖登録番号,B_TARGET再構成＋v9.3既存Mで完成,母父,0,1,0,1,1,Bletchingly,地,Light Wind,バ,Pipe of Peace,地,Northern Dancer,地,Bull Page,極,Menow,極,Sir Gaylord,極,Mr. Trouble,極,Pharamond,極,地・バ・地｜地・極・極｜極・極・極,
ID:1140006723,Ice Box,Ice Box,1140006723,確定,繁殖登録番号,A_v9.3直接完成,母父,0,1,0,1,1,A.P. Indy,バ,Mr. Prospector,極,Honest Pleasure,極,Storm Cat,地,Sauce Boat,地,Barbizon,極,Alydar,バ,Lt. Stevens,極,War Admiral,極,バ-極-極 | 地-地-極 | バ-極-極,
ID:1140003829,Imp Society,Imp Society,1140003829,確定,繁殖登録番号,Y_v9.26残件祖先固定8代欠損0運用確定で完成,母母父,0,0,1,1,,Raise a Native,極,Chieftain,極,Helioscope,地,Palestinian,極,Mahmoud,極,Toro,バ,Blue Larkspur,バ,Man o'War,極,High Time,バ,極・極・地｜極・極・バ｜バ・極・バ,
ID:1140007699,Intidab,Intidab,1140007699,確定,繁殖登録番号,B_TARGET再構成＋v9.3既存Mで完成,母父,0,1,0,1,1,Clever Trick,地,Finnegan,極,Mr. Busher,極,Raise a Native,極,Nashua,極,Count Fleet,極,Hail to Reason,極,Nashua,極,Bull Lea,極,地・極・極｜極・極・極｜極・極・極,
ID:1140007276,Invincible Army,Invincible Army,1140007276,確定,繁殖登録番号,A_v9.3直接完成,父,1,0,0,1,1,Green Desert,地,Kris,地,Artaius,バ,Warning,地,Sadler's Wells,地,Ahonoora,バ,Young Generation,地,Sharpen Up,地,Soderini,極,地-地-バ | 地-地-バ | 地-地-極,
ID:1140001637,Irish Tower,Irish Tower,1140001637,確定,繁殖登録番号,S_v9.20高影響祖先反映で完成,母母父,0,0,1,1,,Bold Ruler,極,Tulyar,極,Menow,極,Swoon's Son,極,Beau Pere,極,Halcyon,バ,Revoked,極,Gallant Fox,極,Omar Khayyam,極,極・極・極｜極・極・バ｜極・極・極,
ID:1140004560,Iron Constitution,Iron Constitution,1140004560,確定,繁殖登録番号,W_v9.24高影響祖先反映で完成,母母父,0,0,1,1,,Never Bend,極,Mahmoud,極,Umidwar,極,Turn-to,極,Blue Swords,極,Sir Gallahad,極,Roman,極,Haste,バ,Chance Shot,極,極・極・極｜極・極・極｜極・バ・極,
ID:1140006962,Itsmyluckyday,Itsmyluckyday,1140006962,確定,繁殖登録番号,A_v9.3直接完成,父,1,0,0,1,1,Langfuhr,地,Lord Avie,バ,Mr. Redoy,極,Seattle Slew,極,Stop the Music,極,Dunce,極,Mr. Prospector,極,In Reality,極,Royal Note,極,地-バ-極 | 極-極-極 | 極-極-極,
ID:1140007443,J Be K,J Be K,1140007443,確定,繁殖登録番号,A_v9.3直接完成,母父,0,1,0,1,1,Deputy Minister,地,Mr. Prospector,極,Road At Sea,極,Valid Appeal,地,Bold Bidder,極,Hangover,極,Nearctic,地,Native Dancer,極,Fighting Fox,極,地-極-極 | 地-極-極 | 地-極-極,
ID:1130000426,Jacinto,Jacinto,1130000426,確定,繁殖登録番号,Z_v9.27_TARGET系譜不足枝0扱いで完成,母母父,0,0,1,1,,Nasrullah,極,Discovery,極,Pompey,極,,バ,,バ,,バ,,バ,,バ,,バ,極・極・極｜バ・バ・バ｜バ・バ・バ,
ID:1140007105,Jarraar,Jarraar,1140007105,確定,繁殖登録番号,Y_v9.26残件祖先固定8代欠損0運用確定で完成,母母父,0,0,1,1,,Raise a Native,極,Nashua,極,Count Fleet,極,Firestreak,地,Flush Royal,極,Tehran,極,Nearctic,地,Native Dancer,極,Mahmoud,極,極・極・極｜地・極・極｜地・極・極,
ID:1140004034,Jeune Homme,Jeune Homme,1140004034,確定,繁殖登録番号,D_v9.4-v9.6追加祖先反映で完成,母母父,0,0,1,1,,Northern Dancer,地,Forli,地,Nantallah,極,Raise a Native,極,On-and-On,極,Ponder,地,Spy Song,極,Requiebro,極,Papanatas,バ,地・地・極｜極・極・地｜極・極・バ,
ID:1140006793,Jimmy Choux,Jimmy Choux,1140006793,確定,繁殖登録番号,A_v9.3直接完成,父,1,0,0,1,1,Spinning World,地,Bluebird,地,Bletchingly,地,Century,極,Vain,極,Todman,地,Bletchingly,地,In the Purple,極,Le Filou,極,地-地-地 | 極-極-地 | 地-極-極,
ID:1140004632,Josr Algarhoud,Josr Algarhoud,1140004632,確定,繁殖登録番号,A_v9.3直接完成,母父,0,1,0,1,1,Shirley Heights,バ,Abdos,極,Venture,極,Northern Dancer,地,Buckpasser,極,Traffic Judge,地,Djakao,地,Hard Sauce,極,Relic,極,バ-極-極 | 地-極-地 | 地-極-極,
ID:1140007754,Jukebox Jury,Jukebox Jury,1140007754,確定,繁殖登録番号,A_v9.3直接完成,母父,0,1,0,1,1,Sadler's Wells,地,Top Ville,バ,Tennyson,極,Kalamoun,極,Milesian,極,Nearula,極,Riverman,極,Klairon,極,East Side,極,地-バ-極 | 極-極-極 | 極-極-極,
ID:1140006883,Justin Phillip,Justin Phillip,1140006883,確定,繁殖登録番号,A_v9.3直接完成,父,1,0,0,1,1,Giant's Causeway,地,Dixieland Band,地,Fappiano,極,Fappiano,極,Hoist the Flag,極,Dedicate,極,Graustark,地,Mount Marcy,極,Phalanx,極,地-地-極 | 極-極-極 | 地-極-極,
ID:1140002653,Kaiseradler,Kaiseradler,1140002653,確定,繁殖登録番号,Z_v9.27_TARGET系譜不足枝0扱いで完成,母母父,0,0,1,1,,Magnat,極,Arjaman,バ,Aldford,バ,La Farina,極,Neil Gow,バ,Chesterfield,バ,Rabelais,極,,バ,,バ,極・バ・バ｜極・バ・バ｜極・バ・バ,
ID:1140007515,Keltos,Keltos,1140007515,確定,繁殖登録番号,B_TARGET再構成＋v9.3既存Mで完成,母母父,0,0,1,1,1,Kenmare,極,Gay Mecene,地,Djakao,地,Try My Best,地,Mill Reef,バ,Sayajirao,極,Northern Dancer,地,Occupy,極,Challenger,極,極・地・地｜地・バ・極｜地・極・極,
ID:1130001617,Kennedy Road,Kennedy Road,1130001617,確定,繁殖登録番号,Z_v9.27_TARGET系譜不足枝0扱いで完成,母母父,0,0,1,1,,Chop Chop,極,Windfields,極,Osiris,極,Nearco,極,Hyperion,地,Abbots Trace,極,Fair Trial,極,,バ,,バ,極・極・極｜極・地・極｜極・バ・バ,
ID:1140005778,King Cugat,King Cugat,1140005778,確定,繁殖登録番号,A_v9.3直接完成,母父,0,1,0,1,1,Mr. Prospector,極,Nureyev,地,Prove Out,地,Majestic Prince,バ,Ribot,極,Ambiorix,極,Tom Fool,極,War Admiral,極,Blue Larkspur,バ,極-地-地 | バ-極-極 | 極-極-バ,
ID:1140001469,King of Spain,King of Spain,1140001469,確定,繁殖登録番号,I_v9.11_TARGET固定8代年代境界反映で完成,母母父,0,0,1,1,,Tudor Melody,バ,Matador,極,Pylon,極,Grey Sovereign,極,Bobsleigh,極,Winalot,極,Gold Bridge,極,Fairway,極,Bachelor's Double,バ,バ・極・極｜極・極・極｜極・極・バ,
ID:1140007310,Kiri's Clown,Kiri's Clown,1140007310,確定,繁殖登録番号,B_TARGET再構成＋v9.3既存Mで完成,母母父,0,0,1,1,1,What a Pleasure,極,Tom Fool,極,Tourbillon,極,Sharpen Up,地,Reliance,極,Crepello,極,Never Bend,極,Prince John,極,Roman,極,極・極・極｜地・極・極｜極・極・極,
ID:1140003415,Kirtling,Kirtling,1140003415,確定,繁殖登録番号,Z_v9.27_TARGET系譜不足枝0扱いで完成,母母父,0,0,1,1,,Great Nephew,バ,Worden,極,,バ,Northern Dancer,地,Bull Page,極,Menow,極,Nasrullah,極,Flag of Truce,バ,Diophon,極,バ・極・バ｜地・極・極｜極・バ・極,
ID:1140007112,Kizuna,Kizuna,1140007112,確定,繁殖登録番号,A_v9.3直接完成,父,1,0,0,1,1,Sunday Silence,地,Alzao,バ,Busted,極,Storm Bird,地,Secretariat,極,Crimson Satan,極,Sword Dancer,極,My Babu,極,Sickle,極,地-バ-極 | 地-極-極 | 極-極-極,
ID:1140007293,Klimt,Klimt,1140007293,確定,繁殖登録番号,A_v9.3直接完成,父,1,0,0,1,1,Elusive Quality,地,Strawberry Road,地,Alydar,バ,Dixieland Band,地,Capote,極,Mr. Prospector,極,Storm Bird,地,Secretariat,極,Crimson Satan,極,地-地-バ | 地-極-極 | 地-極-極,
ID:1140007723,Knicks Go,Knicks Go,1140007723,確定,繁殖登録番号,A_v9.3直接完成,父,1,0,0,1,1,Awesome Again,地,Cee's Tizzy,バ,Seattle Song,極,Danzig,地,Alydar,バ,Buckpasser,極,Mr. Prospector,極,Swaps,地,,バ,地-バ-極 | 地-バ-極 | 極-地-バ,
ID:1140007593,Known Agenda,Known Agenda,1140007593,確定,繁殖登録番号,A_v9.3直接完成,父,1,0,0,1,1,Smart Strike,地,Deputy Minister,地,Bates Motel,極,Green Desert,地,Woodman,バ,Nureyev,地,Shirley Heights,バ,Abdos,極,Venture,極,地-地-極 | 地-バ-地 | バ-極-極,
ID:1140007181,Kurofune,Kurofune,1140007181,確定,繁殖登録番号,B_TARGET再構成＋v9.3既存Mで完成,母母父,0,0,1,1,1,Deputy Minister,地,Hold Your Peace,極,Bold Ruler,極,Pago Pago,極,Never Bend,極,Dumpty Humpty,地,Nearctic,地,Native Dancer,極,Fighting Fox,極,地・極・極｜極・極・地｜地・極・極,
ID:1140001441,L'Emigrant,L'Emigrant,1140001441,確定,繁殖登録番号,B_TARGET再構成＋v9.3既存Mで完成,母母父,0,0,1,1,1,Northern Dancer,地,Victoria Park,極,Bull Page,極,Vienna,極,Nearco,極,Big Game,極,Khaled,地,Beau Pere,極,War Admiral,極,地・極・極｜極・極・極｜地・極・極,
ID:1140007642,Lahint,Lahint,1140007642,確定,繁殖登録番号,Y_v9.26残件祖先固定8代欠損0運用確定で完成,母母父,0,0,1,1,,Mr. Prospector,極,Buckpasser,極,Swaps,地,Northern Dancer,地,King's Bench,極,Torbido,バ,Chop Chop,極,Windfields,極,Osiris,極,極・極・地｜地・極・バ｜極・極・極,
ID:1140003298,Laomedonte,Laomedonte,1140003298,確定,繁殖登録番号,Y_v9.26残件祖先固定8代欠損0運用確定で完成,母母父,0,0,1,1,,Native Dancer,極,Case Ace,バ,American Flag,極,Dante,極,Navarro,バ,Apelle,極,Hyperion,地,Ethnarch,極,Black Jester,バ,極・バ・極｜極・バ・極｜地・極・バ,
ID:1140006240,Lawyer Ron,Lawyer Ron,1140006240,確定,繁殖登録番号,A_v9.3直接完成,母父,0,1,0,1,1,Danzig,地,Briartic,地,Gummo,地,Lord Gaylord,極,Gallant Man,極,Tom Fool,極,Grey Dawn,極,Pocket Ruler,極,Nirgal,極,地-地-地 | 極-極-極 | 極-極-極,
ID:1140007320,Lea,Lea,1140007320,確定,繁殖登録番号,A_v9.3直接完成,父,1,0,0,1,1,Giant's Causeway,地,Dixieland Band,地,Fappiano,極,Sadler's Wells,地,Miswaki,極,Lombard,地,Riverman,極,Marshua's Dancer,地,Sea O Erin,地,地-地-極 | 地-極-地 | 極-地-地,
ID:1140007702,Leinster,Leinster,1140007702,確定,繁殖登録番号,A_v9.3直接完成,父,1,0,0,1,1,A.P. Indy,バ,Seeking the Gold,極,Dixieland Band,地,Nijinsky,バ,Crimson Satan,極,Bolero,極,The Minstrel,バ,Vaguely Noble,地,Swaps,地,バ-極-地 | バ-極-極 | バ-地-地,
ID:1130001356,Little Current,Little Current,1130001356,確定,繁殖登録番号,Y_v9.26残件祖先固定8代欠損0運用確定で完成,母母父,0,0,1,1,,Dan Cupid,極,Sicambre,極,Maurepas,極,Djebel,極,Badruddin,極,Pharos,極,Unbreakable,極,Polymelian,バ,Pompey,極,極・極・極｜極・極・極｜極・バ・極,
ID:1140004197,Loose Cannon,Loose Cannon,1140004197,確定,繁殖登録番号,C_v9.4高影響祖先補完で完成,母母父,0,0,1,1,1,Northern Dancer,地,Bull Page,極,Menow,極,Ribot,極,Alibhai,地,Beau Pere,極,Roman,極,Discovery,極,Broomstick,バ,地・極・極｜極・地・極｜極・極・バ,
ID:1130000458,Lord Gayle,Lord Gayle,1130000458,確定,繁殖登録番号,G_v9.4-v9.9追加祖先反映で完成,母母父,0,0,1,1,,Turn-to,極,Princequillo,極,Caruso,バ,Fair Trial,極,Hurry On,バ,Gainsborough,極,Gainsborough,極,Chaucer,極,Minoru,バ,極・極・バ｜極・バ・極｜極・極・バ,
ID:1140000882,Lord Gaylord,Lord Gaylord,1140000882,確定,繁殖登録番号,T_v9.21高影響祖先反映で完成,母母父,0,0,1,1,,Turn-to,極,Princequillo,極,Caruso,バ,Tourbillon,極,Pharos,極,Swynford,極,Balladier,バ,Peter Hastings,バ,Man o'War,極,極・極・バ｜極・極・極｜バ・バ・極,
ID:1140007291,Lord Nelson,Lord Nelson,1140007291,確定,繁殖登録番号,A_v9.3直接完成,父,1,0,0,1,1,A.P. Indy,バ,Mr. Prospector,極,Honest Pleasure,極,Mr. Prospector,極,Buckpasser,極,Hasty Road,極,Halo,極,Northern Dancer,地,Sea-Bird,極,バ-極-極 | 極-極-極 | 極-地-極,
ID:1140006552,Lord Shanakill,Lord Shanakill,1140006552,確定,繁殖登録番号,A_v9.3直接完成,母父,0,1,0,1,1,Gone West,地,Storm Cat,地,Chieftain,極,Nureyev,地,Sassafras,バ,Hail to Reason,極,Red God,極,Wild Risk,極,Tudor Minstrel,地,地-地-極 | 地-バ-極 | 極-極-地,
ID:1140005300,Lucky North,Lucky North,1140005300,確定,繁殖登録番号,Y_v9.26残件祖先固定8代欠損0運用確定で完成,母母父,0,0,1,1,,Nearctic,地,Native Dancer,極,Mahmoud,極,Relic,極,Djebel,極,Jock,極,Free For All,バ,Bull Dog,極,Upset,バ,地・極・極｜極・極・極｜バ・極・バ,
NAME:Magic Albert,Magic Albert,Magic Albert,,TARGET繁殖登録番号未取得・個体同定済,入力名＋父母血統で個体同定,Web個体同定＋既存/固定8代M,母父,0,1,0,1,1,The Judge,極,Crowned Prince,地,Pardao,地,Accipiter,極,Speak John,極,Piet,極,Sir Gaylord,極,Occupy,極,Challenger II,極,極・地・地｜極・極・極｜極・極・極,Zeditave×Sally Lou(Salieri)、祖母Plunkett Street(Habitat)から9枝を展開。Habitat母Little Hutの母Savage BeautyはChallenger II産駒。Challenger IIはLa Fleche→St Simon経路を持ちHyperion祖先なし→極。
ID:1140007703,Magna Graduate,Magna Graduate,1140007703,確定,繁殖登録番号,A_v9.3直接完成,母父,0,1,0,1,1,Danzig,地,Secretariat,極,Buckpasser,極,Seattle Slew,極,Buckpasser,極,Hasty Road,極,Hoist the Flag,極,Prince John,極,Determine,地,地-極-極 | 極-極-極 | 極-極-地,
ID:1140007476,Marciano,Marciano,1140007476,確定,繁殖登録番号,A_v9.3直接完成,母父,0,1,0,1,1,Mr. Prospector,極,Grey Dawn,極,Nantallah,極,Northern Dancer,地,Bold Lad (USA),極,Hail to Reason,極,Faberge,極,Supreme Court,極,Nearco,極,極-極-極 | 地-極-極 | 極-極-極,
ID:1140003678,Marignan,Marignan,1140003678,確定,繁殖登録番号,C_v9.4+v9.5追加祖先反映で完成,母母父,0,0,1,1,,Red God,極,Wild Risk,極,Tudor Minstrel,地,Fortino,極,Chamossaire,極,Solario,極,Menow,極,Bull Dog,極,Equipoise,バ,極・極・地｜極・極・極｜極・極・バ,
ID:1140001412,Marshua's Dancer,Marshua's Dancer,1140001412,確定,繁殖登録番号,Y_v9.26残件祖先固定8代欠損0運用確定で完成,母母父,0,0,1,1,,Native Dancer,極,Case Ace,バ,American Flag,極,Nasrullah,極,Johnstown,極,Sardanapale,極,Hyperion,地,Swynford,極,Neil Gow,バ,極・バ・極｜極・極・極｜地・極・バ,
ID:1140007337,Marvelous Sunday,Marvelous Sunday,1140007337,確定,繁殖登録番号,B_TARGET再構成＋v9.3既存Mで完成,母母父,0,0,1,1,1,Halo,極,Understanding,極,Montparnasse,地,Northern Dancer,地,Menetrier,極,Windfields,極,Tom Fool,極,Alycidon,地,Portlaw,極,極・極・地｜地・極・極｜極・地・極,
NAME:Massaat,Massaat,Massaat,,TARGET繁殖登録番号未取得・個体同定済,入力名＋父母血統で個体同定,Web個体同定＋既存/固定8代M,父,1,0,0,1,1,Galileo,地,Danehill,地,Majestic Light,地,Royal Applause,極,Ahonoora,バ,Floribunda,極,Alleged,地,Boldnesian,極,Summer Tan,地,地・地・地｜極・バ・極｜地・極・地,Teofilo×Madany(Acclamation)、祖母Belle de Cadix(Law Society)から9枝を展開。
ID:1140006311,Master Command,Master Command,1140006311,確定,繁殖登録番号,A_v9.3直接完成,母父,0,1,0,1,1,Seattle Slew,極,Secretariat,極,Buckpasser,極,General,極,Con Brio,極,Atlas,地,Bold Ruler,極,Princequillo,極,,バ,極-極-極 | 極-極-地 | 極-極-バ,
ID:1140007514,Masterstroke,Masterstroke,1140007514,確定,繁殖登録番号,A_v9.3直接完成,母父,0,1,0,1,1,Konigsstuhl,極,Surumu,地,Authi,地,Nijinsky,バ,Blushing Groom,極,Snow Knight,地,Mr. Prospector,極,Buckpasser,極,Princequillo,極,極-地-地 | バ-極-地 | 極-極-極,
ID:1140005432,Maudlin,Maudlin,1140005432,確定,繁殖登録番号,Y_v9.26残件祖先固定8代欠損0運用確定で完成,母母父,0,0,1,1,,What a Pleasure,極,Tom Fool,極,Tourbillon,極,Rough'n Tumble,極,Better Self,極,Bull Brier,極,Chamossaire,極,Arctic Prince,極,Scarlet Tiger,バ,極・極・極｜極・極・極｜極・極・バ,
ID:1140007783,Maximus Mischief,Maximus Mischief,1140007783,確定,繁殖登録番号,A_v9.3直接完成,父,1,0,0,1,1,Harlan's Holiday,地,Tricky Creek,地,Stop the Music,極,Unbridled's Song,バ,Premiership,極,Well Decorated,バ,Wavering Monarch,極,Caro,極,Naskra,極,地-地-極 | バ-極-バ | 極-極-極,
ID:1140007511,Maxios,Maxios,1140007511,確定,繁殖登録番号,A_v9.3直接完成,母父,0,1,0,1,1,Konigsstuhl,極,Surumu,地,Authi,地,Northern Dancer,地,Forli,地,Nantallah,極,Raise a Native,極,Nashua,極,Count Fleet,極,極-地-地 | 地-地-極 | 極-極-極,
ID:1140002185,Medaille d'Or,Medaille d'Or,1140002185,確定,繁殖登録番号,G_v9.4-v9.9追加祖先反映で完成,母母父,0,0,1,1,,Bold Ruler,極,Princequillo,極,Caruso,バ,Nearctic,地,Native Dancer,極,Mahmoud,極,Flares,極,Buchan,極,Tredennis,バ,極・極・バ｜地・極・極｜極・極・バ,
ID:1140003983,Medieval Man,Medieval Man,1140003983,確定,繁殖登録番号,Z_v9.27_TARGET系譜不足枝0扱いで完成,母母父,0,0,1,1,,Star Kingdom,地,Colombo,極,Diophon,極,,バ,,バ,,バ,,バ,,バ,,バ,地・極・極｜バ・バ・バ｜バ・バ・バ,
ID:1140007436,Mehmas,Mehmas,1140007436,確定,繁殖登録番号,A_v9.3直接完成,父,1,0,0,1,1,Royal Applause,極,Ahonoora,バ,Floribunda,極,Mr. Prospector,極,Halo,極,Hoist the Flag,極,Nureyev,地,Venture,極,Vandale,極,極-バ-極 | 極-極-極 | 地-極-極,
ID:1140004666,Menifee,Menifee,1140004666,確定,繁殖登録番号,B_TARGET再構成＋v9.3既存Mで完成,母母父,0,0,1,1,1,Storm Cat,地,Halo,極,Gun Bow,地,Nasrullah,極,Djeddah,極,Bimelech,極,The Yuvaraj,極,Donatello,極,Caerleon,バ,地・極・地｜極・極・極｜極・極・バ,
ID:1140007268,Metfield,Metfield,1140007268,確定,繁殖登録番号,C_v9.4+v9.5追加祖先反映で完成,母母父,0,0,1,1,,Bold Reasoning,極,Poker,極,Jet Action,極,Turn-to,極,Blue Swords,極,Sir Gallahad,極,Bull Lea,極,Hyperion,地,Hurry On,バ,極・極・極｜極・極・極｜極・地・バ,
ID:1140006568,Midshipman,Midshipman,1140006568,確定,繁殖登録番号,A_v9.3直接完成,母父,0,1,0,1,1,Unbridled,極,Caro,極,Lucky Mel,地,Seattle Slew,極,Pass the Glass,バ,Bold Bidder,極,Hail to Reason,極,Nashua,極,Bull Lea,極,極-極-地 | 極-バ-極 | 極-極-極,
ID:1140007180,Mikki Isle,Mikki Isle,1140007180,確定,繁殖登録番号,A_v9.3直接完成,父,1,0,0,1,1,Sunday Silence,地,Alzao,バ,Busted,極,Danehill,地,Be My Guest,地,Bold Lad (IRE),バ,Northern Dancer,地,Forli,地,Nantallah,極,地-バ-極 | 地-地-バ | 地-地-極,
ID:1140007342,Millennium Allstar,Millennium Allstar,1140007342,確定,繁殖登録番号,B_TARGET再構成＋v9.3既存Mで完成,母母父,0,0,1,1,1,Hold Your Peace,極,Raise a Native,極,Porterhouse,極,Fortino,極,Chamossaire,極,Solario,極,Captain's Gig,極,Sing Sing,地,Palestine,極,極・極・極｜極・極・極｜極・地・極,
ID:1140007341,Milwaukee Brew,Milwaukee Brew,1140007341,確定,繁殖登録番号,A_v9.3直接完成,母父,0,1,0,1,1,Icecapade,バ,Khaled,地,Dante,極,Flirting Around,極,Casabianca,バ,Open Sky,極,Val de Loir,極,Armistice,極,Mousson,極,バ-地-極 | 極-バ-極 | 極-極-極,
ID:1140007643,Minzaal,Minzaal,1140007643,確定,繁殖登録番号,A_v9.3直接完成,父,1,0,0,1,1,Acclamation,地,Machiavellian,極,Soviet Star,地,Danehill,地,Linamix,地,Good Times,バ,Northern Dancer,地,Bold Reason,極,Forli,地,地-極-地 | 地-地-バ | 地-極-地,
ID:1140006728,Missionary Ridge,Missionary Ridge,1140006728,確定,繁殖登録番号,Z_v9.27_TARGET系譜不足枝0扱いで完成,母母父,0,0,1,1,,Phalaris,極,,バ,,バ,Right Royal,地,Macherio,バ,Orsenigo,極,Donatello,極,Hyperion,地,Swynford,極,極・バ・バ｜地・バ・極｜極・地・極,
ID:1140007718,Mo Town,Mo Town,1140007718,確定,繁殖登録番号,A_v9.3直接完成,父,1,0,0,1,1,Indian Charlie,地,Arch,地,Dixieland Band,地,A.P. Indy,バ,Quiet American,地,Spectacular Bid,極,Mr. Prospector,極,Blushing Groom,極,Nijinsky,バ,地-地-地 | バ-地-極 | 極-極-バ,
ID:1140007613,Modernist,Modernist,1140007613,確定,繁殖登録番号,A_v9.3直接完成,父,1,0,0,1,1,Indian Charlie,地,Arch,地,Dixieland Band,地,A.P. Indy,バ,Quiet American,地,Spectacular Bid,極,Roberto,極,Princequillo,極,,バ,地-地-地 | バ-地-極 | 極-極-バ,
ID:1140004362,More Light,More Light,1140004362,確定,繁殖登録番号,D_v9.4-v9.6追加祖先反映で完成,母母父,0,0,1,1,,Ragusa,極,Hornbeam,地,Chanteur,極,Persian Gulf,極,Nearco,極,Solario,極,Nearco,極,Baytown,極,Hainault,極,極・地・極｜極・極・極｜極・極・極,
ID:1140005431,Mozart,Mozart,1140005431,確定,繁殖登録番号,B_TARGET再構成＋v9.3既存Mで完成,母母父,0,0,1,1,1,Danzig,地,His Majesty,地,Buckpasser,極,Bold Bidder,極,Promised Land,極,To Market,極,Ribot,極,Alibhai,地,Beau Pere,極,地・地・極｜極・極・極｜極・地・極,
ID:1140007487,Mr. Sparkles,Mr. Sparkles,1140007487,確定,繁殖登録番号,C_v9.4+v9.5追加祖先反映で完成,母母父,0,0,1,1,,Vice Regent,バ,Bunty's Flight,極,Jabneh,極,Tom Fool,極,War Admiral,極,Blue Larkspur,バ,Bold Ruler,極,Mahmoud,極,Ariel,バ,バ・極・極｜極・極・バ｜極・極・バ,
ID:1140003764,Mukaddamah,Mukaddamah,1140003764,確定,繁殖登録番号,Z_v9.27_TARGET系譜不足枝0扱いで完成,母母父,0,0,1,1,,Northern Dancer,地,New Providence,極,Chop Chop,極,Nasrullah,極,Djeddah,極,Bimelech,極,Princequillo,極,John P.Grier,バ,,バ,地・極・極｜極・極・極｜極・バ・バ,
ID:1140007055,Mukhadram,Mukhadram,1140007055,確定,繁殖登録番号,A_v9.3直接完成,父,1,0,0,1,1,Giant's Causeway,地,Machiavellian,極,Troy,地,Woodman,バ,Pretense,地,Swaps,地,Sharpen Up,地,Reliance,極,Crepello,極,地-極-地 | バ-地-地 | 地-極-極,
ID:1140007696,Murtajill,Murtajill,1140007696,確定,繁殖登録番号,A_v9.3直接完成,母父,0,1,0,1,1,Danehill,地,Be My Guest,地,Bold Lad (IRE),バ,Roberto,極,Vent du Nord,極,County Delight,極,Raffingora,極,Wilwyn,極,Abernant,地,地-地-バ | 極-極-極 | 極-極-地,
ID:1140007591,Mystic Guide,Mystic Guide,1140007591,確定,繁殖登録番号,A_v9.3直接完成,父,1,0,0,1,1,Awesome Again,地,Relaunch,極,Tri Jet,バ,Seattle Slew,極,Secretariat,極,Buckpasser,極,Northern Dancer,地,Bold Reason,極,Forli,地,地-極-バ | 極-極-極 | 地-極-地,
ID:1140001762,Naevus,Naevus,1140001762,確定,繁殖登録番号,C_v9.4+v9.5追加祖先反映で完成,母母父,0,0,1,1,,Raise a Native,極,Nashua,極,Count Fleet,極,Bold Ruler,極,Princequillo,極,Mahmoud,極,Menow,極,Bull Dog,極,Equipoise,バ,極・極・極｜極・極・極｜極・極・バ,
ID:1140006176,Najran,Najran,1140006176,確定,繁殖登録番号,B_TARGET再構成＋v9.3既存Mで完成,母母父,0,0,1,1,1,Blushing Groom,極,Call the Witness,極,Boodle,極,Seattle Slew,極,Bald Eagle,極,Dark Star,極,Mr. Prospector,極,Bold Commander,極,Turn-to,極,極・極・極｜極・極・極｜極・極・極,
ID:1140001504,Nasty and Bold,Nasty and Bold,1140001504,確定,繁殖登録番号,C_v9.4+v9.5追加祖先反映で完成,母母父,0,0,1,1,,Nasram,極,Le Haar,極,Fastnet,極,Bold Ruler,極,Polynesian,極,Blue Larkspur,バ,Rosemont,バ,Heliopolis,地,Sweep,バ,極・極・極｜極・極・バ｜バ・地・バ,
ID:1140003722,Native Prospector,Native Prospector,1140003722,確定,繁殖登録番号,B_TARGET再構成＋v9.3既存Mで完成,母母父,0,0,1,1,1,Raise a Native,極,Nashua,極,Count Fleet,極,Charlottesville,極,Tornado,極,Djebel,極,Nasrullah,極,Challenger,極,Sir Gallahad,極,極・極・極｜極・極・極｜極・極・極,
ID:1140003032,Native Royalty,Native Royalty,1140003032,確定,繁殖登録番号,Z_v9.27_TARGET系譜不足枝0扱いで完成,母母父,0,0,1,1,,Native Dancer,極,Case Ace,バ,American Flag,極,Nearco,極,Blenheim,極,The Tetrarch,バ,Ultimus,バ,Uncle,バ,,バ,極・バ・極｜極・極・バ｜バ・バ・バ,
ID:1140007726,Ne Coupez Pas,Ne Coupez Pas,1140007726,確定,繁殖登録番号,B_TARGET再構成＋v9.3既存Mで完成,母母父,0,0,1,1,1,Northern Dancer,地,Forli,地,Nantallah,極,Raise a Native,極,Nashua,極,Count Fleet,極,Northern Dancer,地,Windfields,極,Teddy Wrack,極,地・地・極｜極・極・極｜地・極・極,
ID:1140007385,Needs Further,Needs Further,1140007385,確定,繁殖登録番号,A_v9.3直接完成,母父,0,1,0,1,1,Fairy King,地,Star Way,バ,Mr. Prospector,極,Danzig,地,His Majesty,地,Buckpasser,極,Biscay,地,Relic,極,Fair Trial,極,地-バ-極 | 地-地-極 | 地-極-極,
ID:1140007182,Neorealism,Neorealism,1140007182,確定,繁殖登録番号,A_v9.3直接完成,父,1,0,0,1,1,Sunday Silence,地,Kris,地,Shantung,地,Hold Your Peace,極,Raise a Native,極,Porterhouse,極,Intentionally,極,Rough'n Tumble,極,War Relic,極,地-地-地 | 極-極-極 | 極-極-極,
ID:1140002487,Night Invader,Night Invader,1140002487,確定,繁殖登録番号,Y_v9.26残件祖先固定8代欠損0運用確定で完成,母母父,0,0,1,1,,Princequillo,極,Mahmoud,極,Ariel,バ,Sun Again,バ,Mad Hatter,バ,St. Frusquin,極,Teddy,バ,Sun Briar,バ,Whisk Broom,バ,極・極・バ｜バ・バ・極｜バ・バ・バ,
ID:1140007003,Noactor,Noactor,1140007003,確定,繁殖登録番号,B_TARGET再構成＋v9.3既存Mで完成,母母父,0,0,1,1,1,Nureyev,地,Sassafras,バ,Hail to Reason,極,Prince John,極,Better Self,極,Eight Thirty,極,Nasrullah,極,Johnstown,極,Sardanapale,極,地・バ・極｜極・極・極｜極・極・極,
NAME:Noalto,Noalto,Noalto,,TARGET繁殖登録番号未取得・個体同定済,入力名＋父母血統で個体同定,Web個体同定＋既存/固定8代M,母母父,0,0,1,1,1,Nearctic,地,Hasty Road,極,Crafty Admiral,極,Golden Cloud,極,Court Martial,極,Bahram,極,Fairway,極,Papyrus,極,White Eagle,バ,地・極・極｜極・極・極｜極・極・バ,Nonoalco×Lyrical(Gratitude)、祖母Sweet Sonnet(Honeyway)から9枝を展開。Verdura母Buraの父Bahram、Honey Buzzard父Papyrus・母父White Eagleまで確認。
ID:1140000689,Northern Answer,Northern Answer,1140000689,確定,繁殖登録番号,Z_v9.27_TARGET系譜不足枝0扱いで完成,母母父,0,0,1,1,,Nearctic,地,Native Dancer,極,Mahmoud,極,Bunty Lawless,極,Stimulus,バ,Golden Sun,極,Bull Dog,極,,バ,,バ,地・極・極｜極・バ・極｜極・バ・バ,
ID:1140000963,Northern Baby,Northern Baby,1140000963,確定,繁殖登録番号,B_TARGET再構成＋v9.3既存Mで完成,母母父,0,0,1,1,1,Nearctic,地,Native Dancer,極,Mahmoud,極,Princequillo,極,Sir Cosmo,極,Friar Marcus,極,Double Jay,極,Blue Peter,極,Bahram,極,地・極・極｜極・極・極｜極・極・極,
ID:1140006982,Northern Meteor,Northern Meteor,1140006982,確定,繁殖登録番号,A_v9.3直接完成,母父,0,1,0,1,1,Fairy King,地,Star Way,バ,Mr. Prospector,極,Mr. Prospector,極,Dr. Fager,極,Correlation,極,Aristophanes,地,Advocate,極,Foxglove,極,地-バ-極 | 極-極-極 | 地-極-極,
ID:1140006753,Nugget Point,Nugget Point,1140006753,確定,繁殖登録番号,B_TARGET再構成＋v9.3既存Mで完成,母母父,0,0,1,1,1,Northern Dancer,地,Forli,地,Nantallah,極,Tenerani,極,El Greco,極,Papyrus,極,Tourbillon,極,Pharos,極,Swynford,極,地・地・極｜極・極・極｜極・極・極,
ID:1140006850,Ocean Crest,Ocean Crest,1140006850,確定,繁殖登録番号,B_TARGET再構成＋v9.3既存Mで完成,母母父,0,0,1,1,1,Northern Dancer,地,New Providence,極,Chop Chop,極,Bold Reasoning,極,Poker,極,Jet Action,極,Princequillo,極,Count Fleet,極,Blue Larkspur,バ,地・極・極｜極・極・極｜極・極・バ,
ID:1140002607,Old Vic,Old Vic,1140002607,確定,繁殖登録番号,W_v9.24高影響祖先反映で完成,母母父,0,0,1,1,,Northern Dancer,地,Bold Reason,極,Forli,地,Darius,極,Abernant,地,Chanteur,極,Wild Risk,極,Black Devil,極,Epinard,極,地・極・地｜極・地・極｜極・極・極,
ID:1140006115,Ole',Ole',1140006115,確定,繁殖登録番号,B_TARGET再構成＋v9.3既存Mで完成,母母父,0,0,1,1,1,Northern Dancer,地,Admiral's Voyage,バ,Petition,極,Speak John,極,Never Say Die,極,Preciptic,極,Sir Gaylord,極,Tom Fool,極,Mahmoud,極,地・バ・極｜極・極・極｜極・極・極,
ID:1140006039,One Cool Cat,One Cool Cat,1140006039,確定,繁殖登録番号,B_TARGET再構成＋v9.3既存Mで完成,母母父,0,0,1,1,1,Storm Bird,地,Secretariat,極,Crimson Satan,極,Raise a Native,極,Nashua,極,Count Fleet,極,Nearctic,地,Native Dancer,極,Mahmoud,極,地・極・極｜極・極・極｜地・極・極,
ID:1140007227,Onward Royal,Onward Royal,1140007227,確定,繁殖登録番号,B_TARGET再構成＋v9.3既存Mで完成,母母父,0,0,1,1,1,Nijinsky,バ,Crimson Satan,極,Bolero,極,Mr. Prospector,極,Secretariat,極,Tim Tam,極,Sword Dancer,極,My Babu,極,Sickle,極,バ・極・極｜極・極・極｜極・極・極,
ID:1140006091,Opera House,Opera House,1140006091,確定,繁殖登録番号,B_TARGET再構成＋v9.3既存Mで完成,母父,0,1,0,1,1,Northern Dancer,地,Bold Reason,極,Forli,地,Derring-Do,バ,Vimy,極,Court Martial,極,Midsummer Night,極,Chamier,極,Walvis Bay,極,地・極・地｜バ・極・極｜極・極・極,
ID:1140007216,Optimizer,Optimizer,1140007216,確定,繁殖登録番号,A_v9.3直接完成,父,1,0,0,1,1,Smart Strike,地,Theatrical,地,Hagley,極,Seattle Slew,極,Secretariat,極,Buckpasser,極,Raise a Native,極,Nashua,極,Count Fleet,極,地-地-極 | 極-極-極 | 極-極-極,
ID:1140006834,Orfevre,Orfevre,1140006834,確定,繁殖登録番号,A_v9.3直接完成,母父,0,1,0,1,1,Sunday Silence,地,Dictus,極,ノーザンテースト,地,メジロテイターン,地,リマンド,バ,Hindostan,極,Northern Dancer,地,Victoria Park,極,Hyperion,地,地-極-地 | 地-バ-極 | 地-極-地,
ID:1140007381,Oscar,Oscar,1140007381,確定,繁殖登録番号,S_v9.20高影響祖先反映で完成,母父,0,1,0,1,,Northern Dancer,地,Bold Reason,極,Forli,地,Tantieme,極,Relic,極,Le Volcan,極,Sicambre,極,Cranach,極,Hyperion,地,地・極・地｜極・極・極｜極・極・地,
ID:1140007045,Our New Recruit,Our New Recruit,1140007045,確定,繁殖登録番号,B_TARGET再構成＋v9.3既存Mで完成,母母父,0,0,1,1,1,Cozzene,極,Arts and Letters,地,Crafty Admiral,極,Lord Gaylord,極,Gallant Man,極,Tom Fool,極,Vice Regent,バ,Sallymount,地,King's Bench,極,極・地・極｜極・極・極｜バ・地・極,
ID:1140005840,Outofthebox,Outofthebox,1140005840,確定,繁殖登録番号,B_TARGET再構成＋v9.3既存Mで完成,母母父,0,0,1,1,1,Buckaroo,バ,Jet Diplomacy,地,Diplomat Way,極,Well Decorated,バ,Tom Rolfe,極,Tom Fool,極,Sicambre,極,Cranach,極,Hyperion,地,バ・地・極｜バ・極・極｜極・極・地,
ID:1140007201,Outstrip,Outstrip,1140007201,確定,繁殖登録番号,A_v9.3直接完成,父,1,0,0,1,1,Danehill,地,Lomond,極,Watch Your Step,地,Sadler's Wells,地,Sir Ivor,極,Tom Fool,極,Roberto,極,Amerigo,バ,Mat de Cocagne,極,地-極-地 | 地-極-極 | 極-バ-極,
ID:1140006800,Overdriven,Overdriven,1140006800,確定,繁殖登録番号,A_v9.3直接完成,父,1,0,0,1,1,Storm Cat,地,Mr. Prospector,極,Honest Pleasure,極,Deputy Minister,地,Hold Your Peace,極,Bold Ruler,極,In Reality,極,Tim Tam,極,Tudor Minstrel,地,地-極-極 | 地-極-極 | 極-極-地,
ID:1140007239,Oxbow,Oxbow,1140007239,確定,繁殖登録番号,A_v9.3直接完成,母父,0,1,0,1,1,Deputy Minister,地,Blushing Groom,極,Mr. Prospector,極,Relaunch,極,Lyphard,バ,Trevieres,極,Seattle Slew,極,Prince Blessed,極,Flushing,極,地-極-極 | 極-バ-極 | 極-極-極,
ID:1140007065,Palace,Palace,1140007065,確定,繁殖登録番号,A_v9.3直接完成,父,1,0,0,1,1,Carson City,極,Relaunch,極,Tri Jet,バ,Forty Niner,地,Dance Spell,地,Thinking Cap,地,Jig Time,極,Blazing Count,極,Roman Bout,極,極-極-バ | 地-地-地 | 極-極-極,
ID:1140002548,Pancho Villa,Pancho Villa,1140002548,確定,繁殖登録番号,G_v9.4-v9.9追加祖先反映で完成,母母父,0,0,1,1,,Bold Ruler,極,Princequillo,極,Caruso,バ,Spy Song,極,Requiebro,極,Papanatas,バ,Eight Thirty,極,Wise Counsellor,バ,Stefan the Great,極,極・極・バ｜極・極・バ｜極・バ・極,
ID:1140007303,Pastoral Pursuits,Pastoral Pursuits,1140007303,確定,繁殖登録番号,A_v9.3直接完成,母父,0,1,0,1,1,Cadeaux Genereux,地,Ballad Rock,バ,Mount Hagen,地,Be My Guest,地,Habitat,極,Ballymoss,極,Jaipur,極,Native Dancer,極,,バ,地-バ-地 | 地-極-極 | 極-極-バ,
ID:1140007289,Pegasus Wind,Pegasus Wind,1140007289,確定,繁殖登録番号,A_v9.3直接完成,母父,0,1,0,1,1,Mr. Prospector,極,Danzig,地,Halo,極,Hold Your Peace,極,Raise a Native,極,Porterhouse,極,Alydar,バ,Irish Castle,極,Commodore M.,極,極-地-極 | 極-極-極 | バ-極-極,
ID:1140007695,Peltzer,Peltzer,1140007695,確定,繁殖登録番号,A_v9.3直接完成,父,1,0,0,1,1,High Chaparral,地,Tights,バ,Long Row,地,Gone West,地,Hero's Honor,地,Sir Ivor,極,Danehill,地,Mr. Prospector,極,Sir Ivor,極,地-バ-地 | 地-地-極 | 地-極-極,
ID:1140004144,Pembroke,Pembroke,1140004144,確定,繁殖登録番号,C_v9.4+v9.5追加祖先反映で完成,母母父,0,0,1,1,,Mr. Prospector,極,Secretariat,極,Tim Tam,極,Bold Ruler,極,Polynesian,極,Blue Larkspur,バ,Rosemont,バ,Heliopolis,地,Sweep,バ,極・極・極｜極・極・バ｜バ・地・バ,
ID:1140004467,Perugino,Perugino,1140004467,確定,繁殖登録番号,B_TARGET再構成＋v9.3既存Mで完成,母母父,0,0,1,1,1,Northern Dancer,地,Admiral's Voyage,バ,Petition,極,Hail to Reason,極,Djeddah,極,Bimelech,極,Aristophanes,地,Advocate,極,Foxglove,極,地・バ・極｜極・極・極｜地・極・極,
ID:1140007076,Pilsudski,Pilsudski,1140007076,確定,繁殖登録番号,B_TARGET再構成＋v9.3既存Mで完成,母母父,0,0,1,1,1,Danzig,地,Buckpasser,極,Bold Lad (USA),極,Petingo,バ,Hornbeam,地,Pinza,極,Never Bend,極,Princequillo,極,Count Fleet,極,地・極・極｜バ・地・極｜極・極・極,
ID:1140007384,Pinatubo,Pinatubo,1140007384,確定,繁殖登録番号,A_v9.3直接完成,父,1,0,0,1,1,Giant's Causeway,地,Machiavellian,極,Troy,地,Darshaan,地,Miswaki,極,Crystal Palace,極,Sadler's Wells,地,Habitat,極,Runnymede,極,地-極-地 | 地-極-極 | 地-極-極,
ID:1140006490,Pins,Pins,1140006490,確定,繁殖登録番号,B_TARGET再構成＋v9.3既存Mで完成,母母父,0,0,1,1,1,Lunchtime,地,Grand Chaudiere,バ,Misty Day,極,Star Kingdom,地,Emperor,極,Ajax,極,Prince Chevalier,極,Nearco,極,Windsor Lad,極,地・バ・極｜地・極・極｜極・極・極,
ID:1140006270,Polish Pro,Polish Pro,1140006270,確定,繁殖登録番号,B_TARGET再構成＋v9.3既存Mで完成,母父,0,1,0,1,1,Raise a Native,極,Nashua,極,Count Fleet,極,Northern Dancer,地,Admiral's Voyage,バ,Petition,極,Prince John,極,Ballymoss,極,Caldarium,極,極・極・極｜地・バ・極｜極・極・極,
ID:1140007392,Popular,Popular,1140007392,確定,繁殖登録番号,A_v9.3直接完成,母父,0,1,0,1,1,Halo,極,Herbager,極,Cohoes,極,Mr. Prospector,極,Secretariat,極,Tim Tam,極,Northern Dancer,地,Victoria Park,極,Bull Page,極,極-極-極 | 極-極-極 | 地-極-極,
ID:1140003252,Practicante,Practicante,1140003252,確定,繁殖登録番号,Z_v9.27_TARGET系譜不足枝0扱いで完成,母母父,0,0,1,1,,Timor,極,Gusty,極,Badruddin,極,Embrujo,極,,バ,,バ,Colombo,極,Teddy,バ,,バ,極・極・極｜極・バ・バ｜極・バ・バ,
ID:1140003961,Precocious,Precocious,1140003961,確定,繁殖登録番号,B_TARGET再構成＋v9.3既存Mで完成,母母父,0,0,1,1,1,Sing Sing,地,Grey Sovereign,極,Honeyway,極,Pall Mall,極,Vieux Manoir,極,Mieuxce,極,Panorama,極,Fair Trial,極,Solario,極,地・極・極｜極・極・極｜極・極・極,
ID:1140007191,Preferment,Preferment,1140007191,確定,繁殖登録番号,A_v9.3直接完成,父,1,0,0,1,1,Sir Tristram,極,Nureyev,地,Val de Loir,極,Danehill,地,Mr. Prospector,極,Sir Ivor,極,Bletchingly,地,Lunchtime,地,Coeur Volant,極,極-地-極 | 地-極-極 | 地-地-極,
ID:1140007603,Preservationist,Preservationist,1140007603,確定,繁殖登録番号,A_v9.3直接完成,父,1,0,0,1,1,Kris S.,極,Danzig,地,Alydar,バ,Northern Dancer,地,Delta Judge,地,Warfare,地,Seattle Slew,極,Secretariat,極,Buckpasser,極,極-地-バ | 地-地-地 | 極-極-極,
ID:1140007193,Pride Of Dubai,Pride Of Dubai,1140007193,確定,繁殖登録番号,A_v9.3直接完成,父,1,0,0,1,1,Machiavellian,極,Troy,地,Riverman,極,Danzig,地,His Majesty,地,Buckpasser,極,Round Table,極,My Babu,極,Hyperion,地,極-地-極 | 地-地-極 | 極-極-地,
ID:1140003263,Primo Dominie,Primo Dominie,1140003263,確定,繁殖登録番号,B_TARGET再構成＋v9.3既存Mで完成,母母父,0,0,1,1,1,Derring-Do,バ,Princely Gift,極,King Legend,極,Petition,極,Grey Sovereign,極,Solferino,極,Fair Trial,極,Beresford,極,Stefan the Great,極,バ・極・極｜極・極・極｜極・極・極,
ID:1140004704,Priolo,Priolo,1140004704,確定,繁殖登録番号,B_TARGET再構成＋v9.3既存Mで完成,母母父,0,0,1,1,1,Northern Dancer,地,Bold Ruler,極,Mahmoud,極,Riverman,極,Klairon,極,East Side,極,Vandale,極,Escamillo,極,Firdaussi,極,地・極・極｜極・極・極｜極・極・極,
ID:1140007351,Prospective,Prospective,1140007351,確定,繁殖登録番号,A_v9.3直接完成,母父,0,1,0,1,1,A.P. Indy,バ,Mr. Prospector,極,Green Dancer,バ,Deputy Minister,地,Blushing Groom,極,Mr. Prospector,極,Seattle Slew,極,Bald Eagle,極,Dark Star,極,バ-極-バ | 地-極-極 | 極-極-極,
ID:1140007379,Protectionist,Protectionist,1140007379,確定,繁殖登録番号,A_v9.3直接完成,父,1,0,0,1,1,Konigsstuhl,極,Surumu,地,Authi,地,Nureyev,地,Alydar,バ,Habitat,極,Habitat,極,Claude,地,Ribot,極,極-地-地 | 地-バ-極 | 極-地-極,
ID:1130000883,Quack,Quack,1130000883,確定,繁殖登録番号,F_v9.4-v9.8追加祖先反映で完成,母母父,0,0,1,1,,Indian Hemp,地,Heelfly,極,Bull Dog,極,Prince Rose,極,Papyrus,極,White Eagle,バ,Fair Trial,極,Hurry On,バ,Gainsborough,極,地・極・極｜極・極・バ｜極・バ・極,
ID:1140003311,Rare Performer,Rare Performer,1140003311,確定,繁殖登録番号,Z_v9.27_TARGET系譜不足枝0扱いで完成,母母父,0,0,1,1,,Raise a Native,極,Nashua,極,Count Fleet,極,Bimelech,極,War Admiral,極,Black Servant,バ,St. Germans,極,Ultimus,バ,,バ,極・極・極｜極・極・バ｜極・バ・バ,
ID:1140007014,Real Courage,Real Courage,1140007014,確定,繁殖登録番号,Z_v9.27_TARGET系譜不足枝0扱いで完成,母母父,0,0,1,1,,Intentionally,極,Rough'n Tumble,極,War Relic,極,Graustark,地,Princequillo,極,War Admiral,極,Princequillo,極,John P.Grier,バ,,バ,極・極・極｜地・極・極｜極・バ・バ,
ID:1140007453,Red Clubs,Red Clubs,1140007453,確定,繁殖登録番号,A_v9.3直接完成,母父,0,1,0,1,1,Roberto,極,Damascus,極,Nearctic,地,Primo Dominie,バ,Valiyar,極,Double Jump,極,Jaipur,極,Native Dancer,極,,バ,極-極-地 | バ-極-極 | 極-極-バ,
ID:1140001123,Red Sunset,Red Sunset,1140001123,確定,繁殖登録番号,B_TARGET再構成＋v9.3既存Mで完成,母母父,0,0,1,1,1,Nasrullah,極,Menow,極,Bull Dog,極,Tom Fool,極,Count Fleet,極,Halcyon,バ,Princequillo,極,Sir Cosmo,極,Friar Marcus,極,極・極・極｜極・極・バ｜極・極・極,
ID:1140001934,Reference Point,Reference Point,1140001934,確定,繁殖登録番号,B_TARGET再構成＋v9.3既存Mで完成,母母父,0,0,1,1,1,Never Bend,極,Princequillo,極,Count Fleet,極,Sir Gaylord,極,Occupy,極,Challenger,極,Crepello,極,Vimy,極,Court Martial,極,極・極・極｜極・極・極｜極・極・極,
ID:1140006526,Regal Ransom,Regal Ransom,1140006526,確定,繁殖登録番号,A_v9.3直接完成,父,1,0,0,1,1,Forty Niner,地,Danzig,地,Mr. Leader,極,Roberto,極,Damascus,極,Nearctic,地,Vice Regent,バ,Bunty's Flight,極,Jabneh,極,地-地-極 | 極-極-地 | バ-極-極,
ID:1140007597,Reload,Reload,1140007597,確定,繁殖登録番号,A_v9.3直接完成,母父,0,1,0,1,1,Danzig,地,Turkoman,地,Roberto,極,Raise a Native,極,Nashua,極,Count Fleet,極,Graustark,地,Princequillo,極,,バ,地-地-極 | 極-極-極 | 地-極-バ,
ID:1140007404,Renat,Renat,1140007404,確定,繁殖登録番号,A_v9.3直接完成,父,1,0,0,1,1,Green Desert,地,Kris,地,Artaius,バ,Gone West,地,Hero's Honor,地,Sir Ivor,極,Vaguely Noble,地,Bald Eagle,極,Dark Star,極,地-地-バ | 地-地-極 | 地-極-極,
ID:1140007483,Rey de Oro,Rey de Oro,1140007483,確定,繁殖登録番号,A_v9.3直接完成,父,1,0,0,1,1,Kingmambo,地,Last Tycoon,地,Blakeney,地,Kris S.,極,Gold Meridian,地,Tri Jet,バ,Mr. Prospector,極,Buckpasser,極,Hasty Road,極,地-地-地 | 極-地-バ | 極-極-極,
ID:1140004685,Rhythm,Rhythm,1140004685,確定,繁殖登録番号,B_TARGET再構成＋v9.3既存Mで完成,母母父,0,0,1,1,1,Raise a Native,極,Nashua,極,Count Fleet,極,Nearctic,地,Native Dancer,極,Mahmoud,極,Tom Fool,極,War Admiral,極,Blue Larkspur,バ,極・極・極｜地・極・極｜極・極・バ,
ID:1130000839,Riva Ridge,Riva Ridge,1130000839,確定,繁殖登録番号,Z_v9.27_TARGET系譜不足枝0扱いで完成,母母父,0,0,1,1,,Turn-to,極,Bubbling Over,バ,Wrack,バ,Hyperion,地,Swynford,極,Neil Gow,バ,Dark Legend,極,Phalaris,極,,バ,極・バ・バ｜地・極・バ｜極・極・バ,
ID:1140007188,River Rough,River Rough,1140007188,確定,繁殖登録番号,Z_v9.27_TARGET系譜不足枝0扱いで完成,母母父,0,0,1,1,,Noholme,地,Count Rendered,極,Red Mars,地,Princely Gift,極,Big Game,極,Hyperion,地,,バ,,バ,,バ,地・極・地｜極・極・地｜バ・バ・バ,
ID:1140004100,River Special,River Special,1140004100,確定,繁殖登録番号,C_v9.4+v9.5追加祖先反映で完成,母父,0,1,0,1,,Never Bend,極,Prince John,極,Roman,極,Northern Dancer,地,Bull Page,極,Menow,極,Polynesian,極,Discovery,極,John P.Grier,バ,極・極・極｜地・極・極｜極・極・バ,
ID:1140004166,Roar,Roar,1140004166,確定,繁殖登録番号,B_TARGET再構成＋v9.3既存Mで完成,母母父,0,0,1,1,1,Mr. Prospector,極,Tom Rolfe,極,Double Jay,極,Nearctic,地,Native Dancer,極,Mahmoud,極,Ribot,極,Alibhai,地,Beau Pere,極,極・極・極｜地・極・極｜極・地・極,
ID:1140003879,Rory's Jester,Rory's Jester,1140003879,確定,繁殖登録番号,Z_v9.27_TARGET系譜不足枝0扱いで完成,母母父,0,0,1,1,,Baguette,バ,Wilkes,極,,バ,Buisson Ardent,極,Deux pour Cent,バ,Mahmoud,極,Golden Cloud,極,Mazarin,極,Gainsborough,極,バ・極・バ｜極・バ・極｜極・極・極,
ID:1140006898,Rulership,Rulership,1140006898,確定,繁殖登録番号,A_v9.3直接完成,父,1,0,0,1,1,Kingmambo,地,Last Tycoon,地,Blakeney,地,Kampala,極,Hornbeam,地,Preciptic,極,Northern Dancer,地,Victoria Park,極,Hyperion,地,地-地-地 | 極-地-極 | 地-極-地,
ID:1140003257,Ruthie's Native,Ruthie's Native,1140003257,確定,繁殖登録番号,I_v9.11_TARGET固定8代年代境界反映で完成,母母父,0,0,1,1,,Raise a Native,極,Nasrullah,極,Stimulus,バ,Bull Lea,極,Hyperion,地,Hurry On,バ,Blandford,極,Charless O'Malley,極,Robert le Diable,バ,極・極・バ｜極・地・バ｜極・極・バ,
ID:1140003012,Sagace,Sagace,1140003012,確定,繁殖登録番号,Y_v9.26残件祖先固定8代欠損0運用確定で完成,母母父,0,0,1,1,,Klairon,極,Cranach,極,Brantome,極,Val de Loir,極,Niccolo Dell'Arca,極,Pharos,極,Borealis,地,Dante,極,Monument,バ,極・極・極｜極・極・極｜地・極・バ,
ID:1140001935,Saint Cyrien,Saint Cyrien,1140001935,確定,繁殖登録番号,B_TARGET再構成＋v9.3既存Mで完成,母母父,0,0,1,1,1,Klairon,極,Cranach,極,Brantome,極,Never Bend,極,Prince John,極,Roman,極,Mourne,極,Prince Bio,極,Rialto,極,極・極・極｜極・極・極｜極・極・極,
ID:1140007701,Saintly Look,Saintly Look,1140007701,確定,繁殖登録番号,A_v9.3直接完成,母父,0,1,0,1,1,Halo,極,Herbager,極,Cohoes,極,His Majesty,地,Majestic Prince,バ,Bold Ruler,極,Round Table,極,Court Martial,極,Gallant Fox,極,極-極-極 | 地-バ-極 | 極-極-極,
ID:1140006736,Savabeel,Savabeel,1140006736,確定,繁殖登録番号,A_v9.3直接完成,父,1,0,0,1,1,Sir Tristram,極,Nureyev,地,Val de Loir,極,Hold Your Peace,極,Dancing Champ,バ,High Hat,地,Nodouble,バ,Reverse,極,Johns Joy,極,極-地-極 | 極-バ-地 | バ-極-極,
ID:1140006023,Seattle Battle,Seattle Battle,1140006023,確定,繁殖登録番号,F_v9.4-v9.8追加祖先反映で完成,母母父,0,0,1,1,,Bold Reasoning,極,Poker,極,Jet Action,極,Native Dancer,極,Case Ace,バ,American Flag,極,Polynesian,極,Bull Lea,極,Sweep,バ,極・極・極｜極・バ・極｜極・極・バ,
ID:1140000917,Sensitive Prince,Sensitive Prince,1140000917,確定,繁殖登録番号,Z_v9.27_TARGET系譜不足枝0扱いで完成,母母父,0,0,1,1,,Raise a Native,極,Royal Charger,極,Alibhai,地,Sideral,極,Embrujo,極,Parwiz,バ,Heliopolis,地,Stimulus,バ,,バ,極・極・地｜極・極・バ｜地・バ・バ,
ID:1140007612,Shakespeare,Shakespeare,1140007612,確定,繁殖登録番号,A_v9.3直接完成,母父,0,1,0,1,1,Nureyev,地,Sassafras,バ,Hail to Reason,極,Hey Good Lookin,地,Palestinian,極,Olympia,地,Raise a Native,極,Tim Tam,極,Heliopolis,地,地-バ-極 | 地-極-地 | 極-極-地,
ID:1140007067,Shakin It Up,Shakin It Up,1140007067,確定,繁殖登録番号,A_v9.3直接完成,父,1,0,0,1,1,Real Quiet,地,Dehere,地,Blue Times,極,Seattle Slew,極,Strawberry Road,地,Hail to Reason,極,Deputy Minister,地,Mr. Prospector,極,Road At Sea,極,地-地-極 | 極-地-極 | 地-極-極,
ID:1140000959,Sham,Sham,1140000959,確定,繁殖登録番号,F_v9.4-v9.8追加祖先反映で完成,母母父,0,0,1,1,,Endeavour,極,Hyperion,地,Winalot,極,Prince Rose,極,Papyrus,極,White Eagle,バ,Phalaris,極,Chaucer,極,Minoru,バ,極・地・極｜極・極・バ｜極・極・バ,
ID:1140007595,Shancelot,Shancelot,1140007595,確定,繁殖登録番号,A_v9.3直接完成,父,1,0,0,1,1,Harlan's Holiday,地,Orientate,地,Carson City,極,Raja Baba,極,Proudest Roman,極,Dead Ahead,極,Kris S.,極,Your Alibhai,地,First Landing,極,地-地-極 | 極-極-極 | 極-地-極,
ID:1140006876,Shawklit Won,Shawklit Won,1140006876,確定,繁殖登録番号,N_v9.16高影響古血統反映で完成,母父,0,1,0,1,,Bold Forbes,極,Tobin Bronze,極,Summer Tan,地,Graustark,地,Jester,極,Battlefield,極,Bold Ruler,極,Democratic,極,Alycidon,地,極・極・地｜地・極・極｜極・極・地,
ID:1140005735,Sicyos,Sicyos,1140005735,確定,繁殖登録番号,Z_v9.27_TARGET系譜不足枝0扱いで完成,母母父,0,0,1,1,,Northern Dancer,地,Court Martial,極,Formor,極,Sir Gaylord,極,Occupy,極,Challenger,極,My Babu,極,Deiri,バ,,バ,地・極・極｜極・極・極｜極・バ・バ,
ID:1140007482,Silver City,Silver City,1140007482,確定,繁殖登録番号,A_v9.3直接完成,母父,0,1,0,1,1,Unbridled,極,Caro,極,Lucky Mel,地,Blushing Groom,極,Crimson Satan,極,Reneged,極,Northern Dancer,地,New Providence,極,Chop Chop,極,極-極-地 | 極-極-極 | 地-極-極,
ID:1140002357,Silver Series,Silver Series,1140002357,確定,繁殖登録番号,K_v9.13古血統精査反映で完成,母母父,0,0,1,1,,Bold Ruler,極,Roman,極,Princequillo,極,Heliopolis,地,Omaha,極,Stimulus,バ,Pharamond,極,Supremus,極,Roi Herode,バ,極・極・極｜地・極・バ｜極・極・バ,
ID:1140007717,Silver State,Silver State,1140007717,確定,繁殖登録番号,A_v9.3直接完成,父,1,0,0,1,1,Danzig,地,Turkoman,地,Roberto,極,Unbridled,極,El Gran Senor,地,In Reality,極,Wavering Monarch,極,Caro,極,Naskra,極,地-地-極 | 極-地-極 | 極-極-極,
ID:1140003963,Simply Great,Simply Great,1140003963,確定,繁殖登録番号,Y_v9.26残件祖先固定8代欠損0運用確定で完成,母母父,0,0,1,1,,Never Bend,極,Princequillo,極,Count Fleet,極,Val de Loir,極,Niccolo Dell'Arca,極,Pharos,極,Borealis,地,Dante,極,Monument,バ,極・極・極｜極・極・極｜地・極・バ,
ID:1140007120,Sioux Nation,Sioux Nation,1140007120,確定,繁殖登録番号,A_v9.3直接完成,父,1,0,0,1,1,Johannesburg,地,Mr. Prospector,極,Nijinsky,バ,Green Desert,地,ダンシングブレーヴ,バ,Mill Reef,バ,Storm Bird,地,Sir Ivor,極,Tim Tam,極,地-極-バ | 地-バ-バ | 地-極-極,
ID:1140003068,Sir Wiggle,Sir Wiggle,1140003068,確定,繁殖登録番号,Z_v9.27_TARGET系譜不足枝0扱いで完成,母母父,0,0,1,1,,Petare,極,Blue Pair,バ,Waygood,バ,Nasrullah,極,Tai-Yang,極,Sardanapale,極,Beau Pere,極,,バ,,バ,極・バ・バ｜極・極・極｜極・バ・バ,
ID:1140002366,Skywalker,Skywalker,1140002366,確定,繁殖登録番号,C_v9.4+v9.5追加祖先反映で完成,母母父,0,0,1,1,,In Reality,極,The Axe,極,Royal Note,極,Bold Ruler,極,Polynesian,極,Blue Larkspur,バ,Polynesian,極,Discovery,極,John P.Grier,バ,極・極・極｜極・極・バ｜極・極・バ,
ID:1140006993,Slade Power,Slade Power,1140006993,確定,繁殖登録番号,A_v9.3直接完成,父,1,0,0,1,1,Medicean,地,Spectrum,極,Drumalis,地,Chief's Crown,地,Gay Mecene,地,Riverman,極,Last Tycoon,地,Artaius,バ,Welsh Pageant,地,地-極-地 | 地-地-極 | 地-バ-地,
ID:1140004439,Slew Machine,Slew Machine,1140004439,確定,繁殖登録番号,C_v9.4+v9.5追加祖先反映で完成,母母父,0,0,1,1,,Bold Reasoning,極,Poker,極,Jet Action,極,Sheshoon,極,Ratification,極,Cranach,極,Nearco,極,Hyperion,地,Abbots Trace,極,極・極・極｜極・極・極｜極・地・極,
ID:1140006331,Slewdledo,Slewdledo,1140006331,確定,繁殖登録番号,Z_v9.27_TARGET系譜不足枝0扱いで完成,母母父,0,0,1,1,,Bold Reasoning,極,Poker,極,Jet Action,極,,バ,,バ,,バ,,バ,,バ,,バ,極・極・極｜バ・バ・バ｜バ・バ・バ,
ID:1140006961,Smart Missile,Smart Missile,1140006961,確定,繁殖登録番号,A_v9.3直接完成,父,1,0,0,1,1,Danehill,地,Royal Academy,バ,Marauding,地,Red Ransom,極,Saratoga Six,バ,Creme dela Creme,地,Mr. Prospector,極,Dr. Fager,極,Correlation,極,地-バ-地 | 極-バ-地 | 極-極-極,
ID:1140000953,Smarten,Smarten,1140000953,確定,繁殖登録番号,Z_v9.27_TARGET系譜不足枝0扱いで完成,母母父,0,0,1,1,,Turn-to,極,Beau Pere,極,Windsor Lad,極,Meadow,極,Diadochos,バ,Fisherman,バ,Heliopolis,地,Stimulus,バ,,バ,極・極・極｜極・バ・バ｜地・バ・バ,
ID:1140007305,Smiling Tiger,Smiling Tiger,1140007305,確定,繁殖登録番号,A_v9.3直接完成,母父,0,1,0,1,1,Storm Cat,地,Caveat,極,Tom Cat,極,Fappiano,極,Le Fabuleux,極,In Reality,極,Minnesota Mac,極,Intentionally,極,Better Self,極,地-極-極 | 極-極-極 | 極-極-極,
ID:1140007402,Smooth Daddy,Smooth Daddy,1140007402,確定,繁殖登録番号,A_v9.3直接完成,父,1,0,0,1,1,Johannesburg,地,Mr. Prospector,極,Nijinsky,バ,Codex,地,Racing Room,極,Pretense,地,Lyphard,バ,Le Fabuleux,極,Gilles de Retz,極,地-極-バ | 地-極-地 | バ-極-極,
ID:1140007406,Soldier's Call,Soldier's Call,1140007406,確定,繁殖登録番号,A_v9.3直接完成,父,1,0,0,1,1,Oasis Dream,地,Zafonic,地,Warning,地,Polar Falcon,地,Exit to Nowhere,極,Shadeed,地,Nureyev,地,Buckpasser,極,Sir Gaylord,極,地-地-地 | 地-極-地 | 地-極-極,
ID:1140007192,Spartacus,Spartacus,1140007192,確定,繁殖登録番号,B_TARGET再構成＋v9.3既存Mで完成,母母父,0,0,1,1,1,Danzig,地,His Majesty,地,Buckpasser,極,Damascus,極,Francis S.,極,Correlation,極,Northern Dancer,地,Bull Page,極,Menow,極,地・地・極｜極・極・極｜地・極・極,
ID:1140007513,Special Week,Special Week,1140007513,確定,繁殖登録番号,B_TARGET再構成＋v9.3既存Mで完成,母母父,0,0,1,1,1,Halo,極,Understanding,極,Montparnasse,地,Nijinsky,バ,Buckpasser,極,Princequillo,極,Aureole,極,Nearco,極,Blandford,極,極・極・地｜バ・極・極｜極・極・極,
ID:1140005965,Splendent,Splendent,1140005965,確定,繁殖登録番号,B_TARGET再構成＋v9.3既存Mで完成,母母父,0,0,1,1,1,Nijinsky,バ,Damascus,極,Forli,地,Sir Gaylord,極,Occupy,極,Challenger,極,Court Martial,極,Mieuxce,極,Colombo,極,バ・極・地｜極・極・極｜極・極・極,
ID:1140005732,Spruce Bouquet,Spruce Bouquet,1140005732,確定,繁殖登録番号,Y_v9.26残件祖先固定8代欠損0運用確定で完成,母母父,0,0,1,1,,Herbager,極,Prince John,極,Ambiorix,極,Eight Thirty,極,Jack High,バ,Man o'War,極,Hyperion,地,Tracery,極,Wildfowler,バ,極・極・極｜極・バ・極｜地・極・バ,
ID:1140006631,Starcraft,Starcraft,1140006631,確定,繁殖登録番号,B_TARGET再構成＋v9.3既存Mで完成,母母父,0,0,1,1,1,Nureyev,地,Venture,極,Vandale,極,Tell,極,Damascus,極,Tulyar,極,Never Say Die,極,Dante,極,Hyperion,地,地・極・極｜極・極・極｜極・極・地,
ID:1140001415,State Dinner,State Dinner,1140001415,確定,繁殖登録番号,F_v9.4-v9.8追加祖先反映で完成,母母父,0,0,1,1,,Tom Fool,極,War Admiral,極,Blue Larkspur,バ,Polynesian,極,Bull Lea,極,Sweep,バ,Blenheim,極,Gainsborough,極,The Tetrarch,バ,極・極・バ｜極・極・バ｜極・極・バ,
ID:1140003759,Statoblest,Statoblest,1140003759,確定,繁殖登録番号,Y_v9.26残件祖先固定8代欠損0運用確定で完成,母母父,0,0,1,1,,Lorenzaccio,極,Martial,極,Whistler,極,Golden Cloud,極,Court Martial,極,Figaro,極,Dante,極,Dastur,極,Arion,バ,極・極・極｜極・極・極｜極・極・バ,
ID:1140006829,Stay Gold,Stay Gold,1140006829,確定,繁殖登録番号,B_TARGET再構成＋v9.3既存Mで完成,母父,0,1,0,1,1,Halo,極,Understanding,極,Montparnasse,地,Sanctus,極,Worden,極,Bozzetto,極,Northern Dancer,地,Victoria Park,極,Hyperion,地,極・極・地｜極・極・極｜地・極・地,
ID:1140007709,Stay Inside,Stay Inside,1140007709,確定,繁殖登録番号,A_v9.3直接完成,父,1,0,0,1,1,Not A Single Doubt,地,Hussonet,極,Nasty and Bold,バ,Danzig,地,Gay Mecene,地,Riverman,極,Danehill,地,Sir Tristram,極,Pretendre,極,地-極-バ | 地-地-極 | 地-極-極,
ID:1140006964,Stay Thirsty,Stay Thirsty,1140006964,確定,繁殖登録番号,A_v9.3直接完成,父,1,0,0,1,1,A.P. Indy,バ,Quiet American,地,Spectacular Bid,極,Northern Dancer,地,New Providence,極,Chop Chop,極,Hail to Reason,極,Nashua,極,Bull Lea,極,バ-地-極 | 地-極-極 | 極-極-極,
ID:1140005421,Steady Growth,Steady Growth,1140005421,確定,繁殖登録番号,Y_v9.26残件祖先固定8代欠損0運用確定で完成,母母父,0,0,1,1,,Nearctic,地,Round Table,極,Bernborough,バ,Donatello,極,Mieuxce,極,Solario,極,Prince Chevalier,極,Nearco,極,Singapore,極,地・極・バ｜極・極・極｜極・極・極,
ID:1140003278,Strike the Gold,Strike the Gold,1140003278,確定,繁殖登録番号,Y_v9.26残件祖先固定8代欠損0運用確定で完成,母母父,0,0,1,1,,Raise a Native,極,On-and-On,極,Ponder,地,The Axe,極,Tom Fool,極,Prince Bio,極,Pappageno,極,Denturius,バ,Firdaussi,極,極・極・地｜極・極・極｜極・バ・極,
ID:1140007479,Strong Hope,Strong Hope,1140007479,確定,繁殖登録番号,B_TARGET再構成＋v9.3既存Mで完成,母母父,0,0,1,1,1,Gone West,地,El Gran Senor,地,Key to the Mint,地,Vice Regent,バ,Bunty's Flight,極,Jabneh,極,Hail to Reason,極,Cosmic Bomb,極,Mahmoud,極,地・地・地｜バ・極・極｜極・極・極,
ID:1140003541,Stylish Century,Stylish Century,1140003541,確定,繁殖登録番号,Z_v9.27_TARGET系譜不足枝0扱いで完成,母母父,0,0,1,1,,Century,極,Adamastor,極,Star Kingdom,地,Royal Palm,極,Kurun,極,Fine Art,極,Star Kingdom,地,Messmate,地,,バ,極・極・地｜極・極・極｜地・地・バ,
ID:1140004533,Subordination,Subordination,1140004533,確定,繁殖登録番号,C_v9.4高影響祖先補完で完成,母母父,0,0,1,1,1,Blushing Groom,極,Crimson Satan,極,Reneged,極,Damascus,極,Never Bend,極,Tatan,極,Tom Fool,極,Eight Thirty,極,Jamestown,極,極・極・極｜極・極・極｜極・極・極,
ID:1140003144,Success Express,Success Express,1140003144,確定,繁殖登録番号,C_v9.4高影響祖先補完で完成,母母父,0,0,1,1,1,Speak John,極,Eight Thirty,極,Blue Larkspur,バ,Nijinsky,バ,Tom Fool,極,Challenger,極,Hyperion,地,Donatello,極,Coronach,極,極・極・バ｜バ・極・極｜地・極・極,
ID:1140007378,Suggestive Boy,Suggestive Boy,1140007378,確定,繁殖登録番号,A_v9.3直接完成,母父,0,1,0,1,1,Storm Cat,地,Alydar,バ,Buckpasser,極,Fort Wood,地,Col Pickering,地,Grey Sovereign,極,Fappiano,極,Le Fabuleux,極,In Reality,極,地-バ-極 | 地-地-極 | 極-極-極,
ID:1140007064,Summer Front,Summer Front,1140007064,確定,繁殖登録番号,A_v9.3直接完成,父,1,0,0,1,1,Danzig,地,Rubiano,地,Forli,地,Sadler's Wells,地,Sir Ivor,極,Tom Fool,極,Pleasant Colony,バ,Nijinsky,バ,Bryan G.,極,地-地-地 | 地-極-極 | バ-バ-極,
ID:1140001886,Summing,Summing,1140001886,確定,繁殖登録番号,Z_v9.27_TARGET系譜不足枝0扱いで完成,母母父,0,0,1,1,,Speak John,極,Never Say Die,極,Preciptic,極,Nashua,極,Bimelech,極,The Porter,バ,Gold Nib,極,Iliad,バ,,バ,極・極・極｜極・極・バ｜極・バ・バ,
ID:1140007705,Super Easy,Super Easy,1140007705,確定,繁殖登録番号,A_v9.3直接完成,母父,0,1,0,1,1,Danehill,地,Zabeel,バ,ヴアイスリーガル,バ,Huntingdale,地,Yeats,地,To Market,極,Luthier,極,High Perch,地,Solonaway,極,地-バ-バ | 地-地-極 | 極-地-極,
ID:1140002605,Sure Blade,Sure Blade,1140002605,確定,繁殖登録番号,B_TARGET再構成＋v9.3既存Mで完成,母母父,0,0,1,1,1,Sharpen Up,地,Reliance,極,Crepello,極,Forli,地,Bold Ruler,極,Polynesian,極,Aureole,極,Bois Roussel,極,Caerleon,バ,地・極・極｜地・極・極｜極・極・バ,
NAME:Sweynesse,Sweynesse,Sweynesse,,TARGET繁殖登録番号未取得・個体同定済,入力名＋父母血統で個体同定,Web個体同定＋既存/固定8代M,父,1,0,0,1,1,Octagonal,地,Straight Strike,極,First Consul,地,In The Wings,地,Halo,極,Herbager,極,Blushing Groom,極,Bustino,極,Queen's Hussar,極,地・極・地｜地・極・極｜極・極・極,Lonhro×Swansea(Singspiel)、祖母River Swan(Nashwan)から9枝を展開。
ID:1140006779,Swift Gun,Swift Gun,1140006779,確定,繁殖登録番号,Z_v9.27_TARGET系譜不足枝0扱いで完成,母母父,0,0,1,1,,Biscay,地,Relic,極,Fair Trial,極,Saint Crespin,地,The Cobbler,極,Panorama,極,Rockefella,地,,バ,,バ,地・極・極｜地・極・極｜地・バ・バ,
ID:1140002175,Table Play,Table Play,1140002175,確定,繁殖登録番号,Y_v9.26残件祖先固定8代欠損0運用確定で完成,母母父,0,0,1,1,,Princequillo,極,Sir Cosmo,極,Friar Marcus,極,Nearco,極,Blenheim,極,The Tetrarch,バ,Bull Dog,極,Ballot,バ,Trenton,バ,極・極・極｜極・極・バ｜極・バ・バ,
ID:1140007262,Tapiture,Tapiture,1140007262,確定,繁殖登録番号,A_v9.3直接完成,父,1,0,0,1,1,Pulpit,地,Unbridled,極,Nijinsky,バ,Naskra,極,Whitesburg,極,Reverse,極,Damascus,極,Buckpasser,極,Swaps,地,地-極-バ | 極-極-極 | 極-極-地,
ID:1140007395,Tapwrit,Tapwrit,1140007395,確定,繁殖登録番号,A_v9.3直接完成,父,1,0,0,1,1,Pulpit,地,Unbridled,極,Nijinsky,バ,Valid Appeal,地,Fortunate Prospect,地,Staff Writer,地,Silver Hawk,バ,Chieftain,極,Mahmoud,極,地-極-バ | 地-地-地 | バ-極-極,
ID:1140000733,Targowice,Targowice,1140000733,確定,繁殖登録番号,Y_v9.26残件祖先固定8代欠損0運用確定で完成,母母父,0,0,1,1,,Princequillo,極,Sir Cosmo,極,Friar Marcus,極,Nasrullah,極,Discovery,極,Pompey,極,Bull Dog,極,Ballot,バ,Trenton,バ,極・極・極｜極・極・極｜極・バ・バ,
ID:1140006184,Tayasu Tsuyoshi,Tayasu Tsuyoshi,1140006184,確定,繁殖登録番号,B_TARGET再構成＋v9.3既存Mで完成,母母父,0,0,1,1,1,Halo,極,Understanding,極,Montparnasse,地,Fortino,極,Chamossaire,極,Solario,極,Tom Fool,極,War Admiral,極,Blue Larkspur,バ,極・極・地｜極・極・極｜極・極・バ,
NAME:Telesto,Telesto,Telesto,,TARGET繁殖登録番号未取得・個体同定済,入力名＋父母血統で個体同定,Web個体同定＋既存/固定8代M,母母父,0,0,1,1,1,Star Appeal,バ,Klairon,極,Umberto,極,Biscay,地,Relic,極,Fair Trial,極,Honeyway,極,Admiral's Walk,地,Nearco,極,バ・極・極｜地・極・極｜極・地・極,Star Way×St Klaire(Bletchingly)、祖母Great Klaire(Great Nephew)から9枝を展開。
ID:1140007329,Tertullian,Tertullian,1140007329,確定,繁殖登録番号,A_v9.3直接完成,母父,0,1,0,1,1,Mr. Prospector,極,Buckpasser,極,Princequillo,極,Sharpen Up,地,ヴアイスリーガル,バ,Molvedo,極,Agio,極,Prince Chevalier,極,Big Game,極,極-極-極 | 地-バ-極 | 極-極-極,
ID:1140006794,Testa Rossa,Testa Rossa,1140006794,確定,繁殖登録番号,A_v9.3直接完成,母父,0,1,0,1,1,Danzig,地,Bold Reason,極,Forli,地,Vain,極,Golden Plume,地,Summertime,極,Baldric,極,Never Say Die,極,Alycidon,地,地-極-地 | 極-地-極 | 極-極-地,
ID:1140007610,That's a Nice,That's a Nice,1140007610,確定,繁殖登録番号,Z_v9.27_TARGET系譜不足枝0扱いで完成,母母父,0,0,1,1,,Noholme,地,,バ,,バ,Sun Again,バ,Whiskaway,バ,Seth,バ,Heliopolis,地,Stimulus,バ,,バ,地・バ・バ｜バ・バ・バ｜地・バ・バ,
ID:1140007491,The Autumn Sun,The Autumn Sun,1140007491,確定,繁殖登録番号,A_v9.3直接完成,父,1,0,0,1,1,Danehill,地,Canny Lad,地,Nijinsky,バ,Sadler's Wells,地,Miswaki,極,Lombard,地,Roberto,極,Lt. Stevens,極,War Admiral,極,地-地-バ | 地-極-地 | 極-極-極,
ID:1140005768,The Cliff's Edge,The Cliff's Edge,1140005768,確定,繁殖登録番号,A_v9.3直接完成,母父,0,1,0,1,1,Mr. Prospector,極,Rambunctious,地,Seven Corners,極,Northern Dancer,地,Admiral's Voyage,バ,Petition,極,Spy Song,極,,バ,,バ,極-地-極 | 地-バ-極 | 極-バ-バ,
ID:1140007207,The Grey Gatsby,The Grey Gatsby,1140007207,確定,繁殖登録番号,A_v9.3直接完成,父,1,0,0,1,1,Danehill Dancer,地,Black Tie Affair,地,Lyphard,バ,Sadler's Wells,地,Exclusive Native,極,Dead Ahead,極,Mr. Prospector,極,Nureyev,地,Prove Out,地,地-地-バ | 地-極-極 | 極-地-地,
ID:1140003276,The Prime Minister,The Prime Minister,1140003276,確定,繁殖登録番号,Y_v9.26残件祖先固定8代欠損0運用確定で完成,母母父,0,0,1,1,,Vice Regent,バ,Bunty's Flight,極,Jabneh,極,Round Table,極,Nasrullah,極,Some Chance,バ,Turn-to,極,Blue Swords,極,Sir Gallahad,極,バ・極・極｜極・極・バ｜極・極・極,
ID:1140003354,Thirty Eight Paces,Thirty Eight Paces,1140003354,確定,繁殖登録番号,Z_v9.27_TARGET系譜不足枝0扱いで完成,母母父,0,0,1,1,,Noholme,地,Double Jay,極,Don Bingo,極,Northern Dancer,地,King's Bench,極,Torbido,バ,Our Boots,極,,バ,,バ,地・極・極｜地・極・バ｜極・バ・バ,
ID:1140004378,Thornton Hill,Thornton Hill,1140004378,確定,繁殖登録番号,Y_v9.26残件祖先固定8代欠損0運用確定で完成,母母父,0,0,1,1,,Sir Gaylord,極,Mr. Trouble,極,Pharamond,極,Chamossaire,極,Arctic Prince,極,Scarlet Tiger,バ,Sir Gallahad,極,Buchan,極,Ultimus,バ,極・極・極｜極・極・バ｜極・極・バ,
ID:1140007596,Thousand Words,Thousand Words,1140007596,v9.3正本ID,v9.3 ID＋入力名エイリアス,v9.3直接完成・同名個体監査済,父,1,0,0,1,1,Empire Maker,地,Lord At War,地,Key to the Kingdom,極,Boundary,地,Seeking the Gold,極,Believe It,地,Thunder Gulch,地,Turkoman,地,Relaunch,極,地・地・極｜地・極・地｜地・地・極,v9.3「04_1302頭9枝」に同一個体として完成済み。 Thousand Wordsは2017年生Pioneerof the Nile産駒の1140007596を採用し、2004年同名馬は除外。
ID:1140005805,Tiger Ridge,Tiger Ridge,1140005805,確定,繁殖登録番号,A_v9.3直接完成,母父,0,1,0,1,1,Storm Bird,地,Secretariat,極,Crimson Satan,極,Bold Ruler,極,Princequillo,極,,バ,Tom Fool,極,War Admiral,極,Blue Larkspur,バ,地-極-極 | 極-極-バ | 極-極-バ,
ID:1140002164,Timeless Moment,Timeless Moment,1140002164,確定,繁殖登録番号,K_v9.13古血統精査反映で完成,母母父,0,0,1,1,,Sword Dancer,極,My Babu,極,Sickle,極,Polynesian,極,Discovery,極,John P.Grier,バ,Reigh Count,極,Haste,バ,Stefan the Great,極,極・極・極｜極・極・バ｜極・バ・極,
ID:1140004259,Timeless Native,Timeless Native,1140004259,確定,繁殖登録番号,Z_v9.27_TARGET系譜不足枝0扱いで完成,母母父,0,0,1,1,,Damascus,極,Native Dancer,極,Count Fleet,極,The Axe,極,Centime,バ,,バ,Hillary,地,Russia,バ,,バ,極・極・極｜極・バ・バ｜地・バ・バ,
ID:1140007196,Toolighttoquit,Toolighttoquit,1140007196,確定,繁殖登録番号,B_TARGET再構成＋v9.3既存Mで完成,母父,0,1,0,1,1,Dixieland Band,地,Gallant Romeo,極,Hill Prince,極,Mr. Prospector,極,Dr. Fager,極,Correlation,極,Rough'n Tumble,極,Better Self,極,Bull Brier,極,地・極・極｜極・極・極｜極・極・極,
ID:1140007713,Toorak Toff,Toorak Toff,1140007713,確定,繁殖登録番号,A_v9.3直接完成,母父,0,1,0,1,1,Brave Warrior,地,Regal Advice,バ,Boucher,極,Chief's Crown,地,Habitat,極,Tudor Melody,バ,Kaoru Star,地,Small Time,地,,バ,地-バ-極 | 地-極-バ | 地-地-バ,
ID:1140000946,Top Command,Top Command,1140000946,確定,繁殖登録番号,Y_v9.26残件祖先固定8代欠損0運用確定で完成,母母父,0,0,1,1,,Nasrullah,極,Discovery,極,Pompey,極,Prince Rose,極,Bacteriophage,極,Cadum,極,Athanasius,バ,Aditi,バ,Robert le Diable,バ,極・極・極｜極・極・極｜バ・バ・バ,
ID:1140007751,Toronado,Toronado,1140007751,確定,繁殖登録番号,A_v9.3直接完成,父,1,0,0,1,1,Sadler's Wells,地,Darshaan,地,Kris,地,Gone West,地,El Gran Senor,地,Key to the Mint,地,Danzig,地,Buckpasser,極,Round Table,極,地-地-地 | 地-地-地 | 地-極-極,
ID:1140001455,Touching Wood,Touching Wood,1140001455,確定,繁殖登録番号,C_v9.4+v9.5追加祖先反映で完成,母母父,0,0,1,1,,Hail to Reason,極,Nashua,極,Bull Lea,極,Vienna,極,Nearco,極,Big Game,極,Menow,極,Bull Dog,極,Equipoise,バ,極・極・極｜極・極・極｜極・極・バ,
NAME:Toylsome,Toylsome,Toylsome,,TARGET繁殖登録番号未取得・個体同定済,入力名＋父母血統で個体同定,Web個体同定＋既存/固定8代M,母父,0,1,0,1,1,Young Generation,地,Sharpen Up,地,Soderini,極,Northern Dancer,地,Victoria Park,極,Bull Page,極,Riverman,極,Klairon,極,East Side,極,地・地・極｜地・極・極｜極・極・極,Cadeaux Genereux×Treasure Trove(The Minstrel)、祖母River Jig(Irish River)から9枝を展開。L'Anguissolaの父Soderiniも確認。
ID:1140002793,Transworld,Transworld,1140002793,確定,繁殖登録番号,F_v9.4-v9.8追加祖先反映で完成,母母父,0,0,1,1,,Princequillo,極,Count Fleet,極,Blue Larkspur,バ,Hyperion,地,Nasrullah,極,Bois Roussel,極,Blenheim,極,Gainsborough,極,The Tetrarch,バ,極・極・バ｜地・極・極｜極・極・バ,
ID:1140007585,Trapeze Artist,Trapeze Artist,1140007585,確定,繁殖登録番号,A_v9.3直接完成,父,1,0,0,1,1,Redoute's Choice,地,Snippets,地,Storm Bird,地,Red Ransom,極,Zafonic,地,Storm Bird,地,Biscay,地,Relic,極,Fair Trial,極,地-地-地 | 極-地-地 | 地-極-極,
ID:1140007387,Treasure Beach,Treasure Beach,1140007387,確定,繁殖登録番号,A_v9.3直接完成,母父,0,1,0,1,1,Sadler's Wells,地,Miswaki,極,Lombard,地,Darshaan,地,Ajdal,地,Vaguely Noble,地,Arctic Tern,極,Lyphard,バ,Le Fabuleux,極,地-極-地 | 地-地-地 | 極-バ-極,
ID:1140003767,Turgeon,Turgeon,1140003767,確定,繁殖登録番号,B_TARGET再構成＋v9.3既存Mで完成,母父,0,1,0,1,1,Fortino,極,Chamossaire,極,Solario,極,Round Table,極,Bold Ruler,極,Bull Lea,極,Ribot,極,Hyperion,地,Portlaw,極,極・極・極｜極・極・極｜極・地・極,
ID:1140002179,Turkoman,Turkoman,1140002179,確定,繁殖登録番号,Z_v9.27_TARGET系譜不足枝0扱いで完成,母母父,0,0,1,1,,Raise a Native,極,On-and-On,極,Ponder,地,Round Table,極,Nasrullah,極,Bull Lea,極,Guatan,極,Picapleitos,バ,,バ,極・極・地｜極・極・極｜極・バ・バ,
ID:1140007277,Twilight Son,Twilight Son,1140007277,確定,繁殖登録番号,A_v9.3直接完成,父,1,0,0,1,1,Pivotal,地,Song,地,Crooner,極,Rainbow Quest,極,Sallust,極,Balidar,地,Danzig,地,Sir Ivor,極,Princequillo,極,地-地-極 | 極-極-地 | 地-極-極,
ID:1140003912,Twining,Twining,1140003912,確定,繁殖登録番号,F_v9.4-v9.8追加祖先反映で完成,母母父,0,0,1,1,,Mr. Prospector,極,Tom Rolfe,極,Double Jay,極,Nasrullah,極,Djeddah,極,Bimelech,極,Man o'War,極,Sweep,バ,Harry of Hereford,極,極・極・極｜極・極・極｜極・バ・極,
ID:1140006409,U S Ranger,U S Ranger,1140006409,確定,繁殖登録番号,A_v9.3直接完成,母父,0,1,0,1,1,Northern Dancer,地,Admiral's Voyage,バ,Petition,極,Roberto,極,Damascus,極,Nearctic,地,Ribot,極,Alibhai,地,Beau Pere,極,地-バ-極 | 極-極-地 | 極-地-極,
ID:1140006857,Ultimate Eagle,Ultimate Eagle,1140006857,確定,繁殖登録番号,A_v9.3直接完成,父,1,0,0,1,1,Cozzene,極,Graustark,地,Tom Fool,極,Saint Ballado,バ,Greek Answer,地,Rattle Dancer,極,Danzig,地,Mr. Prospector,極,Illustrious,極,極-地-極 | バ-地-極 | 地-極-極,
ID:1140007372,Ulysses,Ulysses,1140007372,確定,繁殖登録番号,A_v9.3直接完成,父,1,0,0,1,1,Sadler's Wells,地,Miswaki,極,Lombard,地,Mr. Prospector,極,Nureyev,地,Prove Out,地,Mill Reef,バ,Hardicanute,極,Grandmaster,極,地-極-地 | 極-地-地 | バ-極-極,
ID:1140007490,Umatilla,Umatilla,1140007490,確定,繁殖登録番号,B_TARGET再構成＋v9.3既存Mで完成,母母父,0,0,1,1,1,Mr. Prospector,極,Buckpasser,極,Princequillo,極,Northern Dancer,地,Bull Page,極,Menow,極,Sir Gaylord,極,Mr. Trouble,極,Pharamond,極,極・極・極｜地・極・極｜極・極・極,
ID:1140007175,Untuttable,Untuttable,1140007175,確定,繁殖登録番号,A_v9.3直接完成,母父,0,1,0,1,1,Fappiano,極,Le Fabuleux,極,In Reality,極,Intentionally,極,Rough'n Tumble,極,War Relic,極,Native Dancer,極,,バ,,バ,極-極-極 | 極-極-極 | 極-バ-バ,
ID:1140007447,Utopia,Utopia,1140007447,確定,繁殖登録番号,A_v9.3直接完成,母父,0,1,0,1,1,Mr. Prospector,極,Tom Rolfe,極,Double Jay,極,Northern Dancer,地,Victoria Park,極,Hyperion,地,Bold Ruler,極,,バ,,バ,極-極-極 | 地-極-地 | 極-バ-バ,
ID:1140003259,Vacarme,Vacarme,1140003259,確定,繁殖登録番号,C_v9.4高影響祖先補完で完成,母母父,0,0,1,1,1,Northern Dancer,地,Court Martial,極,Formor,極,Psidium,極,Big Game,極,Precipitation,極,Palestine,極,Pharis,極,Blandford,極,地・極・極｜極・極・極｜極・極・極,
ID:1140007545,Vancouver,Vancouver,1140007545,確定,繁殖登録番号,A_v9.3直接完成,母父,0,1,0,1,1,El Prado,地,Bailjumper,地,Silent Screen,極,Danzig,地,His Majesty,地,Buckpasser,極,Roberto,極,Vent du Nord,極,County Delight,極,地-地-極 | 地-地-極 | 極-極-極,
ID:1140001451,Vanlandingham,Vanlandingham,1140001451,確定,繁殖登録番号,Y_v9.26残件祖先固定8代欠損0運用確定で完成,母母父,0,0,1,1,,Best Turn,バ,Ballydonnell,極,Carrier Pigeon,バ,Pia Star,地,Spy Song,極,Roman,極,Owen Tudor,地,Windsor Slipper,極,Son-in-Law,バ,バ・極・バ｜地・極・極｜地・極・バ,
ID:1140007704,Victor Ludorum,Victor Ludorum,1140007704,確定,繁殖登録番号,A_v9.3直接完成,父,1,0,0,1,1,Giant's Causeway,地,Machiavellian,極,Troy,地,Kaldoun,極,Satingo,バ,Prince John,極,Bering,バ,Green Dancer,バ,Diatome,極,地-極-地 | 極-バ-極 | バ-バ-極,
ID:1140006432,War Pass,War Pass,1140006432,確定,繁殖登録番号,A_v9.3直接完成,母父,0,1,0,1,1,Runaway Groom,極,Silver Saber,極,Francis S.,極,Raise a Native,極,Nashua,極,Count Fleet,極,Tom Rolfe,極,War Admiral,極,Tourbillon,極,極-極-極 | 極-極-極 | 極-極-極,
ID:1140007364,War of Will,War of Will,1140007364,確定,繁殖登録番号,A_v9.3直接完成,父,1,0,0,1,1,Danzig,地,Rubiano,地,Forli,地,Northern Dancer,地,Bold Reason,極,Forli,地,Never Bend,極,Prince John,極,Roman,極,地-地-地 | 地-極-地 | 極-極-極,
ID:1140006532,Warrior's Reward,Warrior's Reward,1140006532,確定,繁殖登録番号,A_v9.3直接完成,母父,0,1,0,1,1,El Prado,地,Bailjumper,地,Silent Screen,極,Mr. Prospector,極,Buckpasser,極,Hasty Road,極,Nijinsky,バ,Poker,極,Jet Action,極,地-地-極 | 極-極-極 | バ-極-極,
ID:1140003862,Wekiva Springs,Wekiva Springs,1140003862,確定,繁殖登録番号,Y_v9.26残件祖先固定8代欠損0運用確定で完成,母母父,0,0,1,1,,Blushing Groom,極,Call the Witness,極,Boodle,極,Jester,極,Olympia,地,Blenheim,極,My Babu,極,Olympia,地,Teddy's Comet,バ,極・極・極｜極・地・極｜極・地・バ,
ID:1140001595,Welsh Saint,Welsh Saint,1140001595,確定,繁殖登録番号,Y_v9.26残件祖先固定8代欠損0運用確定で完成,母母父,0,0,1,1,,Aureole,極,Bois Roussel,極,Caerleon,バ,Owen Tudor,地,Rustom Pasha,極,The Tetrarch,バ,Phalaris,極,Chaucer,極,Love Wisely,バ,極・極・バ｜地・極・バ｜極・極・バ,
ID:1140002318,What Luck,What Luck,1140002318,確定,繁殖登録番号,Y_v9.26残件祖先固定8代欠損0運用確定で完成,母母父,0,0,1,1,,Nasrullah,極,Discovery,極,Pompey,極,Balladier,バ,Whisk Broom,バ,Sain,極,Sir Gallahad,極,Transmute,バ,Hamburg,バ,極・極・極｜バ・バ・極｜極・バ・バ,
ID:1140006046,Whywhywhy,Whywhywhy,1140006046,確定,繁殖登録番号,A_v9.3直接完成,母父,0,1,0,1,1,Gone West,地,Reviewer,極,Dancer's Image,極,Fappiano,極,Dr. Fager,極,Nearctic,地,What a Pleasure,極,Tulyar,極,Dastur,極,地-極-極 | 極-極-地 | 極-極-極,
ID:1140007322,Wicked Strong,Wicked Strong,1140007322,確定,繁殖登録番号,A_v9.3直接完成,母父,0,1,0,1,1,Danzig,地,Turkoman,地,Roberto,極,Summer Squall,地,Drone,極,What a Pleasure,極,Caro,極,Buckpasser,極,Northern Dancer,地,地-地-極 | 地-極-極 | 極-極-地,
ID:1140007451,Winker Watson,Winker Watson,1140007451,確定,繁殖登録番号,A_v9.3直接完成,母父,0,1,0,1,1,Warning,地,Whistling Wind,極,Pinturischio,極,Riverman,極,Marshua's Dancer,地,Sea O Erin,地,Nijinsky,バ,Round Table,極,Rockefella,地,地-極-極 | 極-地-地 | バ-極-地,
ID:1140007484,Workforce,Workforce,1140007484,確定,繁殖登録番号,A_v9.3直接完成,母父,0,1,0,1,1,Kingmambo,地,Lombard,地,Espresso,地,Northern Dancer,地,Bold Reason,極,Forli,地,Hoist the Flag,極,Prince John,極,Determine,地,地-地-地 | 地-極-地 | 極-極-地,
ID:1140005907,Worldwatch,Worldwatch,1140005907,確定,繁殖登録番号,B_TARGET再構成＋v9.3既存Mで完成,母母父,0,0,1,1,1,Northern Dancer,地,Bull Page,極,Menow,極,Native Dancer,極,Case Ace,バ,American Flag,極,Tenerani,極,El Greco,極,Papyrus,極,地・極・極｜極・バ・極｜極・極・極,
ID:1140007294,Wrote,Wrote,1140007294,確定,繁殖登録番号,A_v9.3直接完成,父,1,0,0,1,1,Sadler's Wells,地,Darshaan,地,Kris,地,Danzig,地,Sir Ivor,極,Never Bend,極,Sharpen Up,地,Reliance,極,Crepello,極,地-地-地 | 地-極-極 | 地-極-極,
ID:1140000594,Yellow God,Yellow God,1140000594,確定,繁殖登録番号,Z_v9.27_TARGET系譜不足枝0扱いで完成,母母父,0,0,1,1,,Nasrullah,極,Menow,極,Bull Dog,極,Fair Trial,極,Walter Gay,バ,Bachelor's Double,バ,Hurry On,バ,Tredennis,バ,,バ,極・極・極｜極・バ・バ｜バ・バ・バ,
ID:1120001710,アグネスカミカゼ,アグネスカミカゼ,1120001710,確定,繁殖登録番号,B_TARGET再構成＋v9.3既存Mで完成,母父,0,1,0,1,1,Halo,極,Understanding,極,Montparnasse,地,Northern Dancer,地,Victoria Park,極,Hyperion,地,Sideral,極,Penny Post,極,Rustom Pasha,極,極・極・地｜地・極・地｜極・極・極,
ID:1120001976,アグネスゴールド,アグネスゴールド,1120001976,確定,繁殖登録番号,A_v9.3直接完成,母父,0,1,0,1,1,Halo,極,Understanding,極,Montparnasse,地,Northern Dancer,地,Victoria Park,極,Hyperion,地,Fortino,極,Chamossaire,極,Solario,極,極-極-地 | 地-極-地 | 極-極-極,
ID:1120002186,アジュディミツオー,アジュディミツオー,1120002186,確定,繁殖登録番号,A_v9.3直接完成,母父,0,1,0,1,1,Danzig,地,Reviewer,極,Swaps,地,Honest Pleasure,極,Victoria Park,極,Stratus,極,Tom Fool,極,Count Fleet,極,Halcyon,バ,地-極-地 | 極-極-極 | 極-極-バ,
ID:1120001750,アブクマポーロ,アブクマポーロ,1120001750,確定,繁殖登録番号,B_TARGET再構成＋v9.3既存Mで完成,母父,0,1,0,1,1,Blushing Groom,極,Donut King,地,Fleet Nasrullah,極,Milesian,極,Pharis,極,Abjer,極,Prince Taj,極,Worden,極,Turmoil,極,極・地・極｜極・極・極｜極・極・極,
ID:1120001514,アルカング,アルカング,1120001514,確定,繁殖登録番号,C_v9.4+v9.5追加祖先反映で完成,母母父,0,0,1,1,,Luthier,極,Chaparral,極,Pantheon,極,Riverman,極,Klairon,極,East Side,極,Rialto,極,Blandford,極,Ksar,バ,極・極・極｜極・極・極｜極・極・バ,
ID:1120002092,アンクルスーパー,アンクルスーパー,1120002092,確定,繁殖登録番号,A_v9.3直接完成,母父,0,1,0,1,1,Danzig,地,His Majesty,地,Buckpasser,極,シーホーク,極,ヒンドスタン,極,Big Game,極,ヒンドスタン,極,ライジングフレーム,極,マルタケ,極,地-地-極 | 極-極-極 | 極-極-極,
ID:1120002647,アールスター,アールスター,1120002647,確定,繁殖登録番号,A_v9.3直接完成,父,1,0,0,1,1,キングカメハメハ,地,Storm Cat,地,Cormorant,地,デイクタス,極,ノーザンテースト,地,Princely Gift,極,Nijinsky,バ,Stage Door Johnny,極,Goyama,極,地-地-地 | 極-地-極 | バ-極-極,
ID:1120001694,イシノサンデー,イシノサンデー,1120001694,確定,繁殖登録番号,B_TARGET再構成＋v9.3既存Mで完成,母父,0,1,0,1,1,Halo,極,Understanding,極,Montparnasse,地,Raise a Native,極,On-and-On,極,Ponder,地,Nantallah,極,Gold Bridge,極,Blandford,極,極・極・地｜極・極・地｜極・極・極,
ID:1120002035,イシノナイト,イシノナイト,1120002035,確定,繁殖登録番号,A_v9.3直接完成,母父,0,1,0,1,1,Halo,極,Understanding,極,Montparnasse,地,Nijinsky,バ,Pardao,地,Nasrullah,極,Sanctus,極,Worden,極,Prince Bio,極,極-極-地 | バ-地-極 | 極-極-極,
ID:1120002069,ウインデュエル,ウインデュエル,1120002069,確定,繁殖登録番号,A_v9.3直接完成,母父,0,1,0,1,1,Halo,極,Understanding,極,Montparnasse,地,Northern Dancer,地,Victoria Park,極,Hyperion,地,Sanctus,極,Worden,極,Bozzetto,極,極-極-地 | 地-極-地 | 極-極-極,
ID:1120002419,ウエスタンゼウス,ウエスタンゼウス,1120002419,確定,繁殖登録番号,A_v9.3直接完成,父,1,0,0,1,1,A.P. Indy,バ,Mr. Prospector,極,Honest Pleasure,極,Fappiano,極,Le Fabuleux,極,In Reality,極,Native Dancer,極,,バ,,バ,バ-極-極 | 極-極-極 | 極-バ-バ,
ID:1120002597,エンパイアペガサス,エンパイアペガサス,1120002597,確定,繁殖登録番号,A_v9.3直接完成,父,1,0,0,1,1,Unbridled,極,El Gran Senor,地,In Reality,極,Forty Niner,地,Danzig,地,Mr. Leader,極,Damascus,極,Buckpasser,極,Swaps,地,極-地-極 | 地-地-極 | 極-極-地,
ID:1120002377,エーシンジーライン,エーシンジーライン,1120002377,確定,繁殖登録番号,A_v9.3直接完成,父,1,0,0,1,1,Storm Cat,地,Rahy,バ,Roberto,極,Northern Dancer,地,Admiral's Voyage,バ,Petition,極,Raise a Native,極,Nashua,極,Count Fleet,極,地-バ-極 | 地-バ-極 | 極-極-極,
ID:1120002255,オウケンマジック,オウケンマジック,1120002255,確定,繁殖登録番号,A_v9.3直接完成,母父,0,1,0,1,1,ブライアンズタイム,地,クリスタルパレス,極,Sea-Bird,極,サンデーサイレンス,地,ヴアイスリーガル,バ,Laugh Aloud,バ,Al Nasr,バ,Green Dancer,バ,Diatome,極,地-極-極 | 地-バ-バ | バ-バ-極,
ID:1120002569,オウケンワールド,オウケンワールド,1120002569,確定,繁殖登録番号,A_v9.3直接完成,父,1,0,0,1,1,French Deputy,地,Classic Go Go,極,Icecapade,バ,サンデーサイレンス,地,ヴアイスリーガル,バ,Laugh Aloud,バ,Al Nasr,バ,Green Dancer,バ,Diatome,極,地-極-バ | 地-バ-バ | バ-バ-極,
ID:1120002644,オジュウチョウサン,オジュウチョウサン,1120002644,確定,繁殖登録番号,A_v9.3直接完成,父,1,0,0,1,1,サンデーサイレンス,地,デイクタス,極,ノーザンテースト,地,Kris S.,極,Gold Meridian,地,Tri Jet,バ,Mill Reef,バ,Ragusa,極,Grey Sovereign,極,地-極-地 | 極-地-バ | バ-極-極,
ID:1120002315,オネストジョン,オネストジョン,1120002315,確定,繁殖登録番号,A_v9.3直接完成,父,1,0,0,1,1,Mr. Prospector,極,Green Forest,バ,Nijinsky,バ,イエローゴツド,極,ガバドール,極,カリム,極,Nijinsky,バ,Buckpasser,極,Princequillo,極,極-バ-バ | 極-極-極 | バ-極-極,
ID:1120002415,カキツバタロイヤル,カキツバタロイヤル,1120002415,確定,繁殖登録番号,A_v9.3直接完成,父,1,0,0,1,1,サンデーサイレンス,地,マルゼンスキー,バ,テスコボーイ,地,ノーザンテースト,地,Ambiopoise,極,Gallant Man,極,Mourne,極,Prince Bio,極,Rialto,極,地-バ-地 | 地-極-極 | 極-極-極,
ID:1120002346,カゼノグッドボーイ,カゼノグッドボーイ,1120002346,確定,繁殖登録番号,A_v9.3直接完成,父,1,0,0,1,1,バブルガムフェロー,地,タイトスポット,地,ミルジヨージ,地,ブライアンズタイム,地,Blushing Groom,極,Vaguely Noble,地,Al Nasr,バ,Green Dancer,バ,Diatome,極,地-地-地 | 地-極-地 | バ-バ-極,
ID:1120000585,カネミノブ,カネミノブ,1120000585,確定,繁殖登録番号,Z_v9.27_TARGET系譜不足枝0扱いで完成,母母父,0,0,1,1,,Princely Gift,極,Straight Deal,極,,バ,Milesian,極,Pharis,極,Abjer,極,Bois Roussel,極,Canon Law,バ,,バ,極・極・バ｜極・極・極｜極・バ・バ,
ID:1120002589,カフジテイク,カフジテイク,1120002589,確定,繁殖登録番号,A_v9.3直接完成,父,1,0,0,1,1,End Sweep,地,Summing,バ,Cold Reception,バ,Mr. Prospector,極,Nijinsky,バ,Round Table,極,Nijinsky,バ,Buckpasser,極,Princequillo,極,地-バ-バ | 極-バ-極 | バ-極-極,
ID:1120002031,キッケンクリス,キッケンクリス,1120002031,確定,繁殖登録番号,A_v9.3直接完成,母父,0,1,0,1,1,Roberto,極,Princequillo,極,,バ,Mr. Prospector,極,Pharly,バ,Match,極,Indian Hemp,地,Heelfly,極,Bull Dog,極,極-極-バ | 極-バ-極 | 地-極-極,
ID:1120002600,キャプテンキング,キャプテンキング,1120002600,確定,繁殖登録番号,A_v9.3直接完成,父,1,0,0,1,1,Nureyev,地,Mr. Prospector,極,Never Bend,極,Roberto,極,Graustark,地,Hasty Road,極,Halo,極,Understanding,極,Montparnasse,地,地-極-極 | 極-地-極 | 極-極-地,
ID:1120002489,キョウエイギア,キョウエイギア,1120002489,確定,繁殖登録番号,A_v9.3直接完成,父,1,0,0,1,1,アグネスタキオン,地,Chief's Crown,地,Key to the Mint,地,Irish River,極,Northfields,バ,Sassafras,バ,Raise a Native,極,On-and-On,極,Ponder,地,地-地-地 | 極-バ-バ | 極-極-地,
ID:1120002640,キングオブコージ,キングオブコージ,1120002640,確定,繁殖登録番号,A_v9.3直接完成,父,1,0,0,1,1,キングカメハメハ,地,Storm Cat,地,Cormorant,地,Sadler's Wells,地,Miswaki,極,Lombard,地,Ahonoora,バ,Swing Easy,地,Skymaster,極,地-地-地 | 地-極-地 | バ-地-極,
ID:1120002536,クワイトファイン,クワイトファイン,1120002536,確定,繁殖登録番号,A_v9.3直接完成,父,1,0,0,1,1,シンボリルドルフ,バ,ナイスダンサー,地,フアバージ,極,トウシヨウボーイ,地,トピオ,極,アドミラルバード,バ,ヒンドスタン,極,ハヤタケ,極,トウルヌソル,極,バ-地-極 | 地-極-バ | 極-極-極,
ID:1120000538,グリーングラス,グリーングラス,1120000538,確定,繁殖登録番号,Y_v9.26残件祖先固定8代欠損0運用確定で完成,母母父,0,0,1,1,,Hornbeam,地,Persian Gulf,極,Niccolo Dell'Arca,極,Nearco,極,Baytown,極,Hainault,極,Rockefella,地,Felicitation,バ,Solario,極,地・極・極｜極・極・極｜地・バ・極,
ID:1120002451,グレイレジェンド,グレイレジェンド,1120002451,確定,繁殖登録番号,A_v9.3直接完成,父,1,0,0,1,1,Forty Niner,地,Never Bend,極,War Admiral,極,ダンシングブレーヴ,バ,Roberto,極,Raise a Native,極,テスコボーイ,地,Airborne,バ,Fair Trial,極,地-極-極 | バ-極-極 | 地-バ-極,
ID:1120002376,ケイアイドウソジン,ケイアイドウソジン,1120002376,確定,繁殖登録番号,A_v9.3直接完成,父,1,0,0,1,1,Kingmambo,地,Last Tycoon,地,Blakeney,地,Damascus,極,Dunce,極,My Babu,極,Northern Dancer,地,Chop Chop,極,Windfields,極,地-地-地 | 極-極-極 | 地-極-極,
ID:1120002627,ケイティブレイブ,ケイティブレイブ,1120002627,確定,繁殖登録番号,A_v9.3直接完成,父,1,0,0,1,1,サンデーサイレンス,地,ノーザンテースト,地,ヒツテイングアウエー,極,Rainbow Quest,極,Saint Cyrien,極,Bold Lad (USA),極,Northern Dancer,地,Tudor Minstrel,地,Stymie,極,地-地-極 | 極-極-極 | 地-地-極,
ID:1120000901,ゲイメセン,ゲイメセン,1120000901,確定,繁殖登録番号,G_v9.4-v9.9追加祖先反映で完成,母母父,0,0,1,1,,Vienna,極,Nearco,極,Big Game,極,Turn-to,極,Princequillo,極,Caruso,バ,Djebel,極,Badruddin,極,Pharos,極,極・極・極｜極・極・バ｜極・極・極,
ID:1120000405,コインドシルバー,コインドシルバー,1120000405,確定,繁殖登録番号,C_v9.4+v9.5追加祖先反映で完成,母母父,0,0,1,1,,Vandale,極,Escamillo,極,Firdaussi,極,Nasrullah,極,Djeddah,極,Bimelech,極,Bull Lea,極,Hyperion,地,Hurry On,バ,極・極・極｜極・極・極｜極・地・バ,
ID:1120001759,コロニアルアッフェアー,コロニアルアッフェアー,1120001759,確定,繁殖登録番号,B_TARGET再構成＋v9.3既存Mで完成,母父,0,1,0,1,1,His Majesty,地,Sunrise Flight,極,Cockrullah,極,Northern Dancer,地,Bull Page,極,Menow,極,Native Dancer,極,Case Ace,バ,American Flag,極,地・極・極｜地・極・極｜極・バ・極,
ID:1120002435,ゴドリー,ゴドリー,1120002435,確定,繁殖登録番号,A_v9.3直接完成,父,1,0,0,1,1,Hennessy,地,Meadowlake,極,Hagley,極,Bold Reasoning,極,Poker,極,Jet Action,極,Raise a Native,極,On-and-On,極,Ponder,地,地-極-極 | 極-極-極 | 極-極-地,
ID:1120002607,ゴルトマイスター,ゴルトマイスター,1120002607,確定,繁殖登録番号,A_v9.3直接完成,父,1,0,0,1,1,サンデーサイレンス,地,Nureyev,地,Hostage,極,Deputy Minister,地,Hold Your Peace,極,Bold Ruler,極,Seattle Slew,極,Bald Eagle,極,Dark Star,極,地-地-極 | 地-極-極 | 極-極-極,
ID:1120001936,ゴーカイ,ゴーカイ,1120001936,TARGET繁殖登録番号,繁殖登録番号,TARGET固定8代＋既存M,父,1,0,0,1,1,Honest Pleasure,極,Victoria Park,極,Stratus,極,ハイセイコー,地,ジヤヴリン,地,タカクラヤマ,極,Sayajirao,極,Solario,極,Apelle,極,極・極・極｜地・地・極｜極・極・極,TARGET固定8代再計算。ハイセイコー H=.125/S=.0390625→地、ジヤヴリン H=.25/S=.05078125→地、タカクラヤマ H=0/S=.03125→極。他6枝は既存M。
ID:1120002559,サイモンラムセス,サイモンラムセス,1120002559,確定,繁殖登録番号,A_v9.3直接完成,父,1,0,0,1,1,サンデーサイレンス,地,Alzao,バ,Busted,極,ブライアンズタイム,地,Blushing Groom,極,Vaguely Noble,地,Roberto,極,In Reality,極,Moslem Chief,地,地-バ-極 | 地-極-地 | 極-極-地,
ID:1120002278,サクラオールイン,サクラオールイン,1120002278,確定,繁殖登録番号,A_v9.3直接完成,父,1,0,0,1,1,Halo,極,Understanding,極,Montparnasse,地,Northern Dancer,地,Admiral's Voyage,バ,Petition,極,Bold Ruler,極,Princequillo,極,,バ,極-極-地 | 地-バ-極 | 極-極-バ,
ID:1120002249,サクラメガワンダー,サクラメガワンダー,1120002249,確定,繁殖登録番号,A_v9.3直接完成,父,1,0,0,1,1,Silver Hawk,バ,Danzig,地,His Majesty,地,Halo,極,Understanding,極,Montparnasse,地,Northern Dancer,地,Victoria Park,極,Hyperion,地,バ-地-地 | 極-極-地 | 地-極-地,
ID:1120002593,サブノジュニア,サブノジュニア,1120002593,確定,繁殖登録番号,A_v9.3直接完成,父,1,0,0,1,1,End Sweep,地,Star de Naskra,地,Cornish Prince,極,Alydar,バ,Jester,極,Nasrullah,極,サンデーサイレンス,地,Le Fabuleux,極,In Reality,極,地-地-極 | バ-極-極 | 地-極-極,
ID:1120001057,サンキリコ,サンキリコ,1120001057,確定,繁殖登録番号,C_v9.4高影響祖先補完で完成,母母父,0,0,1,1,1,Lyphard,バ,Sing Sing,地,Klairon,極,Cornish Prince,極,Johns Joy,極,Jamestown,極,Noholme,地,Double Jay,極,Don Bingo,極,バ・地・極｜極・極・極｜地・極・極,
ID:1120001619,ザグレブ,ザグレブ,1120001619,確定,繁殖登録番号,B_TARGET再構成＋v9.3既存Mで完成,母母父,0,0,1,1,1,Nureyev,地,Sassafras,バ,Hail to Reason,極,Wolver Hollow,極,Worden,極,Owen Tudor,地,Graustark,地,Tom Fool,極,Blue Larkspur,バ,地・バ・極｜極・極・地｜地・極・バ,
ID:1120002122,シベリアンホーク,シベリアンホーク,1120002122,確定,繁殖登録番号,A_v9.3直接完成,母父,0,1,0,1,1,Nureyev,地,Riverman,極,Northfields,バ,Seattle Slew,極,Buckpasser,極,Hill Prince,極,Roberto,極,Amerigo,バ,Mat de Cocagne,極,地-極-バ | 極-極-極 | 極-バ-極,
ID:1120000345,シヤイニングナイト,シヤイニングナイト,1120000345,確定,繁殖登録番号,S_v9.20高影響祖先反映で完成,母母父,0,0,1,1,,Princequillo,極,Sir Cosmo,極,Friar Marcus,極,Nasrullah,極,Discovery,極,Pompey,極,Hyperion,地,Ethnarch,極,Black Jester,バ,極・極・極｜極・極・極｜地・極・バ,
ID:1120000138,シーホーク,シーホーク,1120000138,確定,繁殖登録番号,Z_v9.27_TARGET系譜不足枝0扱いで完成,母母父,0,0,1,1,,Vandale,極,Escamillo,極,Firdaussi,極,Norseman,バ,Fantastic,バ,Rialto,極,Blue Peter,極,Hurry On,バ,,バ,極・極・極｜バ・バ・極｜極・バ・バ,
ID:1120000767,ジユニアス,ジユニアス,1120000767,確定,繁殖登録番号,Z_v9.27_TARGET系譜不足枝0扱いで完成,母母父,0,0,1,1,,Bold Ruler,極,My Babu,極,Umidwar,極,Alibhai,地,Empire Builder,極,Grand Parade,極,Bimelech,極,North Star,バ,,バ,極・極・極｜地・極・極｜極・バ・バ,
ID:1120002147,ジークエンブレム,ジークエンブレム,1120002147,確定,繁殖登録番号,A_v9.3直接完成,父,1,0,0,1,1,Storm Bird,地,Secretariat,極,Crimson Satan,極,Damascus,極,Francis S.,極,Correlation,極,Raise a Native,極,Nashua,極,Count Fleet,極,地-極-極 | 極-極-極 | 極-極-極,
ID:1120002124,スターキングマン,スターキングマン,1120002124,確定,繁殖登録番号,A_v9.3直接完成,母父,0,1,0,1,1,Mr. Prospector,極,Nureyev,地,Prove Out,地,Red God,極,Wild Risk,極,Tudor Minstrel,地,Nasrullah,極,Djeddah,極,Bimelech,極,極-地-地 | 極-極-地 | 極-極-極,
ID:1120001274,スターサンシャイン,スターサンシャイン,1120001274,確定,繁殖登録番号,B_TARGET再構成＋v9.3既存Mで完成,母母父,0,0,1,1,1,テスコボーイ,地,Airborne,バ,Fair Trial,極,Ribot,極,Tudor Minstrel,地,Panorama,極,Bois Roussel,極,Solario,極,Blandford,極,地・バ・極｜極・地・極｜極・極・極,
ID:1120001629,スターマン,スターマン,1120001629,確定,繁殖登録番号,Z_v9.27_TARGET系譜不足枝0扱いで完成,母父,0,1,0,1,,Alleged,地,Raise a Native,極,Barbizon,極,Luthier,極,Prudent,極,Relic,極,Grey Sovereign,極,Casanova,地,,バ,地・極・極｜極・極・極｜極・地・バ,
ID:1120002317,スパロービート,スパロービート,1120002317,確定,繁殖登録番号,A_v9.3直接完成,父,1,0,0,1,1,End Sweep,地,Star de Naskra,地,Cornish Prince,極,Vice Regent,バ,Victoria Park,極,Le Beau Prince,極,テスコボーイ,地,Your Host,地,,バ,地-地-極 | バ-極-極 | 地-地-バ,
ID:1120002321,スマイルジャック,スマイルジャック,1120002321,確定,繁殖登録番号,A_v9.3直接完成,父,1,0,0,1,1,ブライアンズタイム,地,クリスタルパレス,極,Sea-Bird,極,Halo,極,Understanding,極,Montparnasse,地,Nijinsky,バ,Buckpasser,極,Princequillo,極,地-極-極 | 極-極-地 | バ-極-極,
ID:1120002001,スリリングサンデー,スリリングサンデー,1120002001,確定,繁殖登録番号,A_v9.3直接完成,母父,0,1,0,1,1,Halo,極,Understanding,極,Montparnasse,地,Northern Dancer,地,Victoria Park,極,Hyperion,地,Spy Song,極,,バ,,バ,極-極-地 | 地-極-地 | 極-バ-バ,
ID:1120002335,セレン,セレン,1120002335,確定,繁殖登録番号,A_v9.3直接完成,父,1,0,0,1,1,サンデーサイレンス,地,ヴアイスリーガル,バ,Laugh Aloud,バ,Roberto,極,Graustark,地,Hasty Road,極,Nijinsky,バ,Round Table,極,Hail to Reason,極,地-バ-バ | 極-地-極 | バ-極-極,
ID:1120000459,ゼダーン,ゼダーン,1120000459,確定,繁殖登録番号,Z_v9.27_TARGET系譜不足枝0扱いで完成,母母父,0,0,1,1,,Nasrullah,極,Baytown,極,Hainault,極,Gold Bridge,極,Fairway,極,Bachelor's Double,バ,Craig an Eran,極,,バ,,バ,極・極・極｜極・極・バ｜極・バ・バ,
ID:1120001709,ゼンノメイジン,ゼンノメイジン,1120001709,確定,繁殖登録番号,B_TARGET再構成＋v9.3既存Mで完成,母父,0,1,0,1,1,Mr. Prospector,極,Buckpasser,極,Swaps,地,Nearctic,地,Native Dancer,極,Mahmoud,極,Bull Page,極,Preciptic,極,Fairford,極,極・極・地｜地・極・極｜極・極・極,
ID:1120000501,ソーブレスド,ソーブレスド,1120000501,確定,繁殖登録番号,Z_v9.27_TARGET系譜不足枝0扱いで完成,母母父,0,0,1,1,,Nasrullah,極,Blue Peter,極,Blandford,極,Djebel,極,Rustom Pasha,極,,バ,,バ,,バ,,バ,極・極・極｜極・極・バ｜バ・バ・バ,
ID:1120001757,タイキシャーロック,タイキシャーロック,1120001757,確定,繁殖登録番号,B_TARGET再構成＋v9.3既存Mで完成,母父,0,1,0,1,1,Mr. Prospector,極,Nijinsky,バ,Forli,地,Graustark,地,Princequillo,極,War Admiral,極,Tom Fool,極,War Admiral,極,Blue Larkspur,バ,極・バ・地｜地・極・極｜極・極・バ,
ID:1120000215,タイテエム,タイテエム,1120000215,確定,繁殖登録番号,B_TARGET再構成＋v9.3既存Mで完成,母母父,0,0,1,1,1,Aureole,極,Nearco,極,Blandford,極,Relic,極,Pherozshah,極,Easton,極,Tehran,極,Nearco,極,Blandford,極,極・極・極｜極・極・極｜極・極・極,
ID:1110000969,タケシバオー,タケシバオー,1110000969,確定,繁殖登録番号,Y_v9.26残件祖先固定8代欠損0運用確定で完成,母母父,0,0,1,1,,Rockefella,地,Rustom Pasha,極,Friar Marcus,極,プリメロ,バ,シアンモア,極,クラツクマンナン,極,Mid-day Sun,バ,Nothing Venture,極,Son-in-Law,バ,地・極・極｜バ・極・極｜バ・極・バ,
ID:1120000532,タニノフエバリツト,タニノフエバリツト,1120000532,確定,繁殖登録番号,Y_v9.26残件祖先固定8代欠損0運用確定で完成,母母父,0,0,1,1,,Princely Gift,極,Petition,極,Ujiji,極,Blue Peter,極,Niccolo Dell'Arca,極,Apelle,極,Admiral's Walk,地,Salmon Leap,バ,Finglas,バ,極・極・極｜極・極・極｜地・バ・バ,
ID:1120002614,ダイシンバルカン,ダイシンバルカン,1120002614,確定,繁殖登録番号,A_v9.3直接完成,父,1,0,0,1,1,サクラユタカオー,地,ノーザンテースト,地,Ambiopoise,極,Seeking the Gold,極,Lypheor,バ,Secretariat,極,Deputy Minister,地,Secretariat,極,Damascus,極,地-地-極 | 極-バ-極 | 地-極-極,
ID:1120002218,ダノンゴーゴー,ダノンゴーゴー,1120002218,確定,繁殖登録番号,A_v9.3直接完成,父,1,0,0,1,1,Mr. Prospector,極,Private Account,地,Northfields,バ,Ahmad,極,Tropical Sun,地,Imbroglio,極,Raise a Native,極,Princequillo,極,Bubbling Over,バ,極-地-バ | 極-地-極 | 極-極-バ,
ID:1120001439,ダハール,ダハール,1120001439,確定,繁殖登録番号,W_v9.24高影響祖先反映で完成,母母父,0,0,1,1,,Northern Dancer,地,Court Martial,極,Formor,極,Vienna,極,Nearco,極,Big Game,極,Alibhai,地,Beau Pere,極,Chance Shot,極,地・極・極｜極・極・極｜地・極・極,
ID:1120001108,テイオーソロン,テイオーソロン,1120001108,確定,繁殖登録番号,Y_v9.26残件祖先固定8代欠損0運用確定で完成,母母父,0,0,1,1,,Milesian,極,Pharis,極,Abjer,極,Neptune,極,Victrix,バ,Ksar,バ,プリメロ,バ,Flamboyant,極,Robert le Diable,バ,極・極・極｜極・バ・バ｜バ・極・バ,
ID:1120000284,テユデナム,テユデナム,1120000284,確定,繁殖登録番号,Y_v9.26残件祖先固定8代欠損0運用確定で完成,母母父,0,0,1,1,,Tudor Minstrel,地,Dante,極,Solario,極,Djebel,極,Goya,極,Bruleur,バ,Chateau Bouscaut,バ,Blue Skies,極,Alcantara,バ,地・極・極｜極・極・バ｜バ・極・バ,
ID:1120002478,ディオスコリダー,ディオスコリダー,1120002478,確定,繁殖登録番号,A_v9.3直接完成,父,1,0,0,1,1,フジキセキ,極,Deputy Minister,地,Mr. Prospector,極,Wild Again,地,Plugged Nickle,地,Drone,極,Raise a Native,極,Nashua,極,Count Fleet,極,極-地-極 | 地-地-極 | 極-極-極,
ID:1120000647,トウシヨウイレブン,トウシヨウイレブン,1120000647,確定,繁殖登録番号,Z_v9.27_TARGET系譜不足枝0扱いで完成,母母父,0,0,1,1,,Princely Gift,極,Hyperion,地,Dastur,極,Alibhai,地,Mahmoud,極,Clarissimus,極,Dark Legend,極,Phalaris,極,,バ,極・地・極｜地・極・極｜極・極・バ,
ID:1120000793,トウシヨウゴツド,トウシヨウゴツド,1120000793,確定,繁殖登録番号,B_TARGET再構成＋v9.3既存Mで完成,母母父,0,0,1,1,1,Luthier,極,Prudent,極,Relic,極,Persian Gulf,極,Hyperion,地,King Salmon,極,Nearco,極,Mirza,極,Apelle,極,極・極・極｜極・地・極｜極・極・極,
ID:1120001066,トウシヨウサミツト,トウシヨウサミツト,1120001066,確定,繁殖登録番号,H_v9.4-v9.10追加祖先反映で完成,母母父,0,0,1,1,,Sanctus,極,Worden,極,Prince Bio,極,Relic,極,Pherozshah,極,Easton,極,Alibhai,地,Mahmoud,極,Clarissimus,極,極・極・極｜極・極・極｜地・極・極,
ID:1120000221,トンピオン,トンピオン,1120000221,確定,繁殖登録番号,Z_v9.27_TARGET系譜不足枝0扱いで完成,母母父,0,0,1,1,,Menow,極,Bull Dog,極,Equipoise,バ,Reigh Count,極,Haste,バ,Stefan the Great,極,Broomstick,バ,,バ,,バ,極・極・バ｜極・バ・極｜バ・バ・バ,
ID:1120001701,トーホウキング,トーホウキング,1120001701,確定,繁殖登録番号,A_v9.3直接完成,母父,0,1,0,1,1,Northern Dancer,地,Bold Reason,極,Forli,地,Bold Reasoning,極,Poker,極,Jet Action,極,Nearctic,地,Native Dancer,極,Mahmoud,極,地-極-地 | 極-極-極 | 地-極-極,
ID:1120000505,ニゾン,ニゾン,1120000505,確定,繁殖登録番号,Y_v9.26残件祖先固定8代欠損0運用確定で完成,母母父,0,0,1,1,,Northern Dancer,地,Bull Page,極,Menow,極,Prince John,極,Ballymoss,極,Caldarium,極,Goya,極,Finglas,バ,Argosy,バ,地・極・極｜極・極・極｜極・バ・バ,
ID:1120000690,ニチドウアラシ,ニチドウアラシ,1120000690,確定,繁殖登録番号,E_v9.4-v9.7追加祖先反映で完成,母母父,0,0,1,1,,Bold Lad (USA),極,Bull Lea,極,Blue Larkspur,バ,Swaps,地,Polynesian,極,Pot au Feu,極,Hyperion,地,Tracery,極,Wildfowler,バ,極・極・バ｜地・極・極｜地・極・バ,
ID:1120001104,ニツポーテイオー,ニツポーテイオー,1120001104,確定,繁殖登録番号,B_TARGET再構成＋v9.3既存Mで完成,母母父,0,0,1,1,1,Lyphard,バ,Sing Sing,地,Klairon,極,Damascus,極,Nashua,極,Eight Thirty,極,Milesian,極,Pharis,極,Abjer,極,バ・地・極｜極・極・極｜極・極・極,
ID:1120002299,ネオヴァンドーム,ネオヴァンドーム,1120002299,確定,繁殖登録番号,A_v9.3直接完成,父,1,0,0,1,1,サンデーサイレンス,地,Kris,地,Shantung,地,Kampala,極,Hornbeam,地,Preciptic,極,Northern Dancer,地,Victoria Park,極,Hyperion,地,地-地-地 | 極-地-極 | 地-極-地,
ID:1110000568,ネヴアービート,ネヴアービート,1110000568,確定,繁殖登録番号,I_v9.11_TARGET固定8代年代境界反映で完成,母母父,0,0,1,1,,Nasrullah,極,War Admiral,極,Vatout,極,Bahram,極,Tetratema,極,White Eagle,バ,Pharos,極,Havresac,極,Spearmint,バ,極・極・極｜極・極・バ｜極・極・バ,
ID:1120000457,ハンターコム,ハンターコム,1120000457,確定,繁殖登録番号,Y_v9.26残件祖先固定8代欠損0運用確定で完成,母母父,0,0,1,1,,Darius,極,Abernant,地,Chanteur,極,Fairway,極,Son-in-Law,バ,Sundridge,バ,Solario,極,Apelle,極,Arion,バ,極・地・極｜極・バ・バ｜極・極・バ,
ID:1120001451,ハンティングホーク,ハンティングホーク,1120001451,確定,繁殖登録番号,B_TARGET再構成＋v9.3既存Mで完成,母母父,0,0,1,1,1,Northern Dancer,地,Bold Reason,極,Forli,地,Mill Reef,バ,Hardicanute,極,Grandmaster,極,Herbager,極,Free Man,極,Ocean Swell,極,地・極・地｜バ・極・極｜極・極・極,
ID:1120001610,ハートレイク,ハートレイク,1120001610,確定,繁殖登録番号,B_TARGET再構成＋v9.3既存Mで完成,母母父,0,0,1,1,1,Northern Dancer,地,Forli,地,Nantallah,極,Raise a Native,極,Shut Out,極,Pilate,極,Princequillo,極,Count Fleet,極,Blue Larkspur,バ,地・地・極｜極・極・極｜極・極・バ,
ID:1120000347,ハードツービート,ハードツービート,1120000347,確定,繁殖登録番号,P_v9.18古血統反映で完成,母母父,0,0,1,1,,ハードリドン,極,Umidwar,極,Felstead,極,Court Martial,極,Straight Deal,極,Friar Marcus,極,Tehran,極,Nearco,極,Blandford,極,極・極・極｜極・極・極｜極・極・極,
ID:1120001362,バンブーメモリー,バンブーメモリー,1120001362,確定,繁殖登録番号,Y_v9.26残件祖先固定8代欠損0運用確定で完成,母父,0,1,0,1,,Grey Dawn,極,Bold Hour,極,Nearctic,地,Sing Sing,地,Guard's Tie,極,Fair Trial,極,Nearco,極,Baytown,極,Hainault,極,極・極・地｜地・極・極｜極・極・極,
ID:1120001590,パレスミュージック,パレスミュージック,1120001590,確定,繁殖登録番号,B_TARGET再構成＋v9.3既存Mで完成,母父,0,1,0,1,1,Northern Dancer,地,Victoria Park,極,Bull Page,極,Princequillo,極,Count Fleet,極,Blue Larkspur,バ,Royal Charger,極,Admiral Drake,極,Pharos,極,地・極・極｜極・極・バ｜極・極・極,
ID:1120002056,ヒシミラクル,ヒシミラクル,1120002056,確定,繁殖登録番号,A_v9.3直接完成,母父,0,1,0,1,1,デイクタス,極,ノーザンテースト,地,Princely Gift,極,Shirley Heights,バ,Bold Lad (IRE),バ,Silly Season,極,Grey Sovereign,極,The Phoenix,極,Sir Walter Raleigh,極,極-地-極 | バ-バ-極 | 極-極-極,
ID:1120002433,ヒラボクディープ,ヒラボクディープ,1120002433,確定,繁殖登録番号,A_v9.3直接完成,父,1,0,0,1,1,サンデーサイレンス,地,Alzao,バ,Busted,極,Storm Bird,地,Secretariat,極,Crimson Satan,極,Fortino,極,Chamossaire,極,Solario,極,地-バ-極 | 地-極-極 | 極-極-極,
ID:1120002646,ヒロシゲゴールド,ヒロシゲゴールド,1120002646,確定,繁殖登録番号,A_v9.3直接完成,父,1,0,0,1,1,End Sweep,地,Star de Naskra,地,Cornish Prince,極,サンデーサイレンス,地,Storm Cat,地,Assagai Jr.,バ,パーソロン,極,Fortino,極,Tehran,極,地-地-極 | 地-地-バ | 極-極-極,
ID:1120002260,ビービーガルダン,ビービーガルダン,1120002260,確定,繁殖登録番号,A_v9.3直接完成,母父,0,1,0,1,1,Chief's Crown,地,Bold Hour,極,Ribot,極,Grosvenor,地,Bismark,極,Fair's Fair,極,Crown Jester,バ,Roan Rocket,極,Matador,極,地-極-極 | 地-極-極 | バ-極-極,
ID:1120000476,ピツトカーン,ピツトカーン,1120000476,確定,繁殖登録番号,Y_v9.26残件祖先固定8代欠損0運用確定で完成,母母父,0,0,1,1,,Petition,極,Alycidon,地,Nearco,極,Rockefella,地,Mazarin,極,Mr Jinks,バ,Chateau Bouscaut,バ,Blue Skies,極,Alcantara,バ,極・地・極｜地・極・バ｜バ・極・バ,
ID:1110000922,フオルテイノ,フオルテイノ,1110000922,確定,繁殖登録番号,Y_v9.26残件祖先固定8代欠損0運用確定で完成,母母父,0,0,1,1,,Nasrullah,極,Baytown,極,Hainault,極,War Relic,極,Black Toney,バ,Fariman,バ,Oleander,バ,Havresac,極,Kibwesi,バ,極・極・極｜極・バ・バ｜バ・極・バ,
ID:1120001642,ベストタイアップ,ベストタイアップ,1120001642,確定,繁殖登録番号,B_TARGET再構成＋v9.3既存Mで完成,母父,0,1,0,1,1,ノーザンテースト,地,Ambiopoise,極,Gallant Man,極,Pretense,地,Princequillo,極,Sickle,極,Nasrullah,極,Djeddah,極,Bimelech,極,地・極・極｜地・極・極｜極・極・極,
ID:1120001256,ペイザバトラー,ペイザバトラー,1120001256,確定,繁殖登録番号,Z_v9.27_TARGET系譜不足枝0扱いで完成,母母父,0,0,1,1,,Val de Loir,極,Armistice,極,Mousson,極,Ribot,極,Alibhai,地,Beau Pere,極,Fastnet,極,King Salmon,極,,バ,極・極・極｜極・地・極｜極・極・バ,
ID:1120000057,ペール,ペール,1120000057,確定,繁殖登録番号,Y_v9.26残件祖先固定8代欠損0運用確定で完成,母母父,0,0,1,1,,My Babu,極,Coup de Lyon,バ,Blandford,極,Pharos,極,Clarissimus,極,Captivation,バ,Asterus,極,Sardanapale,極,St. Serf,極,極・バ・極｜極・極・バ｜極・極・極,
ID:1120000354,ホープフリーオン,ホープフリーオン,1120000354,確定,繁殖登録番号,Y_v9.26残件祖先固定8代欠損0運用確定で完成,母母父,0,0,1,1,,Native Dancer,極,Case Ace,バ,American Flag,極,Nasrullah,極,Bull Lea,極,The Porter,バ,Pensive,地,Blenheim,極,Sir Gallahad,極,極・バ・極｜極・極・バ｜地・極・極,
ID:1120001098,ボールドノースマン,ボールドノースマン,1120001098,確定,繁殖登録番号,Y_v9.26残件祖先固定8代欠損0運用確定で完成,母母父,0,0,1,1,,Green Dancer,バ,Sovereign Path,極,Orsini,極,Princely Gift,極,Legend of France,極,Blenheim,極,プリメロ,バ,Flamboyant,極,Robert le Diable,バ,バ・極・極｜極・極・極｜バ・極・バ,
ID:1120002353,マジンプロスパー,マジンプロスパー,1120002353,確定,繁殖登録番号,A_v9.3直接完成,父,1,0,0,1,1,Cozzene,極,ノーザンテースト,地,Tribal Chief,極,サンデーサイレンス,地,Lyphard,バ,Prominer,地,Reviewer,極,No Robbery,地,Beau Gar,極,極-地-極 | 地-バ-地 | 極-地-極,
ID:1120002281,マンハッタンスカイ,マンハッタンスカイ,1120002281,確定,繁殖登録番号,A_v9.3直接完成,母父,0,1,0,1,1,サンデーサイレンス,地,Law Society,地,Luciano,バ,Cormorant,地,Stage Door Johnny,極,Never Bend,極,Best Turn,バ,Ballydonnell,極,,バ,地-地-バ | 地-極-極 | バ-極-バ,
ID:1120001460,ミホノブルボン,ミホノブルボン,1120001460,確定,繁殖登録番号,Z_v9.27_TARGET系譜不足枝0扱いで完成,母母父,0,0,1,1,,Mill Reef,バ,Saint Crespin,地,Crepello,極,Luthier,極,Double Jump,極,Hill Gail,極,Chamossaire,極,Solario,極,,バ,バ・地・極｜極・極・極｜極・極・バ,
ID:1120001410,ミュージックタイム,ミュージックタイム,1120001410,確定,繁殖登録番号,M_v9.15古血統安全確定反映で完成,母母父,0,0,1,1,,Northern Dancer,地,Bull Page,極,Menow,極,Mahmoud,極,Shut Out,極,Blue Larkspur,バ,Determine,地,War Glory,極,Whiskalong,極,地・極・極｜極・極・バ｜地・極・極,
ID:1120001040,ミユゲロワイヤル,ミユゲロワイヤル,1120001040,確定,繁殖登録番号,Y_v9.26残件祖先固定8代欠損0運用確定で完成,母母父,0,0,1,1,,Roberto,極,In Reality,極,Moslem Chief,地,Bold Lad (USA),極,Bull Lea,極,Blue Larkspur,バ,Rockefella,地,Felicitation,バ,Solario,極,極・極・地｜極・極・バ｜地・バ・極,
ID:1120002259,ミリオンディスク,ミリオンディスク,1120002259,確定,繁殖登録番号,A_v9.3直接完成,父,1,0,0,1,1,Mr. Prospector,極,Venetian Jester,極,Green Ticket,地,Kampala,極,Hornbeam,地,Preciptic,極,Herbager,極,Nasrullah,極,Stimulus,バ,極-極-地 | 極-地-極 | 極-極-バ,
ID:1120001767,ユートカイザー,ユートカイザー,1120001767,確定,繁殖登録番号,B_TARGET再構成＋v9.3既存Mで完成,母母父,0,0,1,1,1,Halo,極,Understanding,極,Montparnasse,地,Nijinsky,バ,Buckpasser,極,Princequillo,極,Sir Gaylord,極,Mr. Trouble,極,Pharamond,極,極・極・地｜バ・極・極｜極・極・極,
ID:1120001153,ラシアンボンド,ラシアンボンド,1120001153,確定,繁殖登録番号,G_v9.4-v9.9追加祖先反映で完成,母母父,0,0,1,1,,Northern Dancer,地,Admiral's Voyage,バ,Petition,極,Bold Ruler,極,Mahmoud,極,Ariel,バ,Flares,極,Buchan,極,Tredennis,バ,地・バ・極｜極・極・バ｜極・極・バ,
ID:1120002234,リッカバクシンオ,リッカバクシンオ,1120002234,確定,繁殖登録番号,A_v9.3直接完成,父,1,0,0,1,1,サクラユタカオー,地,ノーザンテースト,地,Ambiopoise,極,チヤイナロツク,地,カリム,極,,バ,Nijinsky,バ,Raise a Native,極,Fleet Nasrullah,極,地-地-極 | 地-極-バ | バ-極-極,
ID:1120002280,リッカロイヤル,リッカロイヤル,1120002280,確定,繁殖登録番号,A_v9.3直接完成,父,1,0,0,1,1,Woodman,バ,Nijinsky,バ,Riverman,極,Danzig,地,His Majesty,地,Buckpasser,極,テスコボーイ,地,Your Host,地,,バ,バ-バ-極 | 地-地-極 | 地-地-バ,
ID:1110000960,リマンド,リマンド,1110000960,確定,繁殖登録番号,Z_v9.27_TARGET系譜不足枝0扱いで完成,母母父,0,0,1,1,,Alycidon,地,King Salmon,極,Cameronian,極,Fair Trial,極,Tetratema,極,,バ,Chateau Bouscaut,バ,Blue Skies,極,Alcantara,バ,地・極・極｜極・極・バ｜バ・極・バ,
ID:1120001047,リーチ,リーチ,1120001047,確定,繁殖登録番号,B_TARGET再構成＋v9.3既存Mで完成,母母父,0,0,1,1,1,Sharpen Up,地,Reliance,極,Crepello,極,Sovereign Path,極,Caracalla,極,Sir Walter Raleigh,極,Royal Charger,極,War Admiral,極,Blue Larkspur,バ,地・極・極｜極・極・極｜極・極・バ,
ID:1120002452,ルックスザットキル,ルックスザットキル,1120002452,確定,繁殖登録番号,A_v9.3直接完成,父,1,0,0,1,1,Forest Wildcat,地,Pentelicus,バ,Distinctive,極,Mr. Prospector,極,Grey Dawn,極,Nantallah,極,Sir Gaylord,極,Ambiorix,極,Spy Song,極,地-バ-極 | 極-極-極 | 極-極-極,
ID:1120002228,ルースリンド,ルースリンド,1120002228,確定,繁殖登録番号,A_v9.3直接完成,父,1,0,0,1,1,Kingmambo,地,Sadler's Wells,地,Seattle Slew,極,Vice Regent,バ,Bunty's Flight,極,Jabneh,極,Prince John,極,Ballymoss,極,Caldarium,極,地-地-極 | バ-極-極 | 極-極-極,
ID:1120002490,レオアクティブ,レオアクティブ,1120002490,確定,繁殖登録番号,A_v9.3直接完成,父,1,0,0,1,1,エンドスウィープ,地,サンデーサイレンス,地,Kris,地,Sadler's Wells,地,High Top,バ,Jimmy Reppin,極,Storm Bird,地,Key to the Mint,地,Buckpasser,極,地-地-地 | 地-バ-極 | 地-地-極,
ID:1120002456,レガーロ,レガーロ,1120002456,確定,繁殖登録番号,A_v9.3直接完成,父,1,0,0,1,1,A.P. Indy,バ,Quiet American,地,Spectacular Bid,極,Kingmambo,地,Seattle Slew,極,Buckpasser,極,Timeless Moment,極,What a Pleasure,極,Princequillo,極,バ-地-極 | 地-極-極 | 極-極-極,
ID:1120001158,レジエンドテイオー,レジエンドテイオー,1120001158,確定,繁殖登録番号,B_TARGET再構成＋v9.3既存Mで完成,母父,0,1,0,1,1,Northern Dancer,地,Victoria Park,極,Hyperion,地,Ballymoss,極,Solar Slipper,極,Borealis,地,Nasrullah,極,War Admiral,極,Vatout,極,地・極・地｜極・極・地｜極・極・極,
ID:1120002579,ロンドンタウン,ロンドンタウン,1120002579,確定,繁殖登録番号,A_v9.3直接完成,父,1,0,0,1,1,フジキセキ,極,Deputy Minister,地,Mr. Prospector,極,Relaunch,極,Al Nasr,バ,Francis S.,極,Storm Bird,地,Secretariat,極,Crimson Satan,極,極-地-極 | 極-バ-極 | 地-極-極,
ID:1120002141,ローマンエンパイア,ローマンエンパイア,1120002141,確定,繁殖登録番号,A_v9.3直接完成,父,1,0,0,1,1,Rainbow Quest,極,Saint Cyrien,極,Bold Lad (USA),極,Alleged,地,Boldnesian,極,Summer Tan,地,Northern Dancer,地,New Providence,極,Chop Chop,極,極-極-極 | 地-極-地 | 地-極-極,
ID:1120002641,ワイドファラオ,ワイドファラオ,1120002641,確定,繁殖登録番号,A_v9.3直接完成,父,1,0,0,1,1,Hennessy,地,Meadowlake,極,Hagley,極,サンデーサイレンス,地,ロイヤルスキー,極,リマンド,バ,Northern Dancer,地,Victoria Park,極,Hyperion,地,地-極-極 | 地-極-バ | 地-極-地,
ID:1120001888,ヴィクトリースピーチ,ヴィクトリースピーチ,1120001888,確定,繁殖登録番号,B_TARGET再構成＋v9.3既存Mで完成,母父,0,1,0,1,1,Vice Regent,バ,Bunty's Flight,極,Jabneh,極,Raise a Native,極,On-and-On,極,Ponder,地,Nasrullah,極,Djeddah,極,Bimelech,極,バ・極・極｜極・極・地｜極・極・極,
