race_date,venue,race_no,horse_no,horse_name,horse_id,a3,a3_high,trainer_judge,jirai
20260801,中京,1,1,ヤマニンイハナ,24103427,False,,,
20260801,中京,1,2,シャインラブ,24106285,False,,,
20260801,中京,1,3,オスカーレイア,24100727,False,,,
20260801,中京,1,4,ヴェールダムール,24106249,False,,,
20260801,中京,1,5,メモリアデルレ,24106944,False,,,
20260801,中京,1,6,フェーエンハフト,24105969,False,,,
20260801,中京,1,7,アーデルボーデン,24106076,False,,,
20260801,中京,1,8,サイモンレガシー,24101202,False,,,
20260801,中京,1,9,ディーヴァレギオン,24106350,False,,,
20260801,中京,1,10,クラリスバローズ,24100018,False,,,
20260801,中京,2,1,ミール,24102645,False,,,
20260801,中京,2,2,ナムラサフラン,24104848,False,,,
20260801,中京,2,3,ジョリープリュム,24103484,False,,,
20260801,中京,2,4,ノヴァーリス,24107104,False,,,
20260801,中京,2,5,プレシャスローズ,24104083,False,,,
20260801,中京,2,6,ベニバナ,24104447,False,,,
20260801,中京,2,7,ジュンアマンドラ,24107195,False,,,
20260801,中京,2,8,ラムラベイ,24105758,False,,,
20260801,中京,2,9,マッセート,24102172,False,,,
20260801,中京,2,10,ヴァニーユ,24102756,False,,,
20260801,中京,2,11,ウインクローバー,24100762,False,,,
20260801,中京,2,12,マーゴットユーカー,24106214,False,,,
20260801,中京,2,13,バティック,24106168,False,,,
20260801,中京,3,1,アージュドール,23105211,False,,,
20260801,中京,3,2,ウェイヴムーン,23103332,False,,,
20260801,中京,3,3,スーパービジー,23101893,False,,,
20260801,中京,3,4,ヴィーラー,23103081,False,,,
20260801,中京,3,5,パンキー,23102310,False,,,
20260801,中京,3,6,ゴリョウセイ,23103368,False,,,
20260801,中京,3,7,アイルドゥレーヴェ,23103310,False,,,
20260801,中京,3,8,ソルアモール,23100906,False,,,
20260801,中京,3,9,メイショウユウゲン,23101282,False,,,
20260801,中京,3,10,シャリキモン,23103743,False,,,
20260801,中京,3,11,チェファルー,23105017,False,,,
20260801,中京,3,12,ゴールドアベニュー,23101197,False,,,
20260801,中京,3,13,サトノライトニング,23100995,False,,,
20260801,中京,3,14,グリミスティ,23101308,False,,,
20260801,中京,3,15,レッドジルベスター,23103598,False,,,
20260801,中京,3,16,シェーネエルデ,23110001,False,,,
20260801,中京,4,1,エアリアルグレース,23105385,False,,,
20260801,中京,4,2,タントレーベル,23101201,False,,,
20260801,中京,4,3,ヤマニンエルファバ,23104362,False,,,
20260801,中京,4,4,ベイニーニャ,23105819,False,,,
20260801,中京,4,5,スマートエトワール,23106004,False,,,
20260801,中京,4,6,キーテーマ,23101946,False,,,
20260801,中京,4,7,ガビーズデトワール,23106213,False,,,
20260801,中京,4,8,キミガスキダ,23100605,False,,,
20260801,中京,4,9,ウンナターシャ,23103329,False,,,
20260801,中京,4,10,クラテロス,23105462,False,,,
20260801,中京,4,11,アスタウイン,23101988,False,,,
20260801,中京,4,12,ラミアスペランツァ,23106794,False,,,
20260801,中京,4,13,タガノアルテミス,23104329,False,,,
20260801,中京,4,14,メイショウメゴヒメ,23109040,False,,,
20260801,中京,4,15,フィデリス,23107064,False,,,
20260801,中京,4,16,メイショウマグナ,23102174,False,,,
20260801,中京,5,1,ベラジオヴァレル,23103591,False,,,
20260801,中京,5,2,ゴールデンドラゴン,23104872,False,,,
20260801,中京,5,3,クロンヌジャン,23105001,False,,,
20260801,中京,5,4,リリーサンダー,23104172,False,,,
20260801,中京,5,5,サラサダンディー,23105122,False,,,
20260801,中京,5,6,チアフルラン,23104747,False,,,
20260801,中京,5,7,ニシノエビガタメ,23106271,False,,,
20260801,中京,5,8,メイショウジンソウ,23101043,False,,,
20260801,中京,5,9,メイショウナナシロ,23103284,False,,,
20260801,中京,5,10,サンライズジャッジ,23101574,False,,,
20260801,中京,5,11,レディトゥアタック,23104382,False,,,
20260801,中京,5,12,カセノナユタ,23100530,False,,,
20260801,中京,5,13,レッドバベル,23106615,False,,,
20260801,中京,5,14,サトノグロリア,23106888,False,,,
20260801,中京,5,15,ジャッキーバローズ,23100098,False,,,
20260801,中京,5,16,フォーシーファイン,23105316,False,,,
20260801,中京,6,1,トゥロン,22105808,False,,,
20260801,中京,6,2,ゴールデンオスカー,21101235,True,,,
20260801,中京,6,3,スナッピードレッサ,22110007,False,,,
20260801,中京,6,4,ランウインディ,21106305,False,,,
20260801,中京,6,5,シゲルソロソロ,20110100,False,,,
20260801,中京,6,6,ホワイトガーベラ,19101295,False,,,
20260801,中京,6,7,スニーカースキル,22105964,False,,,
20260801,中京,6,8,ニューオーリンズ,22106920,False,,,
20260801,中京,6,9,ヴィリアリート,22105853,False,,,
20260801,中京,6,10,ルシフェル,21105379,False,,,
20260801,中京,6,11,レイズカイザー,20100583,True,,,
20260801,中京,6,12,ナッカーフェイス,19100110,False,,,
20260801,中京,6,13,ピエマンソン,22100204,False,,,
20260801,中京,6,14,リサシテーション,23106651,False,,,
20260801,中京,6,15,ヤマニンアストロン,21106594,False,,,
20260801,中京,6,16,メイショウクリフト,19104260,False,,,
20260801,中京,7,1,ケーブパール,21105161,False,,,
20260801,中京,7,2,アンドゥーリル,23103752,False,,,
20260801,中京,7,3,オールセインツ,21104971,False,,,
20260801,中京,7,4,ミエスペランサ,21105800,False,,,
20260801,中京,7,5,キングメーカー,22102744,False,,,
20260801,中京,7,6,ハワイアンティアレ,21105255,False,,,
20260801,中京,7,7,ミストレス,22103754,False,,,
20260801,中京,7,8,テラメリタ,21105127,False,,,
20260801,中京,7,9,ノクナレア,22105550,False,,,
20260801,中京,7,10,エポックヴィーナス,21104153,False,,,
20260801,中京,7,11,アイルシャイン,20104520,False,,,
20260801,中京,8,1,メイショウクーガー,20106205,False,,,
20260801,中京,8,2,ホープエトワール,22106893,False,,,
20260801,中京,8,3,ビルンバウム,21104872,False,,,
20260801,中京,8,4,ボクマダネムイヨ,23102553,False,,,
20260801,中京,8,5,メイケイロゼッタ,22105878,False,,,
20260801,中京,8,6,テンエースワン,21105637,False,,,
20260801,中京,8,7,エンマ,22102956,False,,,
20260801,中京,8,8,ソウルアンドジャズ,21106694,False,,,
20260801,中京,8,9,タガノマルアフ,22107133,False,,,
20260801,中京,8,10,ビービークローサー,23100547,False,,,
20260801,中京,8,11,レッドボブ,22105055,False,,,
20260801,中京,8,12,バルダンツァ,21102595,False,,,
20260801,中京,8,13,ナリタヒカリ,22102739,False,,,
20260801,中京,9,1,モナコブル,21109096,False,,,
20260801,中京,9,2,サマーアゲイン,21104669,False,,,
20260801,中京,9,3,アバットゥータ,22101139,False,,,
20260801,中京,9,4,リッケンバッカー,18103590,False,,,
20260801,中京,9,5,メイショウカゼマチ,20106534,False,,,
20260801,中京,9,6,クロライナ,22104753,False,,,
20260801,中京,9,7,ソレルビュレット,21110061,False,,,
20260801,中京,9,8,マルディランダ,20103063,False,,,
20260801,中京,9,9,サトノドルチェ,19105500,False,,,
20260801,中京,9,10,エターナルシルバー,22106737,False,,,
20260801,中京,9,11,マーゴットデイズ,23103896,False,,,
20260801,中京,10,1,リードプリンシパル,22105748,False,,,
20260801,中京,10,2,ハウリングウィンド,22105321,False,,,
20260801,中京,10,3,ヴィヴァシャス,22104391,False,,,
20260801,中京,10,4,ケイアイマウンガ,22106582,False,,,
20260801,中京,10,5,メイショウアボット,22103249,False,,,
20260801,中京,10,6,ルージュミステリオ,22101399,False,,,
20260801,中京,10,7,ヴェルジーネ,23106786,False,,,
20260801,中京,10,8,タイセイブロウ,21104101,False,,,
20260801,中京,10,9,キンダープンシュ,23106989,False,,,
20260801,中京,10,10,カフェノワール,20100683,False,,,
20260801,中京,10,11,ウォーターデライト,23101865,False,,,
20260801,中京,10,12,エコログロウ,23100961,False,,,
20260801,中京,10,13,クインズセレネ,21103943,False,,,
20260801,中京,10,14,プルメリアリノ,23102213,False,,,
20260801,中京,10,15,アメリカンビーチ,22103728,False,,,
20260801,中京,10,16,ジョードリウム,22100997,False,,,
20260801,中京,11,1,シルバーリム,23106808,False,,,
20260801,中京,11,2,エクリュ,23104305,False,,,
20260801,中京,11,3,サムシングスイート,23106219,False,,,
20260801,中京,11,4,カポレイラ,22106593,False,,,
20260801,中京,11,5,ヴィスコンテッサ,23107244,False,,,
20260801,中京,11,6,シェーラ,22102139,False,,,
20260801,中京,11,7,ピカキウイ,23105288,False,,,
20260801,中京,11,8,マーゴットレジーナ,22101400,False,,,
20260801,中京,11,9,エイシンウィスパー,23105484,False,,,
20260801,中京,12,1,サーディンラン,23103440,False,,,
20260801,中京,12,2,ウィテカービート,22105936,False,,,
20260801,中京,12,3,ララファキュルテ,23102845,False,,,
20260801,中京,12,4,キングケープ,23102990,False,,,
20260801,中京,12,5,メイショウビストロ,22103251,False,,,
20260801,中京,12,6,ヴォーカライズ,23103783,False,,,
20260801,中京,12,7,パーシャングレー,23110015,False,,,
20260801,中京,12,8,グレゴリオ,22101690,False,,,
20260801,中京,12,9,パスコード,22104738,False,,,
20260801,中京,12,10,サマーブリザード,23104692,False,,,
20260801,中京,12,11,ウインラウダ,21106206,False,,,
20260801,新潟,1,1,セイリュウ,24102927,False,,,
20260801,新潟,1,2,コスモルトチェコ,24102436,False,,,
20260801,新潟,1,3,エレガントステップ,24102463,False,,,
20260801,新潟,1,4,フォーエバーブルー,24104566,False,,,
20260801,新潟,1,5,サザンキンレンカ,24105501,False,,,
20260801,新潟,1,6,ブレイヴアーサー,24104690,False,,,
20260801,新潟,1,7,ドリームユー,24102843,False,,,
20260801,新潟,1,8,クールストラッチン,24103348,False,,,
20260801,新潟,1,9,スペシャルサンクス,24102846,False,,,
20260801,新潟,1,10,エストレアボニータ,24106882,False,,,
20260801,新潟,1,11,エバーメテオ,24103170,False,,,
20260801,新潟,2,1,アニエーネ,24103586,False,,,
20260801,新潟,2,2,シェーンリヒト,24105874,False,,,
20260801,新潟,2,3,ホウオウモノポリー,24106175,False,,,
20260801,新潟,2,4,コスモイェーガー,24103568,False,,,
20260801,新潟,2,5,テングカゼ,24105454,False,,,
20260801,新潟,2,6,セイウンサイフィー,24101690,False,,,
20260801,新潟,2,7,ピュアレスト,24103533,False,,,
20260801,新潟,2,8,マイネルサリーレ,24103571,False,,,
20260801,新潟,3,1,ラスティレッド,24100687,False,,,
20260801,新潟,3,2,ニシノアトール,24103937,False,,,
20260801,新潟,3,3,ボーデコール,24105790,False,,,
20260801,新潟,3,4,フジサンインフレ,24100161,False,,,
20260801,新潟,3,5,ノワールブレイブ,24102173,False,,,
20260801,新潟,3,6,ラフエルガ,24105946,False,,,
20260801,新潟,3,7,ヴォルールドクール,24102642,False,,,
20260801,新潟,3,8,ランドフォートレス,24106096,False,,,
20260801,新潟,3,9,ティーシュペランサ,24101129,False,,,
20260801,新潟,3,10,ニシノタカオ,24101869,False,,,
20260801,新潟,3,11,ウィルステート,24106113,False,,,
20260801,新潟,3,12,マルスフィス,24105581,False,,,
20260801,新潟,3,13,ノーセット,24100651,False,,,
20260801,新潟,3,14,サイモンオリエント,24102477,False,,,
20260801,新潟,3,15,ラヴトリガー,24101315,False,,,
20260801,新潟,3,16,セイカタカキヤチク,24103128,False,,,
20260801,新潟,3,17,ビーズスティンガー,24102989,False,,,
20260801,新潟,3,18,ヴォーチェカノーラ,24106967,False,,,
20260801,新潟,4,1,メジロピオラ,23103905,False,,,
20260801,新潟,4,2,レディソフィア,23103659,False,,,
20260801,新潟,4,3,ユニバーサルラヴ,23105652,False,,,
20260801,新潟,4,4,ハニーアンバー,23109163,False,,,
20260801,新潟,4,5,プロミスライン,23104884,False,,,
20260801,新潟,4,6,タマモチョコチップ,23104727,False,,,
20260801,新潟,4,7,インチジオーネ,23107175,False,,,
20260801,新潟,4,8,ドナソラーレ,23105596,False,,,
20260801,新潟,4,9,ジュンサク,23104579,False,,,
20260801,新潟,4,10,フィクセルリリア,23103045,False,,,
20260801,新潟,4,11,アジュアカレンツ,23105022,False,,,
20260801,新潟,4,12,ノアレジェンド,23100513,False,,,
20260801,新潟,4,13,イデアクリスタル,23102033,False,,,
20260801,新潟,4,14,アースアクシス,23106984,False,,,
20260801,新潟,4,15,ブルージンジャー,23107200,False,,,
20260801,新潟,5,1,バル,23101664,False,,,
20260801,新潟,5,2,レイズレガシー,23102978,False,,,
20260801,新潟,5,3,エリースノー,23103226,False,,,
20260801,新潟,5,4,ヴィスクレス,23106167,False,,,
20260801,新潟,5,5,ジーティーニッツァ,23106331,False,,,
20260801,新潟,5,6,シェリアドレ,23102518,False,,,
20260801,新潟,5,7,ペイシャダンシング,23103126,False,,,
20260801,新潟,5,8,シュンポシオン,23102135,False,,,
20260801,新潟,5,9,ロンバスブレス,23106053,False,,,
20260801,新潟,5,10,ヒラボクキャンティ,23102005,False,,,
20260801,新潟,5,11,ウィズアバウンス,23106822,False,,,
20260801,新潟,5,12,サクラドール,23102868,False,,,
20260801,新潟,5,13,ユキノサイエンス,23103256,False,,,
20260801,新潟,5,14,イイクニパッション,23100102,False,,,
20260801,新潟,5,15,エクスペクタント,23105579,False,,,
20260801,新潟,6,1,タイセイプランセス,22105014,False,,,
20260801,新潟,6,2,ホウオウトランプ,21105886,False,,,
20260801,新潟,6,3,セイロンジェムズ,21105575,False,,,
20260801,新潟,6,4,クラッシファイド,21105580,False,,,
20260801,新潟,6,5,コスモスプモーニ,20101261,False,,,
20260801,新潟,6,6,エリカアンディーヴ,22110060,False,,,
20260801,新潟,6,7,ツルマウカタチ,21102106,False,,,
20260801,新潟,6,8,キーウェーブ,21102561,False,,,
20260801,新潟,6,9,リカントロポ,22100080,False,,,
20260801,新潟,6,10,コンフォルツァ,22105421,False,,,
20260801,新潟,6,11,スピンザブラッド,21105244,False,,,
20260801,新潟,6,12,ミーントゥビー,22105317,True,,,
20260801,新潟,7,1,ベルダイナフェロー,21102982,False,,,
20260801,新潟,7,2,アラレタバシル,21107192,False,,,
20260801,新潟,7,3,エイブラムス,21100260,False,,,
20260801,新潟,7,4,サンセットブライト,21102753,False,,,
20260801,新潟,7,5,アデランテ,21103525,False,,,
20260801,新潟,7,6,ペンナヴェローチェ,21104092,False,,,
20260801,新潟,7,7,ゲンパチムサシ,18102832,False,,,
20260801,新潟,7,8,ラフエイジアン,20104738,False,,,
20260801,新潟,7,9,ブルータス,22103703,False,,,
20260801,新潟,7,10,フームスムート,17104238,False,,,
20260801,新潟,7,11,レイバックスピン,22104432,False,,,
20260801,新潟,7,12,クロニクル,19101864,False,,,
20260801,新潟,7,13,カフェニクス,21103288,False,,,
20260801,新潟,7,14,ショウサンジョージ,22102131,False,,,
20260801,新潟,7,15,オレデイイノカ,18101243,False,,,
20260801,新潟,8,1,サフランルージュ,23101820,False,,,
20260801,新潟,8,2,ベルウッドクレド,23103957,False,,,
20260801,新潟,8,3,クモヒトツナイ,22101498,False,,,
20260801,新潟,8,4,エマージェンス,22105448,False,,,
20260801,新潟,8,5,デリシュー,21103037,False,,,
20260801,新潟,8,6,ディアアズール,23107381,False,,,
20260801,新潟,8,7,ウィロークリーク,23106981,False,,,
20260801,新潟,8,8,ムーンストラック,22104187,False,,,
20260801,新潟,8,9,モウエエデショー,23105433,False,,,
20260801,新潟,8,10,スイートオレンジ,22103494,False,,,
20260801,新潟,8,11,リアライズルミナス,23104830,False,,,
20260801,新潟,8,12,ティラーノ,23101855,False,,,
20260801,新潟,8,13,マイネルボス,22106770,False,,,
20260801,新潟,9,1,ブリックンクリック,22105300,False,,,
20260801,新潟,9,2,グランルチャドール,21102192,False,,,
20260801,新潟,9,3,トモジャシーマ,20106771,False,,,
20260801,新潟,9,4,ホウオウルクソール,23104174,True,,,
20260801,新潟,9,5,デルマエアロール,22105535,False,,,
20260801,新潟,9,6,クラシオン,23104780,False,,,
20260801,新潟,9,7,フィールマイプラン,23103860,False,,,
20260801,新潟,9,8,アカツキロットリー,20100081,False,,,
20260801,新潟,9,9,グッドヴァイブス,21101521,False,,,
20260801,新潟,9,10,エアサロメ,23103341,False,,,
20260801,新潟,9,11,ノーブルミステリー,20106429,False,,,
20260801,新潟,9,12,ガルディーノ,23105402,False,,,
20260801,新潟,9,13,キングクレオール,21100506,False,,,
20260801,新潟,9,14,アルマーレシチー,21100675,False,,,
20260801,新潟,9,15,ノースブルースカイ,23105164,False,,,
20260801,新潟,10,1,タマモブレイキン,23103252,False,,,
20260801,新潟,10,2,パワポケグッド,23106198,False,,,
20260801,新潟,10,3,セイクリッドシチー,23100304,False,,,
20260801,新潟,10,4,タニセンローマ,23101095,False,,,
20260801,新潟,10,5,ロードプレリュード,23105842,False,,,
20260801,新潟,10,6,イネガラーブル,23103314,False,,,
20260801,新潟,10,7,ダイヒョウカーク,23105465,False,,,
20260801,新潟,10,8,フッカツノジャンボ,23100766,False,,,
20260801,新潟,10,9,ゼンノスタニング,23104611,False,,,
20260801,新潟,10,10,デアトゥノウ,23107522,False,,,
20260801,新潟,10,11,ブライトラン,23100346,False,,,
20260801,新潟,10,12,クリアーゲイル,23103927,False,,,
20260801,新潟,10,13,ゴールドプレイヤー,23104504,False,,,
20260801,新潟,10,14,ニュークリアス,23105341,False,,,
20260801,新潟,10,15,ノクターナルハント,23101129,False,,,
20260801,新潟,11,1,ヴェニゼロス,23106893,False,,,
20260801,新潟,11,2,ジワタネホ,23107165,False,,,
20260801,新潟,11,3,ブライトエアリー,23102362,False,,,
20260801,新潟,11,4,キリスパークル,23100312,False,,,
20260801,新潟,11,5,ブライスフェアリー,23105892,False,,,
20260801,新潟,11,6,フロンテアムーン,23102172,False,,,
20260801,新潟,11,7,フュチュール,23106417,False,,,
20260801,新潟,11,8,クイーンアン,23102090,False,,,
20260801,新潟,11,9,ティンブロポップ,23102065,False,,,
20260801,新潟,11,10,ケープティアラ,23100300,False,,,
20260801,新潟,11,11,クリスタルドレス,23107406,False,,,
20260801,新潟,11,12,アニゴザントス,23105230,False,,,
20260801,新潟,11,13,ラスターヴァース,23104597,False,,,
20260801,新潟,11,14,ジャストビコーズ,23104065,False,,,
20260801,新潟,11,15,ヤマニンジェンナ,23104365,False,,,
20260801,新潟,11,16,カタカムナ,23102381,False,,,
20260801,新潟,11,17,パルミエ,23105254,False,,,
20260801,新潟,11,18,ウラヌスリング,23106892,False,,,
20260801,新潟,12,1,アスクザアメリカン,22106719,False,,,
20260801,新潟,12,2,タイキオーベロン,22103155,False,,,
20260801,新潟,12,3,ソナタン,22105241,False,,,
20260801,新潟,12,4,ダイユウルミナス,23106299,False,,,
20260801,新潟,12,5,クリノゴッホ,20103885,False,,,
20260801,新潟,12,6,ホウオウショコラ,22101108,False,,,
20260801,新潟,12,7,カガラプンツェル,23103036,False,,,
20260801,新潟,12,8,カシオペア,22106203,False,,,
20260801,新潟,12,9,ラブソング,23102312,False,,,
20260801,新潟,12,10,グラデュエール,23103225,False,,,
20260801,新潟,12,11,レモンバーム,22106796,False,,,
20260801,新潟,12,12,シルフィー,23105043,False,,,
20260801,新潟,12,13,ロードストラダーレ,23104886,False,,,
20260801,新潟,12,14,ヤマニンアレシス,23104357,False,,,
20260801,新潟,12,15,ソルトバーン,23102163,False,,,
20260801,新潟,12,16,ゴールドパレード,23104505,False,,,
20260801,新潟,12,17,ステキサプライズ,23101910,False,,,
20260801,札幌,1,1,サンライズロイ,23106556,False,,,
20260801,札幌,1,2,アルデバローズ,23100285,False,,,
20260801,札幌,1,3,ナブッコ,23104377,False,,,
20260801,札幌,1,4,ペイシャクロス,23102999,False,,,
20260801,札幌,1,5,フェアリーキャット,23104847,False,,,
20260801,札幌,1,6,ヒューザー,23104180,False,,,
20260801,札幌,1,7,ドリームガッサン,23102748,False,,,
20260801,札幌,1,8,アトラップモア,23102628,False,,,
20260801,札幌,1,9,コシタンタン,23100977,False,,,
20260801,札幌,1,10,サンタクローチェ,23102480,False,,,
20260801,札幌,1,11,ジャーナーリア,23100596,False,,,
20260801,札幌,1,12,ペルヴォルム,23102960,False,,,
20260801,札幌,2,1,ヒアカムズザサン,24106020,False,,,
20260801,札幌,2,2,マイネルリコルディ,24103650,False,,,
20260801,札幌,2,3,ステラルミノーザ,24101916,False,,,
20260801,札幌,2,4,ニーナラルゴ,24106829,False,,,
20260801,札幌,2,5,ロードレスポンス,24102603,False,,,
20260801,札幌,2,6,ジオ,24107038,False,,,
20260801,札幌,2,7,ブライトシーン,24104133,False,,,
20260801,札幌,2,8,ブルーリボン,24101798,False,,,
20260801,札幌,2,9,ブラッグス,24106228,False,,,
20260801,札幌,3,1,ブルーアンビエンス,23103830,False,,,
20260801,札幌,3,2,エボニードール,23102889,False,,,
20260801,札幌,3,3,アズライトアスール,23100785,False,,,
20260801,札幌,3,4,コーリンクレア,23104194,False,,,
20260801,札幌,3,5,アルジェンタム,23105675,False,,,
20260801,札幌,3,6,ハイテイラオユエ,23102520,False,,,
20260801,札幌,3,7,マクローリン,23101994,False,,,
20260801,札幌,3,8,リテラシー,23105215,False,,,
20260801,札幌,3,9,アンタレス,23100017,False,,,
20260801,札幌,3,10,セブンワンダーズ,23100928,False,,,
20260801,札幌,3,11,バンダムソレール,23102317,False,,,
20260801,札幌,4,1,アイドクレース,23104487,False,,,
20260801,札幌,4,2,ドーギッド,22105766,False,,,
20260801,札幌,4,3,エイカイカッシーナ,22104940,False,,,
20260801,札幌,4,4,ブルースカイブルー,23106921,False,,,
20260801,札幌,4,5,マイバラード,20100621,False,,,
20260801,札幌,4,6,ゴールドジェスター,22106846,False,,,
20260801,札幌,4,7,ミリオンクラウン,23100840,False,,,
20260801,札幌,4,8,リリーズブルーム,21101725,False,,,
20260801,札幌,4,9,エイトスターズ,20103772,False,,,
20260801,札幌,4,10,マイネルマスター,23106439,False,,,
20260801,札幌,4,11,アドミラルシップ,21102708,False,,,
20260801,札幌,5,1,イントゥーザブルー,24102763,False,,,
20260801,札幌,5,2,ハイランドウインド,24106832,False,,,
20260801,札幌,5,3,ギャルズマインド,24106450,False,,,
20260801,札幌,5,4,インワンズブラッド,24108191,False,,,
20260801,札幌,5,5,ティアラード,24106091,False,,,
20260801,札幌,5,6,ベニドルム,24106867,False,,,
20260801,札幌,5,7,ブルージェイ,24107032,False,,,
20260801,札幌,5,8,ジューンルル,24106913,False,,,
20260801,札幌,5,9,アワードリームス,24106839,False,,,
20260801,札幌,5,10,オーシンヒマワリ,24108302,False,,,
20260801,札幌,5,11,セールデュクール,24103622,False,,,
20260801,札幌,5,12,スクレイプバイ,24103914,False,,,
20260801,札幌,5,13,ヒルノバルデス,24107243,False,,,
20260801,札幌,6,1,エスカレイト,23105815,False,,,
20260801,札幌,6,2,グッバイウェーブ,22102492,False,,,
20260801,札幌,6,3,パドゼフィール,23103699,False,,,
20260801,札幌,6,4,セガンティーニ,22106835,False,,,
20260801,札幌,6,5,メモリーデイズ,23100628,False,,,
20260801,札幌,6,6,シェーンルスカ,22103018,False,,,
20260801,札幌,6,7,テーオーナタリー,23105616,False,,,
20260801,札幌,6,8,ウーマンズパワー,23103929,False,,,
20260801,札幌,6,9,アスコットアイ,22103485,False,,,
20260801,札幌,7,1,ハヤテノオジョー,23107235,False,,,
20260801,札幌,7,2,ディープマウンテン,23103475,False,,,
20260801,札幌,7,3,ライフイズカラフル,23103630,False,,,
20260801,札幌,7,4,ボーントゥラブユー,23106285,False,,,
20260801,札幌,7,5,サウンドファミリエ,23104254,False,,,
20260801,札幌,7,6,サトノフレア,23105904,False,,,
20260801,札幌,7,7,モンロワイヤル,23100926,False,,,
20260801,札幌,7,8,マリノリュミエール,23100794,False,,,
20260801,札幌,7,9,フォルストランキル,23107270,False,,,
20260801,札幌,7,10,ヒメヒオウギ,23106148,False,,,
20260801,札幌,7,11,コスモクラシック,23104491,False,,,
20260801,札幌,7,12,マンサニージャ,23106411,False,,,
20260801,札幌,8,1,エタンセル,23102354,False,,,
20260801,札幌,8,2,ウィズマスタング,22106045,False,,,
20260801,札幌,8,3,デルマホダカ,23101362,False,,,
20260801,札幌,8,4,エスシービクトリア,23101793,False,,,
20260801,札幌,8,5,シーリュウシー,21106180,False,,,
20260801,札幌,8,6,ロードスカイブルー,22100557,False,,,
20260801,札幌,8,7,タマモスカイ,23102469,False,,,
20260801,札幌,8,8,サマーナイト,22104729,False,,,
20260801,札幌,8,9,ブレイジングスター,22103644,False,,,
20260801,札幌,8,10,タイキインドラ,22103149,False,,,
20260801,札幌,8,11,メイショウコシュウ,23105032,False,,,
20260801,札幌,9,1,ウィルサヴァイブ,22104748,False,,,
20260801,札幌,9,2,テルヒコウ,23100627,False,,,
20260801,札幌,9,3,フォルテフィオーレ,21100165,False,,,
20260801,札幌,9,4,ウインアクトゥール,21107085,False,,,
20260801,札幌,9,5,ウインベラーノ,22106231,False,,,
20260801,札幌,9,6,ジョイエッロ,22105438,False,,,
20260801,札幌,9,7,サタデーサンライズ,22101411,False,,,
20260801,札幌,10,1,イヌボウノウタゴエ,23103086,False,,,
20260801,札幌,10,2,オンザヴィーナス,21105057,False,,,
20260801,札幌,10,3,ダノンプレサージュ,23105295,False,,,
20260801,札幌,10,4,オーケーダイナ,22101039,False,,,
20260801,札幌,10,5,ハヤブササキチャン,23106894,False,,,
20260801,札幌,10,6,アルディスティーノ,22105817,False,,,
20260801,札幌,10,7,ユーティジャーニー,22102088,False,,,
20260801,札幌,10,8,ルールザウェイヴ,23105344,False,,,
20260801,札幌,10,9,フェニーチェドーロ,22101408,False,,,
20260801,札幌,10,10,ホワイトオーキッド,23102615,False,,,
20260801,札幌,10,11,アンディムジーク,23103797,False,,,
20260801,札幌,10,12,ヴェガリア,23104159,False,,,
20260801,札幌,10,13,スピナーリート,23103456,False,,,
20260801,札幌,10,14,イズントイット,23101056,False,,,
20260801,札幌,11,1,クレバーテースト,19107025,False,,,
20260801,札幌,11,2,ジャスティンガルフ,21103255,False,,,
20260801,札幌,11,3,アイスグリーン,20103354,False,,,
20260801,札幌,11,4,チルカーノ,21105384,False,,,
20260801,札幌,11,5,エンドロール,19103081,False,,,
20260801,札幌,11,6,ワイドアラジン,20104550,False,,,
20260801,札幌,11,7,ハニーコム,21100789,False,,,
20260801,札幌,11,8,キャントウェイト,21102800,False,,,
20260801,札幌,11,9,マイネルフーガ,22106813,False,,,
20260801,札幌,11,10,ヨヒーン,22105166,False,,,
20260801,札幌,11,11,ショウナンサムデイ,22105801,False,,,
20260801,札幌,11,12,アルマデオロ,22102199,False,,,
20260801,札幌,11,13,エルフストラック,21105616,False,,,
20260801,札幌,11,14,ディヴァインスター,22105984,False,,,
20260801,札幌,11,15,エゾダイモン,20103794,False,,,
20260801,札幌,11,16,ディーガレジェンド,21105072,False,,,
20260801,札幌,12,1,キャットテイル,22101678,False,,,
20260801,札幌,12,2,エンプレスフレーム,22107254,False,,,
20260801,札幌,12,3,エアニゲラ,22102308,False,,,
20260801,札幌,12,4,タマモカンパネラ,22104512,False,,,
20260801,札幌,12,5,ハヤブサオヒメサマ,22105973,False,,,
20260801,札幌,12,6,カスバートテソーロ,22102263,False,,,
20260801,札幌,12,7,ユージュアーナ,22102952,False,,,
20260801,札幌,12,8,エーリアル,21104856,False,,,
20260802,中京,1,1,グラディオール,23106877,False,,,
20260802,中京,1,2,オーロアルジェント,23106797,False,,,
20260802,中京,1,3,メイショウプレマ,23101585,False,,,
20260802,中京,1,4,ビクスバイト,23106949,False,,,
20260802,中京,1,5,ワンダースアン,23101639,False,,,
20260802,中京,1,6,ハギノデュア,23101882,False,,,
20260802,中京,1,7,レーヴドリュヌ,23102073,False,,,
20260802,中京,1,8,タイセイアビオン,23105225,False,,,
20260802,中京,1,9,ゴールデンテティス,23101097,False,,,
20260802,中京,1,10,ワンダーデリエール,23100446,False,,,
20260802,中京,1,11,ダンツカレン,23104337,False,,,
20260802,中京,1,12,ノチェブエナ,23103708,False,,,
20260802,中京,1,13,ノブレスラブリエ,23106455,False,,,
20260802,中京,1,14,フィールライクユー,23106157,False,,,
20260802,中京,1,15,オーマイラッキーン,23102060,False,,,
20260802,中京,1,16,テンダーワーズ,23103359,False,,,
20260802,中京,1,17,ルーチェブリラーレ,23107297,False,,,
20260802,中京,1,18,リュネヴィル,23103775,False,,,
20260802,中京,2,1,サンライズエイト,24105728,False,,,
20260802,中京,2,2,アントラヴァースト,24101947,False,,,
20260802,中京,2,3,ラッキーハナコ,24104655,False,,,
20260802,中京,2,4,ファンビッチャン,24108230,False,,,
20260802,中京,2,5,オーリエイト,24107041,False,,,
20260802,中京,2,6,イツマデモマツワ,24100480,False,,,
20260802,中京,2,7,ハイウェイワン,24106362,False,,,
20260802,中京,2,8,エコログレイス,24108329,True,,,
20260802,中京,3,1,ムーンパッセ,24100726,False,,,
20260802,中京,3,2,トゥーレジット,24106741,False,,,
20260802,中京,3,3,アレオクール,24106294,False,,,
20260802,中京,3,4,サウンドファイト,24101071,False,,,
20260802,中京,3,5,ヤマトクオーレ,24104824,False,,,
20260802,中京,3,6,ベルコート,24106187,False,,,
20260802,中京,3,7,ミライノシャチョウ,24108324,False,,,
20260802,中京,3,8,スーサンコルティナ,24102040,False,,,
20260802,中京,3,9,リボンロゼッタ,24101153,False,,,
20260802,中京,3,10,ジーティーマンフク,24102891,False,,,
20260802,中京,4,1,メテオロイド,23104173,False,,,
20260802,中京,4,2,アステルディーヴァ,23104883,False,,,
20260802,中京,4,3,ラジャブルック,23107314,False,,,
20260802,中京,4,4,リアライズガイザー,23105216,False,,,
20260802,中京,4,5,モズタイシソウシ,23105728,False,,,
20260802,中京,4,6,グラマラス,23107185,False,,,
20260802,中京,4,7,ディアデムドール,23103285,False,,,
20260802,中京,4,8,ザキノフレンズ,23104433,False,,,
20260802,中京,4,9,クロカミジョウ,23101500,False,,,
20260802,中京,4,10,チョウスター,23104226,False,,,
20260802,中京,4,11,ビービーシナジー,23100552,False,,,
20260802,中京,4,12,マクアケ,23100452,False,,,
20260802,中京,4,13,プレデンシア,23100376,False,,,
20260802,中京,4,14,マルカスマッシュ,23100540,False,,,
20260802,中京,4,15,ナムラロダン,23106223,False,,,
20260802,中京,4,16,ジーティーリボーン,23105353,False,,,
20260802,中京,5,1,シエーナカラー,23103169,False,,,
20260802,中京,5,2,デールエルバハリ,23106955,False,,,
20260802,中京,5,3,アンティスマ,23100989,False,,,
20260802,中京,5,4,シャンパンスター,23100112,False,,,
20260802,中京,5,5,アーデルリーベ,22104633,False,,,
20260802,中京,5,6,シャフメラン,23103568,False,,,
20260802,中京,5,7,クイーンズホリデー,23100941,False,,,
20260802,中京,5,8,シャンドラテ,23101082,False,,,
20260802,中京,5,9,ブラックドレス,21101391,False,,,
20260802,中京,6,1,スターウェーブ,22104771,False,,,
20260802,中京,6,2,エイヨーアメジスト,22109145,False,,,
20260802,中京,6,3,トライアンフパス,23106431,False,,,
20260802,中京,6,4,アイニードユー,23101159,False,,,
20260802,中京,6,5,ロンドボス,22104988,False,,,
20260802,中京,6,6,トミーバローズ,23103101,False,,,
20260802,中京,6,7,カウンティフェア,22104121,False,,,
20260802,中京,6,8,タガノアンファン,22106555,False,,,
20260802,中京,6,9,キャッスルレイク,22100642,False,,,
20260802,中京,7,1,ブレイクフォース,19105604,False,,,
20260802,中京,7,2,マリオロード,19101198,False,,,
20260802,中京,7,3,タイトニット,20102750,False,,,
20260802,中京,7,4,ハビレ,21100561,False,,,
20260802,中京,7,5,ソーニーイシュー,21101705,False,,,
20260802,中京,7,6,ポッドロゴ,21104873,False,,,
20260802,中京,7,7,サイモンザナドゥ,20104497,False,,,
20260802,中京,7,8,ゼットリアン,20104760,False,,,
20260802,中京,7,9,クールミラボー,20103387,False,,,
20260802,中京,8,1,セルヴァンス,22100654,False,,,
20260802,中京,8,2,ウィップスティッチ,21105253,False,,,
20260802,中京,8,3,ルクスレイモンド,23100670,False,,,
20260802,中京,8,4,ワイノナオミ,21105973,False,,,
20260802,中京,8,5,サンマルノヴェル,22102716,False,,,
20260802,中京,8,6,ザウリ,19101399,False,,,
20260802,中京,8,7,シルフズミスチーフ,22110001,False,,,
20260802,中京,8,8,パルプフィクション,21102562,False,,,
20260802,中京,8,9,フレイミングパイ,21106936,False,,,
20260802,中京,8,10,カツラノキサノキ,21101461,False,,,
20260802,中京,8,11,ジャンシ,23110088,False,,,
20260802,中京,9,1,トモジャシャトー,21101041,False,,,
20260802,中京,9,2,メイショウヘール,21104622,False,,,
20260802,中京,9,3,ガイ,22101140,False,,,
20260802,中京,9,4,ボールドハーテッド,22103551,False,,,
20260802,中京,9,5,オンクラウドナイン,22106754,False,,,
20260802,中京,9,6,セイフウサツキ,22101461,False,,,
20260802,中京,9,7,テーオーレガシー,20100604,False,,,
20260802,中京,9,8,ゴールデンステップ,21103555,False,,,
20260802,中京,9,9,メラーキ,17105634,False,,,
20260802,中京,9,10,サスツルギ,20103439,False,,,
20260802,中京,10,1,ロックバンド,23107150,False,,,
20260802,中京,10,2,ドメイン,23105445,False,,,
20260802,中京,10,3,エクストラプッシュ,23105329,False,,,
20260802,中京,10,4,スターシップ,23100704,False,,,
20260802,中京,10,5,オーレアミスト,22104841,False,,,
20260802,中京,10,6,ロードシュヴァリエ,22102639,False,,,
20260802,中京,10,7,カイラーサ,23104476,False,,,
20260802,中京,10,8,ジーティーパワー,21105526,False,,,
20260802,中京,10,9,アメリカンイズム,23110081,False,,,
20260802,中京,10,10,エコロスパーダ,22105602,False,,,
20260802,中京,10,11,ブームバップビート,23110070,False,,,
20260802,中京,10,12,エアフォースワン,19103506,False,,,
20260802,中京,10,13,スナークシャラク,23104072,False,,,
20260802,中京,10,14,ロックウイズユー,22103143,False,,,
20260802,中京,11,1,バリオス,23105354,False,,,
20260802,中京,11,2,メイショウアゴナス,22103263,False,,,
20260802,中京,11,3,ジュンプリメーロ,23107059,False,,,
20260802,中京,11,4,レッドヴァリアート,22105290,False,,,
20260802,中京,11,5,ビップヴォルフ,23105418,False,,,
20260802,中京,11,6,メイショウナルカミ,23106560,False,,,
20260802,中京,12,1,ジュピターバローズ,23106961,False,,,
20260802,中京,12,2,チヨ,23107543,False,,,
20260802,中京,12,3,アルジェンテーラ,23107057,False,,,
20260802,中京,12,4,カフラー,23110039,False,,,
20260802,中京,12,5,ホウオウスカイハイ,23103255,False,,,
20260802,中京,12,6,モカプウイング,23103334,False,,,
20260802,中京,12,7,グランスプリント,23104906,False,,,
20260802,中京,12,8,ハピネスサンライズ,23100910,False,,,
20260802,中京,12,9,フィアレスウィル,23102144,False,,,
20260802,中京,12,10,ルージュエテルナ,23103330,False,,,
20260802,中京,12,11,リントゥラウル,23101735,False,,,
20260802,中京,12,12,ミッキーラヴィータ,23105346,False,,,
20260802,中京,12,13,マルモリキャスター,23104839,False,,,
20260802,中京,12,14,アラビアンジョイ,23102939,False,,,
20260802,中京,12,15,コカボムショット,23100984,False,,,
20260802,中京,12,16,エールドリー,23100375,False,,,
20260802,中京,12,17,ケイアイブラック,23105761,False,,,
20260802,中京,12,18,モンシーク,23105000,False,,,
20260802,新潟,1,1,ホワイトフレアー,24106066,False,,,
20260802,新潟,1,2,エレスレイプニル,24106831,False,,,
20260802,新潟,1,3,エコロテラ,24104541,False,,,
20260802,新潟,1,4,サノノキセキ,24100178,False,,,
20260802,新潟,1,5,ヴェントリナ,24101041,False,,,
20260802,新潟,1,6,シュネーバレン,24100076,False,,,
20260802,新潟,1,7,ノドゥス,24100464,False,,,
20260802,新潟,1,8,センカンナガト,24101497,False,,,
20260802,新潟,1,9,デザートスピリット,24101022,False,,,
20260802,新潟,1,10,ウィールズアップ,24105762,False,,,
20260802,新潟,1,11,タイセイルミナス,24104363,False,,,
20260802,新潟,1,12,キミヘノメロディー,24105225,False,,,
20260802,新潟,2,1,ライングラウス,24104199,False,,,
20260802,新潟,2,2,ステラガーネット,24106348,False,,,
20260802,新潟,2,3,ゼノスフィア,24105951,False,,,
20260802,新潟,2,4,ヴィシーチェック,24105829,False,,,
20260802,新潟,2,5,リーチツモドライチ,24108321,False,,,
20260802,新潟,2,6,ラインホルト,24106108,False,,,
20260802,新潟,2,7,コウユーキミガイテ,24100913,False,,,
20260802,新潟,2,8,ヌンエリン,24102023,False,,,
20260802,新潟,2,9,イチザサンダー,24104310,False,,,
20260802,新潟,2,10,テンユメノオーロラ,24106055,False,,,
20260802,新潟,2,11,サスケソルトバーン,24102123,False,,,
20260802,新潟,2,12,グランシュレーム,24106933,False,,,
20260802,新潟,3,1,ベールダウン,24105028,False,,,
20260802,新潟,3,2,レーゲンシャウアー,24104453,False,,,
20260802,新潟,3,3,クラオルグジェシダ,24100295,False,,,
20260802,新潟,3,4,ペアレンツハート,24106925,False,,,
20260802,新潟,3,5,ファーストアライヴ,24106697,False,,,
20260802,新潟,3,6,ビスクヴィート,24101728,False,,,
20260802,新潟,3,7,マイネルリシャール,24106419,False,,,
20260802,新潟,3,8,コイゾラ,24103350,False,,,
20260802,新潟,3,9,スカーレットクラン,24106408,False,,,
20260802,新潟,3,10,アンドレイア,24102705,False,,,
20260802,新潟,3,11,ヴァルフォース,24105987,False,,,
20260802,新潟,3,12,コンフィアル,24105763,False,,,
20260802,新潟,3,13,ニシノトラノスケ,24102993,False,,,
20260802,新潟,4,1,チャリティチャリス,23103473,False,,,
20260802,新潟,4,2,グランフィエスタ,23105577,False,,,
20260802,新潟,4,3,ツインドライヴ,23103438,False,,,
20260802,新潟,4,4,カミカクシ,23104045,False,,,
20260802,新潟,4,5,ヤマタケボニータ,23100739,False,,,
20260802,新潟,4,6,ブリリアンス,23100637,False,,,
20260802,新潟,4,7,ヤマメナイト,23104854,False,,,
20260802,新潟,4,8,サングラント,23106956,False,,,
20260802,新潟,4,9,サトノクラシカル,23106974,True,,,
20260802,新潟,4,10,ネイティヴプライド,23105319,False,,,
20260802,新潟,4,11,グラムエッジ,23107305,False,,,
20260802,新潟,4,12,ジュングロワール,23107425,False,,,
20260802,新潟,4,13,ウォーレーションズ,23106368,False,,,
20260802,新潟,4,14,アルティシエル,23101970,False,,,
20260802,新潟,4,15,テルケンレンタッチ,23102159,False,,,
20260802,新潟,5,1,ナイトバード,23103429,False,,,
20260802,新潟,5,2,ラグアイリータ,23106463,False,,,
20260802,新潟,5,3,セーヌデローヴ,23102504,False,,,
20260802,新潟,5,4,ジーナグレイス,23107385,False,,,
20260802,新潟,5,5,チルチャンプ,23105307,False,,,
20260802,新潟,5,6,エクストラダーク,23101892,False,,,
20260802,新潟,5,7,レッドレガリア,23107340,False,,,
20260802,新潟,5,8,ルビーサンセット,23107338,False,,,
20260802,新潟,5,9,イバラヒメ,23101298,False,,,
20260802,新潟,5,10,レーザーキック,23105231,False,,,
20260802,新潟,5,11,ビップマリク,23100161,False,,,
20260802,新潟,5,12,カルダモン,23107051,False,,,
20260802,新潟,5,13,ニシノトップダノン,23106255,False,,,
20260802,新潟,5,14,キタノアヤカ,23102715,False,,,
20260802,新潟,5,15,テンノルーキー,23104349,False,,,
20260802,新潟,5,16,プラネタリーアワー,23103421,False,,,
20260802,新潟,5,17,フキョウワオン,23103971,False,,,
20260802,新潟,5,18,アオゾラランチ,23103377,False,,,
20260802,新潟,6,1,ブレトワルダ,22102965,False,,,
20260802,新潟,6,2,カレンワッツアップ,21104321,False,,,
20260802,新潟,6,3,シーニックビュー,21105229,False,,,
20260802,新潟,6,4,マッドゲイル,23103701,False,,,
20260802,新潟,6,5,ナイトスラッガー,21101603,False,,,
20260802,新潟,6,6,ヘリオトロープ,22105198,False,,,
20260802,新潟,6,7,ルーラーリッチ,20102793,False,,,
20260802,新潟,6,8,セザンワールド,20106051,False,,,
20260802,新潟,6,9,フクチャントウメイ,21105086,False,,,
20260802,新潟,6,10,フィールオーサム,22105925,False,,,
20260802,新潟,6,11,ニシノケンタマン,22106427,False,,,
20260802,新潟,6,12,ユイノマチブセ,20105147,False,,,
20260802,新潟,6,13,エリカヴェネチア,21110106,False,,,
20260802,新潟,6,14,スプレーフォール,21107266,False,,,
20260802,新潟,6,15,ロードソルスティス,22100650,False,,,
20260802,新潟,7,1,ウイングレイテスト,17101423,False,,,
20260802,新潟,7,2,デュガ,19110102,True,,,
20260802,新潟,7,3,ミカッテヨンデイイ,20103049,False,,,
20260802,新潟,7,4,カウスリップ,22100627,False,,,
20260802,新潟,7,5,ベルギューン,22100098,False,,,
20260802,新潟,7,6,ピューロマジック,21107058,False,,,
20260802,新潟,7,7,バグラダス,20106015,False,,,
20260802,新潟,7,8,シュラフ,22103324,False,,,
20260802,新潟,7,9,カウンターセブン,22104197,False,,,
20260802,新潟,7,10,エコロレジーナ,20101262,False,,,
20260802,新潟,7,11,ロードトレイル,21100157,False,,,
20260802,新潟,7,12,クムシラコ,18103205,False,,,
20260802,新潟,7,13,テイエムスパーダ,19103422,False,,,
20260802,新潟,7,14,ブーケファロス,20101419,False,,,
20260802,新潟,7,15,アタリダイキチ,22107138,False,,,
20260802,新潟,7,16,アメリカンステージ,22110105,False,,,
20260802,新潟,7,17,ビッグシーザー,20100896,False,,,
20260802,新潟,8,1,キアラメンテ,22105864,False,,,
20260802,新潟,8,2,ガーヴィ,23107330,False,,,
20260802,新潟,8,3,シアブリス,21105742,False,,,
20260802,新潟,8,4,ファストフォワード,23106362,False,,,
20260802,新潟,8,5,トランスマーレ,23103584,False,,,
20260802,新潟,8,6,ユメシルベ,23106412,False,,,
20260802,新潟,8,7,ゴバド,23105239,False,,,
20260802,新潟,8,8,リポサンテ,22105338,False,,,
20260802,新潟,8,9,キューティリップ,22105131,False,,,
20260802,新潟,8,10,ニシノコマチムスメ,21107253,False,,,
20260802,新潟,8,11,ルンベーラ,23102403,False,,,
20260802,新潟,8,12,ノーザンタイタン,23105275,False,,,
20260802,新潟,8,13,ミエノフェアリー,22102064,False,,,
20260802,新潟,8,14,ノーブルクラウド,23103069,False,,,
20260802,新潟,9,1,スーパーホース,22100485,False,,,
20260802,新潟,9,2,ウリズンベー,23103709,False,,,
20260802,新潟,9,3,ウーバーストロング,22103629,False,,,
20260802,新潟,9,4,ヘルメスギャング,23100729,False,,,
20260802,新潟,9,5,サトノラポール,22104786,False,,,
20260802,新潟,9,6,ブレゲアン,22106951,False,,,
20260802,新潟,9,7,メディチパワー,23100419,False,,,
20260802,新潟,9,8,イーグルロック,23106954,False,,,
20260802,新潟,9,9,タニセンドリーム,21106057,False,,,
20260802,新潟,9,10,サトノフェンサー,23103157,False,,,
20260802,新潟,9,11,サトノシャムロック,22104967,False,,,
20260802,新潟,9,12,セントゴーデンス,23107296,False,,,
20260802,新潟,9,13,エコロガノン,23100858,False,,,
20260802,新潟,9,14,ベルウッドピース,23101642,False,,,
20260802,新潟,9,15,カシノスパーク,23105779,False,,,
20260802,新潟,10,1,チームユートピア,23105429,False,,,
20260802,新潟,10,2,ベルヴィヴァン,22105119,False,,,
20260802,新潟,10,3,マオノクラッシュ,22101864,False,,,
20260802,新潟,10,4,レディサン,23104852,False,,,
20260802,新潟,10,5,ローズブーケ,23100453,False,,,
20260802,新潟,10,6,アイアンソリッド,22100588,False,,,
20260802,新潟,10,7,フュルスティン,23100583,True,,,
20260802,新潟,10,8,ビアフォーナウ,21104481,False,,,
20260802,新潟,10,9,レゲンデ,23107255,False,,,
20260802,新潟,10,10,トモジャオーリー,23103068,False,,,
20260802,新潟,10,11,カンレイスター,23105558,False,,,
20260802,新潟,10,12,セイウンアインス,23106256,False,,,
20260802,新潟,10,13,ハヌル,21103343,False,,,
20260802,新潟,10,14,ゴールドシャーク,22101917,False,,,
20260802,新潟,11,1,キコリータ,23103321,False,,,
20260802,新潟,11,2,レッドリファインド,23105606,False,,,
20260802,新潟,11,3,フロステリオン,23102266,False,,,
20260802,新潟,11,4,サヴマ,23106182,False,,,
20260802,新潟,11,5,コスモアミュレット,23106489,False,,,
20260802,新潟,11,6,タイキヴィグルーズ,23102175,False,,,
20260802,新潟,11,7,ブラーヴジャン,23103238,False,,,
20260802,新潟,11,8,マイネルオラクル,23106422,False,,,
20260802,新潟,11,9,ジーティーホクサイ,23106977,False,,,
20260802,新潟,11,10,カムバックトゥミー,23106593,False,,,
20260802,新潟,11,11,ソロンゴ,23100582,False,,,
20260802,新潟,11,12,ヤマメホープ,23103075,False,,,
20260802,新潟,11,13,クイーンズレイン,23103686,False,,,
20260802,新潟,11,14,フォンドルレール,23103799,False,,,
20260802,新潟,12,1,ノブステップ,23103955,False,,,
20260802,新潟,12,2,アラムベイ,23101151,False,,,
20260802,新潟,12,3,ベルバード,23105331,False,,,
20260802,新潟,12,4,エイシンイクサボシ,23105536,False,,,
20260802,新潟,12,5,ノベンバーベイズ,23102900,False,,,
20260802,新潟,12,6,ゴッドレイ,23106084,False,,,
20260802,新潟,12,7,セレスティアハート,23100186,False,,,
20260802,新潟,12,8,ニシノタチアナ,23104714,False,,,
20260802,新潟,12,9,モントーヤ,23100043,False,,,
20260802,新潟,12,10,ヤマカンドリーミン,23106660,False,,,
20260802,新潟,12,11,ピコバレット,23107508,False,,,
20260802,新潟,12,12,スイートハイデン,23104025,False,,,
20260802,新潟,12,13,ノーブルクロンヌ,23103657,False,,,
20260802,新潟,12,14,シャインアルプス,23107234,False,,,
20260802,新潟,12,15,ウインテラジーナ,23105858,False,,,
20260802,新潟,12,16,ペルシアーノ,23100653,False,,,
20260802,新潟,12,17,ブロッコロ,23100999,False,,,
20260802,新潟,12,18,ホウオウパーソンズ,23105361,False,,,
20260802,札幌,1,1,タガノシルフィー,23104322,False,,,
20260802,札幌,1,2,ヒマラヤミュサ,23100699,False,,,
20260802,札幌,1,3,ワンダーアスク,23103191,False,,,
20260802,札幌,1,4,ダノンルミエール,23107103,False,,,
20260802,札幌,1,5,ローゾフィア,23104384,False,,,
20260802,札幌,1,6,フレンチブラッサム,23105062,False,,,
20260802,札幌,1,7,ザンシュトーム,23103813,False,,,
20260802,札幌,1,8,ストリートクイーン,23101091,False,,,
20260802,札幌,1,9,ドゥブルヴェ,23106953,False,,,
20260802,札幌,1,10,アインプロージット,23104415,False,,,
20260802,札幌,1,11,クルサール,23105004,False,,,
20260802,札幌,1,12,ヨドノサファイア,23101825,False,,,
20260802,札幌,1,13,レーヌペスカ,23103193,False,,,
20260802,札幌,1,14,テリオスリコ,23101796,False,,,
20260802,札幌,2,1,スカイピア,23110026,False,,,
20260802,札幌,2,2,ニシノマーレ,23100179,False,,,
20260802,札幌,2,3,ペカリーナ,23106578,False,,,
20260802,札幌,2,4,シーシェル,23105212,False,,,
20260802,札幌,2,5,モンテール,23104404,False,,,
20260802,札幌,2,6,ロックフラワー,23102425,False,,,
20260802,札幌,2,7,ポセイドンテソーロ,23106742,False,,,
20260802,札幌,2,8,エグジスタンス,23103155,False,,,
20260802,札幌,2,9,ミアエッテ,23101530,False,,,
20260802,札幌,2,10,グローリーバローズ,23105470,False,,,
20260802,札幌,2,11,ショウナンバーボン,23106620,False,,,
20260802,札幌,2,12,ブルーエ,23105952,False,,,
20260802,札幌,2,13,アトリ,23106885,False,,,
20260802,札幌,2,14,メイショウタダツグ,23105042,False,,,
20260802,札幌,3,1,モズヴイ,23105739,False,,,
20260802,札幌,3,2,ワンダーゾルダート,23101714,False,,,
20260802,札幌,3,3,ワンダーブリッツ,23102750,False,,,
20260802,札幌,3,4,エースオブゴールド,23100784,False,,,
20260802,札幌,3,5,イーサンミラー,23106657,False,,,
20260802,札幌,3,6,ヘリオポリス,23105090,False,,,
20260802,札幌,3,7,イントゥゴールデン,23104288,False,,,
20260802,札幌,3,8,ゴンフィンガー,23110069,False,,,
20260802,札幌,3,9,ハイランダー,23103504,False,,,
20260802,札幌,3,10,カンフージョン,23107544,False,,,
20260802,札幌,3,11,ホウオウロレンシア,23102396,False,,,
20260802,札幌,4,1,エナジーショット,22101425,False,,,
20260802,札幌,4,2,ワンダフルデイズ,23107050,False,,,
20260802,札幌,4,3,ジーティートシオー,22104661,False,,,
20260802,札幌,4,4,グランアルト,23104156,False,,,
20260802,札幌,4,5,クオンタムスター,23101050,False,,,
20260802,札幌,4,6,タケルフォーカス,23106077,False,,,
20260802,札幌,4,7,ペリプルス,20105796,False,,,
20260802,札幌,4,8,ランブリングマン,23103837,False,,,
20260802,札幌,4,9,ニヒトツーゼーア,22102383,False,,,
20260802,札幌,4,10,レイデラティエラ,22103070,False,,,
20260802,札幌,4,11,サイモンイロハニー,22104164,False,,,
20260802,札幌,4,12,テイクザクラウン,21102379,False,,,
20260802,札幌,4,13,シャインバオバブ,22106180,False,,,
20260802,札幌,5,1,ジューンガレン,24107200,False,,,
20260802,札幌,5,2,ホウオウプレマ,24106597,False,,,
20260802,札幌,5,3,オンザボー,24103472,False,,,
20260802,札幌,5,4,スワッグウォーク,24106558,False,,,
20260802,札幌,5,5,サーギュスターヴ,24106823,False,,,
20260802,札幌,5,6,ボンジュールパリ,24106074,False,,,
20260802,札幌,5,7,ロゼプレミア,24103201,False,,,
20260802,札幌,5,8,チャームジュネーヴ,24106864,False,,,
20260802,札幌,5,9,デルマハッコウダ,24106075,False,,,
20260802,札幌,5,10,グラブザクラウン,24104957,False,,,
20260802,札幌,6,1,ステイアンビシャス,22101255,False,,,
20260802,札幌,6,2,アスクガンバーレ,22102300,False,,,
20260802,札幌,6,3,ロードアマルフィ,23105786,False,,,
20260802,札幌,6,4,マテンロウカナロア,22101445,False,,,
20260802,札幌,6,5,ココデイック,22100912,False,,,
20260802,札幌,6,6,グランセレスト,23100953,False,,,
20260802,札幌,6,7,ステラデルークス,23102263,False,,,
20260802,札幌,6,8,タイセイジェイド,23100612,False,,,
20260802,札幌,6,9,ゼルダ,23103232,False,,,
20260802,札幌,6,10,セイントホース,23103176,False,,,
20260802,札幌,6,11,カフジクロミエ,23110034,False,,,
20260802,札幌,7,1,アールグレイ,23105003,False,,,
20260802,札幌,7,2,フクチャンブラック,23103196,False,,,
20260802,札幌,7,3,アイアムコロンブス,23103601,False,,,
20260802,札幌,7,4,ウインベルチェーロ,23105879,False,,,
20260802,札幌,7,5,ゴールデンボブ,23105044,False,,,
20260802,札幌,7,6,デルマアサマ,23103863,False,,,
20260802,札幌,7,7,ワダツミ,23102669,False,,,
20260802,札幌,7,8,スリールーディカ,23106211,False,,,
20260802,札幌,7,9,メイショウローゼ,23101938,False,,,
20260802,札幌,7,10,フォーティンブラス,23103776,False,,,
20260802,札幌,7,11,デイズインザサン,23101812,False,,,
20260802,札幌,7,12,ヤクジョ,23102802,False,,,
20260802,札幌,8,1,エコロハート,22105212,False,,,
20260802,札幌,8,2,サトノワーグナー,23100925,False,,,
20260802,札幌,8,3,ブライトアゲイン,21110014,False,,,
20260802,札幌,8,4,グレートスティック,23102972,False,,,
20260802,札幌,8,5,ザカリナン,22101103,False,,,
20260802,札幌,8,6,ロードクラシコ,23105797,False,,,
20260802,札幌,8,7,ブライアーヒル,22106016,False,,,
20260802,札幌,8,8,アースコーリング,23105169,False,,,
20260802,札幌,8,9,アートフォーム,21102433,False,,,
20260802,札幌,8,10,シャインズオンユー,21103535,False,,,
20260802,札幌,8,11,ダブルチャレンジ,23104875,False,,,
20260802,札幌,8,12,レッドカメリア,20100084,False,,,
20260802,札幌,8,13,ディーズメンフィス,23102812,False,,,
20260802,札幌,8,14,ジーティーエスピ,22103991,False,,,
20260802,札幌,9,1,ヒットミー,22104394,True,,,
20260802,札幌,9,2,デアプリームス,23107523,False,,,
20260802,札幌,9,3,エコロレバン,23103625,False,,,
20260802,札幌,9,4,ベニシア,21100662,False,,,
20260802,札幌,9,5,パールフロント,22102427,False,,,
20260802,札幌,9,6,ストロングボンド,23105661,False,,,
20260802,札幌,9,7,ララアヴリル,22110087,False,,,
20260802,札幌,9,8,アイアムイチバン,22103183,False,,,
20260802,札幌,9,9,サベージラヴ,21103748,False,,,
20260802,札幌,9,10,クインズシフォン,22103857,False,,,
20260802,札幌,9,11,ジーベック,21103242,False,,,
20260802,札幌,9,12,ビーマックス,22100729,False,,,
20260802,札幌,10,1,サムシャイン,22105823,False,,,
20260802,札幌,10,2,キュールエフウジン,19102983,False,,,
20260802,札幌,10,3,タイセイミッション,21101045,False,,,
20260802,札幌,10,4,スマートケープ,20102187,False,,,
20260802,札幌,10,5,シーズザスローン,23104414,False,,,
20260802,札幌,10,6,チャーリー,23105351,False,,,
20260802,札幌,10,7,スマートカイロス,22102735,False,,,
20260802,札幌,10,8,ヘニーガイスト,22104865,False,,,
20260802,札幌,10,9,アイウィル,21103502,False,,,
20260802,札幌,10,10,フルールドール,23103822,False,,,
20260802,札幌,11,1,フレミングフープ,21105581,False,,,
20260802,札幌,11,2,ケリフレッドアスク,22102296,False,,,
20260802,札幌,11,3,カテリーナ,21101485,False,,,
20260802,札幌,11,4,リラボニート,21103519,False,,,
20260802,札幌,11,5,アンゴラブラック,21105738,False,,,
20260802,札幌,11,6,クリノメイ,22101250,False,,,
20260802,札幌,11,7,ココナッツブラウン,20101607,False,,,
20260802,札幌,11,8,エラトー,21105442,False,,,
20260802,札幌,11,9,エリカエクスプレス,22103205,False,,,
20260802,札幌,11,10,フェスティバルヒル,23107265,False,,,
20260802,札幌,11,11,コガネノソラ,21106823,False,,,
20260802,札幌,11,12,ボンドガール,21107179,False,,,
20260802,札幌,11,13,ルージュソリテール,22105157,False,,,
20260802,札幌,11,14,ヴーレヴー,22104617,False,,,
20260802,札幌,12,1,トウカイエルデ,21100365,False,,,
20260802,札幌,12,2,デンプシー,23106190,False,,,
20260802,札幌,12,3,サンドロナイト,21110119,False,,,
20260802,札幌,12,4,ホウオウヘッセン,23102440,False,,,
20260802,札幌,12,5,マテンロウサン,22110093,False,,,
20260802,札幌,12,6,ニホンピロトッティ,21104210,False,,,
20260802,札幌,12,7,ライツユーアップ,22103527,False,,,
20260802,札幌,12,8,ベビーズブレス,22106351,False,,,
20260802,札幌,12,9,ピースフルナイト,20106821,False,,,
20260802,札幌,12,10,ベルビースタローン,22106389,False,,,
20260802,札幌,12,11,バシレウスシチー,19101643,False,,,
20260802,札幌,12,12,サンポーニャ,20102050,False,,,
20260802,札幌,12,13,スイミーユニバンス,20103632,False,,,
20260802,札幌,12,14,ミキノバカラ,22102594,False,,,
20260808,中京,1,1,メイショウジェード,24102305,False,,,
20260808,中京,1,2,プリメラエストレラ,24103554,False,,,
20260808,中京,1,3,タナコクシテンホウ,24101174,False,,,
20260808,中京,1,4,シュプレヒコール,24105437,False,,,
20260808,中京,1,5,ララララブソング,24101083,False,,,
20260808,中京,1,6,ロンリーマン,24102958,False,,,
20260808,中京,1,7,イザベル,24104426,False,,,
20260808,中京,1,8,カローナ,24102953,False,,,
20260808,中京,1,9,ジーティーキャリー,24106677,False,,,
20260808,中京,2,1,ダイメイアゲイン,24100510,False,,,
20260808,中京,2,2,スターオブザイヤー,24104182,False,,,
20260808,中京,2,3,コンテスタード,24106546,False,,,
20260808,中京,2,4,モノホンプレイヤー,24108323,False,,,
20260808,中京,2,5,エルピスノヴァ,24103394,False,,,
20260808,中京,2,6,ブレイズカルナバル,24107253,False,,,
20260808,中京,2,7,ベルメサージュ,24102682,False,,,
20260808,中京,3,1,ジュエルサンライズ,23104826,False,,,
20260808,中京,3,2,ピョイットハレルヤ,23105427,False,,,
20260808,中京,3,3,エルヴィッタ,23103573,False,,,
20260808,中京,3,4,ゼフィルス,23106996,False,,,
20260808,中京,3,5,サウンドディアナ,23104252,False,,,
20260808,中京,3,6,エターナルビジョン,23101083,False,,,
20260808,中京,3,7,エルヴィオラ,23100700,False,,,
20260808,中京,3,8,タガノプディング,23104326,False,,,
20260808,中京,3,9,トリビア,23102483,False,,,
20260808,中京,3,10,キャスケード,23102968,False,,,
20260808,中京,3,11,スナークオーロラ,23106196,False,,,
20260808,中京,3,12,ジャミールアイン,23107139,False,,,
20260808,中京,3,13,アスターエポワス,23101047,False,,,
20260808,中京,3,14,オーブフレッシュ,23100990,False,,,
20260808,中京,3,15,ワイルドチャーム,23105350,False,,,
20260808,中京,3,16,タワワ,23103643,False,,,
20260808,中京,4,1,ラヴィアンコール,23101006,False,,,
20260808,中京,4,2,レディトゥフライト,23100467,False,,,
20260808,中京,4,3,グランドフィナーレ,23102028,False,,,
20260808,中京,4,4,インドミタビリティ,23103754,False,,,
20260808,中京,4,5,タニセンゴールド,23104057,False,,,
20260808,中京,4,6,クリノリキオー,23100477,False,,,
20260808,中京,4,7,マイカラー,23110031,False,,,
20260808,中京,4,8,キタノハイテイル,23101233,False,,,
20260808,中京,4,9,チュウワヘネシー,23107469,False,,,
20260808,中京,4,10,ガラード,23100855,False,,,
20260808,中京,4,11,メイショウゴッホ,23102061,False,,,
20260808,中京,4,12,マテンロウアワー,23110068,False,,,
20260808,中京,4,13,サンライズナスカ,23100945,False,,,
20260808,中京,4,14,イコミキマル,23101187,False,,,
20260808,中京,4,15,ブラストオフ,23101181,False,,,
20260808,中京,4,16,トゥレネヴェリテ,23104418,False,,,
20260808,中京,5,1,リトルスカーレット,22104779,False,,,
20260808,中京,5,2,エイシンビーコン,23105513,False,,,
20260808,中京,5,3,レイクラシック,23103906,False,,,
20260808,中京,5,4,ワンダーデリエール,23100446,False,,,
20260808,中京,5,5,ゼンノインヴォーク,19100915,False,,,
20260808,中京,5,6,ウインヘリオドール,22107084,False,,,
20260808,中京,5,7,アステルディーヴァ,23104883,False,,,
20260808,中京,5,8,シンゼンイセ,23103501,False,,,
20260808,中京,6,1,オトコギアンパン,21102727,False,,,
20260808,中京,6,2,バガン,18106354,False,,,
20260808,中京,6,3,ショウナンバルドル,22104590,False,,,
20260808,中京,6,4,テイエムアイラン,23100448,False,,,
20260808,中京,6,5,サクラオーラ,19106280,False,,,
20260808,中京,6,6,マイネルフォルツァ,20105809,False,,,
20260808,中京,6,7,スナークピカソ,22104171,False,,,
20260808,中京,6,8,ビップディラン,22100382,False,,,
20260808,中京,6,9,ケイテンアイジン,22109119,False,,,
20260808,中京,6,10,クイックバイオ,21105374,False,,,
20260808,中京,6,11,オリバナム,22100381,False,,,
20260808,中京,7,1,タガノマカシヤ,22107134,False,,,
20260808,中京,7,2,メイショウコガシラ,20100979,False,,,
20260808,中京,7,3,シンビリーブ,22110115,False,,,
20260808,中京,7,4,インザモーメント,21106635,False,,,
20260808,中京,7,5,ユウトザユウト,22110118,False,,,
20260808,中京,7,6,クァンタムウェーブ,22106395,False,,,
20260808,中京,7,7,ロードヴォイジャー,22101821,False,,,
20260808,中京,7,8,メイショウシナノ,20106635,False,,,
20260808,中京,8,1,リアルペガサス,21103316,False,,,
20260808,中京,8,2,ブルーストレイル,21106078,False,,,
20260808,中京,8,3,サンライズオスカー,23106129,False,,,
20260808,中京,8,4,レーンアジリティ,22107325,False,,,
20260808,中京,8,5,エイユーファイヤー,22102710,False,,,
20260808,中京,8,6,メイショウオグマ,19104261,False,,,
20260808,中京,8,7,クレスコドルフィン,22107299,False,,,
20260808,中京,8,8,スマートグロワール,23102752,False,,,
20260808,中京,8,9,リアンドゥクール,23103893,False,,,
20260808,中京,8,10,テーオーカイザー,23101592,False,,,
20260808,中京,8,11,ゴンタ,23103245,False,,,
20260808,中京,8,12,バケラッタ,23104066,False,,,
20260808,中京,9,1,トーアマリシテン,21105335,False,,,
20260808,中京,9,2,ゴールドブリーズ,18102196,False,,,
20260808,中京,9,3,クラウンセト,19101488,False,,,
20260808,中京,9,4,ベイビーベリッシモ,22102728,False,,,
20260808,中京,9,5,テクネチウム,21104280,False,,,
20260808,中京,9,6,ポワンキュルミナン,20102955,False,,,
20260808,中京,9,7,サトノエピック,21105271,False,,,
20260808,中京,9,8,ニシノルアノーヴァ,22102709,False,,,
20260808,中京,9,9,ゲインサポート,21104590,False,,,
20260808,中京,9,10,ヒットアンドロール,21104974,False,,,
20260808,中京,10,1,マユナイト,23103534,False,,,
20260808,中京,10,2,ヤマニンコルザ,23104364,False,,,
20260808,中京,10,3,シュクルリー,23103874,False,,,
20260808,中京,10,4,エバイダンス,23104397,False,,,
20260808,中京,10,5,グロリアスニケ,23102113,False,,,
20260808,中京,10,6,フェイトブレイカー,23101803,False,,,
20260808,中京,10,7,カワキタベレッタ,23104048,False,,,
20260808,中京,10,8,サンシャインビーチ,23101738,False,,,
20260808,中京,10,9,アリュウ,23104938,False,,,
20260808,中京,10,10,ザムーン,23101170,False,,,
20260808,中京,10,11,ヒルノジェノヴァ,23102487,False,,,
20260808,中京,10,12,フルドフォルク,23101491,False,,,
20260808,中京,10,13,モチモチチャン,23104925,False,,,
20260808,中京,10,14,マイベスティー,23103250,False,,,
20260808,中京,10,15,モズオサキニ,23101523,False,,,
20260808,中京,10,16,ガルディエンヌ,23106926,False,,,
20260808,中京,11,1,レッドリガーレ,23106614,False,,,
20260808,中京,11,2,ゴージャス,22106996,False,,,
20260808,中京,11,3,オーライカモン,23105011,False,,,
20260808,中京,11,4,バルセシート,23107241,False,,,
20260808,中京,11,5,シャーリーゴールド,21104918,False,,,
20260808,中京,11,6,グローブアマランス,21105022,False,,,
20260808,中京,11,7,エスティヴァリス,23103615,False,,,
20260808,中京,11,8,インターポーザー,22104649,False,,,
20260808,中京,11,9,オーバースタンド,22106354,False,,,
20260808,中京,11,10,ホールドミーワンス,23103379,False,,,
20260808,中京,11,11,メイショウハボマイ,22102841,False,,,
20260808,中京,11,12,テイエムスティール,23104034,False,,,
20260808,中京,12,1,ウイングサンライズ,23100918,False,,,
20260808,中京,12,2,ティグリス,23104994,False,,,
20260808,中京,12,3,マスティカーレ,23103629,False,,,
20260808,中京,12,4,バルフルール,23106909,False,,,
20260808,中京,12,5,ルナフィオーレ,23104520,False,,,
20260808,中京,12,6,ペスキエーラ,23107311,False,,,
20260808,中京,12,7,エコロディアン,23107273,False,,,
20260808,中京,12,8,ルージュマデイラ,23102228,False,,,
20260808,中京,12,9,ルージュシャラポワ,23103442,False,,,
20260808,中京,12,10,ココロザスノ,23102952,False,,,
20260808,中京,12,11,フェブリノ,23104075,False,,,
20260808,中京,12,12,グレンセロース,23103794,False,,,
20260808,中京,12,13,タガノプトゥリ,23104321,False,,,
20260808,中京,12,14,ミヤジマミコ,23106010,False,,,
20260808,中京,12,15,ゴッドアイ,23105352,False,,,
20260808,中京,12,16,ハッピーリオン,23101899,False,,,
20260808,中京,12,17,グッデイ,23106988,False,,,
20260808,中京,12,18,スターアスコット,23100130,False,,,
20260808,新潟,1,1,マイネルヴェスペル,24103642,False,,,
20260808,新潟,1,2,トランサルピナ,24103471,False,,,
20260808,新潟,1,3,リーディンアクター,24100072,False,,,
20260808,新潟,1,4,シュアシング,24105131,False,,,
20260808,新潟,1,5,コスモルミナ,24103655,False,,,
20260808,新潟,1,6,アミノショコラ,24100830,False,,,
20260808,新潟,1,7,エルシオン,24100050,False,,,
20260808,新潟,1,8,セイウンイーリス,24103860,False,,,
20260808,新潟,1,9,コウソクレムリア,24101886,False,,,
20260808,新潟,1,10,ウインリスノアール,24107129,False,,,
20260808,新潟,1,11,クールボビー,24105497,False,,,
20260808,新潟,1,12,ヴィンチェローズ,24101502,False,,,
20260808,新潟,1,13,グルーヴェンス,24101344,False,,,
20260808,新潟,2,1,リングスター,24102009,False,,,
20260808,新潟,2,2,アイビーカイロス,24108316,False,,,
20260808,新潟,2,3,ジャスパートレノ,24108325,False,,,
20260808,新潟,2,4,ベアベルヴォワ,24107164,False,,,
20260808,新潟,2,5,サザンヴィターレ,24100877,False,,,
20260808,新潟,2,6,ビーテリオス,24103670,False,,,
20260808,新潟,2,7,スマートブライド,24101716,False,,,
20260808,新潟,2,8,ナムラアラバイ,24100828,False,,,
20260808,新潟,2,9,ホシノサミダレ,24100301,False,,,
20260808,新潟,2,10,ブルドッグドン,24104496,False,,,
20260808,新潟,3,1,ソヴリンゲート,24105369,False,,,
20260808,新潟,3,2,オペレッタテソーロ,24101272,False,,,
20260808,新潟,3,3,スヴェンガーリ,24100684,False,,,
20260808,新潟,3,4,エートレイン,24101183,False,,,
20260808,新潟,3,5,ニシノアナベル,24102786,False,,,
20260808,新潟,3,6,コラリオン,24106471,False,,,
20260808,新潟,3,7,アトミックリーチ,24106508,False,,,
20260808,新潟,3,8,フォンターナドーロ,24102622,False,,,
20260808,新潟,3,9,ニシノリリックス,24103855,False,,,
20260808,新潟,3,10,インテルラゴス,24106448,False,,,
20260808,新潟,3,11,コスモプルー,24103576,False,,,
20260808,新潟,3,12,エピックジャーニー,24103346,False,,,
20260808,新潟,4,1,サリーアン,23100789,False,,,
20260808,新潟,4,2,マイチバイ,23104588,False,,,
20260808,新潟,4,3,スティールヴォーグ,23102958,False,,,
20260808,新潟,4,4,ブルーダイヤシチー,23100349,False,,,
20260808,新潟,4,5,カラクリスピリッツ,23104432,False,,,
20260808,新潟,4,6,ブレイブシュガー,23103997,False,,,
20260808,新潟,4,7,ジャストキュート,23102436,False,,,
20260808,新潟,4,8,セイウンヤオヨロズ,23100006,False,,,
20260808,新潟,4,9,ユイハホンキダゼ,23104344,False,,,
20260808,新潟,4,10,スノーランス,23103693,False,,,
20260808,新潟,4,11,アーリマックス,23101779,False,,,
20260808,新潟,4,12,ホウオウバトラー,23102430,False,,,
20260808,新潟,4,13,トラスティア,23107524,False,,,
20260808,新潟,4,14,デルマシラカミ,23101359,False,,,
20260808,新潟,4,15,リオダプラタ,23102866,False,,,
20260808,新潟,5,1,クライングナウ,23103697,False,,,
20260808,新潟,5,2,キタノドンカルロ,23102651,False,,,
20260808,新潟,5,3,テキサスバローズ,23102123,False,,,
20260808,新潟,5,4,ユイノサダハル,23101841,False,,,
20260808,新潟,5,5,オウケンサクラコ,23105601,False,,,
20260808,新潟,5,6,キタイノホシ,23100204,False,,,
20260808,新潟,5,7,パワポケウォーズ,23107440,False,,,
20260808,新潟,5,8,シンショク,23100558,False,,,
20260808,新潟,5,9,ロイヤルタイム,23103932,False,,,
20260808,新潟,5,10,デルマカイモン,23101371,False,,,
20260808,新潟,5,11,アラビアンドリーム,23102398,False,,,
20260808,新潟,5,12,ウォーレーションズ,23106368,False,,,
20260808,新潟,5,13,コパノミラノ,23101578,False,,,
20260808,新潟,5,14,オーロラボレアリス,23103348,False,,,
20260808,新潟,5,15,ジーティーホクサイ,23106977,False,,,
20260808,新潟,6,1,ウインベアトリス,22106214,False,,,
20260808,新潟,6,2,クライスレリアーナ,22104818,False,,,
20260808,新潟,6,3,カフェアローロ,21100469,False,,,
20260808,新潟,6,4,ジャンビ,21103878,False,,,
20260808,新潟,6,5,キスアンドクライ,22106616,False,,,
20260808,新潟,6,6,ミラーダカリエンテ,22106803,False,,,
20260808,新潟,6,7,ビッグデイメイク,22102532,False,,,
20260808,新潟,6,8,ラベルセーヌ,23103818,False,,,
20260808,新潟,6,9,ドリームクルーズ,21104899,False,,,
20260808,新潟,6,10,メランジェ,22105047,False,,,
20260808,新潟,7,1,レイニング,22104750,False,,,
20260808,新潟,7,2,ヤマニンサンパ,18102020,False,,,
20260808,新潟,7,3,ヴォンフレ,22101227,False,,,
20260808,新潟,7,4,エストゥペンダ,22101192,False,,,
20260808,新潟,7,5,ラインベック,17105194,False,,,
20260808,新潟,7,6,ミアネーロ,21105801,False,,,
20260808,新潟,7,7,レガーロデルシエロ,21105661,False,,,
20260808,新潟,7,8,ディマイザキッド,21104324,False,,,
20260808,新潟,7,9,ジュンブロッサム,19105118,False,,,
20260808,新潟,7,10,セントメモリーズ,21104894,False,,,
20260808,新潟,7,11,ゴンバデカーブース,21104825,False,,,
20260808,新潟,7,12,ドラゴンヘッド,20100495,False,,,
20260808,新潟,7,13,ゴートゥファースト,20103464,False,,,
20260808,新潟,7,14,アンリーロード,20103304,False,,,
20260808,新潟,7,15,シンハナーダ,21105574,False,,,
20260808,新潟,7,16,コスモブッドレア,21106782,False,,,
20260808,新潟,8,1,ラヴィサンエール,24103581,False,,,
20260808,新潟,8,2,カレンハウ,24105815,False,,,
20260808,新潟,8,3,ラピッドテソーロ,24101292,False,,,
20260808,新潟,8,4,ニシノイサリビ,24103977,False,,,
20260808,新潟,8,5,ルークウォーム,24100660,False,,,
20260808,新潟,8,6,ウンスイ,24103180,False,,,
20260808,新潟,8,7,アンムート,24106482,False,,,
20260808,新潟,8,8,ソニックウェーブ,24103147,False,,,
20260808,新潟,8,9,トシミチ,24108115,False,,,
20260808,新潟,9,1,オリオアルセーリオ,22105132,False,,,
20260808,新潟,9,2,アレーティア,22100101,False,,,
20260808,新潟,9,3,ディペンダブル,22105685,False,,,
20260808,新潟,9,4,リバースザトレンド,22105859,False,,,
20260808,新潟,9,5,キタノエピックアン,23100485,False,,,
20260808,新潟,9,6,ガーネットテソーロ,23106734,False,,,
20260808,新潟,9,7,テルケンユミクイン,22105325,False,,,
20260808,新潟,9,8,ミュークチェルシー,22104452,False,,,
20260808,新潟,9,9,ラヴアンドライク,22104570,False,,,
20260808,新潟,9,10,ルージュカルデア,23103595,False,,,
20260808,新潟,9,11,カサビセンス,22105337,False,,,
20260808,新潟,9,12,シャオシンユン,22101198,False,,,
20260808,新潟,9,13,ライヴスプーン,22104264,False,,,
20260808,新潟,9,14,サイモンセレーノ,23105097,False,,,
20260808,新潟,9,15,イージーブリージー,21105035,False,,,
20260808,新潟,10,1,サレジオ,23107014,False,,,
20260808,新潟,10,2,エラルディーク,23110006,False,,,
20260808,新潟,10,3,ミズノミヤコ,23103051,False,,,
20260808,新潟,10,4,マツリダイコ,23103413,False,,,
20260808,新潟,10,5,ハナコトバ,23102984,False,,,
20260808,新潟,10,6,ルモンテ,23106245,False,,,
20260808,新潟,10,7,ヤマカンドリーミン,23106660,False,,,
20260808,新潟,10,8,ミッキーコンドル,22102429,False,,,
20260808,新潟,10,9,スタニングヴュー,22101272,False,,,
20260808,新潟,10,10,ガラク,22104093,False,,,
20260808,新潟,10,11,スピリットサージ,22105339,False,,,
20260808,新潟,10,12,クリスタルタワー,23101029,False,,,
20260808,新潟,10,13,クリールスル,22103501,False,,,
20260808,新潟,11,1,ブラヴィーノ,19110122,False,,,
20260808,新潟,11,2,オタルイーグル,23100611,False,,,
20260808,新潟,11,3,サツキレジーナ,22101204,False,,,
20260808,新潟,11,4,ビスケット,20101171,False,,,
20260808,新潟,11,5,カイショー,23104998,False,,,
20260808,新潟,11,6,ミルトメロディー,23100397,False,,,
20260808,新潟,11,7,ベルタソ,20100795,False,,,
20260808,新潟,11,8,レモンバーム,22106796,False,,,
20260808,新潟,11,9,ファンシーフリル,23101676,True,,,
20260808,新潟,11,10,パーティーガール,22106420,False,,,
20260808,新潟,11,11,ダイイズキャスト,23107539,False,,,
20260808,新潟,11,12,ジュエルドレーサー,21100478,False,,,
20260808,新潟,11,13,ブライティアブーケ,22102465,False,,,
20260808,新潟,11,14,シャンクス,22106950,False,,,
20260808,新潟,11,15,セイラダンサー,22106503,False,,,
20260808,新潟,11,16,フェリスチカ,22102602,False,,,
20260808,新潟,11,17,メテオロイド,23104173,False,,,
20260808,新潟,11,18,リオクリスハーレー,23103103,False,,,
20260808,新潟,12,1,エーデルクラフト,23103756,False,,,
20260808,新潟,12,2,ラクシオンデクラ,23103597,False,,,
20260808,新潟,12,3,マイネルリーヒム,23104485,False,,,
20260808,新潟,12,4,リベルタアーラ,23107126,False,,,
20260808,新潟,12,5,ローレルエース,23104559,False,,,
20260808,新潟,12,6,コンフィグシス,23103688,False,,,
20260808,新潟,12,7,フォーエバーラブ,23102941,False,,,
20260808,新潟,12,8,ブラッキッシュ,23107028,False,,,
20260808,新潟,12,9,ファインブライト,23106627,False,,,
20260808,新潟,12,10,デリシューズマン,23107476,False,,,
20260808,新潟,12,11,スカーレットジーン,23103465,False,,,
20260808,新潟,12,12,ヤマニンリンキング,23104359,False,,,
20260808,新潟,12,13,ディエスルージュ,23105163,False,,,
20260808,新潟,12,14,オーブレーヌ,23106812,False,,,
20260808,新潟,12,15,ジェイエルグリーン,23106314,False,,,
20260808,新潟,12,16,ポポラヴィスタ,23102737,False,,,
20260808,札幌,1,1,ルージュエピック,23106616,False,,,
20260808,札幌,1,2,セラサイト,23107306,False,,,
20260808,札幌,1,3,ジェイストリーク,23107055,False,,,
20260808,札幌,1,4,アルデバローズ,23100285,False,,,
20260808,札幌,1,5,サマースプラッシュ,23106163,False,,,
20260808,札幌,1,6,ルージュボニート,23106623,False,,,
20260808,札幌,1,7,ハスカップジャム,23104347,False,,,
20260808,札幌,1,8,サンエンジェルス,23101315,False,,,
20260808,札幌,1,9,フィーユレアル,23101443,False,,,
20260808,札幌,1,10,マーゴットクリュグ,23102909,False,,,
20260808,札幌,1,11,ルパピヨンブラン,23105228,False,,,
20260808,札幌,1,12,ワイルドカグラ,23102549,False,,,
20260808,札幌,1,13,シャドウルーラー,23100709,False,,,
20260808,札幌,1,14,ジーティービキニ,23107267,False,,,
20260808,札幌,2,1,ランダムナンバー,24101984,False,,,
20260808,札幌,2,2,ショパンコンクール,24100176,False,,,
20260808,札幌,2,3,アルデシンザン,24105809,False,,,
20260808,札幌,2,4,リアルジャパン,24102714,False,,,
20260808,札幌,2,5,トルネードサンダー,24100245,False,,,
20260808,札幌,2,6,アズライトティアラ,24106919,False,,,
20260808,札幌,2,7,チカバリエンテ,24104976,False,,,
20260808,札幌,2,8,サンシルヴァリー,24103507,False,,,
20260808,札幌,2,9,ライフイズアート,24105362,False,,,
20260808,札幌,2,10,ジャストワナフライ,24105886,False,,,
20260808,札幌,2,11,ルギッドドランジュ,24100800,False,,,
20260808,札幌,2,12,ゴートゥービッツン,24104503,False,,,
20260808,札幌,2,13,リラカリス,24102008,False,,,
20260808,札幌,3,1,ホウオウチャールズ,23102414,False,,,
20260808,札幌,3,2,ジングアップ,23103461,False,,,
20260808,札幌,3,3,ロスニーニョス,23103280,False,,,
20260808,札幌,3,4,シンエンドーツダ,23103621,False,,,
20260808,札幌,3,5,フロムザムーン,23102369,False,,,
20260808,札幌,3,6,ニシノモリミチ,23100362,False,,,
20260808,札幌,3,7,ダディーズソード,23103655,False,,,
20260808,札幌,3,8,デルマバンダイサン,23103424,False,,,
20260808,札幌,3,9,ヘリオポリス,23105090,False,,,
20260808,札幌,3,10,リン,23101576,False,,,
20260808,札幌,3,11,ビレッジルイーザ,23102170,False,,,
20260808,札幌,3,12,マルシュボヌール,23107245,False,,,
20260808,札幌,3,13,イトシサ,23106849,False,,,
20260808,札幌,3,14,インタノン,23102942,False,,,
20260808,札幌,4,1,サンウリエル,21101304,False,,,
20260808,札幌,4,2,アセンブリールーム,22104811,False,,,
20260808,札幌,4,3,アッシュバーグ,21101383,False,,,
20260808,札幌,4,4,ダノンフィオーレ,22104894,False,,,
20260808,札幌,4,5,コスモレッド,23102475,False,,,
20260808,札幌,4,6,ネッタイヤライ,23104690,False,,,
20260808,札幌,4,7,ルーチェフィオーレ,23105820,False,,,
20260808,札幌,4,8,ブライトフレア,23103388,False,,,
20260808,札幌,4,9,ペイシャアーサー,22104221,False,,,
20260808,札幌,4,10,フレッチャアズーラ,23103394,False,,,
20260808,札幌,4,11,バルボアパーク,23107172,False,,,
20260808,札幌,4,12,スタードメイソン,22105392,False,,,
20260808,札幌,4,13,モルニケ,23106844,False,,,
20260808,札幌,4,14,グロリアスマーチ,23103680,False,,,
20260808,札幌,5,1,レイテスツドリーム,24104493,False,,,
20260808,札幌,5,2,ジーフォーリア,24107398,False,,,
20260808,札幌,5,3,イドム,24102908,False,,,
20260808,札幌,5,4,マーヴィン,24100038,False,,,
20260808,札幌,5,5,シルバーウィル,24106454,False,,,
20260808,札幌,5,6,シネファイル,24106192,False,,,
20260808,札幌,5,7,ムッチリスタイル,24100119,False,,,
20260808,札幌,5,8,ローレルメビウス,24104772,False,,,
20260808,札幌,5,9,ロマノヴェリテ,24103490,False,,,
20260808,札幌,5,10,マルカローゼ,24101393,False,,,
20260808,札幌,5,11,コジアン,24101437,False,,,
20260808,札幌,5,12,エイシンジュウライ,24101830,False,,,
20260808,札幌,6,1,インテンスゲイズ,23106418,False,,,
20260808,札幌,6,2,ポリメトリック,23105681,False,,,
20260808,札幌,6,3,オズマップ,23107205,False,,,
20260808,札幌,6,4,ウィスカーパッド,23103380,False,,,
20260808,札幌,6,5,ウインアベリア,23105853,False,,,
20260808,札幌,6,6,インフィオラータ,23102923,False,,,
20260808,札幌,6,7,ジョブックボー,23102311,False,,,
20260808,札幌,6,8,プリュイドール,23102987,False,,,
20260808,札幌,6,9,マリノリュミエール,23100794,False,,,
20260808,札幌,6,10,ダンツアラーム,23104027,False,,,
20260808,札幌,6,11,ゴコウコイコイ,23104486,False,,,
20260808,札幌,6,12,ウインカトリーヌ,23105857,False,,,
20260808,札幌,6,13,ラングロワブリッジ,23107365,False,,,
20260808,札幌,6,14,グレイスルーラー,23100314,False,,,
20260808,札幌,6,15,カリドーラ,23103527,False,,,
20260808,札幌,6,16,スウィーティーベル,23100938,False,,,
20260808,札幌,7,1,シェーンルスカ,22103018,False,,,
20260808,札幌,7,2,ワイドデコラシオン,22103306,False,,,
20260808,札幌,7,3,グランセレスト,23100953,False,,,
20260808,札幌,7,4,ロードヴァルカン,22100660,False,,,
20260808,札幌,7,5,ヨドノゴールド,18103293,False,,,
20260808,札幌,7,6,ランドスター,23100398,False,,,
20260808,札幌,7,7,テーオーナタリー,23105616,False,,,
20260808,札幌,7,8,カップッチョ,17104266,False,,,
20260808,札幌,7,9,ステラノヴァ,22103482,False,,,
20260808,札幌,7,10,グレイトソン,23105059,False,,,
20260808,札幌,7,11,セイルロケット,22104858,False,,,
20260808,札幌,7,12,ランプローグ,23106780,False,,,
20260808,札幌,8,1,レッドアイスピア,23105670,False,,,
20260808,札幌,8,2,セイカユウヒ,23104140,False,,,
20260808,札幌,8,3,クリオロゴールド,23105795,False,,,
20260808,札幌,8,4,ソワンドヴィクター,23102783,False,,,
20260808,札幌,8,5,クリコイーコ,23100786,False,,,
20260808,札幌,8,6,リネアベルタ,23102408,False,,,
20260808,札幌,8,7,ダノンベルビュー,23107102,False,,,
20260808,札幌,8,8,マメーアップル,23100924,False,,,
20260808,札幌,8,9,スッサンエア,23102151,False,,,
20260808,札幌,8,10,ジューンレトリバー,23110028,False,,,
20260808,札幌,8,11,ウインドオルフェ,23100482,False,,,
20260808,札幌,8,12,アンジュラフィーユ,23101077,False,,,
20260808,札幌,8,13,サトノフレイ,23103726,False,,,
20260808,札幌,8,14,モノノケ,23100695,False,,,
20260808,札幌,8,15,メイショウテンジン,23106567,False,,,
20260808,札幌,8,16,ミレニアルピンク,23105679,False,,,
20260808,札幌,9,1,リュミナーズ,22101465,False,,,
20260808,札幌,9,2,ヴェールミューズ,23104766,False,,,
20260808,札幌,9,3,ブーケドグレイス,21102494,False,,,
20260808,札幌,9,4,ビーチイン,23105830,False,,,
20260808,札幌,9,5,デルマサクラサク,22105343,False,,,
20260808,札幌,9,6,ミリオンアップ,23102250,False,,,
20260808,札幌,9,7,オテンバプリンセス,23103913,False,,,
20260808,札幌,9,8,マインセーラ,23102305,False,,,
20260808,札幌,9,9,ライフイズ,23105448,False,,,
20260808,札幌,9,10,ランスノーブル,20101250,False,,,
20260808,札幌,9,11,ジーティーアリア,23105358,False,,,
20260808,札幌,9,12,スリーケイ,23100471,False,,,
20260808,札幌,9,13,グルーヴィーオン,22101938,False,,,
20260808,札幌,9,14,カルミアクラウン,22107317,False,,,
20260808,札幌,10,1,スカイサーベイ,21105427,False,,,
20260808,札幌,10,2,ヨシヒロ,22103405,False,,,
20260808,札幌,10,3,エボルヴィング,21105865,False,,,
20260808,札幌,10,4,メイショウアイル,22102573,False,,,
20260808,札幌,10,5,バルティカ,22105018,False,,,
20260808,札幌,10,6,デルマジュテーム,22101969,False,,,
20260808,札幌,10,7,レーヴドロペラ,22106709,False,,,
20260808,札幌,10,8,ビーオンザカバー,22105388,False,,,
20260808,札幌,11,1,アクションプラン,20100116,False,,,
20260808,札幌,11,2,レヴォントゥレット,21103717,False,,,
20260808,札幌,11,3,ルクソールカフェ,22110083,False,,,
20260808,札幌,11,4,ナチュラルライズ,22103795,False,,,
20260808,札幌,11,5,テーオーパスワード,21102236,False,,,
20260808,札幌,11,6,ヴァルツァーシャル,19102437,False,,,
20260808,札幌,11,7,テーオードレフォン,19101324,False,,,
20260808,札幌,11,8,ウェイワードアクト,20110024,False,,,
20260808,札幌,11,9,ヒルノハンブルク,22103614,False,,,
20260808,札幌,11,10,オメガギネス,20102904,False,,,
20260808,札幌,11,11,ペリエール,20101874,False,,,
20260808,札幌,12,1,アスミル,23104960,False,,,
20260808,札幌,12,2,ホウキボシ,20110058,False,,,
20260808,札幌,12,3,ルクスジニア,22104784,False,,,
20260808,札幌,12,4,マーゴットブロー,23105356,False,,,
20260808,札幌,12,5,ウインイザナミ,22106229,False,,,
20260808,札幌,12,6,スミレファースト,21105619,False,,,
20260808,札幌,12,7,レイユール,22101464,False,,,
20260808,札幌,12,8,ヒズマスターピース,23105714,False,,,
20260808,札幌,12,9,レッドスティンガー,23106619,False,,,
20260808,札幌,12,10,ブラックジェダイト,22106393,False,,,
20260808,札幌,12,11,ジーネキング,23104885,False,,,
20260808,札幌,12,12,ヴィンブルレー,22104758,False,,,
20260808,札幌,12,13,オーシャントライブ,20103538,False,,,
20260809,中京,1,1,ラピス,23104405,False,,,
20260809,中京,1,2,レイアン,23103887,False,,,
20260809,中京,1,3,クロスボーダー,23106982,False,,,
20260809,中京,1,4,マイコンプリート,23107155,False,,,
20260809,中京,1,5,ストラドーネ,23103586,False,,,
20260809,中京,1,6,バンブラボー,23104922,False,,,
20260809,中京,1,7,カミノトップワン,23109054,False,,,
20260809,中京,1,8,ゴナビーオーライト,23100505,False,,,
20260809,中京,1,9,ワンダーリュクス,23105075,False,,,
20260809,中京,1,10,ニテンイチリュウ,23102190,False,,,
20260809,中京,1,11,キービート,23104289,False,,,
20260809,中京,1,12,オレンジフィールド,23102640,False,,,
20260809,中京,1,13,チュオンソン,23104944,False,,,
20260809,中京,1,14,フィンガーレイクス,23103387,False,,,
20260809,中京,1,15,ティタノマキア,23107092,False,,,
20260809,中京,1,16,ディアーモルタル,23107125,False,,,
20260809,中京,2,1,ガリアルダ,24106661,False,,,
20260809,中京,2,2,レニュアージュ,24106355,False,,,
20260809,中京,2,3,リアンフィニ,24105976,True,,,
20260809,中京,2,4,ビップルーチェ,24104028,False,,,
20260809,中京,2,5,ピュアノーブル,24105997,False,,,
20260809,中京,2,6,ウィンザーローズ,24107238,False,,,
20260809,中京,2,7,ミリオンカラー,24104727,False,,,
20260809,中京,2,8,ジュエルシップ,24104008,False,,,
20260809,中京,2,9,ノンヴェドローラ,24103582,False,,,
20260809,中京,3,1,コパノマハロ,24102103,False,,,
20260809,中京,3,2,ショウナンバトレニ,24107009,False,,,
20260809,中京,3,3,ドリームオブコージ,24100126,False,,,
20260809,中京,3,4,ダンスコマンド,24105941,False,,,
20260809,中京,3,5,ディープナイト,24100601,False,,,
20260809,中京,3,6,ドラゴンバルド,24106649,False,,,
20260809,中京,3,7,ソウカイファンキー,24105806,False,,,
20260809,中京,3,8,リリーギャラクシー,24104835,False,,,
20260809,中京,4,1,レッドフレーザー,23105340,False,,,
20260809,中京,4,2,アルヴァルディ,23106908,False,,,
20260809,中京,4,3,タイセイゼスティ,23100969,False,,,
20260809,中京,4,4,スパルタンエックス,23100371,False,,,
20260809,中京,4,5,アイゼンハイム,23100020,False,,,
20260809,中京,4,6,アラムシャピラス,23105683,False,,,
20260809,中京,4,7,サンライズフリード,23100902,False,,,
20260809,中京,4,8,ハオカノア,23106078,False,,,
20260809,中京,4,9,グランセンチュリ,23101990,False,,,
20260809,中京,4,10,ビーウィナー,23106022,False,,,
20260809,中京,4,11,ジーティーピカソ,23102092,False,,,
20260809,中京,4,12,メイショウヒタカミ,23102245,False,,,
20260809,中京,4,13,エイシンリブウェル,23105508,False,,,
20260809,中京,4,14,リリークリスタル,23105699,False,,,
20260809,中京,4,15,ピースビート,23103098,False,,,
20260809,中京,4,16,サクライロマウコロ,23103406,False,,,
20260809,中京,5,1,ショウナンラウール,21104242,False,,,
20260809,中京,5,2,ロイヤルテール,22100027,False,,,
20260809,中京,5,3,ツァレヴナ,23105677,False,,,
20260809,中京,5,4,ルクスポップスター,23102767,False,,,
20260809,中京,5,5,カクウチ,23101405,False,,,
20260809,中京,5,6,カレンパンピナップ,20103314,False,,,
20260809,中京,5,7,ジャスティンルマン,23106874,False,,,
20260809,中京,5,8,リアライズブライト,23103325,False,,,
20260809,中京,5,9,サリカリーフォリア,23105291,False,,,
20260809,中京,5,10,ルシャリオ,22107248,False,,,
20260809,中京,5,11,ハイクライテリア,20102910,False,,,
20260809,中京,5,12,バトルアックス,23102045,False,,,
20260809,中京,5,13,オンザノアール,23103399,False,,,
20260809,中京,5,14,ペプチドレオン,23104876,False,,,
20260809,中京,5,15,ヴァリアントマーチ,22105689,False,,,
20260809,中京,5,16,マテンロウミラクル,21105993,False,,,
20260809,中京,6,1,マイバレンタイン,23106283,False,,,
20260809,中京,6,2,サトノアイボリー,23105380,False,,,
20260809,中京,6,3,カレントゥルーシー,23100553,False,,,
20260809,中京,6,4,ダイヤモンドハンズ,20103647,False,,,
20260809,中京,6,5,カリーニョ,21105585,False,,,
20260809,中京,6,6,ヤマニンループ,19100606,False,,,
20260809,中京,6,7,ショウナンハウル,21105867,False,,,
20260809,中京,7,1,イツモニコニコ,21107063,False,,,
20260809,中京,7,2,フロムダスク,20110133,True,,,
20260809,中京,7,3,レイピア,22103066,False,,,
20260809,中京,7,4,プロトポロス,20103325,False,,,
20260809,中京,7,5,ジェニファー,21103932,False,,,
20260809,中京,7,6,レッドエヴァンス,21105880,False,,,
20260809,中京,7,7,ディアナザール,22104933,False,,,
20260809,中京,7,8,フィオライア,21101924,False,,,
20260809,中京,7,9,クラスペディア,22106394,False,,,
20260809,中京,7,10,ナムラローズマリー,21103092,False,,,
20260809,中京,7,11,タマモブラックタイ,20105400,True,,,
20260809,中京,7,12,インビンシブルパパ,21110164,False,,,
20260809,中京,7,13,サンアントワーヌ,23107020,False,,,
20260809,中京,7,14,コウセキ,22110026,False,,,
20260809,中京,7,15,アンクルクロス,21101598,False,,,
20260809,中京,7,16,アブキールベイ,22101623,False,,,
20260809,中京,7,17,タマモイカロス,23103162,False,,,
20260809,中京,7,18,ペプチドヤマト,19103605,False,,,
20260809,中京,8,1,メイショウジェンマ,20106491,False,,,
20260809,中京,8,2,ブルックリンダンス,22105791,False,,,
20260809,中京,8,3,タイガースパーク,20104561,False,,,
20260809,中京,8,4,ケイツーリーブル,23103628,False,,,
20260809,中京,8,5,クロノスバレット,22110123,False,,,
20260809,中京,8,6,ジェシーテソーロ,22102260,False,,,
20260809,中京,8,7,トモジャザーン,21104295,False,,,
20260809,中京,8,8,キングオブフジ,21106164,False,,,
20260809,中京,8,9,ハイディージェン,21103821,False,,,
20260809,中京,8,10,シュヴァルツリーベ,20106101,False,,,
20260809,中京,8,11,リベッチオ,23107082,False,,,
20260809,中京,9,1,ルクスマーベリック,21104105,False,,,
20260809,中京,9,2,アップストローク,19104675,False,,,
20260809,中京,9,3,ヴィーデ,22100548,False,,,
20260809,中京,9,4,アレナリア,19105824,False,,,
20260809,中京,9,5,メイショウソウセキ,22103255,False,,,
20260809,中京,9,6,ナヴァラトゥナ,22105072,False,,,
20260809,中京,9,7,スラッシュ,23103189,False,,,
20260809,中京,9,8,ヴォンヌヴォー,20106585,False,,,
20260809,中京,9,9,ナスノソナタ,22106544,False,,,
20260809,中京,9,10,ヨシノヤッタルデー,21102336,False,,,
20260809,中京,9,11,クリアクォーツ,22101587,False,,,
20260809,中京,9,12,オリンポスカズマ,20102013,False,,,
20260809,中京,9,13,アナザーエース,20104005,False,,,
20260809,中京,10,1,プールナバドラ,23110062,False,,,
20260809,中京,10,2,ラヴネヴァーダイズ,23102131,False,,,
20260809,中京,10,3,メイプルギャング,21110063,False,,,
20260809,中京,10,4,ワイルドブッター,22105077,False,,,
20260809,中京,10,5,スレッドザニードル,22102003,False,,,
20260809,中京,10,6,リードプリンシパル,22105748,False,,,
20260809,中京,10,7,シュネーグロッケン,22104944,False,,,
20260809,中京,10,8,ナウオアネヴァー,23104408,False,,,
20260809,中京,10,9,ガビーズブラザー,22104448,False,,,
20260809,中京,10,10,グランデスフィーダ,20104913,False,,,
20260809,中京,10,11,アメリカンビヨンド,22110104,False,,,
20260809,中京,10,12,アイファーモービル,22101117,False,,,
20260809,中京,10,13,ヴォンドゥ,23101810,False,,,
20260809,中京,10,14,リーグナイト,23106284,False,,,
20260809,中京,10,15,サヨノパララックス,23105140,False,,,
20260809,中京,10,16,シンギタイ,22100458,False,,,
20260809,中京,11,1,フロムレイブン,23103836,False,,,
20260809,中京,11,2,パレットフレイバー,23102479,False,,,
20260809,中京,11,3,モルティフレーバー,22104901,False,,,
20260809,中京,11,4,フェリーニ,21105862,False,,,
20260809,中京,11,5,マーシーラン,21103901,False,,,
20260809,中京,11,6,アーリントンロウ,22105921,False,,,
20260809,中京,11,7,セクシーマージュ,22103729,False,,,
20260809,中京,11,8,スピリットライズ,22103750,False,,,
20260809,中京,11,9,カラクニダケ,23109117,False,,,
20260809,中京,11,10,アウクソー,20103261,False,,,
20260809,中京,11,11,パリコレジェンヌ,22104501,False,,,
20260809,中京,11,12,ドレドレ,23103291,False,,,
20260809,中京,11,13,ベランジェール,21105484,False,,,
20260809,中京,11,14,マーゴットミスト,23101632,False,,,
20260809,中京,11,15,ウェルカムソング,23107545,False,,,
20260809,中京,11,16,ヤマニンフェイエル,23104358,False,,,
20260809,中京,11,17,トウカイフルーレ,22102445,False,,,
20260809,中京,11,18,フランクスピード,22104648,False,,,
20260809,中京,12,1,プリュスエクラ,23103535,False,,,
20260809,中京,12,2,ローズラフィネ,23100998,False,,,
20260809,中京,12,3,レインボーステート,23106943,False,,,
20260809,中京,12,4,カステッロトゥーレ,23103397,False,,,
20260809,中京,12,5,ウォータールスール,23101866,False,,,
20260809,中京,12,6,ジーティーウタマロ,23100823,False,,,
20260809,中京,12,7,ララディアーブル,23101840,False,,,
20260809,中京,12,8,ヴェネラブル,23102421,False,,,
20260809,中京,12,9,ネッカーズルム,23103639,False,,,
20260809,中京,12,10,ブランチアウト,23102357,False,,,
20260809,中京,12,11,スズノボンライミー,23102137,False,,,
20260809,中京,12,12,リノルアナ,23102878,False,,,
20260809,中京,12,13,ビッグヒーロー,23106188,False,,,
20260809,中京,12,14,エングルマン,23110077,False,,,
20260809,中京,12,15,ルージュソムニウム,23103605,False,,,
20260809,中京,12,16,ビシェノ,23107253,False,,,
20260809,新潟,1,1,エクスマキナ,24104469,False,,,
20260809,新潟,1,2,エイシンウルクンデ,24101589,False,,,
20260809,新潟,1,3,セレスタイト,24102850,False,,,
20260809,新潟,1,4,モンサンアミュザン,24101224,False,,,
20260809,新潟,1,5,マイホームパパ,24102852,False,,,
20260809,新潟,1,6,アオイノリプー,24100715,False,,,
20260809,新潟,1,7,コスモフラムオット,24103591,False,,,
20260809,新潟,1,8,ラガリーガ,24106670,False,,,
20260809,新潟,1,9,セイウンオオゾラ,24103837,False,,,
20260809,新潟,1,10,ウィモウェ,24107201,False,,,
20260809,新潟,1,11,シアルナーレ,24105911,False,,,
20260809,新潟,1,12,マスターボリューム,24103638,False,,,
20260809,新潟,1,13,スーパーユタカ,24107390,False,,,
20260809,新潟,1,14,ツーハーツ,24103368,False,,,
20260809,新潟,1,15,マハロハ,24102885,False,,,
20260809,新潟,1,16,コスモモノポリー,24103614,False,,,
20260809,新潟,2,1,クリガーレ,24102437,False,,,
20260809,新潟,2,2,アーバンアート,24103173,False,,,
20260809,新潟,2,3,ルブラッシュノモー,24100867,False,,,
20260809,新潟,2,4,ワイズジュエル,24100105,False,,,
20260809,新潟,2,5,エスシークザン,24100002,False,,,
20260809,新潟,2,6,イスクメル,24106236,False,,,
20260809,新潟,2,7,メジェグレイス,24103919,False,,,
20260809,新潟,2,8,ゴータマ,24102067,False,,,
20260809,新潟,2,9,キンバリー,24104006,False,,,
20260809,新潟,2,10,シジマ,24100678,False,,,
20260809,新潟,2,11,ドッカイッチャッテ,24100754,False,,,
20260809,新潟,3,1,ローズオブジャパン,23101100,False,,,
20260809,新潟,3,2,クツワエターナル,23106293,False,,,
20260809,新潟,3,3,ヨルヴィック,23107242,False,,,
20260809,新潟,3,4,エコロセレナ,23107403,False,,,
20260809,新潟,3,5,プティシラー,23101141,False,,,
20260809,新潟,3,6,エトワールフィーユ,23102371,False,,,
20260809,新潟,3,7,ロジザボード,23104017,False,,,
20260809,新潟,3,8,テリオスレイ,23106854,False,,,
20260809,新潟,3,9,ビューティドリーム,23104585,False,,,
20260809,新潟,3,10,カウガールハット,23102328,False,,,
20260809,新潟,3,11,アルペンローゼ,23105243,False,,,
20260809,新潟,3,12,ハングローズ,23102122,False,,,
20260809,新潟,3,13,キョウエイハル,23105068,False,,,
20260809,新潟,3,14,グランキンバリー,23104568,False,,,
20260809,新潟,3,15,セントリアン,23100888,False,,,
20260809,新潟,4,1,ダゴベルト,23106946,False,,,
20260809,新潟,4,2,オセアビシャイン,23100052,False,,,
20260809,新潟,4,3,アデルフィー,23105753,False,,,
20260809,新潟,4,4,キセログラフィカ,23105682,False,,,
20260809,新潟,4,5,ヌビアン,23103299,False,,,
20260809,新潟,4,6,ユイノスレチガイ,23105973,False,,,
20260809,新潟,4,7,ジュングロワール,23107425,False,,,
20260809,新潟,4,8,カシマライフウ,23105439,False,,,
20260809,新潟,4,9,ハリコミチュウ,23104860,False,,,
20260809,新潟,4,10,モンスターラッシュ,23106976,False,,,
20260809,新潟,4,11,ラスタリア,23106151,False,,,
20260809,新潟,4,12,クリムゾンリーフ,23102967,False,,,
20260809,新潟,4,13,クィーンズウィンク,23106971,False,,,
20260809,新潟,4,14,レッドリアライズ,23105233,False,,,
20260809,新潟,4,15,カノープス,23104855,False,,,
20260809,新潟,5,1,ブリングライト,20100617,False,,,
20260809,新潟,5,2,ベルゼビュート,23105083,False,,,
20260809,新潟,5,3,サトノエスケープ,23106932,False,,,
20260809,新潟,5,4,エコロバロン,23104992,False,,,
20260809,新潟,5,5,マジンタクシー,23100949,False,,,
20260809,新潟,5,6,ベアアッコチャン,23101039,False,,,
20260809,新潟,5,7,トキメキジニア,22100323,False,,,
20260809,新潟,5,8,プルシャプラ,22100582,False,,,
20260809,新潟,5,9,アンバサダネージュ,23103216,False,,,
20260809,新潟,5,10,スリーコーズ,23106208,False,,,
20260809,新潟,5,11,ゼファーテソーロ,23102007,False,,,
20260809,新潟,5,12,シュヴァルツシルト,23100359,False,,,
20260809,新潟,5,13,タイセイブルーム,23100533,False,,,
20260809,新潟,5,14,ソリッドベーシス,22105697,False,,,
20260809,新潟,5,15,ペッパーミル,21102745,False,,,
20260809,新潟,6,1,ライヒスアドラー,23103687,False,,,
20260809,新潟,6,2,コルレオニス,21105704,False,,,
20260809,新潟,6,3,カニキュル,21104865,False,,,
20260809,新潟,6,4,ガジュノリ,21101724,False,,,
20260809,新潟,6,5,ハギノアルデバラン,20100976,False,,,
20260809,新潟,6,6,マカナ,22100019,False,,,
20260809,新潟,6,7,モズロックンロール,20106535,False,,,
20260809,新潟,6,8,クリニクラウン,20100934,False,,,
20260809,新潟,6,9,サトノヴィレ,20104753,False,,,
20260809,新潟,6,10,エラン,21105453,False,,,
20260809,新潟,6,11,デルアヴァー,22110054,False,,,
20260809,新潟,6,12,エスコバル,18106154,False,,,
20260809,新潟,6,13,テンミラクルスター,22101134,False,,,
20260809,新潟,7,1,オオツカ,23103919,False,,,
20260809,新潟,7,2,ファイアマン,23101154,False,,,
20260809,新潟,7,3,ヒシアムルーズ,23107091,False,,,
20260809,新潟,7,4,チェリヴェント,23104387,False,,,
20260809,新潟,7,5,マクリール,23106821,False,,,
20260809,新潟,7,6,ドンエレクトス,23101269,False,,,
20260809,新潟,7,7,パラダイスフェイス,23104103,False,,,
20260809,新潟,7,8,テンカムテキ,23104927,False,,,
20260809,新潟,7,9,ショウナンバンライ,23107036,False,,,
20260809,新潟,7,10,タガノアバンドーネ,23104733,True,,,
20260809,新潟,7,11,パイロマンサー,23101134,False,,,
20260809,新潟,7,12,メルカントゥール,23105303,False,,,
20260809,新潟,8,1,クォーツァイト,21104777,False,,,
20260809,新潟,8,2,ラヴェンデル,22106637,False,,,
20260809,新潟,8,3,リュウノタブーク,21104365,False,,,
20260809,新潟,8,4,ミスエル,21106986,False,,,
20260809,新潟,8,5,スペルキャスター,20102674,False,,,
20260809,新潟,8,6,ゼンダンタカ,22106187,False,,,
20260809,新潟,8,7,ラトルシェ,22104190,False,,,
20260809,新潟,8,8,カレンデュラ,23106613,False,,,
20260809,新潟,8,9,サトノアルペジオ,20103477,False,,,
20260809,新潟,8,10,ペイシャヴァルツー,22104216,False,,,
20260809,新潟,8,11,ハニーローリエ,22101604,False,,,
20260809,新潟,8,12,レジーナローズ,20104174,False,,,
20260809,新潟,8,13,ロードトレゾール,21100144,False,,,
20260809,新潟,8,14,ラブディーヴァ,21104074,False,,,
20260809,新潟,8,15,キントラダンサー,22104387,True,,,
20260809,新潟,8,16,メッエフアパラ,21106066,False,,,
20260809,新潟,8,17,クールベイビー,21100356,False,,,
20260809,新潟,9,1,タイセイピューマ,21106119,False,,,
20260809,新潟,9,2,プレアデスグループ,21104839,False,,,
20260809,新潟,9,3,フォンメイリー,19105287,False,,,
20260809,新潟,9,4,ダズリングダンス,20105957,False,,,
20260809,新潟,9,5,アスタールフナ,22101557,False,,,
20260809,新潟,9,6,ダノンモンテローザ,21100158,False,,,
20260809,新潟,9,7,シャンハイナイト,22102347,False,,,
20260809,新潟,9,8,キョウエイカンフ,20100363,False,,,
20260809,新潟,9,9,シュバルツガイスト,20103575,False,,,
20260809,新潟,9,10,フィーチャリング,22105824,False,,,
20260809,新潟,9,11,ハッピーウィズユー,22106656,False,,,
20260809,新潟,9,12,レッドセニョール,21105779,False,,,
20260809,新潟,9,13,アルジェンタージョ,21103706,False,,,
20260809,新潟,9,14,ピコテンダー,22110132,False,,,
20260809,新潟,9,15,マーゴットゲイン,22105495,False,,,
20260809,新潟,10,1,トラストモアリズム,22101620,False,,,
20260809,新潟,10,2,ミッドセンチュリー,22103308,False,,,
20260809,新潟,10,3,テイキットイージー,21101088,False,,,
20260809,新潟,10,4,イスキオス,22105223,False,,,
20260809,新潟,10,5,モートンアイランド,23107277,False,,,
20260809,新潟,10,6,オプレントジュエル,22105365,False,,,
20260809,新潟,10,7,ウップヘリーア,23107228,False,,,
20260809,新潟,11,1,ワイズファミリア,23103550,False,,,
20260809,新潟,11,2,ルシアージュ,23106795,False,,,
20260809,新潟,11,3,バンオンタイム,23101120,False,,,
20260809,新潟,11,4,フジサン,23105006,False,,,
20260809,新潟,11,5,フーディエラン,23106286,True,,,
20260809,新潟,11,6,スカイドリーマー,23104406,False,,,
20260809,新潟,11,7,ピコプリンセス,23104544,False,,,
20260809,新潟,11,8,ガミーヌ,23106468,False,,,
20260809,新潟,11,9,スチールギターラグ,23102799,False,,,
20260809,新潟,11,10,ダノンドナウ,23106058,False,,,
20260809,新潟,11,11,オドラタス,23103816,False,,,
20260809,新潟,11,12,セルリア,23103843,False,,,
20260809,新潟,11,13,リーゼントモニカ,23103074,False,,,
20260809,新潟,11,14,ゲンパチロマン,23100148,False,,,
20260809,新潟,11,15,フルールロイヤル,23107018,False,,,
20260809,新潟,11,16,ベルランコントル,23106475,False,,,
20260809,新潟,11,17,ジーティージェミル,23106332,False,,,
20260809,新潟,11,18,レガリーノ,23102231,False,,,
20260809,新潟,12,1,インザライムライト,23106441,False,,,
20260809,新潟,12,2,ウィズアツインクル,23102388,False,,,
20260809,新潟,12,3,フレアリングベリー,23107370,False,,,
20260809,新潟,12,4,シエラモレーナ,23105744,False,,,
20260809,新潟,12,5,ロジシーザ,23102319,False,,,
20260809,新潟,12,6,セリエンクーニゲン,23110025,False,,,
20260809,新潟,12,7,ルナーファントム,23107541,False,,,
20260809,新潟,12,8,タイセイギガース,23100703,False,,,
20260809,新潟,12,9,サンロード,23100960,False,,,
20260809,新潟,12,10,オンナキュヌヴィ,23105688,False,,,
20260809,新潟,12,11,ハルカオル,23105049,False,,,
20260809,新潟,12,12,ミクロスギガース,23102931,False,,,
20260809,新潟,12,13,エンジェルサン,23104484,False,,,
20260809,新潟,12,14,ココソラーレ,23109031,False,,,
20260809,新潟,12,15,ルージュフィーリア,23107342,False,,,
20260809,新潟,12,16,ラルルジェンヌ,23107019,False,,,
20260809,新潟,12,17,ジェムシリカ,23106130,False,,,
20260809,新潟,12,18,シルバーアックス,23104434,False,,,
20260809,札幌,1,1,ベイビーブラザー,24104861,False,,,
20260809,札幌,1,2,マーズエクレール,24106587,False,,,
20260809,札幌,1,3,シンゼンノト,24102290,False,,,
20260809,札幌,1,4,エコロヴァルド,24107319,False,,,
20260809,札幌,1,5,シャムスクッカ,24100203,False,,,
20260809,札幌,1,6,イチゴワタアメ,24107000,False,,,
20260809,札幌,1,7,カナデ,24101610,False,,,
20260809,札幌,1,8,ヴァイタリズム,24103569,False,,,
20260809,札幌,1,9,ハイビスカス,24107403,False,,,
20260809,札幌,1,10,テムファイア,24100560,False,,,
20260809,札幌,1,11,モーモーワン,24103006,False,,,
20260809,札幌,1,12,サルトヴェローチェ,24106406,False,,,
20260809,札幌,2,1,メイショウマドンナ,23104999,False,,,
20260809,札幌,2,2,フジコンフィデンス,23101707,False,,,
20260809,札幌,2,3,ケイベエ,23102803,False,,,
20260809,札幌,2,4,メイヨシュア,23109076,False,,,
20260809,札幌,2,5,スイーヴル,23101660,False,,,
20260809,札幌,2,6,カッサンドラ,23103999,False,,,
20260809,札幌,2,7,ラブデウザ,23109094,False,,,
20260809,札幌,2,8,ルクスドリーム,23102763,False,,,
20260809,札幌,2,9,マーゴットオネイロ,23105310,False,,,
20260809,札幌,2,10,ハクサンレイホウ,23105694,False,,,
20260809,札幌,2,11,ロングフルスペック,23103167,False,,,
20260809,札幌,2,12,テリオスルミ,23104449,False,,,
20260809,札幌,3,1,エオアリイ,22103222,False,,,
20260809,札幌,3,2,グランツローゼ,22106824,False,,,
20260809,札幌,3,3,マテンロウゼロ,23104676,False,,,
20260809,札幌,3,4,レジェンドシップ,20103910,False,,,
20260809,札幌,3,5,デルシエロ,21103520,False,,,
20260809,札幌,3,6,サウンドサンライズ,22105060,False,,,
20260809,札幌,3,7,ストラニエーロ,22106613,False,,,
20260809,札幌,3,8,ピティロディア,22105400,False,,,
20260809,札幌,3,9,エイカイコバチ,23107144,False,,,
20260809,札幌,3,10,メイショウテンク,23105021,False,,,
20260809,札幌,4,1,ロジクリスエス,23104684,False,,,
20260809,札幌,4,2,コサージュ,23107147,False,,,
20260809,札幌,4,3,オルビスケリー,23101235,False,,,
20260809,札幌,4,4,マイネルトレマーズ,23105363,False,,,
20260809,札幌,4,5,サクセスブルー,23106106,False,,,
20260809,札幌,4,6,メイショウセンドウ,23101756,False,,,
20260809,札幌,4,7,ブルーメンフェスト,23102180,False,,,
20260809,札幌,4,8,メイショウノヴァス,23104936,False,,,
20260809,札幌,4,9,ホウオウファラオ,23105365,False,,,
20260809,札幌,4,10,バンダムソレール,23102317,False,,,
20260809,札幌,4,11,サクセスゴールド,23106691,False,,,
20260809,札幌,4,12,シーンオブドリーム,23105412,False,,,
20260809,札幌,4,13,カプリースカラー,23102282,False,,,
20260809,札幌,4,14,スナークホクサイ,23102903,False,,,
20260809,札幌,5,1,ガザニア,24106936,False,,,
20260809,札幌,5,2,アブリコース,24103284,False,,,
20260809,札幌,5,3,アスコットペスカ,24104987,False,,,
20260809,札幌,5,4,ヌーベルフィズ,24106357,False,,,
20260809,札幌,5,5,チェッリーニ,24100609,False,,,
20260809,札幌,5,6,ソーハッピー,24101900,False,,,
20260809,札幌,5,7,ルイスイメル,24105051,False,,,
20260809,札幌,5,8,インサイドストーム,24101556,False,,,
20260809,札幌,5,9,バタフライ,24107318,False,,,
20260809,札幌,5,10,アヴレディール,24105638,False,,,
20260809,札幌,5,11,ウィエダンド,24106606,False,,,
20260809,札幌,5,12,セイレイカ,24105494,False,,,
20260809,札幌,5,13,フォルトゥナロッサ,24105934,False,,,
20260809,札幌,6,1,ダイナソーコー,23103548,False,,,
20260809,札幌,6,2,マジックファイヤー,23100771,False,,,
20260809,札幌,6,3,エコロゼルダ,23103566,False,,,
20260809,札幌,6,4,ブリックアブラック,23102410,False,,,
20260809,札幌,6,5,タビニュ,23101168,False,,,
20260809,札幌,6,6,ハバタクジユウニ,23105065,False,,,
20260809,札幌,6,7,ヘイジュード,23105280,False,,,
20260809,札幌,6,8,ミカレオス,23103767,False,,,
20260809,札幌,6,9,フォーチュンローズ,23103522,False,,,
20260809,札幌,6,10,シャンドラファール,23107221,False,,,
20260809,札幌,6,11,ドンテスタマスター,23105789,False,,,
20260809,札幌,6,12,ラッキーシグネチャ,23105302,False,,,
20260809,札幌,6,13,テイエムプレミラン,23104905,False,,,
20260809,札幌,6,14,ギオンバヤシ,23102695,False,,,
20260809,札幌,7,1,グランフルス,23102434,False,,,
20260809,札幌,7,2,オートカリテ,23103555,False,,,
20260809,札幌,7,3,デルマフジ,23103481,False,,,
20260809,札幌,7,4,トリニタリオ,23106438,False,,,
20260809,札幌,7,5,フローレンスフーガ,23101000,False,,,
20260809,札幌,7,6,ショウナンアワード,23100604,False,,,
20260809,札幌,7,7,メイショウローゼ,23101938,False,,,
20260809,札幌,7,8,シークレットシティ,23105659,False,,,
20260809,札幌,7,9,ウインアトム,23105881,False,,,
20260809,札幌,7,10,エイシンリーガル,23105537,False,,,
20260809,札幌,7,11,ウインブリザード,23105874,False,,,
20260809,札幌,7,12,ピースフルマインド,23105298,False,,,
20260809,札幌,7,13,ハートチャン,23102112,False,,,
20260809,札幌,7,14,メイショウハーブス,23104940,False,,,
20260809,札幌,7,15,レフィノス,23103433,False,,,
20260809,札幌,7,16,ミリオングローリー,23102386,False,,,
20260809,札幌,8,1,タイキフィアリーベ,22103156,False,,,
20260809,札幌,8,2,ファミーユウルーズ,22107021,False,,,
20260809,札幌,8,3,ノリノドラゴン,23101721,False,,,
20260809,札幌,8,4,ホノボノ,23100581,False,,,
20260809,札幌,8,5,メイショウコシュウ,23105032,False,,,
20260809,札幌,8,6,ポンピエ,21104945,False,,,
20260809,札幌,8,7,ピエナオルカ,23100715,False,,,
20260809,札幌,8,8,テイクオンミー,23102019,False,,,
20260809,札幌,8,9,クラウンアールシー,22101286,False,,,
20260809,札幌,8,10,サンデーパーティー,23100433,False,,,
20260809,札幌,8,11,ディアスポラ,21102498,False,,,
20260809,札幌,8,12,ローズマイスター,22104419,False,,,
20260809,札幌,8,13,ホウオウバローロ,21105772,False,,,
20260809,札幌,8,14,ブリオメンテ,21100303,False,,,
20260809,札幌,9,1,コスモファーブロス,23106420,False,,,
20260809,札幌,9,2,ニシノサリーナ,23105141,False,,,
20260809,札幌,9,3,アイアムステキ,23102210,False,,,
20260809,札幌,9,4,メラヴィリオーザ,20101920,False,,,
20260809,札幌,9,5,キタノクニカラ,22103316,False,,,
20260809,札幌,9,6,アトリウムチャペル,21105078,False,,,
20260809,札幌,9,7,スプリングデイ,21103322,False,,,
20260809,札幌,9,8,ハーモニーソング,22104440,False,,,
20260809,札幌,9,9,ラプランセス,23103733,False,,,
20260809,札幌,9,10,ルージュベルベット,21105749,False,,,
20260809,札幌,9,11,ウィングブルー,23105317,False,,,
20260809,札幌,9,12,マロンカラノテガミ,22101005,False,,,
20260809,札幌,9,13,アルマロクザン,20100759,False,,,
20260809,札幌,9,14,トレヴィ,22102988,False,,,
20260809,札幌,9,15,ノアールビーナス,23104047,False,,,
20260809,札幌,9,16,サトノカスターニャ,23105290,False,,,
20260809,札幌,10,1,マーゴットサンズ,23103696,False,,,
20260809,札幌,10,2,テイエムゴッホ,23101704,False,,,
20260809,札幌,10,3,プライベートアイズ,22101572,False,,,
20260809,札幌,10,4,テルアスワッド,22105486,False,,,
20260809,札幌,10,5,フォーワンセルフ,19102163,False,,,
20260809,札幌,10,6,ストラーダ,23100937,False,,,
20260809,札幌,10,7,マーウォルス,22102394,False,,,
20260809,札幌,10,8,ベラジオワールド,22110130,False,,,
20260809,札幌,10,9,レディゴディヴァ,22106851,False,,,
20260809,札幌,10,10,リメンバーヒム,22100321,False,,,
20260809,札幌,10,11,ウインハルモニア,22105610,False,,,
20260809,札幌,10,12,チザルピーノ,21101928,False,,,
20260809,札幌,10,13,タガノエルー,23104324,False,,,
20260809,札幌,10,14,ネクストダンサー,22103753,False,,,
20260809,札幌,11,1,クファシル,20103356,False,,,
20260809,札幌,11,2,アスティスプマンテ,21105358,False,,,
20260809,札幌,11,3,ブラックチャリス,23107008,False,,,
20260809,札幌,11,4,ステークホルダー,20103962,False,,,
20260809,札幌,11,5,ダノンマッキンリー,21105774,False,,,
20260809,札幌,11,6,シンバーシア,21105599,False,,,
20260809,札幌,11,7,ジョーメッドヴィン,21100522,False,,,
20260809,札幌,11,8,モズナナスター,22100490,False,,,
20260809,札幌,11,9,カンティーユ,18103515,False,,,
20260809,札幌,11,10,ナムラクララ,22102887,False,,,
20260809,札幌,11,11,ダンツエラン,22103304,False,,,
20260809,札幌,11,12,サウザンサニー,20109102,False,,,
20260809,札幌,11,13,ルシード,22103592,False,,,
20260809,札幌,11,14,マーブルパレス,23105203,False,,,
20260809,札幌,11,15,ウインアイオライト,20105203,False,,,
20260809,札幌,11,16,ロードフォアエース,21100130,False,,,
20260809,札幌,12,1,マイネルシンベリン,23100207,False,,,
20260809,札幌,12,2,ロングミックス,23103451,False,,,
20260809,札幌,12,3,ゴーゴータカシ,22102135,False,,,
20260809,札幌,12,4,グレーヌドジョワ,23103351,False,,,
20260809,札幌,12,5,グランセゾン,22106645,False,,,
20260809,札幌,12,6,ドーギッド,22105766,False,,,
20260809,札幌,12,7,ディーリライズ,23100521,False,,,
20260809,札幌,12,8,ヴァロアーク,23106905,False,,,
20260815,中京,1,1,アイゼンフォルク,24100725,False,,,
20260815,中京,1,2,タイセイルミナス,24104363,False,,,
20260815,中京,1,3,マルモタワー,24102979,False,,,
20260815,中京,1,4,タガノレクシア,24103380,False,,,
20260815,中京,1,5,ルガルデ,24108222,False,,,
20260815,中京,1,6,マルモリマイベスト,24108132,False,,,
20260815,中京,1,7,スピーディスピン,24107310,False,,,
20260815,中京,1,8,ソリドゥス,24104583,False,,,
20260815,中京,1,9,アイシテルヨナオミ,24107158,False,,,
20260815,中京,1,10,シャインロード,24107339,False,,,
20260815,中京,1,11,クリコキアナ,24100009,False,,,
20260815,中京,1,12,ラブシンフォニー,24107177,False,,,
20260815,中京,1,13,エコログレイス,24108329,False,,,
20260815,中京,1,14,ブレイズカルナバル,24107253,False,,,
20260815,中京,1,15,ブラックミューズ,24106131,False,,,
20260815,中京,1,16,スマートポーション,24101076,False,,,
20260815,中京,2,1,リアンマカ,23105253,False,,,
20260815,中京,2,2,ビケイムフリー,23104381,False,,,
20260815,中京,2,3,ノーブルラホーヤ,23103195,False,,,
20260815,中京,2,4,リフルフォース,23105788,True,,,
20260815,中京,2,5,シバノパージャン,23107409,False,,,
20260815,中京,2,6,トウカイジーク,23100555,False,,,
20260815,中京,2,7,ヤマニンアレシス,23104357,False,,,
20260815,中京,2,8,チャンピオンロード,23110023,False,,,
20260815,中京,2,9,アンガーザガール,23106856,False,,,
20260815,中京,2,10,ショウナンライラ,23100277,False,,,
20260815,中京,2,11,ベルフィーノ,23101013,False,,,
20260815,中京,2,12,キュールエサクラコ,23103684,False,,,
20260815,中京,2,13,デルニエジョイ,23101973,False,,,
20260815,中京,2,14,モカプウイング,23103334,False,,,
20260815,中京,2,15,グッデイ,23106988,False,,,
20260815,中京,3,1,リアルカムイ,24104764,False,,,
20260815,中京,3,2,ステラヴェント,24103414,False,,,
20260815,中京,3,3,セイウンマイラヴ,24101674,False,,,
20260815,中京,3,4,ピコキング,24108326,False,,,
20260815,中京,3,5,スクールディーヴァ,24104674,False,,,
20260815,中京,3,6,コルベータ,24106723,False,,,
20260815,中京,3,7,レットミーゴー,24104236,False,,,
20260815,中京,4,1,アンリミテッド,23104417,False,,,
20260815,中京,4,2,アイルトン,23102920,False,,,
20260815,中京,4,3,ペアピーターソン,23106404,False,,,
20260815,中京,4,4,パトローナス,23106931,False,,,
20260815,中京,4,5,ルナカカオ,23107432,False,,,
20260815,中京,4,6,スワトウ,23103333,False,,,
20260815,中京,4,7,ロングジーニアス,23103159,False,,,
20260815,中京,4,8,ハピネスサンライズ,23100910,False,,,
20260815,中京,4,9,ヴィーラー,23103081,False,,,
20260815,中京,4,10,ルージュエテルナ,23103330,False,,,
20260815,中京,4,11,リーガルスプレンダ,23103685,False,,,
20260815,中京,4,12,リントゥラウル,23101735,False,,,
20260815,中京,4,13,パノラマステージ,23107072,False,,,
20260815,中京,4,14,モンシーク,23105000,True,,,
20260815,中京,5,1,ノヴァレジーナ,23105587,False,,,
20260815,中京,5,2,メイショウプレマ,23101585,False,,,
20260815,中京,5,3,キミガスキダ,23100605,False,,,
20260815,中京,5,4,アティラン,23105641,False,,,
20260815,中京,5,5,ブライトココナッツ,23102724,False,,,
20260815,中京,5,6,エレーデサンライズ,23100912,False,,,
20260815,中京,5,7,アキノビューティー,23100233,False,,,
20260815,中京,5,8,ピンクカメリア,23101229,False,,,
20260815,中京,5,9,パーフェクトパティ,23106365,False,,,
20260815,中京,5,10,クレスコフェーヴ,23103829,False,,,
20260815,中京,5,11,ベイニーニャ,23105819,False,,,
20260815,中京,5,12,ショルタメンテ,23103819,False,,,
20260815,中京,5,13,フローマジック,23105252,False,,,
20260815,中京,5,14,グランビスタ,23107190,False,,,
20260815,中京,5,15,ウォーターコトノハ,23101666,False,,,
20260815,中京,5,16,マルベック,23105155,True,,,
20260815,中京,6,1,モンテディアーナ,22104597,False,,,
20260815,中京,6,2,ハルオーブ,20104732,False,,,
20260815,中京,6,3,ヒーローインチーフ,21106661,False,,,
20260815,中京,6,4,モンサンゴールデン,23104044,False,,,
20260815,中京,6,5,パリコレジェンヌ,22104501,False,,,
20260815,中京,6,6,タミゼ,21100650,False,,,
20260815,中京,6,7,トップアタック,23104528,False,,,
20260815,中京,6,8,ファイツオン,21100476,False,,,
20260815,中京,6,9,シラヌイ,23105668,False,,,
20260815,中京,6,10,フォーゲル,23105273,True,,,
20260815,中京,6,11,インフローレ,22102729,False,,,
20260815,中京,7,1,アラタマフェーヴル,21102115,False,,,
20260815,中京,7,2,シンゼンカガ,22105345,False,,,
20260815,中京,7,3,ドットクルー,20101486,False,,,
20260815,中京,7,4,ダノンジャイアン,22105399,False,,,
20260815,中京,7,5,バッデレイト,21102728,False,,,
20260815,中京,7,6,キーパフォーマー,21104948,False,,,
20260815,中京,7,7,フィオレストラーダ,22100626,False,,,
20260815,中京,7,8,カクウチ,23101405,False,,,
20260815,中京,8,1,アクセス,23100947,False,,,
20260815,中京,8,2,エイシンリファイン,23105495,False,,,
20260815,中京,8,3,スイッチビスケット,22106295,False,,,
20260815,中京,8,4,パンチャマハブータ,23101404,False,,,
20260815,中京,8,5,ピースヒロフェイス,21105769,False,,,
20260815,中京,8,6,ダンツウルス,23102901,False,,,
20260815,中京,8,7,ベンティガオルサ,23101582,False,,,
20260815,中京,8,8,チェルヴァーラ,23107106,False,,,
20260815,中京,8,9,アトレッタ,23104008,False,,,
20260815,中京,8,10,ショウグンマサムネ,23103897,False,,,
20260815,中京,9,1,ルシタニア,22104640,False,,,
20260815,中京,9,2,メイショウマドロス,21102835,False,,,
20260815,中京,9,3,エイシンティザー,23105516,False,,,
20260815,中京,9,4,ソリッドベーシス,22105697,False,,,
20260815,中京,9,5,メイショウサッソウ,23101953,False,,,
20260815,中京,9,6,オーレアミスト,22104841,False,,,
20260815,中京,9,7,インシオン,23107203,True,,,
20260815,中京,9,8,アーサーバローズ,23105468,False,,,
20260815,中京,9,9,プロスペクトパーク,22105548,False,,,
20260815,中京,9,10,タイセイドラード,22105075,False,,,
20260815,中京,9,11,ナリノシャーウッド,23105963,False,,,
20260815,中京,9,12,タリスマン,21104618,False,,,
20260815,中京,9,13,ケンフィールド,23101694,False,,,
20260815,中京,9,14,ロックウイズユー,22103143,False,,,
20260815,中京,9,15,ヨカオウ,23102707,False,,,
20260815,中京,9,16,ケイアイアマゾン,23105762,False,,,
20260815,中京,10,1,タイセイサーブル,23104674,False,,,
20260815,中京,10,2,エブリデイ,23102902,False,,,
20260815,中京,10,3,アーディアイリ,23102460,False,,,
20260815,中京,10,4,ラブミーナッソー,22103453,False,,,
20260815,中京,10,5,レーヴドアンジュ,22110157,False,,,
20260815,中京,10,6,バルミラクル,22106177,False,,,
20260815,中京,10,7,ナムラティアラ,23106228,False,,,
20260815,中京,10,8,アスクムービーオン,21102318,False,,,
20260815,中京,10,9,ミルミナーヴァ,21106332,False,,,
20260815,中京,10,10,ザングウィル,20110051,False,,,
20260815,中京,10,11,エイシンマールス,22102624,False,,,
20260815,中京,10,12,アーガイルショア,23103718,False,,,
20260815,中京,10,13,シュテフィ,23105301,False,,,
20260815,中京,10,14,ジューンセクレタ,23110029,False,,,
20260815,中京,10,15,キーンセンス,23110036,False,,,
20260815,中京,10,16,ララバッカナール,21107097,False,,,
20260815,中京,11,1,スマートティアナ,23102225,False,,,
20260815,中京,11,2,ミラキュラスアース,23107074,False,,,
20260815,中京,11,3,プチプランス,22101565,False,,,
20260815,中京,11,4,イージーライダー,23102814,False,,,
20260815,中京,11,5,メイショウビストロ,22103251,False,,,
20260815,中京,11,6,マルモア,21105245,False,,,
20260815,中京,11,7,レインオンミー,22104117,False,,,
20260815,中京,11,8,ハレアカラフラ,20103292,False,,,
20260815,中京,11,9,サリーチェ,22104794,False,,,
20260815,中京,11,10,フェルシナ,22105831,False,,,
20260815,中京,11,11,マイリトルヒーロー,23106785,False,,,
20260815,中京,11,12,ギザキズラヴ,22106715,False,,,
20260815,中京,11,13,ペプチドブッドレア,23105720,False,,,
20260815,中京,11,14,テレプシコーラ,22100457,False,,,
20260815,中京,11,15,ラガークイン,21105416,False,,,
20260815,中京,12,1,タマモビスケット,23102448,False,,,
20260815,中京,12,2,ワンダーミューズ,23100166,False,,,
20260815,中京,12,3,ブロンザイト,23106979,False,,,
20260815,中京,12,4,フェイトブレイカー,23101803,False,,,
20260815,中京,12,5,ナムラロダン,23106223,False,,,
20260815,中京,12,6,ザキノフレンズ,23104433,False,,,
20260815,中京,12,7,チョウスター,23104226,False,,,
20260815,中京,12,8,アイアン,23103096,False,,,
20260815,中京,12,9,ペコリズム,23106339,False,,,
20260815,中京,12,10,ブルークレスト,23101888,False,,,
20260815,中京,12,11,ハッピーリオン,23101899,False,,,
20260815,中京,12,12,チェカ,23104385,False,,,
20260815,中京,12,13,クリノゴージャス,23102488,False,,,
20260815,中京,12,14,ファーヴニル,23101691,False,,,
20260815,中京,12,15,ゴールドアーチ,23102051,False,,,
20260815,中京,12,16,ミスジェイド,23104199,False,,,
20260815,新潟,1,1,ミライノシャチョウ,24108324,False,,,
20260815,新潟,1,2,ムーチョピカンテ,24102839,False,,,
20260815,新潟,1,3,フルーツバスケット,24104561,False,,,
20260815,新潟,1,4,コナパームス,24106309,False,,,
20260815,新潟,1,5,スターマイン,24104692,False,,,
20260815,新潟,1,6,シュートザワークス,24107076,False,,,
20260815,新潟,1,7,オーラムミーティア,24107030,False,,,
20260815,新潟,1,8,マルガリート,24105550,False,,,
20260815,新潟,1,9,ドミナートル,24102244,False,,,
20260815,新潟,2,1,カナデルペガサス,24101108,False,,,
20260815,新潟,2,2,エコロブラン,24105831,False,,,
20260815,新潟,2,3,ディーヴァソラーレ,24106776,False,,,
20260815,新潟,2,4,スナッチアップ,24107017,False,,,
20260815,新潟,2,5,コスモベスケーデン,24103600,False,,,
20260815,新潟,2,6,マリノミステリアス,24100287,False,,,
20260815,新潟,2,7,オモチ,24103660,False,,,
20260815,新潟,2,8,マムダッドベル,24105177,False,,,
20260815,新潟,2,9,テリオスブギ,24106551,False,,,
20260815,新潟,2,10,アルデラッシュ,24106007,False,,,
20260815,新潟,2,11,アンナモエ,24105666,False,,,
20260815,新潟,2,12,ウキ,24102743,False,,,
20260815,新潟,2,13,ラインディーバ,24100942,False,,,
20260815,新潟,2,14,ジーティーマルク,24108000,False,,,
20260815,新潟,2,15,ハチキンキリシマ,24103969,False,,,
20260815,新潟,3,1,ルークスイテルム,24104167,False,,,
20260815,新潟,3,2,リボンロード,24107154,False,,,
20260815,新潟,3,3,ケイジャーダ,24103607,False,,,
20260815,新潟,3,4,モナークスヴァラー,24105883,False,,,
20260815,新潟,3,5,ルバート,24107023,False,,,
20260815,新潟,3,6,フォクセン,24106388,False,,,
20260815,新潟,3,7,ケブラダラボジェラ,24103613,False,,,
20260815,新潟,3,8,リバーススイープ,24107067,False,,,
20260815,新潟,3,9,コウサイリクリ,24102469,False,,,
20260815,新潟,3,10,ピコベリー,24100713,False,,,
20260815,新潟,3,11,キョウエイシャトル,24101173,False,,,
20260815,新潟,3,12,イカルステソーロ,24101291,False,,,
20260815,新潟,4,1,カフェプラウド,23102246,False,,,
20260815,新潟,4,2,ホットジュピター,23101396,False,,,
20260815,新潟,4,3,モーニンムスメ,23104693,False,,,
20260815,新潟,4,4,スマートレイナ,23106000,False,,,
20260815,新潟,4,5,イナンナ,23102211,False,,,
20260815,新潟,4,6,ワンダーバリエンス,23105196,False,,,
20260815,新潟,4,7,ヴェントベローチェ,23103133,False,,,
20260815,新潟,4,8,ニンジャトットリ,23106658,False,,,
20260815,新潟,4,9,ハンナパール,23100692,False,,,
20260815,新潟,4,10,マジギレカレン,23101433,False,,,
20260815,新潟,4,11,レオスキーム,23104893,False,,,
20260815,新潟,4,12,レイズレガシー,23102978,False,,,
20260815,新潟,4,13,ユニオンジャック,23109078,False,,,
20260815,新潟,4,14,バターショコラ,23105240,False,,,
20260815,新潟,4,15,ロンバスブレス,23106053,False,,,
20260815,新潟,5,1,スタートレイン,23103146,False,,,
20260815,新潟,5,2,モティスフォント,22104953,False,,,
20260815,新潟,5,3,ココボロ,21106419,False,,,
20260815,新潟,5,4,ウフドゥウフ,22105257,False,,,
20260815,新潟,5,5,デスサイズ,23101085,False,,,
20260815,新潟,5,6,シュペルリング,23104450,False,,,
20260815,新潟,5,7,ミスターマーボー,23100831,False,,,
20260815,新潟,5,8,ベレーバスク,23106477,False,,,
20260815,新潟,5,9,ポタリング,22101191,False,,,
20260815,新潟,5,10,ヤマメライズ,23105128,False,,,
20260815,新潟,5,11,デルマケセラセラ,22105477,False,,,
20260815,新潟,5,12,シャオママル,23100776,False,,,
20260815,新潟,5,13,ノーブルクロンヌ,23103657,False,,,
20260815,新潟,5,14,リーデレクオーレ,23104425,False,,,
20260815,新潟,5,15,グリオンヴール,23106883,False,,,
20260815,新潟,5,16,エバーラスト,23104764,False,,,
20260815,新潟,5,17,フェーダーローター,23106484,False,,,
20260815,新潟,5,18,カシオペア,22106203,False,,,
20260815,新潟,6,1,ダノンピクチャー,22104980,False,,,
20260815,新潟,6,2,プリズマジコ,21106077,False,,,
20260815,新潟,6,3,ゴールデンパゴーダ,23101116,False,,,
20260815,新潟,6,4,ランツフート,22105577,False,,,
20260815,新潟,6,5,ロードフィレール,23105818,False,,,
20260815,新潟,6,6,ファーングロット,22105280,False,,,
20260815,新潟,6,7,サミダレナイツ,22101605,False,,,
20260815,新潟,6,8,ビップチェイス,21105763,False,,,
20260815,新潟,6,9,キングズトゥルー,22103510,False,,,
20260815,新潟,6,10,バンフィエルド,19104531,False,,,
20260815,新潟,6,11,オールマイデイズ,20103718,False,,,
20260815,新潟,6,12,ブラックオリンピア,23107168,False,,,
20260815,新潟,6,13,パッションリッチ,22105390,False,,,
20260815,新潟,6,14,ズイウンゴサイ,21100597,False,,,
20260815,新潟,7,1,アメリカンチケット,21110122,False,,,
20260815,新潟,7,2,クリノオリーブ,21102259,False,,,
20260815,新潟,7,3,ペレグリン,21100906,False,,,
20260815,新潟,7,4,ライトニングゼウス,21104058,False,,,
20260815,新潟,7,5,ワークソング,21102462,False,,,
20260815,新潟,7,6,ハクサンアイリス,22100328,False,,,
20260815,新潟,7,7,エンヤラヴフェイス,21101737,False,,,
20260815,新潟,7,8,スプランドゥール,21100623,False,,,
20260815,新潟,7,9,イノセントキャット,21104745,False,,,
20260815,新潟,7,10,フウセツ,22101626,False,,,
20260815,新潟,7,11,ヴェロクオーレ,21101397,False,,,
20260815,新潟,7,12,ビバップ,21102700,False,,,
20260815,新潟,7,13,スノーサイレンス,22101675,False,,,
20260815,新潟,7,14,パラサイコロジー,22104862,False,,,
20260815,新潟,7,15,イリフィ,22110077,False,,,
20260815,新潟,8,1,プルメリアクヒオ,21103208,False,,,
20260815,新潟,8,2,インディヴァイン,23107090,False,,,
20260815,新潟,8,3,ルーナディサングエ,23103013,False,,,
20260815,新潟,8,4,レボルシオン,21103500,False,,,
20260815,新潟,8,5,ヨドノタイヨウ,22100348,False,,,
20260815,新潟,8,6,ベストブラザーズ,23101087,False,,,
20260815,新潟,8,7,ノーブルアクト,20104744,False,,,
20260815,新潟,8,8,インナーパッション,23103714,False,,,
20260815,新潟,8,9,ジェイエルモーダル,23106313,False,,,
20260815,新潟,8,10,シュガーハイ,22104177,False,,,
20260815,新潟,8,11,アンシュウマト,23101929,False,,,
20260815,新潟,8,12,グランドスウェル,23102833,False,,,
20260815,新潟,8,13,スターチスブーケ,21110075,False,,,
20260815,新潟,8,14,ターフクリスタル,23104958,False,,,
20260815,新潟,8,15,オンサイト,22100423,False,,,
20260815,新潟,9,1,シャンデルナゴル,20103193,False,,,
20260815,新潟,9,2,アメリカンピース,18110131,False,,,
20260815,新潟,9,3,ローンウルフ,21104112,False,,,
20260815,新潟,9,4,ブラックボイス,19105276,False,,,
20260815,新潟,9,5,セイウンパシュート,20100233,False,,,
20260815,新潟,9,6,プラチナドリーム,19106330,False,,,
20260815,新潟,9,7,ビーンスターク,21103578,False,,,
20260815,新潟,9,8,ローディアマント,20101429,False,,,
20260815,新潟,9,9,ピーターサイト,20105611,False,,,
20260815,新潟,9,10,パープルアドミラル,20104328,False,,,
20260815,新潟,9,11,ヴェールランス,19104767,False,,,
20260815,新潟,10,1,イデアクリスタル,23102033,False,,,
20260815,新潟,10,2,ブルーリファール,23106180,False,,,
20260815,新潟,10,3,マイネルシュラハト,23106436,False,,,
20260815,新潟,10,4,サンタピア,23102804,False,,,
20260815,新潟,10,5,エターナルホープ,23102555,False,,,
20260815,新潟,10,6,クライナリーゼ,23104192,False,,,
20260815,新潟,10,7,パワポケグッド,23106198,False,,,
20260815,新潟,10,8,オーシャンミューズ,23103510,False,,,
20260815,新潟,10,9,マーチンゲール,23102580,False,,,
20260815,新潟,10,10,ダノンオンザビート,23105369,False,,,
20260815,新潟,10,11,ニシノロッドマン,23104706,False,,,
20260815,新潟,10,12,レジェルテ,23107303,False,,,
20260815,新潟,10,13,コールリッジ,23106338,False,,,
20260815,新潟,10,14,ナツミカンチャン,23101733,False,,,
20260815,新潟,10,15,ジューンマーチ,23101848,False,,,
20260815,新潟,11,1,ジーティーソレイユ,23103728,False,,,
20260815,新潟,11,2,コンフィアンサ,23102342,False,,,
20260815,新潟,11,3,ミヤカグラ,23105567,False,,,
20260815,新潟,11,4,スーホ,23107249,False,,,
20260815,新潟,11,5,アルティーノ,23106062,False,,,
20260815,新潟,11,6,リュウセイコウテイ,23106437,False,,,
20260815,新潟,11,7,スタンダールロマン,23105725,False,,,
20260815,新潟,11,8,メーレスブリーゼ,23106429,False,,,
20260815,新潟,11,9,ダイユウヴェンティ,23105102,False,,,
20260815,新潟,11,10,ソレム,23107213,False,,,
20260815,新潟,11,11,シャルマンナナ,23101483,False,,,
20260815,新潟,11,12,リナシタ,23100290,False,,,
20260815,新潟,11,13,エレクトロン,23106608,False,,,
20260815,新潟,11,14,ユアベストダンサー,23103663,False,,,
20260815,新潟,11,15,メインテーマ,23103571,False,,,
20260815,新潟,11,16,ルディドゥゲンジ,23103934,False,,,
20260815,新潟,11,17,カゼノオモイデ,23100890,False,,,
20260815,新潟,11,18,ラウンドヒル,23105751,False,,,
20260815,新潟,12,1,ソニックブーム,23102008,False,,,
20260815,新潟,12,2,サマーナジュム,23104379,False,,,
20260815,新潟,12,3,イノーマル,23105014,False,,,
20260815,新潟,12,4,カドドゥディエ,23100812,False,,,
20260815,新潟,12,5,ラグアイリータ,23106463,False,,,
20260815,新潟,12,6,ナムラオリガミ,23106236,False,,,
20260815,新潟,12,7,モーブプリエール,23107282,False,,,
20260815,新潟,12,8,キコリータ,23103321,False,,,
20260815,新潟,12,9,セレスティアハート,23100186,False,,,
20260815,新潟,12,10,アドマイヤフク,23101048,False,,,
20260815,新潟,12,11,スノーエルヴァ,23106145,False,,,
20260815,新潟,12,12,コスモペンタス,23106482,False,,,
20260815,新潟,12,13,セキテイリノ,23103447,False,,,
20260815,新潟,12,14,キリスパークル,23100312,False,,,
20260815,新潟,12,15,アマンヘセル,23102389,False,,,
20260815,新潟,12,16,モストロ,23100893,False,,,
20260815,新潟,12,17,エラガバリウム,23107335,False,,,
20260815,新潟,12,18,フォーエバーラブ,23102941,False,,,
20260815,札幌,1,1,ジャストグレース,23102517,False,,,
20260815,札幌,1,2,リベンジャー,23104286,False,,,
20260815,札幌,1,3,クルビデンス,23104001,False,,,
20260815,札幌,1,4,マーゴットデウス,23103289,False,,,
20260815,札幌,1,5,メイショウシンガン,23104988,False,,,
20260815,札幌,1,6,フレンチブラッサム,23105062,False,,,
20260815,札幌,1,7,ショウナンタヅナ,23100531,False,,,
20260815,札幌,1,8,ニットウエース,23104977,False,,,
20260815,札幌,1,9,ロードクローザー,23105060,False,,,
20260815,札幌,1,10,アンタレス,23100017,False,,,
20260815,札幌,1,11,ゴーントゥファー,23106531,False,,,
20260815,札幌,1,12,サンオブザサン,23101979,False,,,
20260815,札幌,1,13,フェンリル,23106726,False,,,
20260815,札幌,1,14,ワンダーゾルダート,23101714,False,,,
20260815,札幌,2,1,マイネルラビリンス,24105029,False,,,
20260815,札幌,2,2,オンザボー,24103472,False,,,
20260815,札幌,2,3,イッペイ,24104442,False,,,
20260815,札幌,2,4,マイネルサリーレ,24103571,False,,,
20260815,札幌,2,5,ローザベッラ,24101670,False,,,
20260815,札幌,2,6,カリスマン,24106804,False,,,
20260815,札幌,2,7,ラヴァンドローリエ,24103131,False,,,
20260815,札幌,2,8,ルージュロマーナ,24102132,False,,,
20260815,札幌,2,9,レゾンフォルテ,24105188,False,,,
20260815,札幌,2,10,タクミオジュウ,24100130,False,,,
20260815,札幌,3,1,ナブッコ,23104377,False,,,
20260815,札幌,3,2,フェアリーキャット,23104847,False,,,
20260815,札幌,3,3,ソルトアイリス,23104169,False,,,
20260815,札幌,3,4,トルークマクト,23101088,False,,,
20260815,札幌,3,5,シルフ,23107214,False,,,
20260815,札幌,3,6,アニマレイ,23105279,False,,,
20260815,札幌,3,7,デルマハルナ,23101370,False,,,
20260815,札幌,3,8,ダイユウサルターレ,23102809,False,,,
20260815,札幌,3,9,サンライズロイ,23106556,False,,,
20260815,札幌,3,10,フェイスリフト,23106605,False,,,
20260815,札幌,3,11,メイワキラリ,23103746,False,,,
20260815,札幌,3,12,ツクバヴァンガード,23101037,False,,,
20260815,札幌,4,1,ザンテソーロ,23106733,False,,,
20260815,札幌,4,2,シエルブリエ,23102187,False,,,
20260815,札幌,4,3,ポップアップ,23105444,False,,,
20260815,札幌,4,4,ロードステラート,23105838,False,,,
20260815,札幌,4,5,ガビーズメロディ,23106214,False,,,
20260815,札幌,4,6,ウインガネーシャ,23105870,False,,,
20260815,札幌,4,7,コイバナ,23102700,False,,,
20260815,札幌,4,8,ワイルドカイザー,23102550,False,,,
20260815,札幌,4,9,ブラックパロット,23107307,False,,,
20260815,札幌,4,10,ブロント,23105678,False,,,
20260815,札幌,4,11,ウインモンクール,23105889,False,,,
20260815,札幌,4,12,モロノカガヤキ,23106060,False,,,
20260815,札幌,5,1,パーフェクトゲーム,24105302,False,,,
20260815,札幌,5,2,スピリッツ,24102041,False,,,
20260815,札幌,5,3,フレンドミラノ,24100841,False,,,
20260815,札幌,5,4,ディンクスマッシュ,24104842,False,,,
20260815,札幌,5,5,ジオパークカツキ,24102740,False,,,
20260815,札幌,5,6,ハミングリップス,24101510,False,,,
20260815,札幌,5,7,キャンドル,24101730,False,,,
20260815,札幌,5,8,アオイスミレ,24106414,False,,,
20260815,札幌,5,9,トスカ,24105538,False,,,
20260815,札幌,5,10,スマートライナー,24100838,False,,,
20260815,札幌,5,11,ゲームチェンジャー,24105634,False,,,
20260815,札幌,5,12,タワーレイヴン,24109022,False,,,
20260815,札幌,6,1,グローリーバローズ,23105470,False,,,
20260815,札幌,6,2,タマモパルファン,23104230,False,,,
20260815,札幌,6,3,フラワーフェアリー,23102361,False,,,
20260815,札幌,6,4,ヒャクレツケン,23106687,False,,,
20260815,札幌,6,5,レイナデルアイレ,23103559,False,,,
20260815,札幌,6,6,ニシノシャルム,23105138,False,,,
20260815,札幌,6,7,エアヴァイブス,23106910,False,,,
20260815,札幌,6,8,エイシンキーンラン,23105530,False,,,
20260815,札幌,6,9,シャルムグリーン,23101459,False,,,
20260815,札幌,6,10,ショウナンバーボン,23106620,False,,,
20260815,札幌,6,11,サウンドファミリエ,23104254,False,,,
20260815,札幌,6,12,ヤマヤロード,23100351,False,,,
20260815,札幌,6,13,ランウェイミューズ,23107304,False,,,
20260815,札幌,6,14,アップターンデイ,23106772,False,,,
20260815,札幌,7,1,メリザンド,22105182,False,,,
20260815,札幌,7,2,エリナ,22101492,False,,,
20260815,札幌,7,3,ミッキーテネシー,23102238,False,,,
20260815,札幌,7,4,アンディムジーク,23103797,False,,,
20260815,札幌,7,5,エイカイコバチ,23107144,False,,,
20260815,札幌,7,6,エトワールブーケ,23105993,False,,,
20260815,札幌,7,7,ニシノエピカリ,22100724,False,,,
20260815,札幌,7,8,ヴァーナリー,22104977,False,,,
20260815,札幌,7,9,アドマイヤシュラ,23106840,False,,,
20260815,札幌,7,10,ドマーネ,22103271,False,,,
20260815,札幌,7,11,ディヒターリーベ,22105153,False,,,
20260815,札幌,7,12,エイトスターズ,20103772,False,,,
20260815,札幌,7,13,セットエトワール,23103792,False,,,
20260815,札幌,7,14,キタノサリスカ,23105977,False,,,
20260815,札幌,7,15,ルージュスティーズ,22103063,False,,,
20260815,札幌,8,1,フェニーチェドーロ,22101408,False,,,
20260815,札幌,8,2,カリーン,22105532,False,,,
20260815,札幌,8,3,ザハント,22102929,False,,,
20260815,札幌,8,4,ファンタイムギフト,22102378,False,,,
20260815,札幌,8,5,タイセツナヒ,23102352,False,,,
20260815,札幌,8,6,ビービーバザーク,22102397,False,,,
20260815,札幌,8,7,ヒロイックヴァース,23102418,False,,,
20260815,札幌,8,8,ハイライトニング,23105381,False,,,
20260815,札幌,8,9,ロードアマルフィ,23105786,False,,,
20260815,札幌,8,10,ミスティマウンテン,22101684,False,,,
20260815,札幌,8,11,ピースフルワールド,21102483,False,,,
20260815,札幌,9,1,コスモハナミズキ,24103590,False,,,
20260815,札幌,9,2,アヴナント,24102518,False,,,
20260815,札幌,9,3,アヴィアトーレ,24105890,False,,,
20260815,札幌,9,4,キャトルブランシュ,24104046,False,,,
20260815,札幌,9,5,ミラクルヴェリテ,24100380,False,,,
20260815,札幌,9,6,アゴルディーノ,24105444,False,,,
20260815,札幌,9,7,ウインワーグナー,24103053,False,,,
20260815,札幌,9,8,デアグランツ,24106399,False,,,
20260815,札幌,10,1,ガットネロ,20105073,False,,,
20260815,札幌,10,2,セイプリーズ,22105583,False,,,
20260815,札幌,10,3,ムチャスグラシアス,21104217,False,,,
20260815,札幌,10,4,ブルボンクイーン,21100297,False,,,
20260815,札幌,10,5,スムースベルベット,20106987,False,,,
20260815,札幌,10,6,ブライティアダイヤ,21102468,False,,,
20260815,札幌,10,7,モズトキキ,21102914,False,,,
20260815,札幌,10,8,グランテレーズ,21102401,False,,,
20260815,札幌,10,9,ベニシア,21100662,False,,,
20260815,札幌,10,10,メイショウミリオレ,21103278,False,,,
20260815,札幌,10,11,コックオーヴァン,23106405,False,,,
20260815,札幌,10,12,ハリウッドメモリー,22100632,False,,,
20260815,札幌,10,13,ベビーズブレス,22106351,False,,,
20260815,札幌,10,14,ストレイトアスク,21102312,False,,,
20260815,札幌,10,15,ミニョンマルーン,22103151,False,,,
20260815,札幌,10,16,エルサトアナ,22100933,False,,,
20260815,札幌,11,1,プロミシングスター,21103073,False,,,
20260815,札幌,11,2,マンオブザマッチ,22101677,False,,,
20260815,札幌,11,3,キャットテイル,22101678,False,,,
20260815,札幌,11,4,ノーブルスカイ,21102256,False,,,
20260815,札幌,11,5,ゲキザル,19102102,False,,,
20260815,札幌,11,6,レーウィン,21100734,False,,,
20260815,札幌,11,7,セボンサデッセ,22104903,False,,,
20260815,札幌,11,8,トルショー,22103766,False,,,
20260815,札幌,11,9,キュールエフウジン,19102983,False,,,
20260815,札幌,11,10,モズカトレア,22102123,False,,,
20260815,札幌,11,11,アイウィル,21103502,False,,,
20260815,札幌,11,12,アスクケンタッキー,23110100,False,,,
20260815,札幌,11,13,ロードブレイズ,21100162,False,,,
20260815,札幌,11,14,スマートカイロス,22102735,False,,,
20260815,札幌,12,1,ジャストビート,23101090,False,,,
20260815,札幌,12,2,テイクザクラウン,21102379,False,,,
20260815,札幌,12,3,ジーティートシオー,22104661,False,,,
20260815,札幌,12,4,ペリプルス,20105796,False,,,
20260815,札幌,12,5,タケルフォーカス,23106077,False,,,
20260815,札幌,12,6,ブレイジングスター,22103644,False,,,
20260815,札幌,12,7,ミッドタウンナイト,22105529,False,,,
20260815,札幌,12,8,バルドル,23104920,False,,,
20260815,札幌,12,9,ミッキーファルコン,23107259,False,,,
20260815,札幌,12,10,オブラプリーマ,23100237,False,,,
20260815,札幌,12,11,サイモンイロハニー,22104164,False,,,
20260815,札幌,12,12,アーレムアレス,23105223,False,,,
20260815,札幌,12,13,シャインフリーリー,22101495,False,,,
20260815,札幌,12,14,シャインバオバブ,22106180,False,,,
20260816,中京,1,1,スマートメモリー,24104520,False,,,
20260816,中京,1,2,インディジャズ,24106383,False,,,
20260816,中京,1,3,ヤマトデュノール,24104826,False,,,
20260816,中京,1,4,ナムラメアリー,24103699,False,,,
20260816,中京,1,5,バクソウシャチョウ,24108273,False,,,
20260816,中京,1,6,ラホーヤアイズ,24104986,False,,,
20260816,中京,1,7,メイケイリチャード,24105760,False,,,
20260816,中京,1,8,カツダルマ,24101744,False,,,
20260816,中京,1,9,アームズラムレイ,24105630,False,,,
20260816,中京,1,10,キシュウマミー,24101724,False,,,
20260816,中京,2,1,コパノコーリング,24104646,False,,,
20260816,中京,2,2,アイビークロノス,24108317,False,,,
20260816,中京,2,3,ソルテヴェローチェ,24106640,True,,,
20260816,中京,2,4,ジョルティーニ,24108221,False,,,
20260816,中京,2,5,ティンクルピクシー,24103560,False,,,
20260816,中京,2,6,キモンミナリッチ,24104785,False,,,
20260816,中京,2,7,ピコジャック,24108327,False,,,
20260816,中京,2,8,クルクルミラクル,24100784,False,,,
20260816,中京,2,9,ドリーペイル,24101321,False,,,
20260816,中京,2,10,ガヤーズランボー,24105526,False,,,
20260816,中京,2,11,マコトブリッツ,24102997,False,,,
20260816,中京,2,12,パシアンジェンヌ,24105160,False,,,
20260816,中京,3,1,グルード,24101155,False,,,
20260816,中京,3,2,サウンドシェリー,24103035,True,,,
20260816,中京,3,3,デュアルサイン,24107058,False,,,
20260816,中京,3,4,ゴールドシューター,24103680,False,,,
20260816,中京,3,5,ティフォシ,24103816,False,,,
20260816,中京,3,6,テラレガル,24101678,False,,,
20260816,中京,3,7,グラシアレスインク,24106430,False,,,
20260816,中京,3,8,ホウオウワールド,24106491,False,,,
20260816,中京,4,1,テイクザスローン,23103707,False,,,
20260816,中京,4,2,コスモフィレンツェ,23107094,False,,,
20260816,中京,4,3,リボンインザスカイ,23104882,False,,,
20260816,中京,4,4,ダーコ,23103497,False,,,
20260816,中京,4,5,スレイクイーン,23105798,False,,,
20260816,中京,4,6,バックドラフト,23105323,False,,,
20260816,中京,4,7,レッドブライトン,23107357,False,,,
20260816,中京,4,8,ミーサーク,23104376,False,,,
20260816,中京,4,9,オーマイラッキーン,23102060,False,,,
20260816,中京,4,10,ニミッツハイウェイ,23103477,False,,,
20260816,中京,4,11,プロスト,23101677,False,,,
20260816,中京,4,12,キョウエイクローム,23102343,False,,,
20260816,中京,4,13,ドットカモン,23104773,False,,,
20260816,中京,4,14,メイショウタカネ,23105028,False,,,
20260816,中京,4,15,マテンロウブリッジ,23101525,False,,,
20260816,中京,4,16,テーオーシュテルン,23104546,False,,,
20260816,中京,4,17,プシュパ,23101156,False,,,
20260816,中京,4,18,ホウオウモチーヴ,23105281,False,,,
20260816,中京,5,1,トリーア,23106282,False,,,
20260816,中京,5,2,セッシュウ,23102255,False,,,
20260816,中京,5,3,タイセイドゥマーニ,23105377,False,,,
20260816,中京,5,4,リフラ,23106018,False,,,
20260816,中京,5,5,キタノアンドレイ,23104012,False,,,
20260816,中京,5,6,クロレ,23110041,False,,,
20260816,中京,5,7,ナリタアーマー,23105635,False,,,
20260816,中京,5,8,パンサーズ,23104325,False,,,
20260816,中京,5,9,モズプリフォール,23105738,False,,,
20260816,中京,5,10,ペンタトニッカー,23102922,False,,,
20260816,中京,5,11,ペプチドアロン,23102022,False,,,
20260816,中京,5,12,ゼットドリーム,23104468,False,,,
20260816,中京,5,13,ソブリンズオーブ,23103785,False,,,
20260816,中京,5,14,ジョーカー,23105348,False,,,
20260816,中京,5,15,キングズテイル,23105124,False,,,
20260816,中京,5,16,ブラストビート,23106017,False,,,
20260816,中京,6,1,ホウオウタイタン,22103278,False,,,
20260816,中京,6,2,ステラクラウン,21101454,False,,,
20260816,中京,6,3,エアビッグマム,22105250,False,,,
20260816,中京,6,4,スターリングアップ,21105102,False,,,
20260816,中京,6,5,アーリーハーベスト,23107071,False,,,
20260816,中京,6,6,パフュームセント,21106100,False,,,
20260816,中京,6,7,レイピカケ,21106904,False,,,
20260816,中京,7,1,ブエナオンダ,21105454,True,,,
20260816,中京,7,2,ファントムシーフ,20106582,False,,,
20260816,中京,7,3,ラヴァンダ,21107098,True,,,
20260816,中京,7,4,カズミクラーシュ,21105564,False,,,
20260816,中京,7,5,ミニトランザット,22105230,False,,,
20260816,中京,7,6,キープカルム,21105119,False,,,
20260816,中京,7,7,カネラフィーナ,22104839,False,,,
20260816,中京,7,8,スイープアワーズ,20103428,False,,,
20260816,中京,7,9,リリージョワ,23105312,False,,,
20260816,中京,7,10,ナムラコスモス,23106227,False,,,
20260816,中京,7,11,チェルビアット,22105778,False,,,
20260816,中京,7,12,サトノシャイニング,22101420,False,,,
20260816,中京,7,13,ケイズレーヴ,22103793,False,,,
20260816,中京,7,14,ミナデオロ,21104854,False,,,
20260816,中京,7,15,ショウナンアデイブ,19105239,False,,,
20260816,中京,7,16,カンシン,22103146,False,,,
20260816,中京,8,1,タマモジャスミン,22103619,False,,,
20260816,中京,8,2,マキシマムビスタ,22103746,False,,,
20260816,中京,8,3,ミクストベリーズ,22110038,False,,,
20260816,中京,8,4,アスゴッド,22103704,False,,,
20260816,中京,8,5,カナタコナタ,23104700,False,,,
20260816,中京,8,6,コスモストーム,22104120,False,,,
20260816,中京,8,7,ラピダリア,21100652,False,,,
20260816,中京,8,8,ジュルナール,22104788,True,,,
20260816,中京,8,9,ケープアグラス,21100382,False,,,
20260816,中京,8,10,ダノンキラウェア,21100171,True,,,
20260816,中京,8,11,ワンダーカモン,21100739,False,,,
20260816,中京,8,12,ラインジーク,23101323,False,,,
20260816,中京,8,13,オコタンペ,21105849,False,,,
20260816,中京,8,14,アンビシャスヨシノ,22101903,False,,,
20260816,中京,8,15,メイショウタムシバ,21103268,False,,,
20260816,中京,8,16,アリエスキング,21101468,False,,,
20260816,中京,9,1,デルマトカチ,23101363,False,,,
20260816,中京,9,2,ゴールドアベニュー,23101197,False,,,
20260816,中京,9,3,ロイドウェバー,23102013,False,,,
20260816,中京,9,4,ジャスティンレビン,23102593,False,,,
20260816,中京,9,5,スミヨン,23102168,False,,,
20260816,中京,9,6,ナムラヴンダー,23106243,False,,,
20260816,中京,9,7,グリミスティ,23101308,False,,,
20260816,中京,9,8,グランシャン,23102630,False,,,
20260816,中京,9,9,オープンザパンドラ,23105573,False,,,
20260816,中京,9,10,ヴァンドゥーヴル,23105232,False,,,
20260816,中京,9,11,ブルーザー,23106218,False,,,
20260816,中京,9,12,スクランプシャス,23103411,False,,,
20260816,中京,9,13,タイセイグローバル,23105256,False,,,
20260816,中京,9,14,ダノンオブアイデア,23103398,False,,,
20260816,中京,9,15,ヨシノサンキュー,23100141,False,,,
20260816,中京,9,16,スマートエラン,23106007,False,,,
20260816,中京,9,17,ノチェブエナ,23103708,False,,,
20260816,中京,9,18,レーヴドリュヌ,23102073,False,,,
20260816,中京,10,1,オーケーリアン,23105544,False,,,
20260816,中京,10,2,マリーヌ,22104990,False,,,
20260816,中京,10,3,ルルフィーユ,21102894,False,,,
20260816,中京,10,4,ベルソテイラ,23102641,False,,,
20260816,中京,10,5,ザラタン,22107342,False,,,
20260816,中京,10,6,バシリス,22106631,False,,,
20260816,中京,10,7,ガールズデイアウト,22101706,False,,,
20260816,中京,10,8,ティエラレイナ,23104861,False,,,
20260816,中京,10,9,アーデルリーベ,22104633,False,,,
20260816,中京,10,10,ヴァイヴァーイ,23106711,False,,,
20260816,中京,10,11,エイコーンドリーム,23104858,False,,,
20260816,中京,10,12,ローズゴジャール,22103065,False,,,
20260816,中京,10,13,リポジノ,22104301,False,,,
20260816,中京,10,14,クレマチス,23104393,False,,,
20260816,中京,10,15,ブラッドムーン,23102701,False,,,
20260816,中京,10,16,コズミックフレア,23103852,False,,,
20260816,中京,11,1,グレゴリオ,22101690,False,,,
20260816,中京,11,2,フルールジェンヌ,23103247,False,,,
20260816,中京,11,3,フロンティエール,22105012,False,,,
20260816,中京,11,4,ベルフラム,23106107,False,,,
20260816,中京,11,5,セルズパワー,22102052,False,,,
20260816,中京,11,6,キョラムン,22107147,False,,,
20260816,中京,11,7,ルージュバロン,23107105,False,,,
20260816,中京,11,8,ジョワイユノエル,22105715,False,,,
20260816,中京,11,9,フィラーエ,23102025,False,,,
20260816,中京,11,10,ダノンフェルゼン,22104892,False,,,
20260816,中京,11,11,フォルナックス,23107183,False,,,
20260816,中京,11,12,ヴァージル,22106912,False,,,
20260816,中京,11,13,スウィッチインラヴ,23105300,False,,,
20260816,中京,11,14,マイティキングダム,23101501,True,,,
20260816,中京,11,15,キングケープ,23102990,False,,,
20260816,中京,11,16,ブーディガ,22101429,True,,,
20260816,中京,12,1,メイショウジンソウ,23101043,False,,,
20260816,中京,12,2,レイワノキセキ,23102718,False,,,
20260816,中京,12,3,シンゼンコジロウ,23107480,False,,,
20260816,中京,12,4,サトノディヴァイン,23105010,False,,,
20260816,中京,12,5,タガノランパート,23104330,False,,,
20260816,中京,12,6,クボウサマ,23102708,False,,,
20260816,中京,12,7,バチラ,23104937,False,,,
20260816,中京,12,8,ガトー,23101650,False,,,
20260816,中京,12,9,ハッピーブルー,23104570,False,,,
20260816,中京,12,10,コンゴウフジ,23104063,False,,,
20260816,中京,12,11,ゴールデンドラゴン,23104872,False,,,
20260816,中京,12,12,タロ,23102726,False,,,
20260816,中京,12,13,アイランド,23100944,False,,,
20260816,中京,12,14,カラバッシュ,23107252,False,,,
20260816,中京,12,15,マーゴットショット,23100899,False,,,
20260816,中京,12,16,グレートアゲイン,23100567,False,,,
20260816,新潟,1,1,サトノスプレマシー,24107260,False,,,
20260816,新潟,1,2,ユタライト,24106664,False,,,
20260816,新潟,1,3,ビーズスティンガー,24102989,False,,,
20260816,新潟,1,4,アテナブレイブ,24105671,False,,,
20260816,新潟,1,5,アルアンダルス,24100316,False,,,
20260816,新潟,1,6,スケルツォテソーロ,24101296,False,,,
20260816,新潟,1,7,クラオルグジェシダ,24100295,False,,,
20260816,新潟,1,8,インサイドエッジ,24107186,False,,,
20260816,新潟,1,9,シュネーバレン,24100076,False,,,
20260816,新潟,1,10,スターリーデー,24107146,False,,,
20260816,新潟,1,11,フランベリー,24100813,False,,,
20260816,新潟,1,12,レーゲンシャウアー,24104453,False,,,
20260816,新潟,1,13,トリプティーク,24101755,False,,,
20260816,新潟,2,1,アグアフレスカ,23103579,False,,,
20260816,新潟,2,2,ノブステップ,23103955,False,,,
20260816,新潟,2,3,サヴマ,23106182,False,,,
20260816,新潟,2,4,レイランディ,23103506,False,,,
20260816,新潟,2,5,ベルトラッキ,23105552,False,,,
20260816,新潟,2,6,アイスアイスベイビ,23102937,False,,,
20260816,新潟,2,7,ラウターユーベル,23102358,False,,,
20260816,新潟,2,8,コンティ,23105305,False,,,
20260816,新潟,2,9,ノアソノマ,23100512,False,,,
20260816,新潟,2,10,フライングビーナス,23101588,False,,,
20260816,新潟,2,11,シャリキモン,23103743,False,,,
20260816,新潟,2,12,ゴールドエンバー,23102333,False,,,
20260816,新潟,2,13,ヨーゼフ,23107061,False,,,
20260816,新潟,2,14,アルティマローネ,23106811,False,,,
20260816,新潟,2,15,ゾネブルーム,23107195,False,,,
20260816,新潟,2,16,メジロピオラ,23103905,False,,,
20260816,新潟,2,17,コスモメイウェザー,23105330,False,,,
20260816,新潟,3,1,サザンヴィターレ,24100877,False,,,
20260816,新潟,3,2,ラヴァブルロマン,24100285,False,,,
20260816,新潟,3,3,ラキアーヴェ,24106284,False,,,
20260816,新潟,3,4,セイウンガジュマル,24105391,False,,,
20260816,新潟,3,5,パルセノスミハ,24104736,False,,,
20260816,新潟,3,6,アレックスケー,24101581,False,,,
20260816,新潟,3,7,キュータンチャン,24105548,False,,,
20260816,新潟,3,8,イリスロッソ,24101054,False,,,
20260816,新潟,3,9,ブラボーワン,24102820,False,,,
20260816,新潟,3,10,マリノエスプレッソ,24100292,False,,,
20260816,新潟,3,11,エリンヘラクレス,24103242,False,,,
20260816,新潟,3,12,レオライジング,24101902,False,,,
20260816,新潟,3,13,アイアムキレマスネ,24102201,False,,,
20260816,新潟,3,14,リコルディオーロ,24102636,False,,,
20260816,新潟,3,15,アップルザビート,24109020,False,,,
20260816,新潟,4,1,アルティシモ,24101781,False,,,
20260816,新潟,4,2,ビップラージャ,24102782,False,,,
20260816,新潟,4,3,ラヴレイン,24106768,False,,,
20260816,新潟,4,4,ロインクロス,24105759,False,,,
20260816,新潟,4,5,ヨドノプレミアム,24102735,False,,,
20260816,新潟,4,6,リキマル,24104688,False,,,
20260816,新潟,4,7,ダノンアズール,24106361,False,,,
20260816,新潟,4,8,ノーブルミント,24100566,False,,,
20260816,新潟,4,9,トップレイアー,24106413,False,,,
20260816,新潟,4,10,パープルタウン,24102097,False,,,
20260816,新潟,4,11,マルスレジーナ,24106621,False,,,
20260816,新潟,4,12,リアスブルー,24106071,False,,,
20260816,新潟,4,13,コスモデュアリズム,24105344,False,,,
20260816,新潟,5,1,ペプロス,22100106,False,,,
20260816,新潟,5,2,ビルバンテ,23103552,False,,,
20260816,新潟,5,3,クモヒトツナイ,22101498,False,,,
20260816,新潟,5,4,モントゥリエ,23105650,False,,,
20260816,新潟,5,5,ショウナンダイン,23102730,False,,,
20260816,新潟,5,6,ダノンファンスター,23105324,False,,,
20260816,新潟,5,7,ケイツールピア,21101801,False,,,
20260816,新潟,5,8,コーディアリー,23104488,False,,,
20260816,新潟,5,9,コスモキャバリエ,22106832,False,,,
20260816,新潟,5,10,キシダンチョウ,23106960,False,,,
20260816,新潟,5,11,カザンラク,22104666,False,,,
20260816,新潟,5,12,デイジー,21104173,False,,,
20260816,新潟,6,1,トーアアイギス,21105334,False,,,
20260816,新潟,6,2,リュウノタブーク,21104365,False,,,
20260816,新潟,6,3,スコーピオン,21100792,False,,,
20260816,新潟,6,4,ショウナンラスボス,18103926,False,,,
20260816,新潟,6,5,エコロジーク,22110108,False,,,
20260816,新潟,6,6,ベイビーキッス,22102514,False,,,
20260816,新潟,6,7,クーデール,22100648,False,,,
20260816,新潟,6,8,カウスリップ,22100627,False,,,
20260816,新潟,6,9,メイショウキルギス,21103155,False,,,
20260816,新潟,6,10,クールベイビー,21100356,False,,,
20260816,新潟,6,11,モーデン,18100442,True,,,
20260816,新潟,6,12,ポッドソル,22105537,False,,,
20260816,新潟,6,13,トールキン,20103284,False,,,
20260816,新潟,7,1,エコロガイア,21110056,False,,,
20260816,新潟,7,2,ファムエレガンテ,22110142,False,,,
20260816,新潟,7,3,スリーピース,22104972,False,,,
20260816,新潟,7,4,サフランヒーロー,21100895,False,,,
20260816,新潟,7,5,コンクイスタ,20106557,False,,,
20260816,新潟,7,6,ロードフロンティア,21100161,True,,,
20260816,新潟,7,7,アッチャゴーラ,20102843,False,,,
20260816,新潟,7,8,アドバンスファラオ,20110106,True,,,
20260816,新潟,7,9,ヤマニンアルリフラ,21106601,True,,,
20260816,新潟,7,10,ジョーローリット,21100768,False,,,
20260816,新潟,7,11,ワイワイレジェンド,21103812,False,,,
20260816,新潟,7,12,エスカル,21110069,False,,,
20260816,新潟,7,13,ダノンタッチダウン,20103277,False,,,
20260816,新潟,7,14,カンパニョーラ,19104385,False,,,
20260816,新潟,7,15,グロリアラウス,21104830,False,,,
20260816,新潟,8,1,リラゲイル,22103518,False,,,
20260816,新潟,8,2,カレンワッツアップ,21104321,False,,,
20260816,新潟,8,3,ダディーズトリップ,16100126,False,,,
20260816,新潟,8,4,カゼノタカトシ,22107226,False,,,
20260816,新潟,8,5,ラストレガシー,22105556,False,,,
20260816,新潟,8,6,フリーマントル,21104868,False,,,
20260816,新潟,8,7,アンドリーナ,22101457,False,,,
20260816,新潟,8,8,ルーラーリッチ,20102793,False,,,
20260816,新潟,8,9,クリフハンガー,21101701,False,,,
20260816,新潟,8,10,コスモコンフェルマ,22100526,False,,,
20260816,新潟,8,11,ヴォルスター,21100677,False,,,
20260816,新潟,8,12,ブレードサクセス,21103376,False,,,
20260816,新潟,8,13,コーリンカルベラ,21101195,False,,,
20260816,新潟,9,1,ラッキーダンス,22106116,False,,,
20260816,新潟,9,2,アウスヴァール,18101010,False,,,
20260816,新潟,9,3,ジロラータ,22105347,False,,,
20260816,新潟,9,4,メイショウトム,21110065,False,,,
20260816,新潟,9,5,ビジューブリランテ,18105199,False,,,
20260816,新潟,9,6,ノーブルクライ,20102976,False,,,
20260816,新潟,9,7,スペイドアン,21103770,False,,,
20260816,新潟,9,8,クラリティー,22101404,False,,,
20260816,新潟,9,9,セイウンビッグバン,22100737,False,,,
20260816,新潟,9,10,サミアド,21109086,False,,,
20260816,新潟,9,11,タイセイレスポンス,21105646,False,,,
20260816,新潟,9,12,プレミアブルー,22102387,False,,,
20260816,新潟,10,1,イサチルクイーン,23102680,False,,,
20260816,新潟,10,2,ユーゲットミー,23106609,False,,,
20260816,新潟,10,3,シェリーシュシュ,23106183,False,,,
20260816,新潟,10,4,ワイルドミュール,23103530,False,,,
20260816,新潟,10,5,ディレクティオ,23102796,False,,,
20260816,新潟,10,6,ノアレジェンド,23100513,False,,,
20260816,新潟,10,7,ソフィアプルーマ,23105655,False,,,
20260816,新潟,10,8,バイアブランカ,23103588,False,,,
20260816,新潟,10,9,バーヴァンシー,23104394,False,,,
20260816,新潟,10,10,ラショナルポイント,23105268,False,,,
20260816,新潟,10,11,ナイア,23106393,False,,,
20260816,新潟,10,12,ベアエクスプレス,23103052,False,,,
20260816,新潟,10,13,デルマザオウ,23101367,False,,,
20260816,新潟,10,14,カグヤヒメ,23102618,False,,,
20260816,新潟,10,15,カーボフリオ,23103404,False,,,
20260816,新潟,11,1,ポッドクロス,23103468,False,,,
20260816,新潟,11,2,マイネルアウルム,22106811,False,,,
20260816,新潟,11,3,ウインターブレス,23103521,False,,,
20260816,新潟,11,4,ヴィジョンメーカー,22104884,False,,,
20260816,新潟,11,5,ジュンライデン,22104899,False,,,
20260816,新潟,11,6,フレキシブル,23105808,False,,,
20260816,新潟,11,7,ベルウッドバイオ,23104069,False,,,
20260816,新潟,11,8,コスモナエマ,23106443,False,,,
20260816,新潟,11,9,ポルトフェリス,21105780,False,,,
20260816,新潟,12,1,ブロッコロ,23100999,False,,,
20260816,新潟,12,2,メイショウバリスタ,23102069,False,,,
20260816,新潟,12,3,マーゴットライズ,23106889,False,,,
20260816,新潟,12,4,パルミエ,23105254,False,,,
20260816,新潟,12,5,ノクターナルハント,23101129,False,,,
20260816,新潟,12,6,ギレイ,23103419,False,,,
20260816,新潟,12,7,キタイノホシ,23100204,False,,,
20260816,新潟,12,8,ウィゾマニア,23100225,False,,,
20260816,新潟,12,9,ディメンシア,23102042,False,,,
20260816,新潟,12,10,ヤマタケボニータ,23100739,False,,,
20260816,新潟,12,11,ロジキセキ,23100578,False,,,
20260816,新潟,12,12,レプレセンタル,23103624,False,,,
20260816,新潟,12,13,タマモブレイキン,23103252,False,,,
20260816,新潟,12,14,チャチャット,23105572,False,,,
20260816,新潟,12,15,パワポケウォーズ,23107440,False,,,
20260816,札幌,1,1,テンレッドサン,23104101,False,,,
20260816,札幌,1,2,ルナティックブルー,23106517,False,,,
20260816,札幌,1,3,ウォータースパウト,23105555,False,,,
20260816,札幌,1,4,アインプロージット,23104415,False,,,
20260816,札幌,1,5,ルージュリヴィエラ,23105608,False,,,
20260816,札幌,1,6,イセッセイ,23106294,False,,,
20260816,札幌,1,7,フィエスタ,23102101,False,,,
20260816,札幌,1,8,セントピュアベース,23100580,False,,,
20260816,札幌,1,9,アリディプラチノ,23102063,False,,,
20260816,札幌,1,10,プルーフリーディン,23101145,False,,,
20260816,札幌,1,11,ハピネスドリーム,23100950,False,,,
20260816,札幌,1,12,フローズンクイーン,23105785,False,,,
20260816,札幌,1,13,ストリートクイーン,23101091,False,,,
20260816,札幌,1,14,マスカルポーネ,23104632,False,,,
20260816,札幌,2,1,リアルクウカイ,24104218,False,,,
20260816,札幌,2,2,ゴートゥービッツン,24104503,False,,,
20260816,札幌,2,3,タイフーンナイン,24105166,False,,,
20260816,札幌,2,4,テイクケア,24106810,False,,,
20260816,札幌,2,5,リアルジャパン,24102714,False,,,
20260816,札幌,2,6,キチロクタワー,24100569,False,,,
20260816,札幌,2,7,スクレイプバイ,24103914,False,,,
20260816,札幌,2,8,モミスケ,24105532,False,,,
20260816,札幌,3,1,ゴールドジェスター,22106846,False,,,
20260816,札幌,3,2,ライフイズカラフル,23103630,False,,,
20260816,札幌,3,3,マイバラード,20100621,False,,,
20260816,札幌,3,4,トクシージェネラル,21107279,False,,,
20260816,札幌,3,5,ハヤブササキチャン,23106894,False,,,
20260816,札幌,3,6,ブランドブラン,23105005,False,,,
20260816,札幌,3,7,レダアトミカ,23106835,False,,,
20260816,札幌,3,8,ブルースカイブルー,23106921,False,,,
20260816,札幌,3,9,クラシカルカイザー,22100860,False,,,
20260816,札幌,3,10,クリスレジーナ,23102091,False,,,
20260816,札幌,3,11,テンレディーゴー,23102915,False,,,
20260816,札幌,3,12,カーフキック,22104840,False,,,
20260816,札幌,3,13,コウギョク,23104678,False,,,
20260816,札幌,3,14,ナムラヒナギク,23106226,False,,,
20260816,札幌,4,1,アロハ,23106115,False,,,
20260816,札幌,4,2,トランスマリーン,23107156,False,,,
20260816,札幌,4,3,ワンダージェム,23101759,False,,,
20260816,札幌,4,4,メイショウタイザン,23106570,False,,,
20260816,札幌,4,5,テリオスリコ,23101796,False,,,
20260816,札幌,4,6,ディープマウンテン,23103475,False,,,
20260816,札幌,4,7,エースオブゴールド,23100784,False,,,
20260816,札幌,4,8,アルジェンタム,23105675,False,,,
20260816,札幌,4,9,メカニックバレエ,23105791,False,,,
20260816,札幌,4,10,フォーティンブラス,23103776,False,,,
20260816,札幌,4,11,ホウオウロレンシア,23102396,False,,,
20260816,札幌,4,12,ペガサスウィンド,23100609,False,,,
20260816,札幌,4,13,ブライトエンジェル,23104374,False,,,
20260816,札幌,4,14,パーシヴァル,23103290,False,,,
20260816,札幌,5,1,ミライショウグン,24105446,False,,,
20260816,札幌,5,2,マサノブルスカイ,24105151,False,,,
20260816,札幌,5,3,アイアムツヨスギル,24106018,False,,,
20260816,札幌,5,4,グリームウッド,24101091,False,,,
20260816,札幌,5,5,リアンディール,24104580,False,,,
20260816,札幌,5,6,ネージュエトワール,24104262,False,,,
20260816,札幌,5,7,シャイニーヒーロー,24101323,False,,,
20260816,札幌,5,8,レッドマスキュラー,24106048,False,,,
20260816,札幌,5,9,ハヤブサカツオー,24103393,False,,,
20260816,札幌,5,10,レッドディーヴァ,24103694,False,,,
20260816,札幌,5,11,レジームチェンジ,24100699,False,,,
20260816,札幌,5,12,シティオブドリーム,24104953,False,,,
20260816,札幌,6,1,ジュジュドール,23106912,False,,,
20260816,札幌,6,2,マカニ,22104370,False,,,
20260816,札幌,6,3,イングラム,23102427,False,,,
20260816,札幌,6,4,ラテラルパーム,23103557,False,,,
20260816,札幌,6,5,タイセイアビリティ,22102799,False,,,
20260816,札幌,6,6,スパークルジョイ,21101891,False,,,
20260816,札幌,6,7,ナンナンプー,22102878,False,,,
20260816,札幌,6,8,ビタミンドロップ,23105630,False,,,
20260816,札幌,6,9,パドゼフィール,23103699,False,,,
20260816,札幌,6,10,ヨドノゴールド,18103293,False,,,
20260816,札幌,6,11,エスカレイト,23105815,False,,,
20260816,札幌,6,12,メイショウホダワラ,22103237,False,,,
20260816,札幌,7,1,ルクスユアン,23102765,False,,,
20260816,札幌,7,2,クールフィデル,23103483,False,,,
20260816,札幌,7,3,キトゥンズラスター,23105282,False,,,
20260816,札幌,7,4,トーレス,23100645,False,,,
20260816,札幌,7,5,デイズインザサン,23101812,False,,,
20260816,札幌,7,6,ロッサコメータ,23103607,False,,,
20260816,札幌,7,7,マコトアディントン,23102128,False,,,
20260816,札幌,7,8,アームアンフルール,23103369,False,,,
20260816,札幌,7,9,メイショウライガ,23100608,False,,,
20260816,札幌,7,10,コスモマウイ,23106447,False,,,
20260816,札幌,7,11,ホウオウワイズ,23107525,False,,,
20260816,札幌,7,12,ヒメヒオウギ,23106148,False,,,
20260816,札幌,7,13,ヤクジョ,23102802,False,,,
20260816,札幌,7,14,ウイルソン,23107359,False,,,
20260816,札幌,7,15,スチョウプリンセス,23104789,False,,,
20260816,札幌,7,16,ミナヅキ,23105449,False,,,
20260816,札幌,8,1,カフジクロミエ,23110034,False,,,
20260816,札幌,8,2,タイセイジェイド,23100612,False,,,
20260816,札幌,8,3,タイセイルビー,23104679,False,,,
20260816,札幌,8,4,グレイスフルマーチ,22101044,False,,,
20260816,札幌,8,5,ロードアルディート,22100637,False,,,
20260816,札幌,8,6,スパークルレイ,23100777,False,,,
20260816,札幌,8,7,タイキインドラ,22103149,False,,,
20260816,札幌,8,8,ファミーユウルーズ,22107021,False,,,
20260816,札幌,8,9,サマースプラッシュ,23106163,False,,,
20260816,札幌,8,10,ジェネラスキング,23103806,False,,,
20260816,札幌,8,11,カフェブーケット,22103235,False,,,
20260816,札幌,9,1,シュークリーム,21104404,False,,,
20260816,札幌,9,2,ラスベガスサイン,23105812,False,,,
20260816,札幌,9,3,エコロハート,22105212,False,,,
20260816,札幌,9,4,レッドカメリア,20100084,False,,,
20260816,札幌,9,5,ハッピーラッキー,23103137,False,,,
20260816,札幌,9,6,キタノクニカラ,22103316,False,,,
20260816,札幌,9,7,ブライアーヒル,22106016,False,,,
20260816,札幌,9,8,ユーティジャーニー,22102088,False,,,
20260816,札幌,9,9,フィオラーノ,23102027,False,,,
20260816,札幌,9,10,トーアサジタリウス,23103847,False,,,
20260816,札幌,9,11,アルマロクザン,20100759,False,,,
20260816,札幌,9,12,ラヴノー,23105325,False,,,
20260816,札幌,9,13,ノアールビーナス,23104047,False,,,
20260816,札幌,9,14,ダブルチャレンジ,23104875,False,,,
20260816,札幌,9,15,マイケルバローズ,23104856,False,,,
20260816,札幌,9,16,リヴァイ,23103585,False,,,
20260816,札幌,10,1,カッタッパ,23107534,False,,,
20260816,札幌,10,2,ビーマックス,22100729,False,,,
20260816,札幌,10,3,キャリーグレイス,22100091,False,,,
20260816,札幌,10,4,オセアエクスプレス,21104145,False,,,
20260816,札幌,10,5,ストロングボンド,23105661,False,,,
20260816,札幌,10,6,マメタンク,23105591,False,,,
20260816,札幌,10,7,タッカージーティー,22106261,False,,,
20260816,札幌,10,8,クインズシフォン,22103857,False,,,
20260816,札幌,10,9,ウーマンズパワー,23103929,False,,,
20260816,札幌,10,10,パールフロント,22102427,False,,,
20260816,札幌,10,11,フェデルミエール,22104479,False,,,
20260816,札幌,10,12,キーガッツ,22106513,False,,,
20260816,札幌,11,1,オニャンコポン,19104756,False,,,
20260816,札幌,11,2,イガッチ,22100699,False,,,
20260816,札幌,11,3,ピンクジン,20106966,False,,,
20260816,札幌,11,4,マジックサンズ,22104772,False,,,
20260816,札幌,11,5,エコロヴァルツ,21101436,False,,,
20260816,札幌,11,6,ローシャムパーク,19105552,False,,,
20260816,札幌,11,7,ショウヘイ,22104714,False,,,
20260816,札幌,11,8,サクラファレル,22104094,False,,,
20260816,札幌,11,9,マイネルモーント,20105749,False,,,
20260816,札幌,11,10,アドマイヤテラ,21105369,False,,,
20260816,札幌,11,11,アラタ,17104756,False,,,
20260816,札幌,11,12,ゼンダンハヤブサ,22106306,False,,,
20260816,札幌,11,13,グランディア,19105302,False,,,
20260816,札幌,11,14,レディネス,22104416,False,,,
20260816,札幌,11,15,シェイクユアハート,20103101,False,,,
20260816,札幌,11,16,ホウオウビスケッツ,20103941,False,,,
20260816,札幌,12,1,レイデラティエラ,22103070,False,,,
20260816,札幌,12,2,ダノンヒストリー,23107005,False,,,
20260816,札幌,12,3,ゲンジ,22105597,False,,,
20260816,札幌,12,4,マイネルゼウス,22106828,False,,,
20260816,札幌,12,5,パープルクラウド,20104553,False,,,
20260816,札幌,12,6,アスクデッドヒート,22105839,False,,,
20260816,札幌,12,7,ブリヤディアマンテ,22104856,False,,,
20260816,札幌,12,8,レイデラルース,21105475,False,,,
20260816,札幌,12,9,サラトガチップス,21105002,False,,,
20260816,札幌,12,10,ドッビアーコ,21110130,False,,,
20260816,札幌,12,11,ライフセービング,21105285,False,,,
20260816,札幌,12,12,ジュンツバメガエシ,20103208,False,,,
20260816,札幌,12,13,ラーシャローム,22103406,False,,,
20260816,札幌,12,14,リアルファインド,21105784,False,,,
20260822,中京,1,1,タナコクシテンホウ,24101174,False,,,
20260822,中京,1,2,クールタロウ,24105496,False,,,
20260822,中京,1,3,シャローフォレスト,24106299,False,,,
20260822,中京,1,4,サウンドファイト,24101071,False,,,
20260822,中京,1,5,ルブラッシュノモー,24100867,False,,,
20260822,中京,1,6,マーゴットマシェリ,24106461,False,,,
20260822,中京,1,7,サンプラザマツモト,24106782,False,,,
20260822,中京,1,8,ジュエルシップ,24104008,False,,,
20260822,中京,1,9,ヤマトクオーレ,24104824,False,,,
20260822,中京,2,1,ルヴァンタドゥール,24101509,False,,,
20260822,中京,2,2,アレストラウム,24107128,False,,,
20260822,中京,2,3,ダイシンレジウス,24102999,False,,,
20260822,中京,2,4,アルギエバ,24100499,False,,,
20260822,中京,2,5,ホシヲミテルンナ,24100227,False,,,
20260822,中京,2,6,テーオーダーウィン,24106296,False,,,
20260822,中京,2,7,マオノファースト,24108123,False,,,
20260822,中京,2,8,アワジシマ,24105326,False,,,
20260822,中京,2,9,マルカルーカス,24106041,False,,,
20260822,中京,2,10,メイショウラウルス,24107133,False,,,
20260822,中京,3,1,ウインヘリオドール,22107084,False,,,
20260822,中京,3,2,ロザーンジュ,23103661,False,,,
20260822,中京,3,3,アロマフェリス,22104624,False,,,
20260822,中京,3,4,サトノビダーヤ,23107379,False,,,
20260822,中京,3,5,パラディオン,23106392,False,,,
20260822,中京,3,6,ビップヴォルフ,23105418,False,,,
20260822,中京,3,7,スノースケープ,23107516,False,,,
20260822,中京,3,8,ディープサミット,22100044,False,,,
20260822,中京,4,1,ゴリョウセイ,23103368,False,,,
20260822,中京,4,2,バーバラップ,23102471,False,,,
20260822,中京,4,3,テンダーワーズ,23103359,False,,,
20260822,中京,4,4,ウォータールスール,23101866,False,,,
20260822,中京,4,5,ウイントリベルガ,23105891,False,,,
20260822,中京,4,6,スーパービジー,23101893,False,,,
20260822,中京,4,7,ウィスピア,23102384,False,,,
20260822,中京,4,8,スピーチバルーン,23103457,False,,,
20260822,中京,4,9,アスクブームキセキ,23100472,False,,,
20260822,中京,4,10,ダイヤモンドエルザ,23101974,False,,,
20260822,中京,4,11,シンゼンイセ,23103501,False,,,
20260822,中京,4,12,ノブレスラブリエ,23106455,False,,,
20260822,中京,4,13,メイショウユウゲン,23101282,False,,,
20260822,中京,4,14,ゴッドアミーラ,23104062,False,,,
20260822,中京,4,15,ペガサスジルシ,23107350,False,,,
20260822,中京,4,16,バンブラボー,23104922,False,,,
20260822,中京,4,17,ウェイヴムーン,23103332,False,,,
20260822,中京,4,18,マイネルホウセン,23106487,False,,,
20260822,中京,5,1,ルージュラボーテ,23102249,False,,,
20260822,中京,5,2,ナイトシンフォニー,23103340,False,,,
20260822,中京,5,3,ミーンアロット,23101615,False,,,
20260822,中京,5,4,スプレンドーレ,23106897,False,,,
20260822,中京,5,5,エルヴィッタ,23103573,False,,,
20260822,中京,5,6,プレデンシア,23100376,False,,,
20260822,中京,5,7,ブルーメンフェスト,23102180,False,,,
20260822,中京,5,8,ゼフィルス,23106996,False,,,
20260822,中京,5,9,ノイエンブリエ,23107137,False,,,
20260822,中京,5,10,タガノプディング,23104326,False,,,
20260822,中京,5,11,ベストレイク,23107407,False,,,
20260822,中京,5,12,キャスケード,23102968,False,,,
20260822,中京,5,13,アルムアポジェ,23104328,False,,,
20260822,中京,5,14,マカロンブルー,23104965,False,,,
20260822,中京,5,15,ジュエルサンライズ,23104826,False,,,
20260822,中京,5,16,メイショウハネウマ,23101937,False,,,
20260822,中京,6,1,ニシノジェダイ,22106998,False,,,
20260822,中京,6,2,ドゥラエテルノ,22102722,False,,,
20260822,中京,6,3,マヴィ,23104352,False,,,
20260822,中京,6,4,ソルチェリア,23102075,False,,,
20260822,中京,6,5,スマートスピア,21101106,False,,,
20260822,中京,6,6,ラマンシュ,22105201,False,,,
20260822,中京,6,7,タイガースパーク,20104561,False,,,
20260822,中京,6,8,ビルンバウム,21104872,False,,,
20260822,中京,6,9,ライノ,22105022,False,,,
20260822,中京,6,10,タガノアニマシオン,22106564,False,,,
20260822,中京,6,11,ブルックリンダンス,22105791,False,,,
20260822,中京,6,12,ソウルアンドジャズ,21106694,False,,,
20260822,中京,6,13,ロイスター,23104413,False,,,
20260822,中京,6,14,ノボリクレバー,20106393,False,,,
20260822,中京,7,1,シゲルソロソロ,20110100,False,,,
20260822,中京,7,2,クールブロン,20102724,False,,,
20260822,中京,7,3,ピエマンソン,22100204,False,,,
20260822,中京,7,4,ヨリノレジェンド,22102202,False,,,
20260822,中京,7,5,ジャーヴィス,20103902,False,,,
20260822,中京,7,6,ハリーケーン,22106453,False,,,
20260822,中京,7,7,エムズマインド,20101641,False,,,
20260822,中京,7,8,クアトロジャック,21106105,False,,,
20260822,中京,7,9,ルグランヴァン,22105775,False,,,
20260822,中京,7,10,テリフィックプラン,21110127,False,,,
20260822,中京,7,11,サンダーバース,21103582,False,,,
20260822,中京,7,12,モンシュマン,21105054,False,,,
20260822,中京,7,13,セミマル,20104893,False,,,
20260822,中京,7,14,ナッカーフェイス,19100110,False,,,
20260822,中京,7,15,ギーロカスタル,20104845,False,,,
20260822,中京,7,16,メイショウカシワデ,21103154,False,,,
20260822,中京,8,1,バケラッタ,23104066,False,,,
20260822,中京,8,2,ヒラボクソライア,23102124,False,,,
20260822,中京,8,3,ジーティーパワー,21105526,False,,,
20260822,中京,8,4,サイモンゼスト,23102919,False,,,
20260822,中京,8,5,ブレスドナイル,22110061,False,,,
20260822,中京,8,6,クレスコドルフィン,22107299,False,,,
20260822,中京,8,7,エアフォースワン,19103506,False,,,
20260822,中京,8,8,ホールオブミラーズ,23107299,False,,,
20260822,中京,8,9,クラッチスラッガー,23107351,False,,,
20260822,中京,8,10,ガイラルディア,22103623,False,,,
20260822,中京,9,1,シャンドゥレール,20103053,False,,,
20260822,中京,9,2,ジーククローネ,20103537,False,,,
20260822,中京,9,3,ライラスター,19105336,False,,,
20260822,中京,9,4,ロードオールライト,21100148,False,,,
20260822,中京,9,5,キャネル,21105885,False,,,
20260822,中京,9,6,ヴラディア,19105578,False,,,
20260822,中京,10,1,ゴンタ,23103245,False,,,
20260822,中京,10,2,メイショウソウテン,23103180,False,,,
20260822,中京,10,3,マシン,23105387,False,,,
20260822,中京,10,4,ウインドワンピース,20103901,False,,,
20260822,中京,10,5,ラテライト,22105794,False,,,
20260822,中京,10,6,シュガーハイ,22104177,False,,,
20260822,中京,10,7,メイショウクモイ,20106922,False,,,
20260822,中京,10,8,ブルーストレイル,21106078,False,,,
20260822,中京,10,9,ルファーダ,23104339,False,,,
20260822,中京,10,10,アビラーシャ,23107017,False,,,
20260822,中京,10,11,ケイアイワイラーパ,22103053,False,,,
20260822,中京,10,12,レッドホット,23104395,False,,,
20260822,中京,11,1,ラヴエナストロ,23103911,False,,,
20260822,中京,11,2,ヴェルサイユシエル,23103199,False,,,
20260822,中京,11,3,セルヴァジオ,23106652,False,,,
20260822,中京,11,4,イルミナジーティー,23106872,False,,,
20260822,中京,11,5,エイシンミスリル,23105494,False,,,
20260822,中京,11,6,ワンダーヴァレル,23100165,False,,,
20260822,中京,11,7,アステルディーヴァ,23104883,False,,,
20260822,中京,11,8,サルタラリンダ,23107027,False,,,
20260822,中京,11,9,オースミサイファー,23105634,False,,,
20260822,中京,11,10,エイシンニケ,23105522,False,,,
20260822,中京,11,11,トウカイツバキ,23105482,False,,,
20260822,中京,11,12,ハムタン,23103373,False,,,
20260822,中京,11,13,ララディアーブル,23101840,False,,,
20260822,中京,11,14,ポリキポリキ,23105680,False,,,
20260822,中京,11,15,ホワイトフレイムス,23106873,False,,,
20260822,中京,11,16,ノクスカンパーナ,23105168,False,,,
20260822,中京,12,1,パラフローラ,23105646,False,,,
20260822,中京,12,2,ヒャクギマル,23105890,False,,,
20260822,中京,12,3,オラロア,23102367,False,,,
20260822,中京,12,4,スイートポメロ,23102133,False,,,
20260822,中京,12,5,サンジルダール,23103582,False,,,
20260822,中京,12,6,ボールドペイト,23104350,False,,,
20260822,中京,12,7,ルージュルガーノ,23106618,False,,,
20260822,中京,12,8,エコロガルダ,23103344,False,,,
20260822,中京,12,9,グレンセロース,23103794,False,,,
20260822,中京,12,10,ダノンステート,23105024,False,,,
20260822,中京,12,11,アンガーザガール,23106856,False,,,
20260822,中京,12,12,チュウワメロディー,23106766,False,,,
20260822,中京,12,13,レジーナテンペスタ,23100392,False,,,
20260822,中京,12,14,ハナイロマヒナ,23104093,False,,,
20260822,中京,12,15,マカホウ,23110049,False,,,
20260822,中京,12,16,マテンロウノア,23102237,False,,,
20260822,中京,12,17,フェブリノ,23104075,False,,,
20260822,中京,12,18,ロンポワン,23103426,False,,,
20260822,新潟,1,1,スクリプトール,24106239,False,,,
20260822,新潟,1,2,アニエーネ,24103586,False,,,
20260822,新潟,1,3,ブルーグラビティ,24101330,False,,,
20260822,新潟,1,4,アラータス,24106894,False,,,
20260822,新潟,1,5,コスモイェーガー,24103568,False,,,
20260822,新潟,1,6,ハチキンキリシマ,24103969,False,,,
20260822,新潟,1,7,エボニーウイング,24106185,False,,,
20260822,新潟,2,1,ランドジャイアンツ,24101058,False,,,
20260822,新潟,2,2,マイネルクロカータ,24101646,False,,,
20260822,新潟,2,3,ナムラダックス,24101876,False,,,
20260822,新潟,2,4,モノホンプレイヤー,24108323,False,,,
20260822,新潟,2,5,オーケーエース,24102821,False,,,
20260822,新潟,2,6,ニシノツムジカゼ,24102617,False,,,
20260822,新潟,2,7,サクセスボーイ,24101195,False,,,
20260822,新潟,2,8,セイルトゥグローリ,24107327,False,,,
20260822,新潟,2,9,ライングラウス,24104199,False,,,
20260822,新潟,2,10,ユイノリュウギ,24100431,False,,,
20260822,新潟,2,11,ベルグラース,24106591,False,,,
20260822,新潟,2,12,ポッドレーヴ,24101358,False,,,
20260822,新潟,3,1,テンソンコウリン,24106464,False,,,
20260822,新潟,3,2,ベアヒロシデス,24104466,False,,,
20260822,新潟,3,3,マイセイバー,24102834,False,,,
20260822,新潟,3,4,アラベスクテソーロ,24101295,False,,,
20260822,新潟,3,5,トーセンシントラ,24104757,False,,,
20260822,新潟,3,6,サンアンドスターズ,24103262,False,,,
20260822,新潟,3,7,タッカーヴィーナス,24102669,False,,,
20260822,新潟,3,8,セイウンウィルド,24103879,False,,,
20260822,新潟,3,9,エーアイラピド,24107140,False,,,
20260822,新潟,3,10,タッケンエリカ,24104699,False,,,
20260822,新潟,3,11,ジップスパーク,24105893,False,,,
20260822,新潟,3,12,ミツカネリゲル,24109029,False,,,
20260822,新潟,3,13,アイファーマーリン,24105215,False,,,
20260822,新潟,4,1,ジャストビコーズ,23104065,False,,,
20260822,新潟,4,2,ルシアージュ,23106795,False,,,
20260822,新潟,4,3,プロミスライン,23104884,False,,,
20260822,新潟,4,4,カルダモン,23107051,False,,,
20260822,新潟,4,5,レディホークダイヤ,23107349,False,,,
20260822,新潟,4,6,ビューティドリーム,23104585,False,,,
20260822,新潟,4,7,ラショナルポイント,23105268,False,,,
20260822,新潟,4,8,フィクセルリリア,23103045,False,,,
20260822,新潟,4,9,ブルージンジャー,23107200,False,,,
20260822,新潟,4,10,ペールデュクラン,23103469,False,,,
20260822,新潟,4,11,ソフィアプルーマ,23105655,False,,,
20260822,新潟,4,12,ドナディクオーレ,23107136,False,,,
20260822,新潟,4,13,ハニーアンバー,23109163,False,,,
20260822,新潟,4,14,カノープス,23104855,False,,,
20260822,新潟,4,15,バーヴァンシー,23104394,False,,,
20260822,新潟,5,1,リリーサー,23103711,False,,,
20260822,新潟,5,2,レーヌシェーヌ,23110057,False,,,
20260822,新潟,5,3,ココナッツコースト,23103366,False,,,
20260822,新潟,5,4,トレフォイルノット,23107130,False,,,
20260822,新潟,5,5,アージェンタイド,23102411,False,,,
20260822,新潟,5,6,セシルブリュネ,23106841,False,,,
20260822,新潟,5,7,サイモンナイスラン,23105197,False,,,
20260822,新潟,5,8,ダノンケリー,23107100,False,,,
20260822,新潟,5,9,ワインダークシー,23106376,False,,,
20260822,新潟,5,10,エヴィーヴァ,23106997,False,,,
20260822,新潟,5,11,ヘクトルテソーロ,23106757,False,,,
20260822,新潟,5,12,ローレルクラウン,23105723,False,,,
20260822,新潟,5,13,バトルモクオ,23100800,False,,,
20260822,新潟,5,14,エーデルハイ,23103047,False,,,
20260822,新潟,5,15,ブロークンハート,23101149,False,,,
20260822,新潟,5,16,ブルームコード,23102378,True,,,
20260822,新潟,5,17,アエログラム,23106826,False,,,
20260822,新潟,5,18,ハニージョー,23107238,False,,,
20260822,新潟,6,1,ミッキーソルジャー,22105520,False,,,
20260822,新潟,6,2,コートアリシアン,22105326,True,,,
20260822,新潟,6,3,ジェットマグナム,22100084,False,,,
20260822,新潟,6,4,マトラコーニッシュ,22102500,False,,,
20260822,新潟,6,5,ウィステリアリヴァ,20104708,False,,,
20260822,新潟,6,6,ガルダイア,22104596,False,,,
20260822,新潟,6,7,コスモサガルマータ,20103881,False,,,
20260822,新潟,6,8,ラージギャラリー,22110066,False,,,
20260822,新潟,6,9,レディーミコノス,22105475,False,,,
20260822,新潟,6,10,ジャサルディア,22105070,False,,,
20260822,新潟,6,11,テウメッサ,21105757,False,,,
20260822,新潟,6,12,ケーブパール,21105161,False,,,
20260822,新潟,6,13,ショーマンフリート,21105601,False,,,
20260822,新潟,6,14,グラニット,20100810,False,,,
20260822,新潟,6,15,ホウオウムサシ,20103947,False,,,
20260822,新潟,6,16,マルチャン,20103066,False,,,
20260822,新潟,6,17,サトノヴィレ,20104753,False,,,
20260822,新潟,6,18,マイエレメント,22101197,False,,,
20260822,新潟,7,1,ララマセラシオン,21100935,True,,,
20260822,新潟,7,2,グレイイングリーン,18105454,False,,,
20260822,新潟,7,3,ヤブサメ,21103116,False,,,
20260822,新潟,7,4,ビーアストニッシド,19101348,False,,,
20260822,新潟,7,5,ガロンヌ,21100494,False,,,
20260822,新潟,7,6,セフィロ,20102836,False,,,
20260822,新潟,7,7,カルチャーデイ,21104556,False,,,
20260822,新潟,7,8,タガノエルピーダ,21106550,False,,,
20260822,新潟,7,9,クルゼイロドスル,20101813,False,,,
20260822,新潟,7,10,レッドシュヴェルト,20103517,False,,,
20260822,新潟,7,11,デイトナモード,20101872,False,,,
20260822,新潟,7,12,レディマリオン,21105752,False,,,
20260822,新潟,7,13,アルテヴェローチェ,22104751,True,,,
20260822,新潟,7,14,ランフォーヴァウ,22105291,False,,,
20260822,新潟,7,15,スリールミニョン,22105755,False,,,
20260822,新潟,7,16,ショウナンザナドゥ,22105071,True,,,
20260822,新潟,7,17,マサノカナリア,21100019,False,,,
20260822,新潟,7,18,タガノアラリア,23104313,False,,,
20260822,新潟,8,1,ヴェントインコーダ,22103195,False,,,
20260822,新潟,8,2,オカメノコイ,22106698,False,,,
20260822,新潟,8,3,ヴィクトリーロード,20103931,False,,,
20260822,新潟,8,4,アルジェンタージョ,21103706,False,,,
20260822,新潟,8,5,キタノライブリー,22106471,False,,,
20260822,新潟,8,6,リッキースタイル,22103577,False,,,
20260822,新潟,8,7,ハッコウイチウ,22104801,False,,,
20260822,新潟,8,8,キミハスコール,21104313,False,,,
20260822,新潟,8,9,バンブトンプロ,20106562,False,,,
20260822,新潟,8,10,プルメリアリノ,23102213,False,,,
20260822,新潟,8,11,マイレーヌ,20104676,False,,,
20260822,新潟,8,12,レディサン,23104852,False,,,
20260822,新潟,8,13,アクアマリーナ,22102026,False,,,
20260822,新潟,8,14,マクミランテソーロ,21102276,False,,,
20260822,新潟,8,15,ランスオブセヘル,21102754,False,,,
20260822,新潟,9,1,キタノエピックアン,23100485,False,,,
20260822,新潟,9,2,ヴァイオパイシーズ,22105217,False,,,
20260822,新潟,9,3,グレヴィレア,22105001,False,,,
20260822,新潟,9,4,ツァガーンサル,22105095,False,,,
20260822,新潟,9,5,アスパラゴ,23100332,False,,,
20260822,新潟,9,6,マタミカンサン,22103785,False,,,
20260822,新潟,9,7,メリーサウンド,22105516,False,,,
20260822,新潟,9,8,ガーネットテソーロ,23106734,False,,,
20260822,新潟,9,9,ルージュミレネール,22105813,False,,,
20260822,新潟,9,10,テンクウハット,20102081,False,,,
20260822,新潟,9,11,フォンデネージュ,22105100,False,,,
20260822,新潟,9,12,タマモチョコチップ,23104727,False,,,
20260822,新潟,9,13,オウケンハニー,23106936,False,,,
20260822,新潟,9,14,イージーブリージー,21105035,False,,,
20260822,新潟,9,15,グランコネクシオン,21105123,False,,,
20260822,新潟,10,1,ラヴスコール,21105473,False,,,
20260822,新潟,10,2,アドマイヤウルトラ,23106836,False,,,
20260822,新潟,10,3,スピリットサージ,22105339,False,,,
20260822,新潟,10,4,ダイヤテソーロ,23106747,False,,,
20260822,新潟,10,5,ゴールドシーン,20103727,False,,,
20260822,新潟,10,6,シトラール,21105596,False,,,
20260822,新潟,10,7,サザンティスプーン,22100511,False,,,
20260822,新潟,10,8,ドルビナ,22103394,False,,,
20260822,新潟,10,9,ポペット,23103980,False,,,
20260822,新潟,10,10,サトノビーツ,22104746,False,,,
20260822,新潟,10,11,ガミーヌ,23106468,False,,,
20260822,新潟,10,12,スターエンブレム,22105130,False,,,
20260822,新潟,10,13,スマイルカーブ,23107078,False,,,
20260822,新潟,10,14,タイセイアストロ,23103917,False,,,
20260822,新潟,10,15,ツインピークス,22104179,False,,,
20260822,新潟,11,1,イントゥゴールデン,23104288,False,,,
20260822,新潟,11,2,シルバープレミア,23105576,False,,,
20260822,新潟,11,3,クリスタルドレス,23107406,False,,,
20260822,新潟,11,4,セレスティアハート,23100186,False,,,
20260822,新潟,11,5,ナイトバード,23103429,False,,,
20260822,新潟,11,6,コールリッジ,23106338,False,,,
20260822,新潟,11,7,ワンダースアン,23101639,False,,,
20260822,新潟,11,8,ハルノアメ,23104002,False,,,
20260822,新潟,11,9,ピコブロッサム,23107510,False,,,
20260822,新潟,11,10,コスモアンタレス,23104023,False,,,
20260822,新潟,11,11,ラウターユーベル,23102358,False,,,
20260822,新潟,11,12,ヴォンサクレ,23100651,False,,,
20260822,新潟,12,1,モーリア,23103602,False,,,
20260822,新潟,12,2,セイウンヤオヨロズ,23100006,False,,,
20260822,新潟,12,3,プリンセスダーコ,23109055,False,,,
20260822,新潟,12,4,オレンジリバー,23103727,False,,,
20260822,新潟,12,5,ディサイドオンミー,23103518,False,,,
20260822,新潟,12,6,ライヴマティーニ,23102925,False,,,
20260822,新潟,12,7,ミセスヴェルデ,23101895,False,,,
20260822,新潟,12,8,フィレルレーヴ,23104351,False,,,
20260822,新潟,12,9,ジュンヴィヴァン,23106770,False,,,
20260822,新潟,12,10,ミスタートントン,23107532,False,,,
20260822,新潟,12,11,モリガン,23102254,False,,,
20260822,新潟,12,12,ジャメビュ,23102401,False,,,
20260822,新潟,12,13,ニットウライズ,23104975,False,,,
20260822,新潟,12,14,アリアーネ,23100856,False,,,
20260822,新潟,12,15,テリオスレイ,23106854,False,,,
20260822,札幌,1,1,レイテスツドリーム,24104493,False,,,
20260822,札幌,1,2,アンバーバレット,24100448,False,,,
20260822,札幌,1,3,サーギュスターヴ,24106823,False,,,
20260822,札幌,1,4,ファラオクィーン,24108282,False,,,
20260822,札幌,1,5,アークレオン,24103714,False,,,
20260822,札幌,1,6,マーズエクレール,24106587,False,,,
20260822,札幌,1,7,トゥザファイナル,24106404,False,,,
20260822,札幌,1,8,マルカローゼ,24101393,False,,,
20260822,札幌,1,9,シンゼンノト,24102290,False,,,
20260822,札幌,1,10,レゾルートハート,24106981,False,,,
20260822,札幌,1,11,サウンドエフォート,24102267,False,,,
20260822,札幌,1,12,ミライショウグン,24105446,False,,,
20260822,札幌,2,1,ランダムナンバー,24101984,False,,,
20260822,札幌,2,2,ランフォーザエイジ,24103702,False,,,
20260822,札幌,2,3,ロードレスポンス,24102603,False,,,
20260822,札幌,2,4,イントゥーザブルー,24102763,False,,,
20260822,札幌,2,5,ローレルメビウス,24104772,False,,,
20260822,札幌,2,6,ヒアカムズザサン,24106020,False,,,
20260822,札幌,3,1,コウソクユノ,23106929,False,,,
20260822,札幌,3,2,パレホ,23100985,False,,,
20260822,札幌,3,3,ジャーナーリア,23100596,False,,,
20260822,札幌,3,4,イーサンミラー,23106657,False,,,
20260822,札幌,3,5,ロジマギー,23107361,False,,,
20260822,札幌,3,6,ハイランダー,23103504,False,,,
20260822,札幌,3,7,レーヌペスカ,23103193,False,,,
20260822,札幌,3,8,メイショウセンドウ,23101756,False,,,
20260822,札幌,3,9,モンロワイヤル,23100926,False,,,
20260822,札幌,3,10,ルージュラベル,23106624,False,,,
20260822,札幌,3,11,ハイテイラオユエ,23102520,False,,,
20260822,札幌,3,12,ジュラトリー,23103437,False,,,
20260822,札幌,3,13,タイガーゲイト,23102964,False,,,
20260822,札幌,3,14,リン,23101576,False,,,
20260822,札幌,4,1,ウィスカーパッド,23103380,False,,,
20260822,札幌,4,2,ゴコウコイコイ,23104486,False,,,
20260822,札幌,4,3,アースヴィンチ,23103789,False,,,
20260822,札幌,4,4,メイショウノヴァス,23104936,False,,,
20260822,札幌,4,5,シーラス,23103757,False,,,
20260822,札幌,4,6,クロミ,23102150,False,,,
20260822,札幌,4,7,シーシェル,23105212,False,,,
20260822,札幌,4,8,フローレンスフーガ,23101000,False,,,
20260822,札幌,4,9,サトノリアファル,23105260,False,,,
20260822,札幌,4,10,マンサニージャ,23106411,False,,,
20260822,札幌,4,11,コワンニシタガウ,23104216,False,,,
20260822,札幌,4,12,ブライスフェアリー,23105892,False,,,
20260822,札幌,4,13,ケナゲ,23102166,False,,,
20260822,札幌,4,14,クルサール,23105004,False,,,
20260822,札幌,4,15,コティノス,23106800,False,,,
20260822,札幌,4,16,カタカムナ,23102381,False,,,
20260822,札幌,5,1,ノヴァカーラ,24104095,False,,,
20260822,札幌,5,2,タプティ,24100935,False,,,
20260822,札幌,5,3,スピカテソーロ,24101273,False,,,
20260822,札幌,5,4,カセノメロス,24103127,False,,,
20260822,札幌,5,5,グリーンアイランド,24105384,False,,,
20260822,札幌,5,6,フクノブルースカイ,24100340,False,,,
20260822,札幌,5,7,マシュマロデイズ,24106580,False,,,
20260822,札幌,5,8,ロードリバイバル,24105270,False,,,
20260822,札幌,5,9,リーベフォール,24103086,False,,,
20260822,札幌,5,10,ブラスセッション,24105378,False,,,
20260822,札幌,5,11,ツキミ,24106512,False,,,
20260822,札幌,5,12,ハヤテノギンジロウ,24100086,False,,,
20260822,札幌,5,13,ジャストピーチー,24102151,False,,,
20260822,札幌,5,14,ラストフィールド,24105002,False,,,
20260822,札幌,6,1,カイユレ,23104947,False,,,
20260822,札幌,6,2,タビニュ,23101168,False,,,
20260822,札幌,6,3,デルマタカチホ,23103385,False,,,
20260822,札幌,6,4,ヴィラジョヴィス,23103901,False,,,
20260822,札幌,6,5,フィエールシャンテ,23100868,False,,,
20260822,札幌,6,6,フクチャンブラック,23103196,False,,,
20260822,札幌,6,7,アイアムコロンブス,23103601,False,,,
20260822,札幌,6,8,リコラピッド,23106834,False,,,
20260822,札幌,6,9,シャンドラファール,23107221,False,,,
20260822,札幌,6,10,レットミーテイク,23101934,False,,,
20260822,札幌,6,11,パゴスピグイノス,23106832,False,,,
20260822,札幌,6,12,ギオンバヤシ,23102695,False,,,
20260822,札幌,6,13,ホウオウライラック,23105618,False,,,
20260822,札幌,6,14,リアライズパリオ,23103679,False,,,
20260822,札幌,7,1,ロードヴァルカン,22100660,False,,,
20260822,札幌,7,2,カップッチョ,17104266,False,,,
20260822,札幌,7,3,レストプレドゥモア,22101418,False,,,
20260822,札幌,7,4,ラテラルパーム,23103557,False,,,
20260822,札幌,7,5,ドリームガッサン,23102748,False,,,
20260822,札幌,7,6,メイショウハッブル,21102550,False,,,
20260822,札幌,7,7,ミサビスケッツ,22104317,False,,,
20260822,札幌,7,8,セイウンバジリスク,23100241,False,,,
20260822,札幌,7,9,メイワキラリ,23103746,False,,,
20260822,札幌,7,10,グッバイウェーブ,22102492,False,,,
20260822,札幌,7,11,シェーンルスカ,22103018,False,,,
20260822,札幌,7,12,セガンティーニ,22106835,False,,,
20260822,札幌,8,1,ルージュビバーチェ,23107337,False,,,
20260822,札幌,8,2,リピース,23107412,False,,,
20260822,札幌,8,3,ジーティーアリア,23105358,False,,,
20260822,札幌,8,4,サウンドルーチェ,22105267,False,,,
20260822,札幌,8,5,ランスノーブル,20101250,False,,,
20260822,札幌,8,6,ピラニアキッス,22101599,False,,,
20260822,札幌,8,7,ケープウィッカム,21105896,False,,,
20260822,札幌,8,8,ホワイトオーキッド,23102615,False,,,
20260822,札幌,8,9,ミルボナー,23106217,False,,,
20260822,札幌,8,10,ローゾフィア,23104384,False,,,
20260822,札幌,9,1,ステラトップガン,24100120,False,,,
20260822,札幌,9,2,シアンディオ,24102340,False,,,
20260822,札幌,9,3,ライーリーアース,24106853,False,,,
20260822,札幌,9,4,コパノシチリア,24104065,False,,,
20260822,札幌,9,5,スターオブヴェイズ,24100213,False,,,
20260822,札幌,9,6,ブルージェイ,24107032,False,,,
20260822,札幌,9,7,フレイコン,24100671,False,,,
20260822,札幌,9,8,モンビスキュイ,24107053,False,,,
20260822,札幌,9,9,チカバリエンテ,24104976,False,,,
20260822,札幌,9,10,ラードンチェイス,24103538,False,,,
20260822,札幌,9,11,エンジェルボヌール,24108150,False,,,
20260822,札幌,9,12,エイシンウルトラン,24105590,False,,,
20260822,札幌,9,13,ウィエダンド,24106606,False,,,
20260822,札幌,9,14,ダマスク,24104113,False,,,
20260822,札幌,10,1,ベルビースタローン,22106389,False,,,
20260822,札幌,10,2,ジーベック,21103242,False,,,
20260822,札幌,10,3,ウチュウノセカイ,23106665,False,,,
20260822,札幌,10,4,メイショウミリオレ,21103278,False,,,
20260822,札幌,10,5,ビービーエフォート,22102421,False,,,
20260822,札幌,10,6,ジャガード,18103485,False,,,
20260822,札幌,10,7,エクストラバック,21110023,False,,,
20260822,札幌,10,8,ホウオウヘッセン,23102440,False,,,
20260822,札幌,10,9,アスミル,23104960,False,,,
20260822,札幌,10,10,ミキノバカラ,22102594,False,,,
20260822,札幌,10,11,ビーコング,21103595,False,,,
20260822,札幌,10,12,ピースフルナイト,20106821,False,,,
20260822,札幌,10,13,フードマン,22110056,False,,,
20260822,札幌,10,14,ヴィヴァクラウン,21101595,False,,,
20260822,札幌,11,1,ウィープディライト,21105412,False,,,
20260822,札幌,11,2,ヴァイザーバルコ,20106694,False,,,
20260822,札幌,11,3,フクノブルーレイク,22101329,False,,,
20260822,札幌,11,4,スパークリシャール,21105609,False,,,
20260822,札幌,11,5,ワイドアラジン,20104550,False,,,
20260822,札幌,11,6,タイキラフター,20106811,False,,,
20260822,札幌,11,7,キャントウェイト,21102800,False,,,
20260822,札幌,11,8,ピンクジン,20106966,False,,,
20260822,札幌,11,9,テーオーダグラス,21102246,False,,,
20260822,札幌,11,10,スピードリッチ,21105438,False,,,
20260822,札幌,11,11,チルカーノ,21105384,False,,,
20260822,札幌,11,12,ウイントレメンデス,21106193,False,,,
20260822,札幌,11,13,ディーガレジェンド,21105072,False,,,
20260822,札幌,11,14,ショウナンサムデイ,22105801,False,,,
20260822,札幌,12,1,ゴールドブレイズ,23103061,False,,,
20260822,札幌,12,2,ココデイック,22100912,False,,,
20260822,札幌,12,3,メイショウコシュウ,23105032,False,,,
20260822,札幌,12,4,サマーナイト,22104729,False,,,
20260822,札幌,12,5,ジュジュドール,23106912,False,,,
20260822,札幌,12,6,ブリオメンテ,21100303,False,,,
20260822,札幌,12,7,ロードスカイブルー,22100557,False,,,
20260822,札幌,12,8,ポンピエ,21104945,False,,,
20260822,札幌,12,9,マロンカラノテガミ,22101005,False,,,
20260822,札幌,12,10,グルーヴィーオン,22101938,False,,,
20260822,札幌,12,11,ロングミックス,23103451,False,,,
20260823,中京,1,1,ビバームス,24104705,False,,,
20260823,中京,1,2,ラインエレガント,24100944,False,,,
20260823,中京,1,3,パストザクラウン,24104298,False,,,
20260823,中京,1,4,プリンキピッサ,24106888,False,,,
20260823,中京,1,5,ベニバナ,24104447,False,,,
20260823,中京,1,6,ウインクローバー,24100762,False,,,
20260823,中京,1,7,レットミーゴー,24104236,False,,,
20260823,中京,2,1,コルソヴェローチェ,24106360,False,,,
20260823,中京,2,2,キトゥンズクラフト,24107027,False,,,
20260823,中京,2,3,バヤールロック,24106149,False,,,
20260823,中京,2,4,エトワールハマー,24100737,False,,,
20260823,中京,2,5,マスリュウオー,24105248,False,,,
20260823,中京,2,6,ケイアイトリノ,24103401,False,,,
20260823,中京,2,7,マンナット,24100654,False,,,
20260823,中京,2,8,リヴァイアサン,24100204,False,,,
20260823,中京,3,1,ポッドハンター,24105355,False,,,
20260823,中京,3,2,サンクサンス,24103392,False,,,
20260823,中京,3,3,エイダンバローズ,24100451,False,,,
20260823,中京,3,4,ファミーリエ,24103478,False,,,
20260823,中京,3,5,コトテーラー,24104829,False,,,
20260823,中京,3,6,セーズアマゾネス,24102992,False,,,
20260823,中京,3,7,スティルラブハー,24106517,False,,,
20260823,中京,3,8,ヴィスタグロッサ,24100632,False,,,
20260823,中京,3,9,ヴァーヴイレヴン,24108319,False,,,
20260823,中京,4,1,メイショウイッカク,23102242,False,,,
20260823,中京,4,2,グリーンゴー,23105294,False,,,
20260823,中京,4,3,アクシュラ,23104416,False,,,
20260823,中京,4,4,タイセイゼスティ,23100969,False,,,
20260823,中京,4,5,レッドセドナ,23103382,False,,,
20260823,中京,4,6,ニシノエビガタメ,23106271,False,,,
20260823,中京,4,7,グレートアゲイン,23100567,False,,,
20260823,中京,4,8,クリノリキオー,23100477,False,,,
20260823,中京,4,9,キタノハイテイル,23101233,False,,,
20260823,中京,4,10,グランワールド,23101572,False,,,
20260823,中京,4,11,チュウワヘネシー,23107469,False,,,
20260823,中京,4,12,インドミタビリティ,23103754,False,,,
20260823,中京,4,13,メイショウゴッホ,23102061,False,,,
20260823,中京,4,14,ミニュイ,23104866,False,,,
20260823,中京,4,15,レディトゥフライト,23100467,False,,,
20260823,中京,5,1,ベルシュヴァル,23102376,False,,,
20260823,中京,5,2,カポレイラ,22106593,False,,,
20260823,中京,5,3,ブルーミングローズ,22105190,False,,,
20260823,中京,5,4,エレガンシア,22103705,False,,,
20260823,中京,5,5,マーゴットレジーナ,22101400,False,,,
20260823,中京,5,6,ヴィスコンテッサ,23107244,False,,,
20260823,中京,5,7,アグレイビューティ,23103676,False,,,
20260823,中京,5,8,オモイヲノセテ,23103996,False,,,
20260823,中京,5,9,シェーラ,22102139,False,,,
20260823,中京,5,10,メイショウピリカ,22102550,False,,,
20260823,中京,5,11,シルバーリム,23106808,False,,,
20260823,中京,6,1,ギフテッド,22102920,False,,,
20260823,中京,6,2,テーオーシュタイン,22104879,False,,,
20260823,中京,6,3,ジーティーマン,22104715,False,,,
20260823,中京,6,4,ミッキースターダム,21105765,False,,,
20260823,中京,6,5,ビップディラン,22100382,False,,,
20260823,中京,6,6,アイキャンドウイッ,19105793,False,,,
20260823,中京,6,7,セブンマイスター,21105688,False,,,
20260823,中京,6,8,アロンソア,23103958,False,,,
20260823,中京,6,9,オックスアイ,23105810,False,,,
20260823,中京,6,10,サーディンラン,23103440,False,,,
20260823,中京,6,11,コルドンブルー,22106619,False,,,
20260823,中京,6,12,リカントロポ,22100080,False,,,
20260823,中京,6,13,ムーンウォーリア,23101427,False,,,
20260823,中京,6,14,ワンモアスマイル,22105590,False,,,
20260823,中京,7,1,トリポリタニア,22104928,False,,,
20260823,中京,7,2,スナークラファエロ,21103987,False,,,
20260823,中京,7,3,マリアナトレンチ,20102737,False,,,
20260823,中京,7,4,ロードプレジール,18102576,False,,,
20260823,中京,7,5,ハギノサステナブル,20105639,False,,,
20260823,中京,7,6,リチュアル,19106748,False,,,
20260823,中京,7,7,ペイシャモノノフ,20101020,False,,,
20260823,中京,7,8,マンマリアーレ,20100761,False,,,
20260823,中京,7,9,マーズオデッセイ,22102399,False,,,
20260823,中京,7,10,ミッキークレスト,21105112,False,,,
20260823,中京,7,11,マリオロード,19101198,False,,,
20260823,中京,7,12,ブルーサン,21106171,False,,,
20260823,中京,7,13,ハピ,19100630,False,,,
20260823,中京,7,14,メイショウユズルハ,19104089,False,,,
20260823,中京,7,15,レッドプロフェシー,20101579,False,,,
20260823,中京,7,16,ラインオブソウル,19105993,False,,,
20260823,中京,8,1,リトムテール,22100366,False,,,
20260823,中京,8,2,ヴェルジーネ,23106786,False,,,
20260823,中京,8,3,オプティモ,23104805,False,,,
20260823,中京,8,4,ワイルドブッター,22105077,False,,,
20260823,中京,8,5,サンライズブレイク,22101396,False,,,
20260823,中京,8,6,オドラニャソンソン,22102756,False,,,
20260823,中京,8,7,ジャスパーメルチェ,23107517,False,,,
20260823,中京,8,8,ラッキーバック,23100126,False,,,
20260823,中京,8,9,ベルピルエット,22102726,False,,,
20260823,中京,8,10,ゼンノフォトン,23104050,False,,,
20260823,中京,8,11,カーリキュー,23101115,False,,,
20260823,中京,8,12,ケイアイマウンガ,22106582,False,,,
20260823,中京,8,13,コマチチャン,23106086,False,,,
20260823,中京,8,14,ジャスパーノベル,22110113,False,,,
20260823,中京,8,15,カフジキアッキエレ,20103256,False,,,
20260823,中京,8,16,アパレイユ,23106321,False,,,
20260823,中京,9,1,サトノドルチェ,19105500,False,,,
20260823,中京,9,2,グラウンドビート,21105120,False,,,
20260823,中京,9,3,アルヴィア,21106965,False,,,
20260823,中京,9,4,メイショウゲキリン,19104092,False,,,
20260823,中京,9,5,ブルーセルリアン,22102325,False,,,
20260823,中京,9,6,バトラーズワーフ,22105252,False,,,
20260823,中京,9,7,シークレットキー,21105489,False,,,
20260823,中京,9,8,メイショウヘール,21104622,False,,,
20260823,中京,10,1,ドリームゴーズオン,23102898,False,,,
20260823,中京,10,2,ギレイ,23103419,False,,,
20260823,中京,10,3,アルダ,23103703,False,,,
20260823,中京,10,4,サトノディヴァイン,23105010,False,,,
20260823,中京,10,5,エクスマウス,23110009,False,,,
20260823,中京,10,6,ロードファイター,23100430,False,,,
20260823,中京,10,7,グランセンチュリ,23101990,False,,,
20260823,中京,10,8,セキゾウ,23105030,False,,,
20260823,中京,10,9,サラサキングスター,23102561,False,,,
20260823,中京,10,10,ボクサークラブ,23103395,False,,,
20260823,中京,10,11,ラミエルノムスコ,23103248,False,,,
20260823,中京,10,12,メイショウナナシロ,23103284,False,,,
20260823,中京,10,13,アビル,23103904,False,,,
20260823,中京,10,14,ブクブクー,23107528,False,,,
20260823,中京,11,1,オンザマーチ,23100956,False,,,
20260823,中京,11,2,バーケンティン,21105868,False,,,
20260823,中京,11,3,リピ,23101313,False,,,
20260823,中京,11,4,エルハーベン,23107169,False,,,
20260823,中京,11,5,ペールノエル,22104817,False,,,
20260823,中京,11,6,ベルサ,22103473,False,,,
20260823,中京,11,7,アラビアンジョイ,23102939,False,,,
20260823,中京,11,8,ロンティケチャップ,22104106,False,,,
20260823,中京,11,9,メイクワンズデイ,23103160,False,,,
20260823,中京,11,10,クインズセレネ,21103943,False,,,
20260823,中京,11,11,ペアレンツギフト,23103719,False,,,
20260823,中京,11,12,ルクスノア,21105529,False,,,
20260823,中京,11,13,エンヴェロップ,23105792,False,,,
20260823,中京,11,14,チリーゴールド,22104905,False,,,
20260823,中京,11,15,ダンデノン,23103886,False,,,
20260823,中京,11,16,ホウオウドルーリー,21100362,False,,,
20260823,中京,11,17,リアライズブラーヴ,23103678,False,,,
20260823,中京,12,1,ロードフリューゲル,23105816,False,,,
20260823,中京,12,2,ラッキーラグーン,23106973,False,,,
20260823,中京,12,3,スターペスアンナ,23104619,False,,,
20260823,中京,12,4,エバイダンス,23104397,False,,,
20260823,中京,12,5,ヒッグスボソン,23101122,False,,,
20260823,中京,12,6,ルナフィオーレ,23104520,False,,,
20260823,中京,12,7,アスターエポワス,23101047,False,,,
20260823,中京,12,8,ユウトザイシン,23101700,False,,,
20260823,中京,12,9,シャインゴーツ,23102643,False,,,
20260823,中京,12,10,フルドフォルク,23101491,False,,,
20260823,中京,12,11,ファイアプレイス,23101162,False,,,
20260823,中京,12,12,イットガール,23105313,False,,,
20260823,中京,12,13,アルミラージ,23100919,False,,,
20260823,中京,12,14,マクアケ,23100452,False,,,
20260823,中京,12,15,イッタレイッタレ,23105058,False,,,
20260823,中京,12,16,ヤマニンコルザ,23104364,False,,,
20260823,新潟,1,1,ソースウィート,24101411,False,,,
20260823,新潟,1,2,ディスペアーホープ,24100615,False,,,
20260823,新潟,1,3,ドッカイッチャッテ,24100754,False,,,
20260823,新潟,1,4,スノーキャップ,24102837,False,,,
20260823,新潟,1,5,コスモティタノ,24102727,False,,,
20260823,新潟,1,6,クールボビー,24105497,False,,,
20260823,新潟,1,7,クールストラッチン,24103348,False,,,
20260823,新潟,1,8,シュアシング,24105131,False,,,
20260823,新潟,1,9,レオリアライズ,24102152,False,,,
20260823,新潟,1,10,セイウントレジャ,24103001,False,,,
20260823,新潟,1,11,センカンナガト,24101497,False,,,
20260823,新潟,1,12,ノーセット,24100651,False,,,
20260823,新潟,2,1,オプティミスタ,24106605,False,,,
20260823,新潟,2,2,ノーブルフォース,24102994,False,,,
20260823,新潟,2,3,プロテウス,24105729,False,,,
20260823,新潟,2,4,グランドストーリー,24105832,False,,,
20260823,新潟,2,5,ゼラニウム,24101169,False,,,
20260823,新潟,2,6,アルバスタキヤ,24104139,False,,,
20260823,新潟,2,7,タイヴァス,24103421,False,,,
20260823,新潟,2,8,スロノス,24106679,False,,,
20260823,新潟,2,9,オーロラトレイル,24103456,False,,,
20260823,新潟,2,10,ロジグローリー,24102970,False,,,
20260823,新潟,2,11,フォルスラヴィ,24108281,False,,,
20260823,新潟,3,1,デススパイラル,24104977,False,,,
20260823,新潟,3,2,ヴィゴーレテソーロ,24105559,False,,,
20260823,新潟,3,3,ティシポネ,24107012,False,,,
20260823,新潟,3,4,レイヤードホワイト,24105075,False,,,
20260823,新潟,3,5,セイウンシャラ,24105332,False,,,
20260823,新潟,3,6,ランブリングガール,24106070,False,,,
20260823,新潟,3,7,ガネット,24106951,False,,,
20260823,新潟,3,8,ルーチェルナーレ,24103196,False,,,
20260823,新潟,3,9,ドミナント,24106219,False,,,
20260823,新潟,3,10,ヒーローシー,24100795,False,,,
20260823,新潟,3,11,コンセルノ,24102197,False,,,
20260823,新潟,3,12,ヴァルブロッサ,24102429,False,,,
20260823,新潟,4,1,ミッキーサウザンド,23107260,False,,,
20260823,新潟,4,2,パッサージュワイズ,23109122,False,,,
20260823,新潟,4,3,ピクシーゲイル,23104811,False,,,
20260823,新潟,4,4,ジャガーライズ,23102594,False,,,
20260823,新潟,4,5,フランシスガリバー,23100599,False,,,
20260823,新潟,4,6,ユイハホンキダゼ,23104344,False,,,
20260823,新潟,4,7,メビウスロマンス,23101477,False,,,
20260823,新潟,4,8,ヴェロシスタ,23106201,False,,,
20260823,新潟,4,9,ダイユウレゾナンス,23101801,False,,,
20260823,新潟,4,10,ジーティーニッツァ,23106331,False,,,
20260823,新潟,4,11,ゼフィリア,23107422,False,,,
20260823,新潟,4,12,ミエスタ,23101394,False,,,
20260823,新潟,4,13,サトミノアカリ,23103139,False,,,
20260823,新潟,4,14,ブルーダイヤシチー,23100349,False,,,
20260823,新潟,4,15,ノーブルスアーク,23103651,False,,,
20260823,新潟,5,1,スコアレジーナ,23101925,False,,,
20260823,新潟,5,2,ソロンゴ,23100582,False,,,
20260823,新潟,5,3,エリオステモン,23106980,False,,,
20260823,新潟,5,4,バンオンタイム,23101120,False,,,
20260823,新潟,5,5,メイショウコハル,23105036,False,,,
20260823,新潟,5,6,フジサン,23105006,False,,,
20260823,新潟,5,7,アオゾラランチ,23103377,False,,,
20260823,新潟,5,8,ソフィア,23107088,False,,,
20260823,新潟,5,9,ジーナグレイス,23107385,False,,,
20260823,新潟,5,10,ワイズファミリア,23103550,False,,,
20260823,新潟,5,11,ロックユアライフ,23105045,False,,,
20260823,新潟,5,12,シェリーシュシュ,23106183,False,,,
20260823,新潟,5,13,ウッケン,23102527,False,,,
20260823,新潟,5,14,ウラヌスリング,23106892,False,,,
20260823,新潟,5,15,ポポラヴィスタ,23102737,False,,,
20260823,新潟,5,16,ソアサージュ,23105408,False,,,
20260823,新潟,5,17,ルサフィール,23104052,False,,,
20260823,新潟,5,18,ピコプリンセス,23104544,False,,,
20260823,新潟,6,1,クロニクル,19101864,False,,,
20260823,新潟,6,2,アークドール,21110012,False,,,
20260823,新潟,6,3,エンセリオ,21100300,False,,,
20260823,新潟,6,4,オンザライン,18104646,False,,,
20260823,新潟,6,5,パフ,21100292,False,,,
20260823,新潟,6,6,エスティメート,19102648,False,,,
20260823,新潟,6,7,ブレトワルダ,22102965,False,,,
20260823,新潟,6,8,プルートマスター,19104632,False,,,
20260823,新潟,6,9,ユキノロイヤル,21104326,False,,,
20260823,新潟,6,10,ヴァナルガンド,20104567,False,,,
20260823,新潟,6,11,リバートゥルー,20102703,False,,,
20260823,新潟,6,12,ルクスビッグスター,20104297,False,,,
20260823,新潟,6,13,ロフティストーリー,22105738,False,,,
20260823,新潟,6,14,アラレタバシル,21107192,False,,,
20260823,新潟,6,15,モモンウールー,21105984,False,,,
20260823,新潟,7,1,シャンデヴァーグ,24106025,False,,,
20260823,新潟,7,2,レッチュベルク,24106687,False,,,
20260823,新潟,7,3,トップチェッカー,24100521,False,,,
20260823,新潟,7,4,アイデアルカット,24102830,False,,,
20260823,新潟,7,5,エレスレイプニル,24106831,False,,,
20260823,新潟,7,6,マインドフルネス,24103226,False,,,
20260823,新潟,7,7,トウシンマジック,24104696,False,,,
20260823,新潟,7,8,マイホームパパ,24102852,False,,,
20260823,新潟,7,9,スイートアリッサム,24104483,False,,,
20260823,新潟,7,10,インカルナータ,24106282,False,,,
20260823,新潟,8,1,ケイケイ,21103799,False,,,
20260823,新潟,8,2,コンテネレッツア,21105367,False,,,
20260823,新潟,8,3,マンウォル,21103744,False,,,
20260823,新潟,8,4,ジオパーククラウン,20106131,False,,,
20260823,新潟,8,5,シルバーレイン,22104942,False,,,
20260823,新潟,8,6,ナルキッソス,23110085,False,,,
20260823,新潟,8,7,ラパンチュール,22107340,False,,,
20260823,新潟,8,8,レイククレセント,21105077,True,,,
20260823,新潟,8,9,ユキノエミリオ,22104316,False,,,
20260823,新潟,8,10,ジッピーレーサー,17110086,False,,,
20260823,新潟,8,11,パワースナッチ,22105807,False,,,
20260823,新潟,8,12,ホウオウシェリー,21103486,False,,,
20260823,新潟,9,1,シルバードン,22101987,False,,,
20260823,新潟,9,2,リアライズタキオン,23105224,False,,,
20260823,新潟,9,3,カサブランカキッド,20104936,False,,,
20260823,新潟,9,4,ハヌル,21103343,False,,,
20260823,新潟,9,5,ワンモメンタム,23103823,False,,,
20260823,新潟,9,6,カンレイスター,23105558,False,,,
20260823,新潟,9,7,リッチハンター,20100555,False,,,
20260823,新潟,9,8,ホウオウルクソール,23104174,False,,,
20260823,新潟,9,9,マオノクラッシュ,22101864,False,,,
20260823,新潟,9,10,ダイユウファリーナ,21101896,False,,,
20260823,新潟,9,11,ティピティーナ,22105376,False,,,
20260823,新潟,9,12,カセノアステリア,23104150,False,,,
20260823,新潟,9,13,バルジール,22105705,False,,,
20260823,新潟,9,14,エフエイト,21109016,False,,,
20260823,新潟,9,15,ベルゼビュート,23105083,False,,,
20260823,新潟,10,1,モルゲンゾンネ,22102141,False,,,
20260823,新潟,10,2,クラウドセイル,20102552,False,,,
20260823,新潟,10,3,オルグジェシダ,22104875,False,,,
20260823,新潟,10,4,リポサンテ,22105338,False,,,
20260823,新潟,10,5,モウエエデショー,23105433,False,,,
20260823,新潟,10,6,ルーリングクラス,23103749,False,,,
20260823,新潟,10,7,ウィンスタンリー,22104684,False,,,
20260823,新潟,10,8,スペードギニー,22105191,False,,,
20260823,新潟,10,9,ラヴィニール,23107047,False,,,
20260823,新潟,10,10,マイネルモメンタム,21106811,False,,,
20260823,新潟,10,11,イモータリス,23107032,False,,,
20260823,新潟,10,12,キョウエイグッド,22104362,False,,,
20260823,新潟,11,1,ルクスコロン,22103214,False,,,
20260823,新潟,11,2,スカイダイバー,22104122,False,,,
20260823,新潟,11,3,ジュエルドレーサー,21100478,False,,,
20260823,新潟,11,4,テンペストヒロイン,22101265,False,,,
20260823,新潟,11,5,アルマグラース,22100216,False,,,
20260823,新潟,11,6,ココソラーレ,23109031,False,,,
20260823,新潟,11,7,ミエノブラボー,21104137,False,,,
20260823,新潟,11,8,スペルビア,22101781,False,,,
20260823,新潟,11,9,メイヨシュア,23109076,False,,,
20260823,新潟,11,10,ベルタソ,20100795,False,,,
20260823,新潟,11,11,オレイア,22101579,False,,,
20260823,新潟,11,12,シャルマンナナ,23101483,False,,,
20260823,新潟,11,13,ポップグルーヴ,22103443,False,,,
20260823,新潟,11,14,リアアーテシアン,23103702,False,,,
20260823,新潟,11,15,パーティーガール,22106420,False,,,
20260823,新潟,11,16,サツキレジーナ,22101204,False,,,
20260823,新潟,11,17,ヨドノティアラ,23101827,False,,,
20260823,新潟,12,1,チャームドウイング,23107109,False,,,
20260823,新潟,12,2,ブルーブロディ,23103835,False,,,
20260823,新潟,12,3,フォンドルレール,23103799,False,,,
20260823,新潟,12,4,タニセンローマ,23101095,False,,,
20260823,新潟,12,5,カズシ,23102662,False,,,
20260823,新潟,12,6,ドロワ,23103705,False,,,
20260823,新潟,12,7,クリムゾンリーフ,23102967,False,,,
20260823,新潟,12,8,トルネードアイル,23105308,False,,,
20260823,新潟,12,9,キチロクゴール,23104916,False,,,
20260823,新潟,12,10,パンパネイラ,23106904,False,,,
20260823,新潟,12,11,メイショウソラル,23106562,False,,,
20260823,新潟,12,12,テンカラットレター,23104554,False,,,
20260823,札幌,1,1,アーミル,23107002,False,,,
20260823,札幌,1,2,アッシュグレイス,23102404,False,,,
20260823,札幌,1,3,アイビーミャーオ,23101755,False,,,
20260823,札幌,1,4,ルーチェコメット,23102456,False,,,
20260823,札幌,1,5,シェイプオブユー,23100544,False,,,
20260823,札幌,1,6,ニシノギャルズ,23100360,False,,,
20260823,札幌,1,7,トリアングルレディ,23105161,False,,,
20260823,札幌,1,8,ロングフルスペック,23103167,False,,,
20260823,札幌,1,9,ペイシャクロス,23102999,False,,,
20260823,札幌,1,10,ベルグランボヌール,23106824,False,,,
20260823,札幌,1,11,アジーザム,23102951,False,,,
20260823,札幌,1,12,メイショウマドンナ,23104999,False,,,
20260823,札幌,2,1,デザートスピリット,24101022,False,,,
20260823,札幌,2,2,トムクリオーザ,24106216,False,,,
20260823,札幌,2,3,リーゼントエース,24104845,False,,,
20260823,札幌,2,4,シガレス,24105402,False,,,
20260823,札幌,2,5,ティアラード,24106091,False,,,
20260823,札幌,2,6,セールデュクール,24103622,False,,,
20260823,札幌,2,7,サンシルヴァリー,24103507,False,,,
20260823,札幌,2,8,サンレガート,24100210,False,,,
20260823,札幌,2,9,アルデシンザン,24105809,False,,,
20260823,札幌,2,10,ウィルレーヴィア,24106849,False,,,
20260823,札幌,2,11,シークレットタワー,24102983,False,,,
20260823,札幌,2,12,ムッチリスタイル,24100119,False,,,
20260823,札幌,3,1,ブルーエ,23105952,False,,,
20260823,札幌,3,2,ホウオウファラオ,23105365,False,,,
20260823,札幌,3,3,ブルーアンビエンス,23103830,False,,,
20260823,札幌,3,4,レジオンポレール,23103786,False,,,
20260823,札幌,3,5,セラサイト,23107306,False,,,
20260823,札幌,3,6,セブンワンダーズ,23100928,False,,,
20260823,札幌,3,7,ジェイストリーク,23107055,False,,,
20260823,札幌,3,8,メイショウライゴー,23104966,False,,,
20260823,札幌,3,9,ジェッディンデデン,23106606,False,,,
20260823,札幌,3,10,エクラドット,23107035,False,,,
20260823,札幌,3,11,アオイミズホ,23101814,False,,,
20260823,札幌,3,12,ヒマラヤミュサ,23100699,False,,,
20260823,札幌,3,13,ファイアリービート,23101135,False,,,
20260823,札幌,3,14,アメリカンダンス,23110082,False,,,
20260823,札幌,4,1,ドンレミラピュセル,23102611,False,,,
20260823,札幌,4,2,ブレッティレディ,23101092,False,,,
20260823,札幌,4,3,ロジスカヤ,23104685,False,,,
20260823,札幌,4,4,スカイピア,23110026,False,,,
20260823,札幌,4,5,メイショウテンジン,23106567,False,,,
20260823,札幌,4,6,ファイティンアスク,23100473,False,,,
20260823,札幌,4,7,ユーベルジーク,23102801,False,,,
20260823,札幌,4,8,リアララ,23110076,False,,,
20260823,札幌,4,9,ヴェンデボヌール,23100276,False,,,
20260823,札幌,4,10,リネアベルタ,23102408,False,,,
20260823,札幌,4,11,ニットウエース,23104977,False,,,
20260823,札幌,4,12,レッドアイスピア,23105670,False,,,
20260823,札幌,4,13,ゲフィオン,23106990,False,,,
20260823,札幌,4,14,チャーミングアイ,23101227,False,,,
20260823,札幌,4,15,ウォーターブビンガ,23101867,False,,,
20260823,札幌,4,16,アドマイヤパープル,23106879,False,,,
20260823,札幌,5,1,リズムオブサンダー,24105334,False,,,
20260823,札幌,5,2,アオイゲート,24105988,False,,,
20260823,札幌,5,3,ヴァンドレスト,24106181,False,,,
20260823,札幌,5,4,ボディビルダー,24101719,False,,,
20260823,札幌,5,5,ソフィーサンライズ,24101203,False,,,
20260823,札幌,5,6,マテンロウバモス,24103885,False,,,
20260823,札幌,5,7,バトルナイト,24104201,False,,,
20260823,札幌,6,1,ゴーゴーリチャード,23101399,False,,,
20260823,札幌,6,2,ルールザウェイヴ,23105344,False,,,
20260823,札幌,6,3,クイーンズワーフ,21105168,False,,,
20260823,札幌,6,4,モノポリオ,23107251,False,,,
20260823,札幌,6,5,ルクスアドラー,21101100,False,,,
20260823,札幌,6,6,モルニケ,23106844,False,,,
20260823,札幌,6,7,ブライトフレア,23103388,False,,,
20260823,札幌,6,8,オーケーダイナ,22101039,False,,,
20260823,札幌,6,9,サンウリエル,21101304,False,,,
20260823,札幌,6,10,ファニーバニー,23105277,False,,,
20260823,札幌,6,11,ホウオウペトリュス,21105694,False,,,
20260823,札幌,6,12,サンセットゴールド,23105394,False,,,
20260823,札幌,6,13,クラインシュミット,22101462,False,,,
20260823,札幌,6,14,ベアサナエチャン,23106829,False,,,
20260823,札幌,7,1,シーリュウシー,21106180,False,,,
20260823,札幌,7,2,シドニーホバート,22105506,False,,,
20260823,札幌,7,3,タイキフィアリーベ,22103156,False,,,
20260823,札幌,7,4,リバーソニック,23101484,False,,,
20260823,札幌,7,5,ニヒトツーゼーア,22102383,False,,,
20260823,札幌,7,6,トライゴーニック,22104691,False,,,
20260823,札幌,7,7,アスクガンバーレ,22102300,False,,,
20260823,札幌,7,8,ミスターエメラルド,23106516,False,,,
20260823,札幌,7,9,ステイアンビシャス,22101255,False,,,
20260823,札幌,7,10,ダイシンレアレア,22106566,False,,,
20260823,札幌,7,11,ブーケドグレイス,21102494,False,,,
20260823,札幌,8,1,シニャンガ,23107024,False,,,
20260823,札幌,8,2,サクラアドリア,22104092,False,,,
20260823,札幌,8,3,ブランヴァンダイク,23107194,False,,,
20260823,札幌,8,4,シャルムグリーン,23101459,False,,,
20260823,札幌,8,5,ララオウ,23105981,False,,,
20260823,札幌,8,6,ピティロディア,22105400,False,,,
20260823,札幌,8,7,ジェルブロア,22106618,False,,,
20260823,札幌,8,8,ダノンプレサージュ,23105295,False,,,
20260823,札幌,8,9,マイネルシンベリン,23100207,False,,,
20260823,札幌,8,10,ゴールドジェスター,22106846,False,,,
20260823,札幌,8,11,ソワンドヴィクター,23102783,False,,,
20260823,札幌,9,1,アドミラルシップ,21102708,False,,,
20260823,札幌,9,2,ハルフロンティア,22104724,False,,,
20260823,札幌,9,3,デルシエロ,21103520,False,,,
20260823,札幌,9,4,グランツローゼ,22106824,False,,,
20260823,札幌,9,5,エチゴドラゴン,23102810,False,,,
20260823,札幌,9,6,マイネルマスター,23106439,False,,,
20260823,札幌,9,7,ドーギッド,22105766,False,,,
20260823,札幌,9,8,ジャケットポケット,23100615,False,,,
20260823,札幌,9,9,サイン,23106866,False,,,
20260823,札幌,9,10,ユメシルベ,23106412,False,,,
20260823,札幌,9,11,メイショウテンク,23105021,False,,,
20260823,札幌,9,12,ダノンシーホーク,23103470,False,,,
20260823,札幌,9,13,エイシンインアウト,23105521,False,,,
20260823,札幌,10,1,ローズマイスター,22104419,False,,,
20260823,札幌,10,2,クリノラピダス,22109038,False,,,
20260823,札幌,10,3,ハイクオリティ,22106924,False,,,
20260823,札幌,10,4,セイントホース,23103176,False,,,
20260823,札幌,10,5,オーロラアーク,19102186,False,,,
20260823,札幌,10,6,ユウェンタース,22103515,False,,,
20260823,札幌,10,7,レッドライトニング,21102200,False,,,
20260823,札幌,10,8,ハヤブサオヒメサマ,22105973,False,,,
20260823,札幌,10,9,ヒミノエトワール,22102388,False,,,
20260823,札幌,10,10,カスバートテソーロ,22102263,False,,,
20260823,札幌,10,11,アオハルブルース,23102313,False,,,
20260823,札幌,10,12,ヒルノピレネー,20100673,False,,,
20260823,札幌,10,13,マーシヴィガラス,20104099,False,,,
20260823,札幌,10,14,ウインハルモニア,22105610,False,,,
20260823,札幌,11,1,ナムラクララ,22102887,False,,,
20260823,札幌,11,2,ルシード,22103592,False,,,
20260823,札幌,11,3,パンジャタワー,22101732,False,,,
20260823,札幌,11,4,エーティーマクフィ,19105859,False,,,
20260823,札幌,11,5,ゾンニッヒ,18101343,False,,,
20260823,札幌,11,6,ジョーメッドヴィン,21100522,False,,,
20260823,札幌,11,7,マイネルジェロディ,18102155,False,,,
20260823,札幌,11,8,ウインカーネリアン,17101429,False,,,
20260823,札幌,11,9,イツモニコニコ,21107063,False,,,
20260823,札幌,11,10,ダノンマッキンリー,21105774,False,,,
20260823,札幌,11,11,リラエンブレム,22104922,False,,,
20260823,札幌,11,12,レッドアヴァンティ,19103594,False,,,
20260823,札幌,11,13,ロジケープ,23104015,False,,,
20260823,札幌,11,14,サウンドモリアーナ,22102057,False,,,
20260823,札幌,11,15,エイシンディード,23105505,False,,,
20260823,札幌,11,16,ロードフォアエース,21100130,False,,,
20260823,札幌,12,1,ミーントゥビー,22105317,False,,,
20260823,札幌,12,2,マイネルフォルツァ,20105809,False,,,
20260823,札幌,12,3,バセリーナ,22106772,False,,,
20260823,札幌,12,4,ストームサンダー,23100772,False,,,
20260823,札幌,12,5,レッセパッセ,21106826,False,,,
20260823,札幌,12,6,マルカオペラ,21104978,False,,,
20260823,札幌,12,7,ベネスピラ,22102745,False,,,
20260823,札幌,12,8,ウインベラーノ,22106231,False,,,
20260823,札幌,12,9,ルクスジニア,22104784,False,,,
20260823,札幌,12,10,テルヒコウ,23100627,False,,,
20260823,札幌,12,11,ショウナンヤッホー,22104605,False,,,
20260823,札幌,12,12,ミリオンクラウン,23100840,False,,,
20260823,札幌,12,13,コスモスプモーニ,20101261,False,,,
20260823,札幌,12,14,ワザモノ,18103560,False,,,
20260829,中京,1,1,エンルートフライト,24100037,False,,,
20260829,中京,1,2,ブラックミューズ,24106131,False,,,
20260829,中京,1,3,プッシュザリミット,24108113,False,,,
20260829,中京,1,4,ディープナイト,24100601,False,,,
20260829,中京,1,5,レイデアルマス,24106436,False,,,
20260829,中京,1,6,ピュアノーブル,24105997,False,,,
20260829,中京,1,7,マンナット,24100654,False,,,
20260829,中京,1,8,ハルカカナタ,24106310,False,,,
20260829,中京,1,9,ゴルディアス,24101754,False,,,
20260829,中京,1,10,ホットロッドハート,24105800,False,,,
20260829,中京,1,11,メモリアデルレ,24106944,False,,,
20260829,中京,2,1,ドリームオブコージ,24100126,False,,,
20260829,中京,2,2,ボビーザグレート,24103740,False,,,
20260829,中京,2,3,ダノンアズール,24106361,False,,,
20260829,中京,2,4,ゴールドシューター,24103680,False,,,
20260829,中京,2,5,バミューダブーケ,24106019,False,,,
20260829,中京,2,6,ダヌラーサナ,24105938,False,,,
20260829,中京,2,7,オーリエイト,24107041,False,,,
20260829,中京,2,8,アンナモエ,24105666,False,,,
20260829,中京,2,9,ルガルデ,24108222,False,,,
20260829,中京,2,10,ミリオンカラー,24104727,False,,,
20260829,中京,2,11,ソリドゥス,24104583,False,,,
20260829,中京,2,12,ジュンヴァグネル,24107194,False,,,
20260829,中京,3,1,クリノライジング,24102637,False,,,
20260829,中京,3,2,ワンキャンパス,24102770,False,,,
20260829,中京,3,3,パルフェクシオン,24103479,False,,,
20260829,中京,3,4,リムリックアイル,24106540,False,,,
20260829,中京,3,5,ビンチャリ,24100644,False,,,
20260829,中京,3,6,ジーティーハルカゼ,24106134,False,,,
20260829,中京,3,7,サルーミアモール,24107037,False,,,
20260829,中京,3,8,インティサール,24106628,False,,,
20260829,中京,3,9,マイフレダ,24101904,False,,,
20260829,中京,3,10,ドリームリボン,24101847,False,,,
20260829,中京,3,11,カラスアゲハ,24103786,False,,,
20260829,中京,3,12,ウルウノマーズ,24102899,False,,,
20260829,中京,4,1,タイセイグローバル,23105256,False,,,
20260829,中京,4,2,アメジストブリエ,23105040,False,,,
20260829,中京,4,3,プロスト,23101677,False,,,
20260829,中京,4,4,ヴィスメンティス,23103758,False,,,
20260829,中京,4,5,ジュンヴァッテッド,23106998,False,,,
20260829,中京,4,6,カパルア,23105234,False,,,
20260829,中京,4,7,クールドリオン,23100281,False,,,
20260829,中京,4,8,スクランプシャス,23103411,False,,,
20260829,中京,4,9,サンタカタリナ,23104879,False,,,
20260829,中京,4,10,テイエムプレミラン,23104905,False,,,
20260829,中京,4,11,パシフィックドーン,23107212,False,,,
20260829,中京,4,12,チュオンソン,23104944,False,,,
20260829,中京,4,13,マイコンプリート,23107155,False,,,
20260829,中京,4,14,マテンロウルクス,23107344,False,,,
20260829,中京,4,15,レイアン,23103887,False,,,
20260829,中京,4,16,ナムラヴンダー,23106243,False,,,
20260829,中京,5,1,ワンダーデリエール,23100446,False,,,
20260829,中京,5,2,リアライズアリス,23101295,False,,,
20260829,中京,5,3,サンスベリア,23103242,False,,,
20260829,中京,5,4,コスモフィレンツェ,23107094,False,,,
20260829,中京,5,5,クランズクラウン,23107197,False,,,
20260829,中京,5,6,パンキー,23102310,False,,,
20260829,中京,5,7,スリーキズナヒメ,23106210,False,,,
20260829,中京,5,8,ゴールデンテティス,23101097,False,,,
20260829,中京,5,9,ウインリーブル,23105872,False,,,
20260829,中京,5,10,ビクスバイト,23106949,False,,,
20260829,中京,5,11,ラピス,23104405,False,,,
20260829,中京,5,12,クラリノ,23105119,False,,,
20260829,中京,5,13,プリティウーマン,23102808,False,,,
20260829,中京,6,1,フィドルファドル,22104674,False,,,
20260829,中京,6,2,ザウリ,19101399,False,,,
20260829,中京,6,3,オコタンペ,21105849,False,,,
20260829,中京,6,4,シルフズミスチーフ,22110001,False,,,
20260829,中京,6,5,ルクスレイモンド,23100670,False,,,
20260829,中京,6,6,ダノンモンテローザ,21100158,False,,,
20260829,中京,6,7,ローマンレイク,21105976,False,,,
20260829,中京,6,8,ブルーノート,19100871,False,,,
20260829,中京,6,9,シアター,21103299,False,,,
20260829,中京,6,10,リードプリンシパル,22105748,False,,,
20260829,中京,6,11,アオイレーギーナ,22102939,False,,,
20260829,中京,6,12,バッハアルプゼー,22106923,False,,,
20260829,中京,6,13,ゲーベル,21100786,False,,,
20260829,中京,7,1,ボンヌソワレ,22105435,False,,,
20260829,中京,7,2,ロードマイライフ,21103312,False,,,
20260829,中京,7,3,ビップジーニー,21105812,False,,,
20260829,中京,7,4,ブルクトーア,22104694,False,,,
20260829,中京,7,5,チャンネルトンネル,21106369,False,,,
20260829,中京,7,6,セシリエプラージュ,21104941,False,,,
20260829,中京,7,7,コト,21101019,False,,,
20260829,中京,7,8,ダークエクリプス,19106739,False,,,
20260829,中京,7,9,モジャーリオ,22106603,False,,,
20260829,中京,7,10,ポッドロワール,22101573,False,,,
20260829,中京,7,11,フライングブレード,20100906,False,,,
20260829,中京,7,12,ポエットリー,21105202,False,,,
20260829,中京,7,13,ユハンヌス,20110039,False,,,
20260829,中京,7,14,ガンマジーティーピ,22106123,False,,,
20260829,中京,7,15,ユウファラオ,23110065,False,,,
20260829,中京,8,1,カウンティフェア,22104121,False,,,
20260829,中京,8,2,ツーネサーン,21105584,False,,,
20260829,中京,8,3,サロニコス,21105540,False,,,
20260829,中京,8,4,アムールリーベ,21105659,False,,,
20260829,中京,8,5,サクラオーラ,19106280,False,,,
20260829,中京,8,6,トライアンフパス,23106431,False,,,
20260829,中京,8,7,リアライズ,20105299,False,,,
20260829,中京,8,8,キャッスルレイク,22100642,False,,,
20260829,中京,8,9,エーデルヴェーグ,22104647,False,,,
20260829,中京,8,10,ワンコールアウェイ,22104180,False,,,
20260829,中京,8,11,アスクキングコング,18104534,False,,,
20260829,中京,8,12,サヴァビアン,18103473,False,,,
20260829,中京,8,13,モンテディアーナ,22104597,False,,,
20260829,中京,8,14,ダガーリング,22102153,True,,,
20260829,中京,9,1,ラグナトーレ,22106185,False,,,
20260829,中京,9,2,ブラッドムーン,23102701,False,,,
20260829,中京,9,3,コンテナライン,22105954,False,,,
20260829,中京,9,4,セレーノ,23104372,False,,,
20260829,中京,9,5,クラテロス,23105462,False,,,
20260829,中京,9,6,ラテライト,22105794,False,,,
20260829,中京,9,7,リアンクトワ,21103293,False,,,
20260829,中京,9,8,シエーナカラー,23103169,False,,,
20260829,中京,9,9,メイショウアカリ,23106568,False,,,
20260829,中京,10,1,ワイドグンサ,23106323,False,,,
20260829,中京,10,2,パヴィーア,22110082,False,,,
20260829,中京,10,3,ハッピーラブソング,23100566,False,,,
20260829,中京,10,4,タイニーワンダー,23105027,False,,,
20260829,中京,10,5,ヴィヴァシャス,22104391,False,,,
20260829,中京,10,6,ジューンセクレタ,23110029,False,,,
20260829,中京,10,7,ウォーターパラディ,22103229,False,,,
20260829,中京,10,8,メイショウサトノヒ,22103634,False,,,
20260829,中京,10,9,ピョイットハレルヤ,23105427,False,,,
20260829,中京,10,10,リンゲルブルーメ,22105011,False,,,
20260829,中京,10,11,アルプスオジョー,21100540,False,,,
20260829,中京,10,12,マダムカマラード,23100978,True,,,
20260829,中京,10,13,グランメドウ,21110107,False,,,
20260829,中京,10,14,ハンザキ,23101004,False,,,
20260829,中京,10,15,タイセイレグノ,22101403,False,,,
20260829,中京,10,16,ジャンヌドゥレーヴ,23104060,False,,,
20260829,中京,11,1,オーバースタンド,22106354,False,,,
20260829,中京,11,2,エンベッカ,22104824,False,,,
20260829,中京,11,3,ファルカータ,23105804,False,,,
20260829,中京,11,4,リアンマヒナ,23104430,False,,,
20260829,中京,11,5,メイショウビストロ,22103251,False,,,
20260829,中京,11,6,レッドリガーレ,23106614,False,,,
20260829,中京,11,7,チャンピオンロード,23110023,False,,,
20260829,中京,11,8,フレイムスター,23101577,False,,,
20260829,中京,11,9,ヴォーカライズ,23103783,False,,,
20260829,中京,11,10,エイズルブルーム,23102996,False,,,
20260829,中京,11,11,ギザキズラヴ,22106715,False,,,
20260829,中京,11,12,グローブアマランス,21105022,False,,,
20260829,中京,11,13,リオンプライム,22103100,False,,,
20260829,中京,12,1,クロレ,23110041,False,,,
20260829,中京,12,2,ゴールデンドラゴン,23104872,False,,,
20260829,中京,12,3,タガノランパート,23104330,False,,,
20260829,中京,12,4,クリコバロー,23101412,False,,,
20260829,中京,12,5,シャイニングスター,23103239,False,,,
20260829,中京,12,6,ブクブクー,23107528,False,,,
20260829,中京,12,7,ベルラフィネ,23100305,False,,,
20260829,中京,12,8,シホノグラツィア,23106896,False,,,
20260829,中京,12,9,クロームクロス,23102887,False,,,
20260829,中京,12,10,ガラード,23100855,False,,,
20260829,中京,12,11,メイショウハーブス,23104940,False,,,
20260829,中京,12,12,トラッドロア,23110010,False,,,
20260829,中京,12,13,サマーナジュム,23104379,False,,,
20260829,中京,12,14,メイショウジンソウ,23101043,False,,,
20260829,新潟,1,1,ウインシュクラン,18101615,False,,,
20260829,新潟,1,2,ホウオウサンデー,18105047,False,,,
20260829,新潟,1,3,コスモグラニット,22106800,False,,,
20260829,新潟,1,4,アスクアットバット,22110139,False,,,
20260829,新潟,1,5,ワールドシリーズ,21110002,False,,,
20260829,新潟,1,6,リッケンバッカー,18103590,False,,,
20260829,新潟,1,7,マイネルニコラス,19100768,False,,,
20260829,新潟,1,8,エナジーグラン,19104108,False,,,
20260829,新潟,1,9,フォーディアライフ,21104770,False,,,
20260829,新潟,1,10,オリンポスカズマ,20102013,False,,,
20260829,新潟,1,11,ラパンラピッド,20102648,False,,,
20260829,新潟,1,12,バダジェフスカ,22106590,False,,,
20260829,新潟,2,1,ロマンス,23102234,False,,,
20260829,新潟,2,2,オーパパ,23103915,False,,,
20260829,新潟,2,3,ネイティヴプライド,23105319,False,,,
20260829,新潟,2,4,ダイヒョウカーク,23105465,False,,,
20260829,新潟,2,5,プリヴィマーク,23107367,False,,,
20260829,新潟,2,6,ガードオブオナー,23107327,False,,,
20260829,新潟,2,7,ゴールドプレイヤー,23104504,False,,,
20260829,新潟,2,8,エターナルホープ,23102555,False,,,
20260829,新潟,2,9,オウケンサクラコ,23105601,False,,,
20260829,新潟,2,10,マーゴットライズ,23106889,False,,,
20260829,新潟,2,11,アデルフィー,23105753,False,,,
20260829,新潟,2,12,ヌビアン,23103299,False,,,
20260829,新潟,2,13,バターショコラ,23105240,False,,,
20260829,新潟,2,14,ハチマン,23101475,False,,,
20260829,新潟,2,15,カシマライフウ,23105439,False,,,
20260829,新潟,3,1,マムダッドベル,24105177,False,,,
20260829,新潟,3,2,ノルトハウゼン,24105973,False,,,
20260829,新潟,3,3,ルクスマグナ,24100134,False,,,
20260829,新潟,3,4,ビスクヴィート,24101728,False,,,
20260829,新潟,3,5,アルアンダルス,24100316,False,,,
20260829,新潟,3,6,ホウオウビリーヴ,24106585,False,,,
20260829,新潟,3,7,レーゲンシャウアー,24104453,False,,,
20260829,新潟,3,8,アウアリイ,24106017,False,,,
20260829,新潟,3,9,パープルタウン,24102097,False,,,
20260829,新潟,3,10,サウンドシェリー,24103035,False,,,
20260829,新潟,3,11,キムケンシーサー,24101140,False,,,
20260829,新潟,4,1,ポケットブック,24105018,False,,,
20260829,新潟,4,2,ジェイエルキール,24100834,False,,,
20260829,新潟,4,3,クラウンロムパイア,24100293,False,,,
20260829,新潟,4,4,エクラドリオン,24106743,False,,,
20260829,新潟,4,5,ショウナンバッカス,24101299,False,,,
20260829,新潟,4,6,ヨツバ,24105478,False,,,
20260829,新潟,4,7,タワーウマザンマイ,24104800,False,,,
20260829,新潟,4,8,チョトツモウシン,24103008,False,,,
20260829,新潟,4,9,ニシノムホウモノ,24105422,False,,,
20260829,新潟,4,10,レッドアバンドーネ,24110006,False,,,
20260829,新潟,4,11,アヴァンデセール,24107330,False,,,
20260829,新潟,4,12,セレスティナ,24100017,False,,,
20260829,新潟,4,13,イントリー,24105539,False,,,
20260829,新潟,4,14,イデアモッコス,24102094,False,,,
20260829,新潟,4,15,コメットサン,24102161,False,,,
20260829,新潟,4,16,ホワイトホール,24104300,False,,,
20260829,新潟,4,17,モチロンコクラ,24104659,False,,,
20260829,新潟,4,18,ショウナンワンパク,24104480,False,,,
20260829,新潟,5,1,ローレルエース,23104559,False,,,
20260829,新潟,5,2,イクオクコウネン,23105458,False,,,
20260829,新潟,5,3,レイランディ,23103506,False,,,
20260829,新潟,5,4,ブリックアブラック,23102410,False,,,
20260829,新潟,5,5,ピクシーゲイル,23104811,False,,,
20260829,新潟,5,6,サヴマ,23106182,False,,,
20260829,新潟,5,7,ヤマメホープ,23103075,False,,,
20260829,新潟,5,8,ピグマリオン,23101391,False,,,
20260829,新潟,5,9,ゾネブルーム,23107195,False,,,
20260829,新潟,5,10,アルティマローネ,23106811,False,,,
20260829,新潟,5,11,キコリータ,23103321,False,,,
20260829,新潟,5,12,アージェンタイド,23102411,False,,,
20260829,新潟,5,13,ゴールドエンバー,23102333,False,,,
20260829,新潟,5,14,アティラン,23105641,False,,,
20260829,新潟,5,15,アンヴデット,23107044,False,,,
20260829,新潟,5,16,ルミナスレイナ,23100727,False,,,
20260829,新潟,5,17,ホウライブラック,23106315,False,,,
20260829,新潟,5,18,オレンジフィールド,23102640,False,,,
20260829,新潟,6,1,ボールドタワー,23103016,False,,,
20260829,新潟,6,2,コスモシェルベット,22106785,False,,,
20260829,新潟,6,3,ルーナディサングエ,23103013,False,,,
20260829,新潟,6,4,ヨドノタイヨウ,22100348,False,,,
20260829,新潟,6,5,トレベルオール,21102203,False,,,
20260829,新潟,6,6,ルシャルムール,22105863,False,,,
20260829,新潟,6,7,アバレリュウ,22100390,False,,,
20260829,新潟,6,8,アビヤント,23104398,False,,,
20260829,新潟,6,9,ゴットランド,22100162,False,,,
20260829,新潟,6,10,リアライズオーラム,22105773,False,,,
20260829,新潟,6,11,ヴェーヌドール,22105708,False,,,
20260829,新潟,6,12,サウジバラード,23103519,False,,,
20260829,新潟,6,13,マルカベント,22105362,False,,,
20260829,新潟,6,14,ジンガー,22100816,False,,,
20260829,新潟,6,15,サトノラポール,22104786,False,,,
20260829,新潟,7,1,ハギノコラソン,22100439,False,,,
20260829,新潟,7,2,ボウウィンドウ,22105002,False,,,
20260829,新潟,7,3,バンフィエルド,19104531,False,,,
20260829,新潟,7,4,ツルマウカタチ,21102106,False,,,
20260829,新潟,7,5,ロールザダイス,22106626,False,,,
20260829,新潟,7,6,オリバナム,22100381,False,,,
20260829,新潟,7,7,ジャンビ,21103878,False,,,
20260829,新潟,7,8,ホウオウタイタン,22103278,False,,,
20260829,新潟,7,9,バガン,18106354,False,,,
20260829,新潟,7,10,ペッレグリーニ,21105647,False,,,
20260829,新潟,7,11,ティムール,20103048,False,,,
20260829,新潟,7,12,マイネルアズーロ,22100274,False,,,
20260829,新潟,7,13,エリーナストーム,22105030,False,,,
20260829,新潟,7,14,カフェアローロ,21100469,False,,,
20260829,新潟,7,15,スピンザブラッド,21105244,False,,,
20260829,新潟,7,16,ピエナフェーヴル,22101175,False,,,
20260829,新潟,7,17,マイネルアレス,22106817,False,,,
20260829,新潟,8,1,ピカピカサンダー,22105979,False,,,
20260829,新潟,8,2,アムールドパリ,21105264,False,,,
20260829,新潟,8,3,タガノバビロン,22106553,False,,,
20260829,新潟,8,4,フタイテンロック,19102665,False,,,
20260829,新潟,8,5,ショウナンライシン,20103148,False,,,
20260829,新潟,8,6,カズタンジャー,21101259,False,,,
20260829,新潟,8,7,メイショウズイウン,22100154,False,,,
20260829,新潟,8,8,ピースオブザライフ,20101024,False,,,
20260829,新潟,8,9,ハセドン,19103593,False,,,
20260829,新潟,8,10,ハビレ,21100561,False,,,
20260829,新潟,8,11,ベルイストワール,21100606,False,,,
20260829,新潟,9,1,ダンシングアウェイ,23102336,False,,,
20260829,新潟,9,2,プレイザリード,23103471,False,,,
20260829,新潟,9,3,ディーンズリスター,19105490,False,,,
20260829,新潟,9,4,シャインフリーリー,22101495,False,,,
20260829,新潟,9,5,ノーマジック,21101166,False,,,
20260829,新潟,9,6,オプレントジュエル,22105365,False,,,
20260829,新潟,9,7,ミッドセンチュリー,22103308,False,,,
20260829,新潟,9,8,ゴンファロニエーレ,23107093,False,,,
20260829,新潟,9,9,コウセイケンタロス,22105461,False,,,
20260829,新潟,9,10,フォーグッド,19105076,False,,,
20260829,新潟,9,11,ランブルスコ,23107013,False,,,
20260829,新潟,9,12,テイキットイージー,21101088,False,,,
20260829,新潟,9,13,マイネルリーヒム,23104485,False,,,
20260829,新潟,10,1,ビリオネアボーイ,22110094,False,,,
20260829,新潟,10,2,アルシャンティ,22102978,False,,,
20260829,新潟,10,3,キャトルエピス,22105293,False,,,
20260829,新潟,10,4,ソードスレイプニル,23103942,False,,,
20260829,新潟,10,5,メイリー,22106741,False,,,
20260829,新潟,10,6,タイセイフレッサ,23100914,False,,,
20260829,新潟,10,7,ベレーバスク,23106477,False,,,
20260829,新潟,10,8,フェーダーローター,23106484,False,,,
20260829,新潟,10,9,ライネリーベ,22105184,False,,,
20260829,新潟,10,10,ワカミヤイリオス,22101032,False,,,
20260829,新潟,10,11,ダイユウルミナス,23106299,False,,,
20260829,新潟,10,12,カシノリアーナ,23100421,False,,,
20260829,新潟,10,13,サーロー,23103873,False,,,
20260829,新潟,10,14,ホットゥトロット,23106325,False,,,
20260829,新潟,10,15,ディサイドオンミー,23103518,False,,,
20260829,新潟,10,16,リラベガ,23106372,False,,,
20260829,新潟,10,17,ガミーヌ,23106468,False,,,
20260829,新潟,10,18,タイキオーベロン,22103155,False,,,
20260829,新潟,11,1,ウィズアツインクル,23102388,False,,,
20260829,新潟,11,2,ムーングレイル,23102843,False,,,
20260829,新潟,11,3,エリュグレイス,23103467,False,,,
20260829,新潟,11,4,ジーナグレイス,23107385,False,,,
20260829,新潟,11,5,グランフルス,23102434,False,,,
20260829,新潟,11,6,レインボーワールド,23100891,False,,,
20260829,新潟,11,7,ミリオングローリー,23102386,False,,,
20260829,新潟,11,8,スイートハイデン,23104025,False,,,
20260829,新潟,11,9,ヘルヴィッツ,23100534,False,,,
20260829,新潟,11,10,ノブステップ,23103955,False,,,
20260829,新潟,11,11,ヤマニンリンキング,23104359,False,,,
20260829,新潟,11,12,イベリスアマラ,23106870,False,,,
20260829,新潟,11,13,イノーマル,23105014,False,,,
20260829,新潟,11,14,マイネルアルゴー,23106462,False,,,
20260829,新潟,11,15,レッドレガリア,23107340,False,,,
20260829,新潟,11,16,トーアシチフクジン,23103845,False,,,
20260829,新潟,11,17,コスモアルペジオ,23106461,False,,,
20260829,新潟,11,18,ピースフルマインド,23105298,False,,,
20260829,新潟,12,1,ペイシャラム,23106132,False,,,
20260829,新潟,12,2,リベラル,23104623,False,,,
20260829,新潟,12,3,エリースノー,23103226,False,,,
20260829,新潟,12,4,チュラヴェール,23104607,False,,,
20260829,新潟,12,5,シカゴキャッツ,23102530,False,,,
20260829,新潟,12,6,ペイシャダンシング,23103126,False,,,
20260829,新潟,12,7,ロンバスブレス,23106053,False,,,
20260829,新潟,12,8,ブライティアロード,23100573,False,,,
20260829,新潟,12,9,サンシュノジンギ,23105554,False,,,
20260829,新潟,12,10,ガヤーズベース,23105114,False,,,
20260829,新潟,12,11,ケイツーキップ,23104497,False,,,
20260829,新潟,12,12,カフェオドヴィー,23106253,False,,,
20260829,新潟,12,13,テラシエスタ,23102548,False,,,
20260829,新潟,12,14,トリエンナーレ,23103779,False,,,
20260829,新潟,12,15,ライヴマティーニ,23102925,False,,,
20260829,札幌,1,1,アズライトアスール,23100785,False,,,
20260829,札幌,1,2,ロードステラート,23105838,False,,,
20260829,札幌,1,3,アスコットダンス,23105144,False,,,
20260829,札幌,1,4,ショウナンタヅナ,23100531,False,,,
20260829,札幌,1,5,フロムザムーン,23102369,False,,,
20260829,札幌,1,6,ワンダーアスク,23103191,False,,,
20260829,札幌,1,7,ダリアフレイバー,23102197,False,,,
20260829,札幌,1,8,アイムスティルミー,23106595,False,,,
20260829,札幌,1,9,ゴールデンダガー,23105726,False,,,
20260829,札幌,1,10,クールフィデル,23103483,False,,,
20260829,札幌,1,11,メイショウタイザン,23106570,False,,,
20260829,札幌,1,12,サンオブザサン,23101979,False,,,
20260829,札幌,1,13,ベルアズーロ,23103168,False,,,
20260829,札幌,1,14,アーデルブリックス,23106863,False,,,
20260829,札幌,2,1,セールデュクール,24103622,False,,,
20260829,札幌,2,2,ロゼハイスクール,24105019,False,,,
20260829,札幌,2,3,フォルトゥナロッサ,24105934,False,,,
20260829,札幌,2,4,セイレイカ,24105494,False,,,
20260829,札幌,2,5,タプティ,24100935,False,,,
20260829,札幌,2,6,ルギッドドランジュ,24100800,False,,,
20260829,札幌,2,7,コイゾラ,24103350,False,,,
20260829,札幌,2,8,リラカリス,24102008,False,,,
20260829,札幌,2,9,ソーハッピー,24101900,False,,,
20260829,札幌,2,10,アヴレディール,24105638,False,,,
20260829,札幌,2,11,ルイスイメル,24105051,False,,,
20260829,札幌,2,12,バタフライ,24107318,False,,,
20260829,札幌,2,13,サトノパラディ,24106326,False,,,
20260829,札幌,3,1,ダノンキューブ,24106180,False,,,
20260829,札幌,3,2,サンゴート,24100004,False,,,
20260829,札幌,3,3,エコロナイン,24106427,False,,,
20260829,札幌,3,4,アイアムツヨスギル,24106018,False,,,
20260829,札幌,3,5,ロマノヴェリテ,24103490,False,,,
20260829,札幌,3,6,チェッリーニ,24100609,False,,,
20260829,札幌,3,7,マシュマロデイズ,24106580,False,,,
20260829,札幌,3,8,トルネードサンダー,24100245,False,,,
20260829,札幌,3,9,イドム,24102908,False,,,
20260829,札幌,3,10,マイネルサリーレ,24103571,False,,,
20260829,札幌,3,11,シャイニーヒーロー,24101323,False,,,
20260829,札幌,4,1,ニシノギャルズ,23100360,False,,,
20260829,札幌,4,2,ゲレイロ,23104669,False,,,
20260829,札幌,4,3,ハクサンレイホウ,23105694,False,,,
20260829,札幌,4,4,オスロクィーン,23110048,False,,,
20260829,札幌,4,5,アニマレイ,23105279,False,,,
20260829,札幌,4,6,ハイティー,23107310,False,,,
20260829,札幌,4,7,フェイスリフト,23106605,False,,,
20260829,札幌,4,8,ジューンマロン,23105278,False,,,
20260829,札幌,4,9,ディースカウ,23105366,False,,,
20260829,札幌,4,10,マッシブショット,23101845,False,,,
20260829,札幌,4,11,ミスマラッカ,23103857,False,,,
20260829,札幌,4,12,スマートコーラル,23106001,False,,,
20260829,札幌,5,1,ユーフォナイト,24106798,False,,,
20260829,札幌,5,2,ハイネスプラウド,24106566,False,,,
20260829,札幌,5,3,ロンバルディア,24105349,False,,,
20260829,札幌,5,4,ウィナーズクロノ,24104203,False,,,
20260829,札幌,5,5,フィールザウィル,24107117,False,,,
20260829,札幌,5,6,コスモセイント,24105875,False,,,
20260829,札幌,5,7,フクノブロッサム,24100211,False,,,
20260829,札幌,5,8,テンラッキーロード,24106739,False,,,
20260829,札幌,5,9,ハリケンライズ,24104323,False,,,
20260829,札幌,5,10,ゴーストミステリー,24105699,False,,,
20260829,札幌,5,11,モントリオール,24106658,False,,,
20260829,札幌,5,12,リュウノタキノボリ,24103223,False,,,
20260829,札幌,5,13,ルクシエル,24107227,False,,,
20260829,札幌,5,14,ルボワ,24106761,False,,,
20260829,札幌,6,1,ヒルノボローニャ,23104474,False,,,
20260829,札幌,6,2,フレンチブラッサム,23105062,False,,,
20260829,札幌,6,3,イトシサ,23106849,False,,,
20260829,札幌,6,4,ヒメヒオウギ,23106148,False,,,
20260829,札幌,6,5,グリニッジローズ,23102038,False,,,
20260829,札幌,6,6,エイシンキーンラン,23105530,False,,,
20260829,札幌,6,7,ランウェイミューズ,23107304,False,,,
20260829,札幌,6,8,サートゥルチェア,23104680,False,,,
20260829,札幌,6,9,ハイバーニアン,23101347,False,,,
20260829,札幌,6,10,ジャーナーリア,23100596,False,,,
20260829,札幌,6,11,ペカリーナ,23106578,False,,,
20260829,札幌,6,12,サウンドファミリエ,23104254,False,,,
20260829,札幌,6,13,シンデレラカラー,23101778,False,,,
20260829,札幌,6,14,ビロングトゥミー,23105967,False,,,
20260829,札幌,7,1,ハッピーラッキー,23103137,False,,,
20260829,札幌,7,2,プリュノワール,21105747,False,,,
20260829,札幌,7,3,レッドカメリア,20100084,False,,,
20260829,札幌,7,4,ニルマーネル,23107231,False,,,
20260829,札幌,7,5,グロリアスマーチ,23103680,False,,,
20260829,札幌,7,6,ロードヴェルテクス,23105813,False,,,
20260829,札幌,7,7,ミレニアルピンク,23105679,False,,,
20260829,札幌,7,8,ジーティーエスピ,22103991,False,,,
20260829,札幌,7,9,ラプランセス,23103733,False,,,
20260829,札幌,7,10,ハルヒメ,23103400,False,,,
20260829,札幌,7,11,ペガサスノース,22101053,False,,,
20260829,札幌,7,12,ペイシャアーサー,22104221,False,,,
20260829,札幌,7,13,ナンナンプー,22102878,False,,,
20260829,札幌,7,14,マグネシアブリック,22101920,False,,,
20260829,札幌,7,15,ツルノマイハシ,23103528,False,,,
20260829,札幌,7,16,スプリングデイ,21103322,False,,,
20260829,札幌,8,1,エコロゼルダ,23103566,False,,,
20260829,札幌,8,2,ガビーズメロディ,23106214,False,,,
20260829,札幌,8,3,ロードアルディート,22100637,False,,,
20260829,札幌,8,4,エタンセル,23102354,False,,,
20260829,札幌,8,5,アチーヴァー,23103750,False,,,
20260829,札幌,8,6,レッドフロイデ,23103441,False,,,
20260829,札幌,8,7,グローリーバローズ,23105470,False,,,
20260829,札幌,8,8,ピエナオルカ,23100715,False,,,
20260829,札幌,8,9,スターオブロンドン,23105545,False,,,
20260829,札幌,8,10,ルージュエピック,23106616,False,,,
20260829,札幌,8,11,ノリノドラゴン,23101721,False,,,
20260829,札幌,9,1,ミエノストロング,23105257,False,,,
20260829,札幌,9,2,マイバラード,20100621,False,,,
20260829,札幌,9,3,アイドクレース,23104487,False,,,
20260829,札幌,9,4,ウインイルネージュ,22106221,False,,,
20260829,札幌,9,5,カージオイド,22104062,False,,,
20260829,札幌,9,6,ブランドブラン,23105005,False,,,
20260829,札幌,9,7,グランセゾン,22106645,False,,,
20260829,札幌,9,8,キタノサリスカ,23105977,False,,,
20260829,札幌,9,9,カイシンパジェント,23102719,False,,,
20260829,札幌,9,10,エオアリイ,22103222,False,,,
20260829,札幌,9,11,エイトスターズ,20103772,False,,,
20260829,札幌,9,12,コスモキャバリエ,22106832,False,,,
20260829,札幌,10,1,ルアシュエル,24107393,False,,,
20260829,札幌,10,2,ルベルグラン,24105383,False,,,
20260829,札幌,10,3,ワールドエンジェル,24107239,False,,,
20260829,札幌,10,4,スハッチェ,24105617,False,,,
20260829,札幌,10,5,ピンクゴールド,24109031,False,,,
20260829,札幌,10,6,トラデスカンティア,24101160,False,,,
20260829,札幌,10,7,ピクニックマーチ,24101438,False,,,
20260829,札幌,10,8,タイフーンナイン,24105166,False,,,
20260829,札幌,10,9,ムーンベリル,24106276,False,,,
20260829,札幌,10,10,ヌーンベルク,24103505,False,,,
20260829,札幌,10,11,ラビリンスティアラ,24101636,False,,,
20260829,札幌,10,12,ウインガラハッド,24103547,False,,,
20260829,札幌,11,1,エボルヴィング,21105865,False,,,
20260829,札幌,11,2,マイネルバーテクス,21106827,False,,,
20260829,札幌,11,3,マイネルフォルツァ,20105809,False,,,
20260829,札幌,11,4,ウィルサヴァイブ,22104748,False,,,
20260829,札幌,11,5,ハニードレス,22105394,False,,,
20260829,札幌,11,6,アリスメティーク,22105796,False,,,
20260829,札幌,11,7,メイショウアイル,22102573,False,,,
20260829,札幌,11,8,レジェンドシップ,20103910,False,,,
20260829,札幌,11,9,ナグルファル,22105552,False,,,
20260829,札幌,11,10,ドッビアーコ,21110130,False,,,
20260829,札幌,11,11,フォルテフィオーレ,21100165,False,,,
20260829,札幌,11,12,バルティカ,22105018,False,,,
20260829,札幌,11,13,コリカンチャ,22104623,False,,,
20260829,札幌,11,14,バースライト,22104692,False,,,
20260829,札幌,12,1,エンプレスフレーム,22107254,False,,,
20260829,札幌,12,2,ルージュマローネ,22105569,False,,,
20260829,札幌,12,3,ディアウス,22102905,False,,,
20260829,札幌,12,4,アラナコア,21103002,False,,,
20260829,札幌,12,5,ホレーショ,21102409,False,,,
20260829,札幌,12,6,レディゴディヴァ,22106851,False,,,
20260829,札幌,12,7,リメンバーヒム,22100321,False,,,
20260829,札幌,12,8,ヤコブセン,22103288,False,,,
20260829,札幌,12,9,マーゴットサンズ,23103696,False,,,
20260829,札幌,12,10,オンザムービー,23102455,False,,,
20260829,札幌,12,11,タガノエルー,23104324,False,,,
20260829,札幌,12,12,シャンハイナイト,22102347,False,,,
20260830,中京,1,1,ビップルーチェ,24104028,False,,,
20260830,中京,1,2,ナポリ,24100505,False,,,
20260830,中京,1,3,スピーディスピン,24107310,False,,,
20260830,中京,1,4,コジアン,24101437,False,,,
20260830,中京,1,5,コスモルミナ,24103655,False,,,
20260830,中京,1,6,ダイメイアゲイン,24100510,False,,,
20260830,中京,1,7,ロンリーマン,24102958,False,,,
20260830,中京,1,8,ヴィヴェローネ,24106976,False,,,
20260830,中京,1,9,スターオブザイヤー,24104182,False,,,
20260830,中京,1,10,ヤマトデュノール,24104826,False,,,
20260830,中京,2,1,サトノボルテクス,24101966,False,,,
20260830,中京,2,2,シーラーステート,24100676,False,,,
20260830,中京,2,3,ベラジオセブン,24103504,False,,,
20260830,中京,2,4,コスモクラウン,24104927,False,,,
20260830,中京,2,5,シャトンダンス,24106253,False,,,
20260830,中京,2,6,ナイトインチュニス,24102887,False,,,
20260830,中京,2,7,ラガッタレアーレ,24106277,False,,,
20260830,中京,2,8,メイショウセイクウ,24102272,False,,,
20260830,中京,2,9,メイショウスパーク,24102590,False,,,
20260830,中京,2,10,カフジポポー,24104468,False,,,
20260830,中京,3,1,サイモンジェセル,24105837,False,,,
20260830,中京,3,2,ブレイズフォート,24106576,False,,,
20260830,中京,3,3,ジェントル,24103402,False,,,
20260830,中京,3,4,ポカポカヨウキ,24104309,False,,,
20260830,中京,3,5,コルキス,24107182,False,,,
20260830,中京,3,6,アモロロプーロ,24101492,False,,,
20260830,中京,3,7,ゴーイントゥノヴァ,24104681,False,,,
20260830,中京,3,8,エーテルワーム,24100731,False,,,
20260830,中京,3,9,ロードフローリス,24100208,False,,,
20260830,中京,3,10,ルクスアルカード,24104510,False,,,
20260830,中京,3,11,ワンダーラヴグッド,24105615,False,,,
20260830,中京,4,1,キングズテイル,23105124,False,,,
20260830,中京,4,2,プペアンビスキュイ,23106906,False,,,
20260830,中京,4,3,オーロラボレアリス,23103348,False,,,
20260830,中京,4,4,カツラコマチ,23102934,False,,,
20260830,中京,4,5,ハツアカネ,23103323,False,,,
20260830,中京,4,6,グランブリーゼ,23101989,False,,,
20260830,中京,4,7,セッシュウ,23102255,False,,,
20260830,中京,4,8,メイショウヒタカミ,23102245,False,,,
20260830,中京,4,9,デュードロップ,23107123,False,,,
20260830,中京,4,10,ラッキーヴォーグ,23105657,False,,,
20260830,中京,4,11,メイショウドキョウ,23102244,False,,,
20260830,中京,4,12,サウンドヴィヴァン,23104249,False,,,
20260830,中京,4,13,サカトクフェイス,23101898,False,,,
20260830,中京,4,14,ウェンロック,23101121,False,,,
20260830,中京,4,15,サンロンブル,23106724,False,,,
20260830,中京,4,16,メイショウケンゴウ,23105091,False,,,
20260830,中京,5,1,マジックブルー,21103682,False,,,
20260830,中京,5,2,スコーピオンイメル,22104496,False,,,
20260830,中京,5,3,ブームバップビート,23110070,False,,,
20260830,中京,5,4,クラックショット,23106172,False,,,
20260830,中京,5,5,タリスマン,21104618,False,,,
20260830,中京,5,6,オーレアミスト,22104841,False,,,
20260830,中京,5,7,トワイライトサイト,23102235,False,,,
20260830,中京,5,8,ビービーバザーク,22102397,False,,,
20260830,中京,5,9,メイショウマドロス,21102835,False,,,
20260830,中京,5,10,アトモス,23100145,True,,,
20260830,中京,5,11,ステイクオール,22105848,False,,,
20260830,中京,5,12,ルシタニア,22104640,False,,,
20260830,中京,5,13,シンギタイ,22100458,False,,,
20260830,中京,6,1,サンセットブライト,21102753,False,,,
20260830,中京,6,2,ペンナヴェローチェ,21104092,False,,,
20260830,中京,6,3,ダンツシタン,23104848,False,,,
20260830,中京,6,4,ビップスコーピオン,20103199,False,,,
20260830,中京,6,5,シャルクハフト,22104745,False,,,
20260830,中京,6,6,ビービークローサー,23100547,False,,,
20260830,中京,6,7,タイセイカイザー,22102882,False,,,
20260830,中京,6,8,インザモーメント,21106635,False,,,
20260830,中京,6,9,リューデスハイム,21105508,False,,,
20260830,中京,6,10,インジケーター,21103574,False,,,
20260830,中京,6,11,フームスムート,17104238,False,,,
20260830,中京,6,12,クァンタムウェーブ,22106395,False,,,
20260830,中京,6,13,メイショウシナノ,20106635,False,,,
20260830,中京,6,14,レヴァンテシチー,22104267,False,,,
20260830,中京,6,15,キーチパルフェ,21103727,False,,,
20260830,中京,6,16,ゴッドエスパーダ,22106186,False,,,
20260830,中京,7,1,ピコキング,24108326,False,,,
20260830,中京,7,2,バクソウシャチョウ,24108273,False,,,
20260830,中京,7,3,サンタンジェロ,24106654,False,,,
20260830,中京,7,4,シスキンブルーム,24106603,False,,,
20260830,中京,7,5,マルモリムソウ,24101644,False,,,
20260830,中京,7,6,ジャスパートレノ,24108325,False,,,
20260830,中京,7,7,ビスケットサンド,24106262,False,,,
20260830,中京,7,8,ピコジャック,24108327,False,,,
20260830,中京,7,9,ジーティーマイカ,24107165,False,,,
20260830,中京,8,1,ブレットパス,23107157,False,,,
20260830,中京,8,2,サガルマータ,23105286,False,,,
20260830,中京,8,3,ノチェセラーダ,23107143,False,,,
20260830,中京,8,4,ショウナンハウル,21105867,False,,,
20260830,中京,8,5,ソルパッサーレ,23102806,False,,,
20260830,中京,8,6,ニュークレド,22101601,False,,,
20260830,中京,8,7,カフジエメンタール,23103899,False,,,
20260830,中京,8,8,ヤマニンループ,19100606,False,,,
20260830,中京,8,9,ジェットブレード,22103522,False,,,
20260830,中京,8,10,シャドウマスター,23103423,False,,,
20260830,中京,8,11,ビップチェイス,21105763,False,,,
20260830,中京,8,12,スイートオレンジ,22103494,False,,,
20260830,中京,8,13,オルトパラティウム,21105056,False,,,
20260830,中京,8,14,ジュンライデン,22104899,False,,,
20260830,中京,8,15,メイショウナルカミ,23106560,False,,,
20260830,中京,9,1,ベリベリハッピー,23104441,False,,,
20260830,中京,9,2,スプレンドーレ,23106897,False,,,
20260830,中京,9,3,キミガスキダ,23100605,False,,,
20260830,中京,9,4,オーブフレッシュ,23100990,False,,,
20260830,中京,9,5,タマモパルファン,23104230,False,,,
20260830,中京,9,6,タガノアルテミス,23104329,False,,,
20260830,中京,9,7,ダノンプレリュード,23107239,False,,,
20260830,中京,9,8,アンヌグロース,23105244,False,,,
20260830,中京,9,9,スマイルガーデン,23107077,False,,,
20260830,中京,9,10,アキノビューティー,23100233,False,,,
20260830,中京,9,11,スマートエトワール,23106004,False,,,
20260830,中京,9,12,ローズラフィネ,23100998,False,,,
20260830,中京,9,13,バトルセレーネ,23101198,False,,,
20260830,中京,9,14,レウコテア,23103787,False,,,
20260830,中京,9,15,ラミアスペランツァ,23106794,False,,,
20260830,中京,10,1,リアルセンター,21103518,False,,,
20260830,中京,10,2,エテルノレガーメ,22107185,False,,,
20260830,中京,10,3,サイモンノーブル,22105814,False,,,
20260830,中京,10,4,バーバラップ,23102471,False,,,
20260830,中京,10,5,バークシャーシチー,23100967,False,,,
20260830,中京,10,6,レッドヴァリアート,22105290,False,,,
20260830,中京,10,7,シュエットアムール,22103517,False,,,
20260830,中京,10,8,ゼンノインヴォーク,19100915,False,,,
20260830,中京,10,9,ロードメルヴェイユ,23105822,False,,,
20260830,中京,10,10,ロードスタニング,23105793,False,,,
20260830,中京,11,1,プリモマーレ,23107208,False,,,
20260830,中京,11,2,トウカイジーク,23100555,False,,,
20260830,中京,11,3,シャンデリュイーズ,23103353,False,,,
20260830,中京,11,4,メイショウトライオ,23100979,False,,,
20260830,中京,11,5,バルフルール,23106909,False,,,
20260830,中京,11,6,ルーセントムーン,23100690,False,,,
20260830,中京,11,7,ハピネスサンライズ,23100910,False,,,
20260830,中京,11,8,スイートポメロ,23102133,False,,,
20260830,中京,11,9,デルニエジョイ,23101973,False,,,
20260830,中京,11,10,プリュスエクラ,23103535,False,,,
20260830,中京,11,11,リントゥラウル,23101735,False,,,
20260830,中京,11,12,ナデシコザクラ,23103916,False,,,
20260830,中京,11,13,パトローナス,23106931,False,,,
20260830,中京,11,14,モカプウイング,23103334,False,,,
20260830,中京,11,15,ミッキーラヴィータ,23105346,False,,,
20260830,中京,11,16,ボールドペイト,23104350,False,,,
20260830,中京,11,17,カルロット,23105339,False,,,
20260830,中京,11,18,エコロディアン,23107273,False,,,
20260830,中京,12,1,ヴォンドゥ,23101810,False,,,
20260830,中京,12,2,オンザノアール,23103399,False,,,
20260830,中京,12,3,アーガイルショア,23103718,False,,,
20260830,中京,12,4,サヨノパララックス,23105140,False,,,
20260830,中京,12,5,モノノケ,23100695,False,,,
20260830,中京,12,6,ダノンステート,23105024,False,,,
20260830,中京,12,7,ミスヘンリー,23100676,False,,,
20260830,中京,12,8,レジェンダリーデイ,20107018,False,,,
20260830,中京,12,9,メラヴィリオーザ,20101920,False,,,
20260830,中京,12,10,グラスゴー,23103218,False,,,
20260830,中京,12,11,ヒルノプーリア,23106388,False,,,
20260830,中京,12,12,ラヴネヴァーダイズ,23102131,False,,,
20260830,中京,12,13,タイセイブロウ,21104101,False,,,
20260830,中京,12,14,パワポケビー,19107007,False,,,
20260830,新潟,1,1,フレイムジョーカー,19105745,False,,,
20260830,新潟,1,2,ニシノインヴィクタ,21100190,False,,,
20260830,新潟,1,3,ニシノクードクール,22106999,False,,,
20260830,新潟,1,4,メイショウブレゲ,19104091,False,,,
20260830,新潟,1,5,マルディランダ,20103063,False,,,
20260830,新潟,1,6,エポカスピーガ,22101532,False,,,
20260830,新潟,1,7,バトンロード,22103285,False,,,
20260830,新潟,1,8,ブラックシールド,19105197,False,,,
20260830,新潟,1,9,オーサムストローク,21100557,False,,,
20260830,新潟,1,10,ヨシノヤッタルデー,21102336,False,,,
20260830,新潟,1,11,トラマンダーレ,20103486,False,,,
20260830,新潟,1,12,スノーリン,22103588,False,,,
20260830,新潟,1,13,ゴールデンステップ,21103555,False,,,
20260830,新潟,2,1,ゴールドバーニング,24103674,False,,,
20260830,新潟,2,2,ゴルトシェーン,24105499,False,,,
20260830,新潟,2,3,ウラノグラフィア,24106700,False,,,
20260830,新潟,2,4,マイトレーヤー,24105779,False,,,
20260830,新潟,2,5,ミシェルバローズ,24106651,False,,,
20260830,新潟,2,6,ニシノマキロイ,24103935,False,,,
20260830,新潟,2,7,ピーエムリンダ,24106588,False,,,
20260830,新潟,2,8,ウィザードシチー,24102718,False,,,
20260830,新潟,2,9,レッドマウロア,24101427,False,,,
20260830,新潟,2,10,スタレネルヴェント,24107043,False,,,
20260830,新潟,2,11,ギガントシュラーク,24101182,False,,,
20260830,新潟,2,12,エコロゲラン,24104685,False,,,
20260830,新潟,2,13,タイセイリッター,24100824,False,,,
20260830,新潟,3,1,ケイジャーダ,24103607,False,,,
20260830,新潟,3,2,ニシノリリックス,24103855,False,,,
20260830,新潟,3,3,イカルステソーロ,24101291,False,,,
20260830,新潟,3,4,タイセイソアリング,24104576,False,,,
20260830,新潟,3,5,エクスマキナ,24104469,False,,,
20260830,新潟,3,6,ウイニングレイ,24105882,False,,,
20260830,新潟,3,7,ハンデンブレイズ,24105416,False,,,
20260830,新潟,3,8,ルークスイテルム,24104167,False,,,
20260830,新潟,4,1,ヒズストーリー,24102844,False,,,
20260830,新潟,4,2,チェスティーノ,24106452,False,,,
20260830,新潟,4,3,ガヤーズサムライ,24107168,False,,,
20260830,新潟,4,4,キャッチアップ,24101787,False,,,
20260830,新潟,4,5,オオルリ,24103646,False,,,
20260830,新潟,4,6,ペントザリス,24107035,False,,,
20260830,新潟,4,7,マイネルウルカヌス,24103606,False,,,
20260830,新潟,4,8,ダディーズレガリア,24106809,False,,,
20260830,新潟,4,9,テキサス,24105048,False,,,
20260830,新潟,4,10,リアスハート,24107358,False,,,
20260830,新潟,4,11,ライヴテキーラ,24103814,False,,,
20260830,新潟,5,1,セリエンクーニゲン,23110025,False,,,
20260830,新潟,5,2,チョコブラウニー,23102387,False,,,
20260830,新潟,5,3,ゴッドレイ,23106084,False,,,
20260830,新潟,5,4,ステキサプライズ,23101910,False,,,
20260830,新潟,5,5,エナノムスメ,23103236,False,,,
20260830,新潟,5,6,ラウンドヒル,23105751,False,,,
20260830,新潟,5,7,エフティヴェント,23105600,False,,,
20260830,新潟,5,8,カラーオブサクセス,23102896,False,,,
20260830,新潟,5,9,アリアス,23104857,False,,,
20260830,新潟,5,10,ソルティアーラ,23100743,False,,,
20260830,新潟,5,11,オンナキュヌヴィ,23105688,False,,,
20260830,新潟,5,12,ネオアンボウ,23103049,False,,,
20260830,新潟,5,13,ウインテラジーナ,23105858,False,,,
20260830,新潟,5,14,ワインレッドハート,23105410,False,,,
20260830,新潟,5,15,ルディドゥゲンジ,23103934,False,,,
20260830,新潟,5,16,ペルウィクトール,23106886,False,,,
20260830,新潟,5,17,エイシンイクサボシ,23105536,False,,,
20260830,新潟,5,18,ミクロスギガース,23102931,False,,,
20260830,新潟,6,1,ピコシー,22101716,False,,,
20260830,新潟,6,2,ビービーアジャイル,23106494,False,,,
20260830,新潟,6,3,オクトーバーナイン,23103962,False,,,
20260830,新潟,6,4,ニシノケンタマン,22106427,False,,,
20260830,新潟,6,5,コパノエビータ,21102219,False,,,
20260830,新潟,6,6,アルベリック,21101554,False,,,
20260830,新潟,6,7,トゥーザムーン,22102700,False,,,
20260830,新潟,6,8,スターシップ,23100704,False,,,
20260830,新潟,6,9,ヴァイヴァーイ,23106711,False,,,
20260830,新潟,6,10,フラッシング,21105971,False,,,
20260830,新潟,6,11,ジェーケーボンバー,22101476,False,,,
20260830,新潟,6,12,マハナ,21106618,False,,,
20260830,新潟,6,13,クロドラバール,21101733,False,,,
20260830,新潟,6,14,コスモコンフェルマ,22100526,False,,,
20260830,新潟,6,15,ノルドヴェスト,20102711,False,,,
20260830,新潟,7,1,シャドウメテオ,22105454,False,,,
20260830,新潟,7,2,ウインデイジー,21106194,False,,,
20260830,新潟,7,3,チャリングクロス,23107389,False,,,
20260830,新潟,7,4,シュバルツマサムネ,22104887,False,,,
20260830,新潟,7,5,サダムオプシス,21105474,False,,,
20260830,新潟,7,6,ナムラフッカー,21102510,False,,,
20260830,新潟,7,7,オストラヴァ,22105456,False,,,
20260830,新潟,7,8,ベンサレム,21105352,True,,,
20260830,新潟,7,9,タイセイフェリーク,20103713,False,,,
20260830,新潟,7,10,サトノパトリオット,22104907,False,,,
20260830,新潟,7,11,リンフレスカンテ,18104797,False,,,
20260830,新潟,7,12,クリニクラウン,20100934,False,,,
20260830,新潟,8,1,ボーンディスウェイ,19104658,False,,,
20260830,新潟,8,2,サヴォーナ,20100734,False,,,
20260830,新潟,8,3,ロデオドライブ,23107166,False,,,
20260830,新潟,8,4,ドゥレッツァ,20103650,False,,,
20260830,新潟,8,5,ゾロアストロ,23106850,False,,,
20260830,新潟,8,6,チェルヴィニア,21105643,False,,,
20260830,新潟,8,7,ジュンブロッサム,19105118,False,,,
20260830,新潟,8,8,ダノンシーマ,22104645,False,,,
20260830,新潟,8,9,アーバンシック,21105436,False,,,
20260830,新潟,8,10,バレエマスター,19104850,False,,,
20260830,新潟,8,11,ステレンボッシュ,21105743,False,,,
20260830,新潟,9,1,カレンデュラ,23106613,False,,,
20260830,新潟,9,2,サトノアルペジオ,20103477,False,,,
20260830,新潟,9,3,ゼンダンタカ,22106187,False,,,
20260830,新潟,9,4,フレッシュラン,22102995,True,,,
20260830,新潟,9,5,ファイツオン,21100476,False,,,
20260830,新潟,9,6,エリカカリーナ,21105485,False,,,
20260830,新潟,9,7,リュウノタブーク,21104365,False,,,
20260830,新潟,9,8,ハニーローリエ,22101604,False,,,
20260830,新潟,9,9,バンディート,20106698,False,,,
20260830,新潟,9,10,キントラダンサー,22104387,False,,,
20260830,新潟,9,11,ビップムーラン,23100095,True,,,
20260830,新潟,9,12,レジーナローズ,20104174,False,,,
20260830,新潟,9,13,ビーアイフォルテ,22104515,False,,,
20260830,新潟,9,14,ケンキョ,20105949,False,,,
20260830,新潟,9,15,ミスエル,21106986,False,,,
20260830,新潟,9,16,スペルキャスター,20102674,False,,,
20260830,新潟,9,17,ラトルシェ,22104190,False,,,
20260830,新潟,9,18,ヴェントゥーラ,22104186,False,,,
20260830,新潟,10,1,カーボフリオ,23103404,False,,,
20260830,新潟,10,2,ソナタムーンライト,23105717,False,,,
20260830,新潟,10,3,アーティキュレート,23106860,False,,,
20260830,新潟,10,4,パワポケウォーズ,23107440,False,,,
20260830,新潟,10,5,クライングナウ,23103697,False,,,
20260830,新潟,10,6,ロジキセキ,23100578,False,,,
20260830,新潟,10,7,カノープス,23104855,False,,,
20260830,新潟,10,8,ザンテソーロ,23106733,False,,,
20260830,新潟,10,9,ウモラダエピカ,23106891,False,,,
20260830,新潟,10,10,サングラント,23106956,False,,,
20260830,新潟,10,11,ヴァルク,23101693,False,,,
20260830,新潟,10,12,サンタピア,23102804,False,,,
20260830,新潟,10,13,エイシンキーウィ,23105525,False,,,
20260830,新潟,10,14,マジギレカレン,23101433,True,,,
20260830,新潟,10,15,カフェプラウド,23102246,False,,,
20260830,新潟,11,1,ブルバンビーナ,22101749,False,,,
20260830,新潟,11,2,シアブリス,21105742,False,,,
20260830,新潟,11,3,スカイダンスタイム,21107025,False,,,
20260830,新潟,11,4,ナックホワイト,23103885,False,,,
20260830,新潟,11,5,カンティーナ,23104576,False,,,
20260830,新潟,11,6,ニシノコマチムスメ,21107253,False,,,
20260830,新潟,11,7,ハニーオーケストラ,23105811,False,,,
20260830,新潟,11,8,ダーリングハースト,23107179,False,,,
20260830,新潟,11,9,ケイツールピア,21101801,False,,,
20260830,新潟,11,10,タッセルノット,23107121,False,,,
20260830,新潟,11,11,シェーンシュティア,22104716,False,,,
20260830,新潟,11,12,ヴァリスマリネリス,23103356,True,,,
20260830,新潟,11,13,ココソラーレ,23109031,False,,,
20260830,新潟,11,14,アオイハルカ,23106068,False,,,
20260830,新潟,12,1,ガルディーノ,23105402,False,,,
20260830,新潟,12,2,アイファージェット,22101114,False,,,
20260830,新潟,12,3,スリーコーズ,23106208,False,,,
20260830,新潟,12,4,エテオクロス,22105459,False,,,
20260830,新潟,12,5,ゴーゴーパンチ,23103931,False,,,
20260830,新潟,12,6,ジャックナダル,23100803,False,,,
20260830,新潟,12,7,クラウンフリード,22101281,False,,,
20260830,新潟,12,8,サトノエスケープ,23106932,True,,,
20260830,新潟,12,9,スマートブル,22100497,False,,,
20260830,新潟,12,10,ガンバレベアー,22101141,False,,,
20260830,新潟,12,11,マルターズドン,23100626,False,,,
20260830,新潟,12,12,ナインオブレター,22106926,False,,,
20260830,新潟,12,13,コンパクトファイト,22104110,False,,,
20260830,新潟,12,14,ラベンダーヘイズ,23106162,False,,,
20260830,新潟,12,15,ジェイエルライナー,22101819,False,,,
20260830,札幌,1,1,タガノシルフィー,23104322,False,,,
20260830,札幌,1,2,マーゴットクリュグ,23102909,False,,,
20260830,札幌,1,3,ゴーゴーエイミー,23104239,False,,,
20260830,札幌,1,4,テンレッドサン,23104101,False,,,
20260830,札幌,1,5,サンセリテ,23107068,False,,,
20260830,札幌,1,6,ビレッジルイーザ,23102170,False,,,
20260830,札幌,1,7,エリカビアリッツ,23102608,False,,,
20260830,札幌,1,8,タガノラヴズワン,23104332,False,,,
20260830,札幌,1,9,セントピュアベース,23100580,False,,,
20260830,札幌,1,10,モンテパステル,23106819,False,,,
20260830,札幌,1,11,ウォータースパウト,23105555,False,,,
20260830,札幌,1,12,ブライトエンジェル,23104374,False,,,
20260830,札幌,1,13,ジーティービキニ,23107267,False,,,
20260830,札幌,1,14,コイバナ,23102700,False,,,
20260830,札幌,2,1,アワードリームス,24106839,False,,,
20260830,札幌,2,2,ヴィヴィアンリーチ,24101989,False,,,
20260830,札幌,2,3,ショパンコンクール,24100176,False,,,
20260830,札幌,2,4,トスカ,24105538,False,,,
20260830,札幌,2,5,ミハテヌユメ,24104759,False,,,
20260830,札幌,2,6,キャンドル,24101730,False,,,
20260830,札幌,2,7,ゲームチェンジャー,24105634,False,,,
20260830,札幌,2,8,アルテクィーン,24100255,False,,,
20260830,札幌,2,9,パーフェクトゲーム,24105302,False,,,
20260830,札幌,2,10,アスコットペスカ,24104987,False,,,
20260830,札幌,2,11,インサイドストーム,24101556,False,,,
20260830,札幌,2,12,ソニックアイル,24106429,False,,,
20260830,札幌,2,13,ギャルズマインド,24106450,False,,,
20260830,札幌,2,14,トーセンルルド,24106857,False,,,
20260830,札幌,3,1,ペガサスウィンド,23100609,False,,,
20260830,札幌,3,2,サクセスブルー,23106106,False,,,
20260830,札幌,3,3,ラスターヴァース,23104597,False,,,
20260830,札幌,3,4,ポップアップ,23105444,False,,,
20260830,札幌,3,5,デルマテイネ,23101361,False,,,
20260830,札幌,3,6,ヨドノサファイア,23101825,False,,,
20260830,札幌,3,7,チャーチルデュース,23105320,False,,,
20260830,札幌,3,8,サンエンジェルス,23101315,False,,,
20260830,札幌,3,9,モンテール,23104404,False,,,
20260830,札幌,3,10,ミアエッテ,23101530,False,,,
20260830,札幌,3,11,ダンツアラーム,23104027,False,,,
20260830,札幌,3,12,クリコイーコ,23100786,False,,,
20260830,札幌,3,13,ジャストグレース,23102517,False,,,
20260830,札幌,3,14,ホウオウファラオ,23105365,False,,,
20260830,札幌,4,1,ダイシンパルス,23102977,False,,,
20260830,札幌,4,2,ジリアート,23107309,False,,,
20260830,札幌,4,3,コスモヘリアンサス,23106419,False,,,
20260830,札幌,4,4,デルマフジ,23103481,False,,,
20260830,札幌,4,5,イデアジュアンイハ,23102157,False,,,
20260830,札幌,4,6,ギオンバヤシ,23102695,False,,,
20260830,札幌,4,7,ワダツミ,23102669,False,,,
20260830,札幌,4,8,ネクストドア,23106685,False,,,
20260830,札幌,4,9,コスモクラシック,23104491,False,,,
20260830,札幌,4,10,メイショウライガ,23100608,False,,,
20260830,札幌,4,11,アート,23103867,False,,,
20260830,札幌,4,12,カリドーラ,23103527,False,,,
20260830,札幌,4,13,ロックフラワー,23102425,False,,,
20260830,札幌,4,14,インテンスゲイズ,23106418,False,,,
20260830,札幌,4,15,エイシンリーガル,23105537,False,,,
20260830,札幌,4,16,メイショウローゼ,23101938,False,,,
20260830,札幌,5,1,コスモノーチラス,24103621,False,,,
20260830,札幌,5,2,アイアムイガイニモ,24105321,False,,,
20260830,札幌,5,3,ヴァンクライ,24106744,False,,,
20260830,札幌,5,4,コーズウルルン,24102409,False,,,
20260830,札幌,5,5,トーセンイルン,24106838,False,,,
20260830,札幌,5,6,イルリサット,24106115,False,,,
20260830,札幌,5,7,ゴルタン,24103089,False,,,
20260830,札幌,5,8,トワイライトローズ,24103852,False,,,
20260830,札幌,6,1,クロミ,23102150,False,,,
20260830,札幌,6,2,ルージュリヴィエラ,23105608,False,,,
20260830,札幌,6,3,ライラックデューン,22101473,False,,,
20260830,札幌,6,4,サイモンイロハニー,22104164,False,,,
20260830,札幌,6,5,サマースプラッシュ,23106163,False,,,
20260830,札幌,6,6,デルマサクラサク,22105343,False,,,
20260830,札幌,6,7,タイセイルビー,23104679,False,,,
20260830,札幌,6,8,ヤマヤロード,23100351,False,,,
20260830,札幌,6,9,ウィンターガーデン,21105857,False,,,
20260830,札幌,6,10,ヴェールミューズ,23104766,False,,,
20260830,札幌,6,11,スリーケイ,23100471,False,,,
20260830,札幌,6,12,ルージュボニート,23106623,False,,,
20260830,札幌,7,1,ブライアーヒル,22106016,False,,,
20260830,札幌,7,2,カップッチョ,17104266,False,,,
20260830,札幌,7,3,ヨドノゴールド,18103293,False,,,
20260830,札幌,7,4,アスコットアイ,22103485,False,,,
20260830,札幌,7,5,ラスベガスサイン,23105812,False,,,
20260830,札幌,7,6,セイウンバジリスク,23100241,False,,,
20260830,札幌,7,7,ステラノヴァ,22103482,False,,,
20260830,札幌,7,8,ワイドデコラシオン,22103306,False,,,
20260830,札幌,7,9,セイルロケット,22104858,False,,,
20260830,札幌,7,10,スパークルジョイ,21101891,False,,,
20260830,札幌,7,11,プルミエールパス,21103451,False,,,
20260830,札幌,7,12,メイショウハッブル,21102550,False,,,
20260830,札幌,8,1,ハネマン,23103936,False,,,
20260830,札幌,8,2,メメボス,23100718,False,,,
20260830,札幌,8,3,トリスティ,23103085,False,,,
20260830,札幌,8,4,クラウンアールシー,22101286,False,,,
20260830,札幌,8,5,ユーティジャーニー,22102088,False,,,
20260830,札幌,8,6,ファンクション,23103648,False,,,
20260830,札幌,8,7,テンユウ,23103178,False,,,
20260830,札幌,8,8,トクシージェネラル,21107279,False,,,
20260830,札幌,8,9,メイショウホダワラ,22103237,False,,,
20260830,札幌,8,10,スタードメイソン,22105392,False,,,
20260830,札幌,8,11,ドラリズム,23100515,False,,,
20260830,札幌,8,12,ネッタイヤライ,23104690,False,,,
20260830,札幌,8,13,シェーンルスカ,22103018,False,,,
20260830,札幌,8,14,ルクスアドラー,21101100,False,,,
20260830,札幌,9,1,マテンロウカナロア,22101445,False,,,
20260830,札幌,9,2,ウヌボレヤサン,21104052,False,,,
20260830,札幌,9,3,フクシマブリルハム,23105405,False,,,
20260830,札幌,9,4,ステラデルークス,23102263,False,,,
20260830,札幌,9,5,ホウオウバローロ,21105772,False,,,
20260830,札幌,9,6,デルマホダカ,23101362,False,,,
20260830,札幌,9,7,イサギ,23101713,False,,,
20260830,札幌,9,8,サマーナイト,22104729,False,,,
20260830,札幌,9,9,チェイサー,23104603,False,,,
20260830,札幌,9,10,ブリオメンテ,21100303,False,,,
20260830,札幌,9,11,シックスパック,22102961,False,,,
20260830,札幌,10,1,カガラプンツェル,23103036,False,,,
20260830,札幌,10,2,ショウナンカリス,23105347,False,,,
20260830,札幌,10,3,バシレウスシチー,19101643,False,,,
20260830,札幌,10,4,ルージュベルベット,21105749,False,,,
20260830,札幌,10,5,スイミーユニバンス,20103632,False,,,
20260830,札幌,10,6,コックオーヴァン,23106405,False,,,
20260830,札幌,10,7,セイウンデセオ,21100248,False,,,
20260830,札幌,10,8,ムチャスグラシアス,21104217,False,,,
20260830,札幌,10,9,プレセピオ,23103503,False,,,
20260830,札幌,10,10,ララバニュルス,22101405,False,,,
20260830,札幌,10,11,ファビュラススター,21103478,False,,,
20260830,札幌,10,12,デンプシー,23106190,False,,,
20260830,札幌,10,13,フミサウンド,20103218,False,,,
20260830,札幌,10,14,ホウオウブースター,22104637,False,,,
20260830,札幌,10,15,シーグルロス,23100214,False,,,
20260830,札幌,10,16,サトノワーグナー,23100925,False,,,
20260830,札幌,11,1,アンビバレント,20102140,False,,,
20260830,札幌,11,2,ワタシマツワ,22101412,False,,,
20260830,札幌,11,3,マジックローズ,22100622,False,,,
20260830,札幌,11,4,エフォートレス,21100564,False,,,
20260830,札幌,11,5,リゾートアイランド,23106916,False,,,
20260830,札幌,11,6,エマヌエーレ,20103280,False,,,
20260830,札幌,11,7,サクセスアイ,20105354,False,,,
20260830,札幌,11,8,トラペジスト,21104928,False,,,
20260830,札幌,11,9,ダノンミッション,22105478,False,,,
20260830,札幌,11,10,エルマーゴ,22105601,False,,,
20260830,札幌,11,11,サンタアニタ,22103594,False,,,
20260830,札幌,11,12,パワーホール,21100363,False,,,
20260830,札幌,11,13,モンドデラモーレ,22105830,False,,,
20260830,札幌,11,14,マテンロウサン,22110093,False,,,
20260830,札幌,12,1,ノリマル,23106079,False,,,
20260830,札幌,12,2,ハバタクジユウニ,23105065,False,,,
20260830,札幌,12,3,モルビド,22105525,False,,,
20260830,札幌,12,4,クオンタムスター,23101050,False,,,
20260830,札幌,12,5,ディーリライズ,23100521,False,,,
20260830,札幌,12,6,ミッドタウンナイト,22105529,False,,,
20260830,札幌,12,7,ニューアライブ,23106495,False,,,
20260830,札幌,12,8,タビニュ,23101168,False,,,
20260830,札幌,12,9,シーンオブドリーム,23105412,False,,,
20260830,札幌,12,10,ワンダフルデイズ,23107050,False,,,
20260830,札幌,12,11,ディベルティスマン,22104000,False,,,
20260830,札幌,12,12,テイクザクラウン,21102379,False,,,
20260830,札幌,12,13,タケルフォーカス,23106077,False,,,
20260830,札幌,12,14,ドンテスタマスター,23105789,False,,,
20260905,中山,1,1,バニーラビット,22104929,False,,,
20260905,中山,1,2,ナックエルドラド,22106304,False,,,
20260905,中山,1,3,メイショウアツイタ,18105731,False,,,
20260905,中山,1,4,コンテナワールド,21104924,False,,,
20260905,中山,1,5,マイネルメサイア,19100788,False,,,
20260905,中山,1,6,ヒットアンドロール,21104974,False,,,
20260905,中山,1,7,サングラデーション,20102864,False,,,
20260905,中山,1,8,アクロスザリバー,22100481,False,,,
20260905,中山,2,1,ティアップシャイン,23101730,False,,,
20260905,中山,2,2,バンオンタイム,23101120,False,,,
20260905,中山,2,3,フクオトコ,23102564,False,,,
20260905,中山,2,4,マーガレット,23105898,False,,,
20260905,中山,2,5,シュガーシャック,23107066,False,,,
20260905,中山,2,6,ラグアイリータ,23106463,False,,,
20260905,中山,2,7,ミスティユニバンス,23105285,False,,,
20260905,中山,2,8,ココナッツコースト,23103366,False,,,
20260905,中山,2,9,コスモシグルン,23101040,False,,,
20260905,中山,2,10,マイネルヴェーゼン,23106471,False,,,
20260905,中山,2,11,ダノンドナウ,23106058,False,,,
20260905,中山,2,12,ブルームコード,23102378,False,,,
20260905,中山,2,13,フーディエラン,23106286,False,,,
20260905,中山,2,14,ヘクトルテソーロ,23106757,False,,,
20260905,中山,2,15,ルージュフローラ,23105416,False,,,
20260905,中山,2,16,セルリア,23103843,False,,,
20260905,中山,3,1,ブロンクス,24101068,False,,,
20260905,中山,3,2,パルセノスミハ,24104736,False,,,
20260905,中山,3,3,サスケソルトバーン,24102123,False,,,
20260905,中山,3,4,マイセイバー,24102834,False,,,
20260905,中山,3,5,ハイビスカス,24107403,False,,,
20260905,中山,3,6,チョトツモウシン,24103008,False,,,
20260905,中山,3,7,ニシノアナベル,24102786,False,,,
20260905,中山,3,8,ワンコール,24106974,False,,,
20260905,中山,3,9,ユイノキャッツアイ,24103015,False,,,
20260905,中山,3,10,サンプラザマツモト,24106782,False,,,
20260905,中山,4,1,コスモプルー,24103576,False,,,
20260905,中山,4,2,ティアラスピリット,24107256,False,,,
20260905,中山,4,3,キョウエイシャトル,24101173,False,,,
20260905,中山,4,4,ビップルーチェ,24104028,False,,,
20260905,中山,4,5,コウサイリクリ,24102469,True,,,
20260905,中山,4,6,ロジグローリー,24102970,False,,,
20260905,中山,4,7,ゴーゼンチュー,24104289,False,,,
20260905,中山,4,8,ソウカイウォーリア,24104658,False,,,
20260905,中山,4,9,アルスラーン,24105394,False,,,
20260905,中山,4,10,グルドロッティン,24106562,False,,,
20260905,中山,4,11,マイネルクロカータ,24101646,False,,,
20260905,中山,5,1,マイネルシードル,24103651,False,,,
20260905,中山,5,2,グランエール,24100023,False,,,
20260905,中山,5,3,ルフトシュピール,24106087,False,,,
20260905,中山,5,4,マイネルヘルリッヒ,24102470,False,,,
20260905,中山,5,5,ローザドーロ,24105741,False,,,
20260905,中山,5,6,ヴェトロテンペスタ,24106354,False,,,
20260905,中山,5,7,ホットリップス,24104152,False,,,
20260905,中山,5,8,インヴィディア,24106221,False,,,
20260905,中山,5,9,エーアイラピド,24107140,False,,,
20260905,中山,5,10,カエンフォース,24106848,False,,,
20260905,中山,5,11,スカイミラー,24103169,False,,,
20260905,中山,6,1,アルビオンライズ,24105970,False,,,
20260905,中山,6,2,ウマッター,24103928,False,,,
20260905,中山,6,3,ダイチマイスター,24102462,False,,,
20260905,中山,6,4,マリノフスキー,24104214,False,,,
20260905,中山,6,5,ギムナシオン,24100454,False,,,
20260905,中山,6,6,ノアヴェルテ,24101356,False,,,
20260905,中山,6,7,ヤマニンスペッキオ,24102784,False,,,
20260905,中山,6,8,オーディンスピア,24106196,False,,,
20260905,中山,6,9,カンタベリートップ,24107136,False,,,
20260905,中山,6,10,ポッドビート,24108315,False,,,
20260905,中山,6,11,ニシノドリーマー,24105198,False,,,
20260905,中山,6,12,ダンシングリリー,24106780,False,,,
20260905,中山,6,13,ルスデルカミーノ,24100423,False,,,
20260905,中山,6,14,ソウラスフロス,24102190,False,,,
20260905,中山,7,1,フェンリル,23106726,False,,,
20260905,中山,7,2,カズシ,23102662,False,,,
20260905,中山,7,3,デルマザオウ,23101367,False,,,
20260905,中山,7,4,マネーマネー,23101718,False,,,
20260905,中山,7,5,ガードオブオナー,23107327,False,,,
20260905,中山,7,6,エッチェレンテ,23106914,False,,,
20260905,中山,7,7,エースオブゴールド,23100784,False,,,
20260905,中山,7,8,ピードモント,23107348,False,,,
20260905,中山,7,9,ジュングロワール,23107425,False,,,
20260905,中山,7,10,マイネルオランチア,23106406,False,,,
20260905,中山,7,11,レプレセンタル,23103624,False,,,
20260905,中山,7,12,マイネルゼーロス,23106474,False,,,
20260905,中山,7,13,ヨーゼフ,23107061,False,,,
20260905,中山,7,14,スコアレジーナ,23101925,False,,,
20260905,中山,7,15,ホウオウファミリー,23105322,False,,,
20260905,中山,7,16,ピュアクローム,23100595,False,,,
20260905,中山,8,1,マサノピンクレディ,23103006,False,,,
20260905,中山,8,2,ローズブーケ,23100453,False,,,
20260905,中山,8,3,マナマカナ,21103135,False,,,
20260905,中山,8,4,ノーブルミステリー,20106429,False,,,
20260905,中山,8,5,コウジハラ,23101860,False,,,
20260905,中山,8,6,カンレイスター,23105558,False,,,
20260905,中山,8,7,マーガレットクレア,23100722,False,,,
20260905,中山,8,8,ベルヴィヴァン,22105119,False,,,
20260905,中山,8,9,トキメキジニア,22100323,False,,,
20260905,中山,8,10,パッションディーバ,22101312,False,,,
20260905,中山,8,11,ビアフォーナウ,21104481,False,,,
20260905,中山,8,12,チェルシー,21106724,False,,,
20260905,中山,8,13,ブエナディオサ,19106938,False,,,
20260905,中山,8,14,オオゾラヒバリ,21101793,False,,,
20260905,中山,8,15,ベアアッコチャン,23101039,False,,,
20260905,中山,8,16,レインボーラッキー,22106324,False,,,
20260905,中山,9,1,コンヴァージョン,22110092,False,,,
20260905,中山,9,2,ショウナンダイン,23102730,False,,,
20260905,中山,9,3,アレクレア,22104851,False,,,
20260905,中山,9,4,マーゴットソラーレ,21104831,False,,,
20260905,中山,9,5,スタニングヴュー,22101272,False,,,
20260905,中山,9,6,ロジルーラー,21105552,False,,,
20260905,中山,9,7,デイジー,21104173,False,,,
20260905,中山,9,8,ルンベーラ,23102403,False,,,
20260905,中山,9,9,クモヒトツナイ,22101498,False,,,
20260905,中山,9,10,ジャグアール,21102717,False,,,
20260905,中山,9,11,レッドシュトラール,22105156,False,,,
20260905,中山,9,12,ゴディアーモ,23107159,False,,,
20260905,中山,9,13,クシマトゥルー,23105222,False,,,
20260905,中山,9,14,ペプチドドリーム,23100894,False,,,
20260905,中山,9,15,コーディアリー,23104488,False,,,
20260905,中山,10,1,トラスコンガーデン,23100935,False,,,
20260905,中山,10,2,ルディドゥゲンジ,23103934,False,,,
20260905,中山,10,3,サクセスカラー,21104200,False,,,
20260905,中山,10,4,ジョウゲンノツキ,21102755,False,,,
20260905,中山,10,5,インプロペリア,22104956,False,,,
20260905,中山,10,6,ミニョンマルーン,22103151,False,,,
20260905,中山,10,7,パーティーガール,22106420,False,,,
20260905,中山,10,8,ドリーミングアップ,21103303,False,,,
20260905,中山,10,9,ジャガード,18103485,False,,,
20260905,中山,10,10,キープサインオン,22103556,False,,,
20260905,中山,10,11,タナスーペルノーバ,23102661,False,,,
20260905,中山,10,12,ウチュウノセカイ,23106665,False,,,
20260905,中山,10,13,ヴィヴァクラウン,21101595,False,,,
20260905,中山,11,1,クルゼイロドスル,20101813,False,,,
20260905,中山,11,2,ミナデオロ,21104854,False,,,
20260905,中山,11,3,ドロップオブライト,19105806,True,,,
20260905,中山,11,4,フォルテアンジェロ,23107345,False,,,
20260905,中山,11,5,サイルーン,19104838,False,,,
20260905,中山,11,6,ファンダム,22105836,False,,,
20260905,中山,11,7,エコロブルーム,21105565,False,,,
20260905,中山,11,8,ピコローズ,22101765,False,,,
20260905,中山,11,9,レザベーション,23103268,False,,,
20260905,中山,11,10,ヴァルキリーバース,22104764,False,,,
20260905,中山,11,11,クランフォード,21100139,False,,,
20260905,中山,11,12,ディールメーカー,23103326,False,,,
20260905,中山,11,13,メタルスピード,20101772,False,,,
20260905,中山,11,14,リラボニート,21103519,False,,,
20260905,中山,11,15,テレサ,22104885,False,,,
20260905,中山,11,16,ラケマーダ,20101784,False,,,
20260905,中山,12,1,シルバードン,22101987,False,,,
20260905,中山,12,2,ピュール,23105784,False,,,
20260905,中山,12,3,アンプイットアップ,23101146,False,,,
20260905,中山,12,4,スカット,23104590,False,,,
20260905,中山,12,5,チュラヴェール,23104607,False,,,
20260905,中山,12,6,キングクレオール,21100506,False,,,
20260905,中山,12,7,グランルチャドール,21102192,False,,,
20260905,中山,12,8,ヴェネチアンキング,23103320,False,,,
20260905,中山,12,9,プルシャプラ,22100582,False,,,
20260905,中山,12,10,レイズレガシー,23102978,False,,,
20260905,中山,12,11,ザクシス,22102711,False,,,
20260905,中山,12,12,ショウナンタハティ,22103911,False,,,
20260905,中山,12,13,マイネルブリオン,22102681,False,,,
20260905,中山,12,14,トモジャシーマ,20106771,False,,,
20260905,札幌,1,1,カセノメロス,24103127,False,,,
20260905,札幌,1,2,シンゼンノト,24102290,False,,,
20260905,札幌,1,3,グリームウッド,24101091,False,,,
20260905,札幌,1,4,ロードレスポンス,24102603,False,,,
20260905,札幌,1,5,ロードリバイバル,24105270,False,,,
20260905,札幌,1,6,ゲームチェンジャー,24105634,False,,,
20260905,札幌,1,7,キュータンチャン,24105548,False,,,
20260905,札幌,1,8,カリスマン,24106804,False,,,
20260905,札幌,1,9,サトノフルーク,24108279,False,,,
20260905,札幌,1,10,ラストフィールド,24105002,False,,,
20260905,札幌,1,11,ロジアコース,24106754,False,,,
20260905,札幌,1,12,フレンドミラノ,24100841,False,,,
20260905,札幌,2,1,サノノベリー,24100077,False,,,
20260905,札幌,2,2,ゴートゥービッツン,24104503,False,,,
20260905,札幌,2,3,リーディンアクター,24100072,False,,,
20260905,札幌,2,4,ハヤテノギンジロウ,24100086,False,,,
20260905,札幌,2,5,サンシルヴァリー,24103507,False,,,
20260905,札幌,2,6,ハミングリップス,24101510,False,,,
20260905,札幌,2,7,アワードリームス,24106839,False,,,
20260905,札幌,2,8,リアルクウカイ,24104218,False,,,
20260905,札幌,2,9,アルデシンザン,24105809,False,,,
20260905,札幌,2,10,スクレイプバイ,24103914,False,,,
20260905,札幌,2,11,ミハテヌユメ,24104759,False,,,
20260905,札幌,3,1,ニンジャトットリ,23106658,False,,,
20260905,札幌,3,2,ペイシャクロス,23102999,False,,,
20260905,札幌,3,3,チョウスター,23104226,False,,,
20260905,札幌,3,4,アイビーミャーオ,23101755,False,,,
20260905,札幌,3,5,メイショウマドンナ,23104999,False,,,
20260905,札幌,3,6,スラッシュコード,23101448,False,,,
20260905,札幌,3,7,オリヒメボシ,23103612,False,,,
20260905,札幌,3,8,ハイティー,23107310,False,,,
20260905,札幌,3,9,ナブッコ,23104377,False,,,
20260905,札幌,3,10,スマートコーラル,23106001,False,,,
20260905,札幌,3,11,サンライズロイ,23106556,False,,,
20260905,札幌,3,12,ホワイトラバーズ,23101742,False,,,
20260905,札幌,4,1,ブラックゲイル,23105909,False,,,
20260905,札幌,4,2,テンユウ,23103178,False,,,
20260905,札幌,4,3,モズヴイ,23105739,False,,,
20260905,札幌,4,4,ロジクリスエス,23104684,False,,,
20260905,札幌,4,5,メイショウセンドウ,23101756,False,,,
20260905,札幌,4,6,アズライトアスール,23100785,False,,,
20260905,札幌,4,7,クープグラッセ,23101318,False,,,
20260905,札幌,4,8,フィーユレアル,23101443,False,,,
20260905,札幌,4,9,エイシンリーガル,23105537,False,,,
20260905,札幌,4,10,ダンツアラーム,23104027,False,,,
20260905,札幌,4,11,サトノフレア,23105904,False,,,
20260905,札幌,4,12,アインプロージット,23104415,False,,,
20260905,札幌,4,13,フェイスリフト,23106605,False,,,
20260905,札幌,4,14,ディープマウンテン,23103475,False,,,
20260905,札幌,5,1,グレーターマーク,24104841,False,,,
20260905,札幌,5,2,ローズファミリー,24101760,False,,,
20260905,札幌,5,3,ポーラールート,24106379,False,,,
20260905,札幌,5,4,フェアリースノー,24104400,False,,,
20260905,札幌,5,5,シュヴァルツペルレ,24106514,False,,,
20260905,札幌,5,6,ラガーレッドムーン,24105557,False,,,
20260905,札幌,5,7,プレシャスタイム,24106140,False,,,
20260905,札幌,5,8,ルナディアナ,24103824,False,,,
20260905,札幌,5,9,ララアウローラ,24108004,False,,,
20260905,札幌,5,10,アンミツ,24100614,False,,,
20260905,札幌,5,11,ジャスコヒラリアス,24100358,False,,,
20260905,札幌,5,12,ミーアキース,24106862,False,,,
20260905,札幌,5,13,アルーリングボーイ,24101361,False,,,
20260905,札幌,5,14,コーズサム,24105330,False,,,
20260905,札幌,6,1,ハヤブサブロー,23104338,False,,,
20260905,札幌,6,2,ショウナンアワード,23100604,False,,,
20260905,札幌,6,3,ウインポーシャ,23105854,False,,,
20260905,札幌,6,4,ワダツミ,23102669,False,,,
20260905,札幌,6,5,フローレンスフーガ,23101000,False,,,
20260905,札幌,6,6,シーラス,23103757,False,,,
20260905,札幌,6,7,ヒメヒオウギ,23106148,False,,,
20260905,札幌,6,8,マンサニージャ,23106411,False,,,
20260905,札幌,6,9,ポリメトリック,23105681,False,,,
20260905,札幌,6,10,サトノリアファル,23105260,False,,,
20260905,札幌,6,11,レットミーテイク,23101934,False,,,
20260905,札幌,6,12,アップターンデイ,23106772,False,,,
20260905,札幌,6,13,デルマバンダイサン,23103424,False,,,
20260905,札幌,6,14,アート,23103867,False,,,
20260905,札幌,6,15,マジックファイヤー,23100771,False,,,
20260905,札幌,6,16,アルペングロー,23106817,False,,,
20260905,札幌,7,1,クイーンズワーフ,21105168,False,,,
20260905,札幌,7,2,ベネディクション,23106380,False,,,
20260905,札幌,7,3,エナジーショット,22101425,False,,,
20260905,札幌,7,4,フリーヤ,23105849,False,,,
20260905,札幌,7,5,カリーン,22105532,False,,,
20260905,札幌,7,6,ジェルブロア,22106618,False,,,
20260905,札幌,7,7,サウンドサンライズ,22105060,False,,,
20260905,札幌,7,8,アドマイヤシュラ,23106840,False,,,
20260905,札幌,7,9,グロリアス,23102891,False,,,
20260905,札幌,7,10,エイカイコバチ,23107144,False,,,
20260905,札幌,7,11,ホウオウペトリュス,21105694,False,,,
20260905,札幌,7,12,ユメシルベ,23106412,False,,,
20260905,札幌,8,1,メイショウコシュウ,23105032,False,,,
20260905,札幌,8,2,リテラシー,23105215,False,,,
20260905,札幌,8,3,レッドフロイデ,23103441,False,,,
20260905,札幌,8,4,ハイライトニング,23105381,False,,,
20260905,札幌,8,5,カフェブーケット,22103235,False,,,
20260905,札幌,8,6,デリシュー,21103037,False,,,
20260905,札幌,8,7,ベルアズーロ,23103168,False,,,
20260905,札幌,8,8,ファンタイムギフト,22102378,False,,,
20260905,札幌,8,9,アイムスティルミー,23106595,False,,,
20260905,札幌,8,10,ピエナオルカ,23100715,False,,,
20260905,札幌,8,11,ミスティマウンテン,22101684,False,,,
20260905,札幌,8,12,ノースミソロジー,23103594,False,,,
20260905,札幌,8,13,ブランヴァンダイク,23107194,False,,,
20260905,札幌,9,1,フリーガー,23104389,False,,,
20260905,札幌,9,2,カージオイド,22104062,False,,,
20260905,札幌,9,3,ディヒターリーベ,22105153,False,,,
20260905,札幌,9,4,コスモヘリアンサス,23106419,False,,,
20260905,札幌,9,5,メイショウテンク,23105021,False,,,
20260905,札幌,9,6,ハルフロンティア,22104724,False,,,
20260905,札幌,9,7,レイヌドプランタン,23103730,False,,,
20260905,札幌,9,8,バズアップビート,22104973,False,,,
20260905,札幌,9,9,マイネルシンベリン,23100207,False,,,
20260905,札幌,9,10,マイネルマスター,23106439,False,,,
20260905,札幌,9,11,デルシエロ,21103520,False,,,
20260905,札幌,9,12,コワンニシタガウ,23104216,False,,,
20260905,札幌,9,13,エイカイカッシーナ,22104940,False,,,
20260905,札幌,9,14,サクラアドリア,22104092,False,,,
20260905,札幌,10,1,スイミーユニバンス,20103632,False,,,
20260905,札幌,10,2,エルサトアナ,22100933,False,,,
20260905,札幌,10,3,ニシノラヴァンダ,22102220,False,,,
20260905,札幌,10,4,ブルボンクイーン,21100297,False,,,
20260905,札幌,10,5,レッドスティンガー,23106619,False,,,
20260905,札幌,10,6,ツルノマイハシ,23103528,False,,,
20260905,札幌,10,7,ララバニュルス,22101405,False,,,
20260905,札幌,10,8,エスカレイト,23105815,False,,,
20260905,札幌,10,9,スムースベルベット,20106987,False,,,
20260905,札幌,10,10,ストレイトアスク,21102312,False,,,
20260905,札幌,10,11,ビービーエフォート,22102421,False,,,
20260905,札幌,10,12,ベビーズブレス,22106351,False,,,
20260905,札幌,10,13,ブライティアダイヤ,21102468,False,,,
20260905,札幌,10,14,ファビュラススター,21103478,False,,,
20260905,札幌,10,15,ビーコング,21103595,False,,,
20260905,札幌,10,16,セイプリーズ,22105583,False,,,
20260905,札幌,11,1,テングカゼ,24105454,False,,,
20260905,札幌,11,2,ショウナンガレオン,24106438,False,,,
20260905,札幌,11,3,デザートスピリット,24101022,False,,,
20260905,札幌,11,4,コスモハナミズキ,24103590,False,,,
20260905,札幌,11,5,ランダムナンバー,24101984,False,,,
20260905,札幌,11,6,ハヤブサカツオー,24103393,False,,,
20260905,札幌,11,7,イドム,24102908,False,,,
20260905,札幌,11,8,テンカタイヘイ,24106851,False,,,
20260905,札幌,11,9,ロゼハイスクール,24105019,False,,,
20260905,札幌,12,1,クラインシュミット,22101462,False,,,
20260905,札幌,12,2,ライラックデューン,22101473,False,,,
20260905,札幌,12,3,ミルボナー,23106217,False,,,
20260905,札幌,12,4,ララオウ,23105981,False,,,
20260905,札幌,12,5,ナムラハリス,23100463,False,,,
20260905,札幌,12,6,サウンドルーチェ,22105267,False,,,
20260905,札幌,12,7,ウィンターガーデン,21105857,False,,,
20260905,札幌,12,8,ジーティーアリア,23105358,False,,,
20260905,札幌,12,9,ローゾフィア,23104384,False,,,
20260905,札幌,12,10,リピース,23107412,False,,,
20260905,札幌,12,11,リュミナーズ,22101465,False,,,
20260905,札幌,12,12,ヴェールミューズ,23104766,False,,,
20260905,札幌,12,13,ピラニアキッス,22101599,False,,,
20260905,阪神,1,1,リアルメッセージ,24106077,False,,,
20260905,阪神,1,2,ラブシンフォニー,24107177,False,,,
20260905,阪神,1,3,ビバームス,24104705,False,,,
20260905,阪神,1,4,クリコキアナ,24100009,False,,,
20260905,阪神,1,5,ベルメサージュ,24102682,False,,,
20260905,阪神,1,6,グラスクラージュ,24104494,False,,,
20260905,阪神,1,7,ガヤーズランボー,24105526,False,,,
20260905,阪神,1,8,スクワミッシュ,24106237,False,,,
20260905,阪神,1,9,マルモリマイベスト,24108132,False,,,
20260905,阪神,1,10,キモンミナリッチ,24104785,False,,,
20260905,阪神,1,11,ベルヴェール,24106458,False,,,
20260905,阪神,2,1,コパノマハロ,24102103,False,,,
20260905,阪神,2,2,ティフォシ,24103816,False,,,
20260905,阪神,2,3,デススパイラル,24104977,False,,,
20260905,阪神,2,4,ブックオブケルズ,24106356,True,,,
20260905,阪神,2,5,ドミナント,24106219,False,,,
20260905,阪神,3,1,レッドフレーザー,23105340,False,,,
20260905,阪神,3,2,カワキタベレッタ,23104048,False,,,
20260905,阪神,3,3,サラサダンディー,23105122,False,,,
20260905,阪神,3,4,ジャスティンゴッホ,23104887,False,,,
20260905,阪神,3,5,ガロピーネ,23103194,False,,,
20260905,阪神,3,6,ラッキーダイヤ,23101781,False,,,
20260905,阪神,3,7,ドラゴングローリア,23107336,False,,,
20260905,阪神,3,8,デルマタカチホ,23103385,False,,,
20260905,阪神,3,9,ラミエルノムスコ,23103248,False,,,
20260905,阪神,3,10,スターチューン,23106848,False,,,
20260905,阪神,3,11,レジェルテ,23107303,False,,,
20260905,阪神,3,12,アルムランプシー,23104323,False,,,
20260905,阪神,3,13,ロードファイター,23100430,False,,,
20260905,阪神,4,1,ウイングサンライズ,23100918,False,,,
20260905,阪神,4,2,ビッグヒーロー,23106188,False,,,
20260905,阪神,4,3,ルージュソムニウム,23103605,False,,,
20260905,阪神,4,4,メイショウジーニー,23106566,False,,,
20260905,阪神,4,5,アステルディーヴァ,23104883,False,,,
20260905,阪神,4,6,メイショウプレマ,23101585,False,,,
20260905,阪神,4,7,シャロン,23105372,False,,,
20260905,阪神,4,8,アリディプラチノ,23102063,False,,,
20260905,阪神,4,9,コースタルロード,23100973,False,,,
20260905,阪神,4,10,エイシンニケ,23105522,False,,,
20260905,阪神,4,11,サトノシャッツ,23105276,False,,,
20260905,阪神,4,12,バロッカネーラ,23107332,False,,,
20260905,阪神,4,13,アステリアート,23104950,False,,,
20260905,阪神,4,14,セイロンブリーズ,23107266,False,,,
20260905,阪神,4,15,カステッロトゥーレ,23103397,False,,,
20260905,阪神,4,16,サーブルディアマン,23103690,False,,,
20260905,阪神,4,17,ペアピーターソン,23106404,True,,,
20260905,阪神,4,18,ホワイトフレイムス,23106873,False,,,
20260905,阪神,5,1,メイショウレイナ,24102300,False,,,
20260905,阪神,5,2,ブロッサムスピア,24107052,False,,,
20260905,阪神,5,3,スマートエール,24100590,False,,,
20260905,阪神,5,4,リンピッド,24102561,False,,,
20260905,阪神,5,5,レーヴドヒロイン,24106747,False,,,
20260905,阪神,5,6,ゴールデンレシオ,24104595,False,,,
20260905,阪神,5,7,アイボリータワー,24108283,False,,,
20260905,阪神,5,8,イッソス,24106246,False,,,
20260905,阪神,5,9,ベルメグスタ,24102020,False,,,
20260905,阪神,5,10,ルミナスシェリー,24101476,False,,,
20260905,阪神,5,11,ソフィアビルド,24105927,False,,,
20260905,阪神,5,12,トレビスドンナ,24106447,False,,,
20260905,阪神,6,1,デザートキャンドル,24108215,False,,,
20260905,阪神,6,2,スカイメテオ,24100937,False,,,
20260905,阪神,6,3,ムスペルヘイム,24106342,False,,,
20260905,阪神,6,4,ツーエムマドンナ,24104245,False,,,
20260905,阪神,6,5,ウルスチャージ,24104223,False,,,
20260905,阪神,6,6,テムタワーボス,24102457,False,,,
20260905,阪神,6,7,サイトゥン,24106774,False,,,
20260905,阪神,6,8,オメガダフネ,24104092,False,,,
20260905,阪神,6,9,ツトム,24105013,False,,,
20260905,阪神,6,10,アンジェリカ,24103265,False,,,
20260905,阪神,6,11,サンライズモロヘイ,24100422,False,,,
20260905,阪神,6,12,ウブラヴ,24102875,False,,,
20260905,阪神,6,13,ナリタライズ,24105955,False,,,
20260905,阪神,7,1,レオナルドスター,21104806,False,,,
20260905,阪神,7,2,モルティフレーバー,22104901,False,,,
20260905,阪神,7,3,ラブカムーン,21106586,False,,,
20260905,阪神,7,4,ムーンリットアイル,23107269,False,,,
20260905,阪神,7,5,ニシノトリビュート,23104703,False,,,
20260905,阪神,7,6,ワイドシュテルケ,23100631,False,,,
20260905,阪神,7,7,ベルファスト,21101414,False,,,
20260905,阪神,7,8,アウクソー,20103261,False,,,
20260905,阪神,7,9,クールフラン,23106985,False,,,
20260905,阪神,7,10,モズイージス,21102151,False,,,
20260905,阪神,7,11,モズレイラココナ,22102122,False,,,
20260905,阪神,7,12,エコロヴァイス,22110128,False,,,
20260905,阪神,7,13,メイショウヤマモモ,21103075,False,,,
20260905,阪神,7,14,マーゴットミスト,23101632,False,,,
20260905,阪神,7,15,フェゲフォイア,20106355,False,,,
20260905,阪神,7,16,フロムレイブン,23103836,True,,,
20260905,阪神,8,1,キッコベッロ,23104996,False,,,
20260905,阪神,8,2,ウインヘリオドール,22107084,False,,,
20260905,阪神,8,3,サンダーバード,23105292,False,,,
20260905,阪神,8,4,ダンツウルス,23102901,False,,,
20260905,阪神,8,5,メイショウアゴナス,22103263,False,,,
20260905,阪神,8,6,ピースヒロフェイス,21105769,False,,,
20260905,阪神,8,7,シュプリームレルム,23103488,False,,,
20260905,阪神,8,8,オモイヲノセテ,23103996,False,,,
20260905,阪神,8,9,アグレイビューティ,23103676,False,,,
20260905,阪神,9,1,ストラーダ,23100937,False,,,
20260905,阪神,9,2,ジャイアンバローズ,23100922,False,,,
20260905,阪神,9,3,ジーニアスバローズ,20100681,False,,,
20260905,阪神,9,4,キングロコマイカイ,19103829,False,,,
20260905,阪神,9,5,ソニックステップ,22104854,False,,,
20260905,阪神,9,6,システマソラー,23102120,False,,,
20260905,阪神,9,7,ショーダンサー,22105885,False,,,
20260905,阪神,9,8,クロノスバレット,22110123,False,,,
20260905,阪神,9,9,リヒトミューレ,23107295,False,,,
20260905,阪神,9,10,シュヴァルツリーベ,20106101,False,,,
20260905,阪神,9,11,テイエムパイロット,22103775,False,,,
20260905,阪神,10,1,オールセインツ,21104971,False,,,
20260905,阪神,10,2,エイカイマッケンロ,19104800,False,,,
20260905,阪神,10,3,コルレオニス,21105704,False,,,
20260905,阪神,10,4,テーオーダグラス,21102246,False,,,
20260905,阪神,10,5,シンゼンカガ,22105345,False,,,
20260905,阪神,10,6,レディーミコノス,22105475,False,,,
20260905,阪神,10,7,サウンドムーブ,23101449,False,,,
20260905,阪神,11,1,タイセイブレイズ,18102969,False,,,
20260905,阪神,11,2,ノーブルロジャー,21110148,False,,,
20260905,阪神,11,3,フェルヴェンテ,20102045,False,,,
20260905,阪神,11,4,ゴッドブルービー,20106063,True,,,
20260905,阪神,11,5,マニバドラ,20110105,False,,,
20260905,阪神,11,6,ペイシャケイプ,22104219,False,,,
20260905,阪神,11,7,グランキングオー,22100664,False,,,
20260905,阪神,11,8,トリリオンボーイ,22102493,False,,,
20260905,阪神,11,9,エスカル,21110069,False,,,
20260905,阪神,11,10,ルークススペイ,22101543,False,,,
20260905,阪神,11,11,リジル,21101457,False,,,
20260905,阪神,11,12,ムイ,22102408,False,,,
20260905,阪神,12,1,リーガルスプレンダ,23103685,False,,,
20260905,阪神,12,2,エイシンマールス,22102624,False,,,
20260905,阪神,12,3,アーディアイリ,23102460,False,,,
20260905,阪神,12,4,フィアーブル,23103674,False,,,
20260905,阪神,12,5,クリノセーラーマン,23101199,False,,,
20260905,阪神,12,6,ロイヤルテール,22100027,False,,,
20260905,阪神,12,7,ディーエストッキー,21105098,False,,,
20260905,阪神,12,8,ハグレジョー,23104275,False,,,
20260905,阪神,12,9,モズプリフォール,23105738,False,,,
20260905,阪神,12,10,アーリントンロウ,22105921,False,,,
20260905,阪神,12,11,エンヴェロップ,23105792,False,,,
20260905,阪神,12,12,エイシンティザー,23105516,False,,,
20260906,中山,1,1,ヴェストラン,21100695,False,,,
20260906,中山,1,2,エーオーキング,22102738,False,,,
20260906,中山,1,3,グロッシェン,21104844,False,,,
20260906,中山,1,4,シグムンド,21106353,False,,,
20260906,中山,1,5,スラッシュ,23103189,False,,,
20260906,中山,1,6,エンジョイドライブ,22102713,False,,,
20260906,中山,1,7,ベラトール,22102788,False,,,
20260906,中山,2,1,アルデラッシュ,24106007,False,,,
20260906,中山,2,2,ヒーローシー,24100795,False,,,
20260906,中山,2,3,ノワールブレイブ,24102173,False,,,
20260906,中山,2,4,スリーフラワー,24101312,False,,,
20260906,中山,2,5,モチロンコクラ,24104659,False,,,
20260906,中山,2,6,ノーブルミント,24100566,False,,,
20260906,中山,2,7,ソナタテソーロ,24101297,False,,,
20260906,中山,2,8,セイウンリリーナ,24103842,False,,,
20260906,中山,2,9,フォーエバーブルー,24104566,False,,,
20260906,中山,2,10,ワイズジュエル,24100105,False,,,
20260906,中山,2,11,クールボビー,24105497,False,,,
20260906,中山,2,12,スペシャルサンクス,24102846,False,,,
20260906,中山,2,13,スノーキャップ,24102837,False,,,
20260906,中山,2,14,イヴナンバーフォー,24105687,False,,,
20260906,中山,3,1,セレスティアハート,23100186,False,,,
20260906,中山,3,2,マイネルトレマーズ,23105363,False,,,
20260906,中山,3,3,ピクシーゲイル,23104811,False,,,
20260906,中山,3,4,トルネードアイル,23105308,False,,,
20260906,中山,3,5,ソナタムーンライト,23105717,False,,,
20260906,中山,3,6,ペタルズダンス,23106796,False,,,
20260906,中山,3,7,ラブトゥエニイワン,23106827,False,,,
20260906,中山,3,8,ペルシアーノ,23100653,False,,,
20260906,中山,3,9,ユイノサダハル,23101841,False,,,
20260906,中山,3,10,コーリンクレア,23104194,False,,,
20260906,中山,3,11,ルシアージュ,23106795,False,,,
20260906,中山,3,12,ホウオウロレンシア,23102396,False,,,
20260906,中山,3,13,アルティソナンテ,23103533,False,,,
20260906,中山,3,14,オートカリテ,23103555,False,,,
20260906,中山,3,15,イサチルクイーン,23102680,False,,,
20260906,中山,4,1,セイウンヤオヨロズ,23100006,False,,,
20260906,中山,4,2,アクロスメモリア,23102399,False,,,
20260906,中山,4,3,メビウスロマンス,23101477,False,,,
20260906,中山,4,4,フォルナカリア,23106959,False,,,
20260906,中山,4,5,ハングローズ,23102122,False,,,
20260906,中山,4,6,グラスアロー,23106351,False,,,
20260906,中山,4,7,クラージュスター,23103010,False,,,
20260906,中山,4,8,トゥモローズウェイ,23103338,False,,,
20260906,中山,4,9,テリオスレイ,23106854,False,,,
20260906,中山,4,10,リゼクールグレー,23103303,False,,,
20260906,中山,4,11,サリーアン,23100789,False,,,
20260906,中山,4,12,ハンナパール,23100692,False,,,
20260906,中山,4,13,ライヴマルガリータ,23101046,False,,,
20260906,中山,4,14,スマートレイナ,23106000,False,,,
20260906,中山,4,15,ロジザボード,23104017,False,,,
20260906,中山,4,16,ニシノトマラナイ,23106272,False,,,
20260906,中山,5,1,ハンサム,24104872,False,,,
20260906,中山,5,2,ピクシーブラスト,24103245,False,,,
20260906,中山,5,3,ムービーマジック,24107234,False,,,
20260906,中山,5,4,タッカーヴィーチェ,24103407,False,,,
20260906,中山,5,5,アッティーヤ,24100669,False,,,
20260906,中山,5,6,ビシット,24103788,False,,,
20260906,中山,5,7,オシゴリ,24102325,False,,,
20260906,中山,5,8,イズミル,24106845,False,,,
20260906,中山,5,9,ゴールデンパルス,24100749,False,,,
20260906,中山,5,10,ローザヴェローナ,24106751,False,,,
20260906,中山,5,11,レイナクリューソス,24106865,False,,,
20260906,中山,5,12,ハナビ,24100629,False,,,
20260906,中山,5,13,ロイヤルガンモ,24107373,False,,,
20260906,中山,5,14,アイムオンアロール,24100668,False,,,
20260906,中山,5,15,マホロ,24103328,False,,,
20260906,中山,6,1,タイセイウィザード,24105540,False,,,
20260906,中山,6,2,イールーファー,24101806,False,,,
20260906,中山,6,3,プリンシパルギフト,24107065,False,,,
20260906,中山,6,4,ハーモニープルーフ,24106320,False,,,
20260906,中山,6,5,メイプルカモーン,24104534,False,,,
20260906,中山,6,6,ニシノハクシャ,24105565,False,,,
20260906,中山,6,7,ヒゲキリ,24105462,False,,,
20260906,中山,6,8,エンジャムメント,24105733,False,,,
20260906,中山,6,9,サードアイ,24107366,False,,,
20260906,中山,6,10,サイモントレノ,24104675,False,,,
20260906,中山,6,11,ドーンオブホープ,24107184,False,,,
20260906,中山,6,12,ファブリック,24104851,False,,,
20260906,中山,7,1,ウインスターリング,23105883,False,,,
20260906,中山,7,2,セキテイリノ,23103447,False,,,
20260906,中山,7,3,ラクシオンデクラ,23103597,False,,,
20260906,中山,7,4,ジェイエルグリーン,23106314,False,,,
20260906,中山,7,5,カテドラルクォーツ,23103668,False,,,
20260906,中山,7,6,マイネルオラクル,23106422,False,,,
20260906,中山,7,7,ジャストマイウェイ,23105362,False,,,
20260906,中山,7,8,ブラッキッシュ,23107028,False,,,
20260906,中山,7,9,クリスタルドレス,23107406,False,,,
20260906,中山,7,10,シホノグラツィア,23106896,False,,,
20260906,中山,7,11,エラガバリウム,23107335,False,,,
20260906,中山,7,12,ディエスルージュ,23105163,False,,,
20260906,中山,7,13,サンクレゾン,23103780,False,,,
20260906,中山,7,14,ピグマリオン,23101391,False,,,
20260906,中山,7,15,ワイズファミリア,23103550,False,,,
20260906,中山,7,16,ブリックアブラック,23102410,False,,,
20260906,中山,7,17,ソフィア,23107088,False,,,
20260906,中山,7,18,ハルノアメ,23104002,False,,,
20260906,中山,8,1,ジーティーブラック,23106052,False,,,
20260906,中山,8,2,ノーウェアマン,23106694,False,,,
20260906,中山,8,3,アイビーチーキー,23106573,False,,,
20260906,中山,8,4,モヴレクス,21105074,False,,,
20260906,中山,8,5,エコロストーム,23102405,False,,,
20260906,中山,8,6,タケルムサシ,23105177,False,,,
20260906,中山,8,7,ストーリーオブラブ,23106587,False,,,
20260906,中山,8,8,ガーデンカメリア,21110139,False,,,
20260906,中山,8,9,ボニープリンス,23107329,False,,,
20260906,中山,8,10,ユキノグラス,23102646,False,,,
20260906,中山,8,11,シンギュラリティ,23104472,False,,,
20260906,中山,8,12,ソニックキャット,23103698,False,,,
20260906,中山,8,13,カフェシューター,23100368,False,,,
20260906,中山,8,14,ラヴアンドライク,22104570,False,,,
20260906,中山,8,15,メトロポリターナ,21110040,False,,,
20260906,中山,8,16,メディチパワー,23100419,False,,,
20260906,中山,9,1,ホープエトワール,22106893,False,,,
20260906,中山,9,2,キョウエイカンフ,20100363,False,,,
20260906,中山,9,3,サマースイートピー,22107359,False,,,
20260906,中山,9,4,ホウオウプレミア,19105041,False,,,
20260906,中山,9,5,ラヴァグロウ,20103937,False,,,
20260906,中山,9,6,アスタールフナ,22101557,False,,,
20260906,中山,9,7,レヴィテーション,21107259,False,,,
20260906,中山,9,8,ルーフオブヘヴン,21104874,False,,,
20260906,中山,9,9,ピコニ,21101727,False,,,
20260906,中山,9,10,モーゲンセン,23110008,False,,,
20260906,中山,9,11,サヨノジャンボリー,22106243,False,,,
20260906,中山,9,12,ジャスパーソレイユ,22110111,False,,,
20260906,中山,9,13,キタノライブリー,22106471,False,,,
20260906,中山,9,14,イノキ,22100757,False,,,
20260906,中山,9,15,サードウインド,22104546,False,,,
20260906,中山,9,16,ドントゥザムーン,22101863,False,,,
20260906,中山,10,1,フォルテム,22103042,False,,,
20260906,中山,10,2,メイショウピース,20106901,False,,,
20260906,中山,10,3,トーセントラム,20102535,False,,,
20260906,中山,10,4,マックアルイーン,22110014,False,,,
20260906,中山,10,5,フクチャンショウ,23103418,False,,,
20260906,中山,10,6,パクスロマーナ,20104616,False,,,
20260906,中山,10,7,ルーフ,20104194,False,,,
20260906,中山,10,8,カーヌスティ,22103639,False,,,
20260906,中山,10,9,ポッドロワール,22101573,False,,,
20260906,中山,11,1,ジワタネホ,23107165,False,,,
20260906,中山,11,2,サムシングスイート,23106219,False,,,
20260906,中山,11,3,リアライズルミナス,23104830,False,,,
20260906,中山,11,4,マスターソアラ,23106810,False,,,
20260906,中山,11,5,ファムクラジューズ,23106433,False,,,
20260906,中山,11,6,アストリル,23101591,False,,,
20260906,中山,11,7,ロングトールサリー,23106995,False,,,
20260906,中山,11,8,ナイスプレーアスク,23105420,True,,,
20260906,中山,11,9,ドリームコア,23107146,False,,,
20260906,中山,11,10,ジッピーチューン,23103434,False,,,
20260906,中山,11,11,ベンヴェヌータ,23103446,False,,,
20260906,中山,12,1,ダイユウヴェンティ,23105102,False,,,
20260906,中山,12,2,ファインサマーデイ,23101169,False,,,
20260906,中山,12,3,アイムインディ,23105263,False,,,
20260906,中山,12,4,ブライティアブーケ,22102465,False,,,
20260906,中山,12,5,ルシェロアズーリ,22105996,False,,,
20260906,中山,12,6,ホウオウショコラ,22101108,True,,,
20260906,中山,12,7,カシオペア,22106203,False,,,
20260906,中山,12,8,ジュエルドレーサー,21100478,False,,,
20260906,中山,12,9,カイトグート,21106308,False,,,
20260906,中山,12,10,マイネルユーゲント,23100143,False,,,
20260906,中山,12,11,ラエトゥス,23106845,False,,,
20260906,中山,12,12,メーゼ,23106176,False,,,
20260906,中山,12,13,ココボロ,21106419,False,,,
20260906,中山,12,14,ヴィヴァラリス,22102749,False,,,
20260906,中山,12,15,クラディスティーナ,23100796,False,,,
20260906,中山,12,16,エバーラスト,23104764,True,,,
20260906,札幌,1,1,ルージュエピック,23106616,False,,,
20260906,札幌,1,2,テンレッドサン,23104101,False,,,
20260906,札幌,1,3,エリカビアリッツ,23102608,False,,,
20260906,札幌,1,4,ルージュリヴィエラ,23105608,False,,,
20260906,札幌,1,5,サンセリテ,23107068,False,,,
20260906,札幌,1,6,ウォータースパウト,23105555,False,,,
20260906,札幌,1,7,ワンダーアスク,23103191,False,,,
20260906,札幌,1,8,クリコイーコ,23100786,False,,,
20260906,札幌,1,9,シンデレラカラー,23101778,False,,,
20260906,札幌,1,10,セラサイト,23107306,False,,,
20260906,札幌,1,11,マスカルポーネ,23104632,False,,,
20260906,札幌,1,12,ティンクルバレット,23107042,False,,,
20260906,札幌,1,13,サマースプラッシュ,23106163,False,,,
20260906,札幌,2,1,マイネルリコルディ,24103650,False,,,
20260906,札幌,2,2,ロゼプレミア,24103201,False,,,
20260906,札幌,2,3,ソフィーサンライズ,24101203,False,,,
20260906,札幌,2,4,アオイゲート,24105988,False,,,
20260906,札幌,2,5,ラヴァンドローリエ,24103131,False,,,
20260906,札幌,2,6,イッペイ,24104442,False,,,
20260906,札幌,2,7,マサノブルスカイ,24105151,False,,,
20260906,札幌,2,8,バトルナイト,24104201,False,,,
20260906,札幌,2,9,アオイノリプー,24100715,False,,,
20260906,札幌,2,10,ブライトシーン,24104133,False,,,
20260906,札幌,3,1,ニシノモリミチ,23100362,False,,,
20260906,札幌,3,2,アオイミズホ,23101814,False,,,
20260906,札幌,3,3,ゴンフィンガー,23110069,False,,,
20260906,札幌,3,4,シンエンドーツダ,23103621,False,,,
20260906,札幌,3,5,ブルーアンビエンス,23103830,False,,,
20260906,札幌,3,6,ツクバヴァンガード,23101037,False,,,
20260906,札幌,3,7,ロスニーニョス,23103280,False,,,
20260906,札幌,3,8,マコトアディントン,23102128,False,,,
20260906,札幌,3,9,アメリカンダンス,23110082,False,,,
20260906,札幌,3,10,イセッセイ,23106294,False,,,
20260906,札幌,3,11,ジャストグレース,23102517,False,,,
20260906,札幌,3,12,ヘイジュード,23105280,False,,,
20260906,札幌,3,13,ブラックパロット,23107307,False,,,
20260906,札幌,3,14,ロードステラート,23105838,False,,,
20260906,札幌,4,1,ロジスカヤ,23104685,False,,,
20260906,札幌,4,2,メイショウテンジン,23106567,False,,,
20260906,札幌,4,3,グローリアスダンス,23102402,False,,,
20260906,札幌,4,4,ブラックジャック,23104933,False,,,
20260906,札幌,4,5,テンタイムトップ,23103436,False,,,
20260906,札幌,4,6,ドラリズム,23100515,False,,,
20260906,札幌,4,7,フルムーン,23100610,False,,,
20260906,札幌,4,8,リアララ,23110076,False,,,
20260906,札幌,4,9,エンジェルサン,23104484,False,,,
20260906,札幌,4,10,ヒルノボローニャ,23104474,False,,,
20260906,札幌,4,11,スピットブレイク,23100215,False,,,
20260906,札幌,4,12,ソレイユルヴァン,23105306,False,,,
20260906,札幌,4,13,メーレスブリーゼ,23106429,False,,,
20260906,札幌,4,14,ルージュフィーリア,23107342,False,,,
20260906,札幌,4,15,アドマイヤパープル,23106879,False,,,
20260906,札幌,4,16,メメボス,23100718,False,,,
20260906,札幌,5,1,カタカムナ,23102381,False,,,
20260906,札幌,5,2,スチョウプリンセス,23104789,False,,,
20260906,札幌,5,3,ゴールドエンバー,23102333,False,,,
20260906,札幌,5,4,レッドレグルス,23106617,False,,,
20260906,札幌,5,5,ラッキーシグネチャ,23105302,False,,,
20260906,札幌,5,6,ダイナソーコー,23103548,False,,,
20260906,札幌,5,7,アージュドール,23105211,False,,,
20260906,札幌,5,8,デイズインザサン,23101812,False,,,
20260906,札幌,5,9,ブライスフェアリー,23105892,False,,,
20260906,札幌,5,10,ゴコウコイコイ,23104486,False,,,
20260906,札幌,5,11,フォーチュンローズ,23103522,False,,,
20260906,札幌,5,12,ブリリアンブルーム,23107233,False,,,
20260906,札幌,5,13,スリールーディカ,23106211,False,,,
20260906,札幌,5,14,サクセスブルー,23106106,False,,,
20260906,札幌,5,15,フクチャンブラック,23103196,False,,,
20260906,札幌,5,16,インテンスゲイズ,23106418,False,,,
20260906,札幌,6,1,キャンドルマス,21101624,False,,,
20260906,札幌,6,2,ステラノヴァ,22103482,False,,,
20260906,札幌,6,3,シェイプオブユー,23100544,False,,,
20260906,札幌,6,4,アドリアフレイバー,22104941,False,,,
20260906,札幌,6,5,パドゼフィール,23103699,False,,,
20260906,札幌,6,6,ディアフリーゼ,21102928,False,,,
20260906,札幌,6,7,レストプレドゥモア,22101418,False,,,
20260906,札幌,6,8,ヒナノムサシ,23101645,False,,,
20260906,札幌,6,9,マカニ,22104370,False,,,
20260906,札幌,6,10,ロードヴィゴラス,23105806,False,,,
20260906,札幌,6,11,ドリームガッサン,23102748,False,,,
20260906,札幌,6,12,スパークルジョイ,21101891,False,,,
20260906,札幌,7,1,ネネキリマル,23106184,False,,,
20260906,札幌,7,2,ダブルチャレンジ,23104875,False,,,
20260906,札幌,7,3,ライトニングロッド,23101143,False,,,
20260906,札幌,7,4,スプリングデイ,21103322,False,,,
20260906,札幌,7,5,ペガサスノース,22101053,False,,,
20260906,札幌,7,6,バレンタインビスタ,23105817,False,,,
20260906,札幌,7,7,フレンドモナコ,23106197,False,,,
20260906,札幌,7,8,コスモファーブロス,23106420,False,,,
20260906,札幌,7,9,レッドアイスピア,23105670,False,,,
20260906,札幌,7,10,クレセントウイング,20100707,False,,,
20260906,札幌,7,11,カリヨンアヴォン,23107220,False,,,
20260906,札幌,7,12,ウィングブルー,23105317,False,,,
20260906,札幌,7,13,ジャンヌローサ,21103488,False,,,
20260906,札幌,7,14,ディーズメンフィス,23102812,False,,,
20260906,札幌,7,15,ルージュナリッシュ,22105162,False,,,
20260906,札幌,7,16,ラヴノー,23105325,False,,,
20260906,札幌,8,1,ザカリナン,22101103,False,,,
20260906,札幌,8,2,コスモキャバリエ,22106832,False,,,
20260906,札幌,8,3,シュガービスケッツ,23106028,False,,,
20260906,札幌,8,4,タイキプレジール,23102182,False,,,
20260906,札幌,8,5,グロリアスマーチ,23103680,False,,,
20260906,札幌,8,6,アルマロクザン,20100759,False,,,
20260906,札幌,8,7,アクアアイ,23106837,False,,,
20260906,札幌,8,8,ゴーゴーリチャード,23101399,False,,,
20260906,札幌,8,9,クラウンアールシー,22101286,False,,,
20260906,札幌,8,10,レッドカメリア,20100084,False,,,
20260906,札幌,8,11,ルールザウェイヴ,23105344,False,,,
20260906,札幌,8,12,トクシージェネラル,21107279,False,,,
20260906,札幌,8,13,ブライトフレア,23103388,False,,,
20260906,札幌,8,14,クリスレジーナ,23102091,False,,,
20260906,札幌,9,1,ヒミノエトワール,22102388,False,,,
20260906,札幌,9,2,ユウェンタース,22103515,False,,,
20260906,札幌,9,3,ライフゲート,22103778,False,,,
20260906,札幌,9,4,リメンバーヒム,22100321,False,,,
20260906,札幌,9,5,タイヨウフレア,22105844,False,,,
20260906,札幌,9,6,ロードアマルフィ,23105786,False,,,
20260906,札幌,9,7,ユージュアーナ,22102952,False,,,
20260906,札幌,9,8,コスモオピニオン,20101258,False,,,
20260906,札幌,9,9,アオハルブルース,23102313,False,,,
20260906,札幌,9,10,エスシービクトリア,23101793,False,,,
20260906,札幌,9,11,スターオブロンドン,23105545,False,,,
20260906,札幌,9,12,アラナコア,21103002,False,,,
20260906,札幌,9,13,エーリアル,21104856,False,,,
20260906,札幌,9,14,ラインフォルテ,21101932,False,,,
20260906,札幌,10,1,フナデ,21103790,False,,,
20260906,札幌,10,2,ヒズマスターピース,23105714,False,,,
20260906,札幌,10,3,ドッグウッド,23101382,False,,,
20260906,札幌,10,4,ロートホルン,22105977,False,,,
20260906,札幌,10,5,エーデル,21105321,False,,,
20260906,札幌,10,6,グレーヌドジョワ,23103351,False,,,
20260906,札幌,10,7,プレアレジェンド,23106354,False,,,
20260906,札幌,10,8,ワザモノ,18103560,False,,,
20260906,札幌,10,9,ハヤブササキチャン,23106894,False,,,
20260906,札幌,10,10,コッツォリーノ,23106718,False,,,
20260906,札幌,10,11,サンセットゴールド,23105394,False,,,
20260906,札幌,10,12,ジャルディニエ,22105031,False,,,
20260906,札幌,10,13,ファーマドール,23101072,False,,,
20260906,札幌,10,14,ダノンフィオーレ,22104894,False,,,
20260906,札幌,11,1,レクスノヴァス,22107282,False,,,
20260906,札幌,11,2,サクソンジェンヌ,21106993,False,,,
20260906,札幌,11,3,パレハ,21106752,False,,,
20260906,札幌,11,4,ヨヒーン,22105166,False,,,
20260906,札幌,11,5,ボンドロア,22105485,False,,,
20260906,札幌,11,6,シュトルーヴェ,19104447,False,,,
20260906,札幌,11,7,コーチェラバレー,22104733,False,,,
20260906,札幌,11,8,グランドカリナン,20106234,False,,,
20260906,札幌,11,9,エコロレイズ,21103976,False,,,
20260906,札幌,11,10,マイネルカンパーナ,20105798,False,,,
20260906,札幌,11,11,ブレイヴロッカー,20102870,False,,,
20260906,札幌,11,12,ゴールデンスナップ,20106909,False,,,
20260906,札幌,11,13,ホールネス,20110060,False,,,
20260906,札幌,11,14,ギャンブルルーム,21105559,False,,,
20260906,札幌,12,1,エチゴドラゴン,23102810,False,,,
20260906,札幌,12,2,チェイサー,23104603,False,,,
20260906,札幌,12,3,ロードスカイブルー,22100557,False,,,
20260906,札幌,12,4,ザハント,22102929,False,,,
20260906,札幌,12,5,グレイスフルマーチ,22101044,False,,,
20260906,札幌,12,6,ホウオウファラオ,23105365,False,,,
20260906,札幌,12,7,ファイアリービート,23101135,False,,,
20260906,札幌,12,8,アチーヴァー,23103750,False,,,
20260906,札幌,12,9,クルビデンス,23104001,False,,,
20260906,札幌,12,10,ココデイック,22100912,False,,,
20260906,札幌,12,11,ホウオウバローロ,21105772,False,,,
20260906,札幌,12,12,カップッチョ,17104266,False,,,
20260906,阪神,1,1,ルースソラール,24107063,False,,,
20260906,阪神,1,2,グルード,24101155,False,,,
20260906,阪神,1,3,ニクスルーナ,24106712,False,,,
20260906,阪神,1,4,マッセート,24102172,False,,,
20260906,阪神,1,5,テラレガル,24101678,False,,,
20260906,阪神,1,6,エイダンバローズ,24100451,False,,,
20260906,阪神,1,7,スマートメモリー,24104520,False,,,
20260906,阪神,1,8,シュプレヒコール,24105437,False,,,
20260906,阪神,1,9,ヤマニンアルセド,24103425,False,,,
20260906,阪神,1,10,アンドヴェローナ,24107153,False,,,
20260906,阪神,2,1,ミスジェイド,23104199,False,,,
20260906,阪神,2,2,アルムアポジェ,23104328,False,,,
20260906,阪神,2,3,メイショウピュルテ,23104818,False,,,
20260906,阪神,2,4,ユウトザイシン,23101700,False,,,
20260906,阪神,2,5,マイベスティー,23103250,False,,,
20260906,阪神,2,6,パスリヤージュ,23103339,False,,,
20260906,阪神,2,7,リアライズステラ,23103706,False,,,
20260906,阪神,2,8,ナムラロダン,23106223,False,,,
20260906,阪神,2,9,エバイダンス,23104397,False,,,
20260906,阪神,2,10,ラッキーヴォーグ,23105657,False,,,
20260906,阪神,2,11,サカトクフェイス,23101898,False,,,
20260906,阪神,2,12,アンガーザガール,23106856,False,,,
20260906,阪神,2,13,ガルディエンヌ,23106926,False,,,
20260906,阪神,2,14,ペプチドアロン,23102022,False,,,
20260906,阪神,2,15,ペコリズム,23106339,False,,,
20260906,阪神,2,16,マカロンブルー,23104965,False,,,
20260906,阪神,3,1,キミガスキダ,23100605,False,,,
20260906,阪神,3,2,キタノトレボーネ,23100664,False,,,
20260906,阪神,3,3,カセノコンコルド,23100541,False,,,
20260906,阪神,3,4,レッドセドナ,23103382,False,,,
20260906,阪神,3,5,ジーティーピカソ,23102092,False,,,
20260906,阪神,3,6,ニシノエビガタメ,23106271,False,,,
20260906,阪神,3,7,ソニックブーム,23102008,False,,,
20260906,阪神,3,8,フォーシーファイン,23105316,False,,,
20260906,阪神,3,9,ジューンマーチ,23101848,False,,,
20260906,阪神,3,10,ジャスティンアポロ,23101838,False,,,
20260906,阪神,3,11,セキゾウ,23105030,False,,,
20260906,阪神,3,12,フルドフォルク,23101491,False,,,
20260906,阪神,3,13,ゼランテ,23104399,False,,,
20260906,阪神,3,14,アラムシャピラス,23105683,False,,,
20260906,阪神,3,15,アスクハッピーマン,23103190,False,,,
20260906,阪神,4,1,ロールスワン,23105805,False,,,
20260906,阪神,4,2,ディアーモルタル,23107125,False,,,
20260906,阪神,4,3,ティタノマキア,23107092,False,,,
20260906,阪神,4,4,パンキー,23102310,False,,,
20260906,阪神,4,5,レイワノキセキ,23102718,False,,,
20260906,阪神,4,6,フィールライクユー,23106157,False,,,
20260906,阪神,4,7,ドットカモン,23104773,False,,,
20260906,阪神,4,8,オーマイラッキーン,23102060,False,,,
20260906,阪神,4,9,ミッキーギャラン,23105343,False,,,
20260906,阪神,4,10,グリミスティ,23101308,False,,,
20260906,阪神,4,11,ライツェントライゼ,23106414,False,,,
20260906,阪神,4,12,ウィスピア,23102384,False,,,
20260906,阪神,4,13,インヴァイト,23101748,False,,,
20260906,阪神,4,14,ヴェルサイユシエル,23103199,False,,,
20260906,阪神,4,15,クロスボーダー,23106982,False,,,
20260906,阪神,4,16,ノチェブエナ,23103708,False,,,
20260906,阪神,5,1,リスグロワール,24106690,False,,,
20260906,阪神,5,2,エモティコン,24106879,False,,,
20260906,阪神,5,3,マーゴットプレ,24100419,False,,,
20260906,阪神,5,4,ガヤーズアモーレ,24106333,True,,,
20260906,阪神,5,5,アストラルライト,24106612,False,,,
20260906,阪神,5,6,シーグロリオーゾ,24106742,False,,,
20260906,阪神,5,7,ルージュムーサ,24101940,False,,,
20260906,阪神,5,8,ロードメガロポリス,24105312,False,,,
20260906,阪神,5,9,ハートノート,24106226,True,,,
20260906,阪神,5,10,レイディアントサン,24102372,False,,,
20260906,阪神,6,1,フェルシナ,22105831,False,,,
20260906,阪神,6,2,ヴェントステラーレ,22104558,False,,,
20260906,阪神,6,3,ルルフィーユ,21102894,False,,,
20260906,阪神,6,4,アルビオン,23103150,False,,,
20260906,阪神,6,5,インマイポケット,21105466,False,,,
20260906,阪神,6,6,ガールズデイアウト,22101706,False,,,
20260906,阪神,6,7,マクノス,23102252,False,,,
20260906,阪神,6,8,アリストクラシア,21105238,False,,,
20260906,阪神,6,9,シュネルアンジュ,23102948,False,,,
20260906,阪神,6,10,ザラタン,22107342,False,,,
20260906,阪神,6,11,ガイラルディア,22103623,False,,,
20260906,阪神,6,12,ミティリーニ,23107262,False,,,
20260906,阪神,7,1,エレガンスアスク,23106399,False,,,
20260906,阪神,7,2,コマチチャン,23106086,False,,,
20260906,阪神,7,3,マゲバスピード,23105250,True,,,
20260906,阪神,7,4,バースデイフライト,23102906,False,,,
20260906,阪神,7,5,ムーンライトラガー,22104710,False,,,
20260906,阪神,7,6,リガーレ,22104556,False,,,
20260906,阪神,7,7,アイガーリー,23103474,False,,,
20260906,阪神,7,8,ビーチェマーレ,23107140,False,,,
20260906,阪神,7,9,プチプランス,22101565,False,,,
20260906,阪神,7,10,ベイリークロア,22104919,False,,,
20260906,阪神,7,11,マイコンチェルト,23107118,False,,,
20260906,阪神,7,12,ファニーバニー,23105277,False,,,
20260906,阪神,7,13,ロードレジェロ,22101263,False,,,
20260906,阪神,7,14,ベネサルート,23106833,False,,,
20260906,阪神,8,1,テーオーアルアイン,23105241,False,,,
20260906,阪神,8,2,ストップザタイム,19101873,False,,,
20260906,阪神,8,3,ツーネサーン,21105584,False,,,
20260906,阪神,8,4,ダノンカゼルタ,22104719,False,,,
20260906,阪神,8,5,ショウナンバルドル,22104590,False,,,
20260906,阪神,8,6,バルセシート,23107241,False,,,
20260906,阪神,8,7,クイックバイオ,21105374,False,,,
20260906,阪神,9,1,タイセイサーブル,23104674,False,,,
20260906,阪神,9,2,メイショウサッソウ,23101953,False,,,
20260906,阪神,9,3,ボーントゥウォリア,23102082,False,,,
20260906,阪神,9,4,ロードヴェリタス,23105821,False,,,
20260906,阪神,9,5,ドウジャスティ,22110149,False,,,
20260906,阪神,9,6,アスクチャンスマン,23106403,False,,,
20260906,阪神,9,7,ドメイン,23105445,False,,,
20260906,阪神,9,8,エイユーファイヤー,22102710,False,,,
20260906,阪神,9,9,ゼンノゾンターク,23104605,False,,,
20260906,阪神,9,10,ブラックレジェンド,23100297,False,,,
20260906,阪神,9,11,アメリカンコール,23106867,False,,,
20260906,阪神,9,12,レーンアジリティ,22107325,False,,,
20260906,阪神,9,13,ミランド,23102836,False,,,
20260906,阪神,9,14,パイオニアスクエア,22105367,False,,,
20260906,阪神,9,15,ケイアイアマゾン,23105762,False,,,
20260906,阪神,9,16,スターチスブーケ,21110075,False,,,
20260906,阪神,10,1,ボディブロー,21110057,False,,,
20260906,阪神,10,2,ランウインディ,21106305,False,,,
20260906,阪神,10,3,ビバップ,21102700,False,,,
20260906,阪神,10,4,ヨリノレジェンド,22102202,False,,,
20260906,阪神,10,5,テーオーグレーザー,23104562,False,,,
20260906,阪神,10,6,イミュータブル,20104346,False,,,
20260906,阪神,10,7,ワークソング,21102462,False,,,
20260906,阪神,10,8,エムズマインド,20101641,False,,,
20260906,阪神,10,9,メイショウヤーキス,21102573,False,,,
20260906,阪神,10,10,ウルスクローム,22103630,False,,,
20260906,阪神,10,11,スペシャルナンバー,19103825,True,,,
20260906,阪神,10,12,ライジン,20107082,False,,,
20260906,阪神,10,13,クリノオリーブ,21102259,False,,,
20260906,阪神,11,1,ママコチャ,19105394,False,,,
20260906,阪神,11,2,クラスペディア,22106394,False,,,
20260906,阪神,11,3,フリッカージャブ,22102020,False,,,
20260906,阪神,11,4,ティニア,20110090,False,,,
20260906,阪神,11,5,ダイヤモンドノット,23105685,False,,,
20260906,阪神,11,6,プロトポロス,20103325,False,,,
20260906,阪神,11,7,メイショウヨゾラ,21101580,False,,,
20260906,阪神,11,8,ファストネットワー,20190007,False,,,
20260906,阪神,11,9,ピューロマジック,21107058,False,,,
20260906,阪神,11,10,ヤブサメ,21103116,False,,,
20260906,阪神,11,11,ヨシノイースター,18106055,False,,,
20260906,阪神,11,12,レッドモンレーヴ,19105496,False,,,
20260906,阪神,11,13,カルプスペルシュ,22104960,False,,,
20260906,阪神,11,14,タマモブラックタイ,20105400,False,,,
20260906,阪神,11,15,ビッグシーザー,20100896,False,,,
20260906,阪神,11,16,タマモイカロス,23103162,False,,,
20260906,阪神,12,1,モカラマーズ,22103609,False,,,
20260906,阪神,12,2,ヴリトラハン,22105302,False,,,
20260906,阪神,12,3,ミルミナーヴァ,21106332,False,,,
20260906,阪神,12,4,ザックザク,22100476,False,,,
20260906,阪神,12,5,スーパージョック,22103733,False,,,
20260906,阪神,12,6,ダイシンリンク,22106699,False,,,
20260906,阪神,12,7,ポッドドンナー,22100018,False,,,
20260906,阪神,12,8,アリエスキング,21101468,False,,,
20260906,阪神,12,9,タマモナポリ,21106177,False,,,
20260906,阪神,12,10,ピカラ,23103876,False,,,
20260906,阪神,12,11,ボルセーナ,22105600,False,,,
20260906,阪神,12,12,フェスティヴドレス,23101113,False,,,
20260906,阪神,12,13,フェンダー,21105753,False,,,
20260906,阪神,12,14,モンシェリ,21102399,False,,,
20260906,阪神,12,15,ランスオブセヘル,21102754,False,,,
20260906,阪神,12,16,モズタチアガレ,22106010,False,,,
20260912,中山,1,1,ゼラニウム,24101169,False,,,
20260912,中山,1,2,ソラニワラエバ,24101481,False,,,
20260912,中山,1,3,ハイトラクション,24104937,False,,,
20260912,中山,1,4,シャイニーヒーロー,24101323,False,,,
20260912,中山,1,5,ハチキンキリシマ,24103969,False,,,
20260912,中山,1,6,ナムラダックス,24101876,False,,,
20260912,中山,1,7,グラスクラージュ,24104494,False,,,
20260912,中山,1,8,ヴィシーチェック,24105829,False,,,
20260912,中山,1,9,サクセスボーイ,24101195,False,,,
20260912,中山,1,10,マジックファイト,24104660,False,,,
20260912,中山,1,11,イキフン,24101560,False,,,
20260912,中山,1,12,ニシノマキロイ,24103935,False,,,
20260912,中山,2,1,プレママドンナ,24105769,False,,,
20260912,中山,2,2,イントゥーザブルー,24102763,False,,,
20260912,中山,2,3,コスモデュアリズム,24105344,False,,,
20260912,中山,2,4,モーモーゼロ,24102066,False,,,
20260912,中山,2,5,ヒズストーリー,24102844,False,,,
20260912,中山,2,6,マーズワース,24102809,False,,,
20260912,中山,2,7,コスモティタノ,24102727,False,,,
20260912,中山,2,8,アミノショコラ,24100830,False,,,
20260912,中山,2,9,ヨドノプレミアム,24102735,False,,,
20260912,中山,2,10,アイファーマーリン,24105215,False,,,
20260912,中山,2,11,スピカテソーロ,24101273,False,,,
20260912,中山,2,12,ビシット,24103788,False,,,
20260912,中山,3,1,ミクロスギガース,23102931,False,,,
20260912,中山,3,2,セイウンヤオヨロズ,23100006,False,,,
20260912,中山,3,3,ジャメビュ,23102401,False,,,
20260912,中山,3,4,フレンチブラッサム,23105062,False,,,
20260912,中山,3,5,ツクバヴァンガード,23101037,False,,,
20260912,中山,3,6,スマートレイナ,23106000,False,,,
20260912,中山,3,7,チェストー,23100770,False,,,
20260912,中山,3,8,ハングローズ,23102122,False,,,
20260912,中山,3,9,エリースノー,23103226,False,,,
20260912,中山,3,10,ジーティーニッツァ,23106331,False,,,
20260912,中山,3,11,トリエンナーレ,23103779,False,,,
20260912,中山,3,12,サワエ,23102149,False,,,
20260912,中山,3,13,エンジェルサン,23104484,False,,,
20260912,中山,3,14,ブルーダイヤシチー,23100349,False,,,
20260912,中山,3,15,ミッキーサウザンド,23107260,False,,,
20260912,中山,3,16,ポンテヴェッキオ,23105242,False,,,
20260912,中山,4,1,クールチェンジ,23107325,False,,,
20260912,中山,4,2,ミナヅキ,23105449,False,,,
20260912,中山,4,3,シルバープレミア,23105576,False,,,
20260912,中山,4,4,カーヴドヴァン,23103347,False,,,
20260912,中山,4,5,モントーヤ,23100043,False,,,
20260912,中山,4,6,グランフルス,23102434,False,,,
20260912,中山,4,7,アンヴデット,23107044,False,,,
20260912,中山,4,8,ヤマニンリンキング,23104359,False,,,
20260912,中山,4,9,タイキヴィグルーズ,23102175,False,,,
20260912,中山,4,10,ジェイエルグリーン,23106314,False,,,
20260912,中山,4,11,エリュグレイス,23103467,False,,,
20260912,中山,4,12,ナイトバード,23103429,False,,,
20260912,中山,4,13,コスモアルペジオ,23106461,False,,,
20260912,中山,4,14,ウインスターリング,23105883,False,,,
20260912,中山,4,15,イーガービーバー,23100234,False,,,
20260912,中山,4,16,ヒシナスキロ,23107004,False,,,
20260912,中山,4,17,シェンロン,23110053,False,,,
20260912,中山,4,18,ベルバード,23105331,False,,,
20260912,中山,5,1,サムワンユーラヴド,24103627,False,,,
20260912,中山,5,2,リオンパリス,24105119,False,,,
20260912,中山,5,3,アテナプロマコス,24100670,False,,,
20260912,中山,5,4,ブルードロップ,24101696,False,,,
20260912,中山,5,5,グリマルキン,24107388,False,,,
20260912,中山,5,6,ラインディアーナ,24100941,False,,,
20260912,中山,5,7,メイプルルビー,24104535,False,,,
20260912,中山,5,8,サトノハクマイ,24102281,False,,,
20260912,中山,5,9,ワンモアタイム,24104562,False,,,
20260912,中山,5,10,オラパ,24104110,False,,,
20260912,中山,5,11,アルレーヴ,24106841,False,,,
20260912,中山,6,1,レーヴデリオン,24100209,False,,,
20260912,中山,6,2,アーバーバイティ,24102849,False,,,
20260912,中山,6,3,ジェミニディウ,24101513,False,,,
20260912,中山,6,4,トパーズヘッド,24101845,False,,,
20260912,中山,6,5,クリアマインド,24103876,False,,,
20260912,中山,6,6,ミコウェイ,24104501,False,,,
20260912,中山,6,7,ソットマツモト,24102650,False,,,
20260912,中山,6,8,ファイアリーボルト,24109080,False,,,
20260912,中山,6,9,ロンドンコーリング,24102539,False,,,
20260912,中山,6,10,ゲンロクコイモヨウ,24107057,False,,,
20260912,中山,6,11,ナイトパイロット,24105587,False,,,
20260912,中山,6,12,ノーブルパラス,24102707,False,,,
20260912,中山,7,1,パワポケグッド,23106198,False,,,
20260912,中山,7,2,プロミスライン,23104884,False,,,
20260912,中山,7,3,ゴールドプレイヤー,23104504,False,,,
20260912,中山,7,4,イントゥザウインド,23103753,False,,,
20260912,中山,7,5,ワンダーバリエンス,23105196,False,,,
20260912,中山,7,6,マイネルトレマーズ,23105363,False,,,
20260912,中山,7,7,イーサンミラー,23106657,False,,,
20260912,中山,7,8,ユイノサダハル,23101841,False,,,
20260912,中山,7,9,サングラント,23106956,False,,,
20260912,中山,7,10,カノープス,23104855,False,,,
20260912,中山,7,11,タカラエイティ,23104209,False,,,
20260912,中山,7,12,ゼンノスタニング,23104611,False,,,
20260912,中山,7,13,レッドジェルブロワ,23103603,False,,,
20260912,中山,7,14,カシマライフウ,23105439,False,,,
20260912,中山,7,15,テンカラットレター,23104554,False,,,
20260912,中山,7,16,カーボフリオ,23103404,False,,,
20260912,中山,8,1,ヴァルカンテソーロ,23106744,False,,,
20260912,中山,8,2,スノーディーヴァ,21103504,False,,,
20260912,中山,8,3,チャームドウイング,23107109,False,,,
20260912,中山,8,4,ペネトレイトゴー,20101916,False,,,
20260912,中山,8,5,ヤマニンヘルシェ,23104361,False,,,
20260912,中山,8,6,パーリーブラック,20103539,False,,,
20260912,中山,8,7,ウインターブレス,23103521,False,,,
20260912,中山,8,8,マイネルアウルム,22106811,False,,,
20260912,中山,8,9,タイセイネクサス,23105374,False,,,
20260912,中山,8,10,ホウライブラック,23106315,False,,,
20260912,中山,8,11,マーゴットドライ,23107254,False,,,
20260912,中山,8,12,コスモナエマ,23106443,False,,,
20260912,中山,8,13,ベルトラッキ,23105552,False,,,
20260912,中山,8,14,フォンドルレール,23103799,False,,,
20260912,中山,9,1,ホウオウシンデレラ,21103533,False,,,
20260912,中山,9,2,ロケベンドラ,22105558,False,,,
20260912,中山,9,3,ベルビースタローン,22106389,False,,,
20260912,中山,9,4,エリム,20102803,False,,,
20260912,中山,9,5,オーロラアーク,19102186,False,,,
20260912,中山,9,6,マルカオペラ,21104978,False,,,
20260912,中山,9,7,レイユール,22101464,False,,,
20260912,中山,9,8,ミーントゥビー,22105317,False,,,
20260912,中山,9,9,イブニングタイド,22105232,False,,,
20260912,中山,9,10,ルナルーチェット,22105233,False,,,
20260912,中山,9,11,ミラーダカリエンテ,22106803,False,,,
20260912,中山,9,12,シャンソンドール,22105038,False,,,
20260912,中山,9,13,キスアンドクライ,22106616,False,,,
20260912,中山,9,14,ギフテッド,22102920,False,,,
20260912,中山,10,1,デルアヴァー,22110054,False,,,
20260912,中山,10,2,マイネルブリックス,21106816,False,,,
20260912,中山,10,3,ルールーリマ,22100781,False,,,
20260912,中山,10,4,マイネルフーガ,22106813,False,,,
20260912,中山,10,5,アマイ,20100809,False,,,
20260912,中山,10,6,トーアライデン,20103168,False,,,
20260912,中山,10,7,キントリヒ,19103885,False,,,
20260912,中山,10,8,ショウナンサムデイ,22105801,False,,,
20260912,中山,10,9,ダノンジャイアン,22105399,False,,,
20260912,中山,10,10,ダンツファイター,22102982,False,,,
20260912,中山,10,11,キーパフォーマー,21104948,False,,,
20260912,中山,11,1,オーブルクール,21103095,False,,,
20260912,中山,11,2,プレゼンティーア,21102153,False,,,
20260912,中山,11,3,イスラアネーロ,19105741,False,,,
20260912,中山,11,4,モンドプリューム,20103876,False,,,
20260912,中山,11,5,ジョーローリット,21100768,False,,,
20260912,中山,11,6,ムーヴ,19101759,False,,,
20260912,中山,11,7,バグラダス,20106015,True,,,
20260912,中山,11,8,ヒルノドゴール,21103786,False,,,
20260912,中山,11,9,ブレーザー,21100114,False,,,
20260912,中山,11,10,ゲイルライダー,22103684,False,,,
20260912,中山,11,11,ブラウンラチェット,22104994,False,,,
20260912,中山,11,12,ゲッティヴィラ,22110151,False,,,
20260912,中山,11,13,ショウナンアビアス,20104597,False,,,
20260912,中山,11,14,ポールセン,22110140,False,,,
20260912,中山,11,15,ユキマル,20101174,False,,,
20260912,中山,11,16,ロードフロンティア,21100161,False,,,
20260912,中山,12,1,タイセツナヒ,23102352,False,,,
20260912,中山,12,2,アバレリュウ,22100390,False,,,
20260912,中山,12,3,ナリノシャーウッド,23105963,False,,,
20260912,中山,12,4,スノースコール,23103626,False,,,
20260912,中山,12,5,ターフクリスタル,23104958,False,,,
20260912,中山,12,6,ボールドタワー,23103016,False,,,
20260912,中山,12,7,タリスマン,21104618,False,,,
20260912,中山,12,8,インナーパッション,23103714,False,,,
20260912,中山,12,9,ロードフロリゼル,22100621,False,,,
20260912,中山,12,10,スカイダンスタイム,21107025,False,,,
20260912,中山,12,11,ホノボノ,23100581,False,,,
20260912,中山,12,12,ユアフェリシティ,23105137,False,,,
20260912,中山,12,13,ジェネラスキング,23103806,False,,,
20260912,中山,12,14,ヨドノタイヨウ,22100348,False,,,
20260912,中山,12,15,カーマンライン,21105329,False,,,
20260912,中山,12,16,スーパーホース,22100485,False,,,
20260912,阪神,1,1,メイショウトム,21110065,False,,,
20260912,阪神,1,2,ホルトバージ,21102905,False,,,
20260912,阪神,1,3,シュエットアムール,22103517,False,,,
20260912,阪神,1,4,インターステラ,22103576,False,,,
20260912,阪神,1,5,クリアクォーツ,22101587,False,,,
20260912,阪神,1,6,ガストン,19105461,False,,,
20260912,阪神,1,7,ツーエムクロノス,22103651,False,,,
20260912,阪神,1,8,バトラーズワーフ,22105252,False,,,
20260912,阪神,2,1,ケイアイトリノ,24103401,False,,,
20260912,阪神,2,2,ハルカカナタ,24106310,False,,,
20260912,阪神,2,3,シャプシュ,24105431,False,,,
20260912,阪神,2,4,オーロラトレイル,24103456,False,,,
20260912,阪神,2,5,ショウナンバトレニ,24107009,False,,,
20260912,阪神,2,6,メイショウジェード,24102305,False,,,
20260912,阪神,2,7,マスリュウオー,24105248,False,,,
20260912,阪神,3,1,ナポリ,24100505,False,,,
20260912,阪神,3,2,ジュンヴァグネル,24107194,False,,,
20260912,阪神,3,3,ゴールドシューター,24103680,False,,,
20260912,阪神,3,4,フランベリー,24100813,False,,,
20260912,阪神,3,5,ベルメサージュ,24102682,False,,,
20260912,阪神,3,6,アワジシマ,24105326,False,,,
20260912,阪神,3,7,ホットロッドハート,24105800,False,,,
20260912,阪神,4,1,ランスオブラヴ,23102639,False,,,
20260912,阪神,4,2,テンダーワーズ,23103359,False,,,
20260912,阪神,4,3,ウインリーブル,23105872,False,,,
20260912,阪神,4,4,アイルドゥレーヴェ,23103310,False,,,
20260912,阪神,4,5,ラッキーストーン,23110018,False,,,
20260912,阪神,4,6,コスモフィレンツェ,23107094,False,,,
20260912,阪神,4,7,ダリアフレイバー,23102197,False,,,
20260912,阪神,4,8,バックドラフト,23105323,False,,,
20260912,阪神,4,9,ファランギーナ,23105686,False,,,
20260912,阪神,4,10,メイショウプレマ,23101585,False,,,
20260912,阪神,4,11,ダノンケリー,23107100,False,,,
20260912,阪神,4,12,ポニーテール,23107248,False,,,
20260912,阪神,4,13,イルミナジーティー,23106872,False,,,
20260912,阪神,4,14,レイアン,23103887,False,,,
20260912,阪神,4,15,ビロングトゥミー,23105967,False,,,
20260912,阪神,4,16,ペガサスジルシ,23107350,False,,,
20260912,阪神,4,17,アステルディーヴァ,23104883,False,,,
20260912,阪神,4,18,シンゼンイセ,23103501,False,,,
20260912,阪神,5,1,ブラッドバローズ,24101722,False,,,
20260912,阪神,5,2,スエヒロビリーブ,24100587,False,,,
20260912,阪神,5,3,キシゲヒーロー,24104614,False,,,
20260912,阪神,5,4,アリアニコ,24106506,False,,,
20260912,阪神,5,5,クラルテロワ,24106721,False,,,
20260912,阪神,5,6,クリスティーナ,24102751,False,,,
20260912,阪神,5,7,ルパドゥクール,24105853,False,,,
20260912,阪神,5,8,ベルセルク,24108041,False,,,
20260912,阪神,5,9,ルーメンルーナエ,24106080,False,,,
20260912,阪神,5,10,アヤノ,24106223,False,,,
20260912,阪神,6,1,ボーオーブ,24103483,False,,,
20260912,阪神,6,2,ベルウッドワタル,24102516,False,,,
20260912,阪神,6,3,エピドゥブレ,24106275,False,,,
20260912,阪神,6,4,プッシュバーン,24104059,False,,,
20260912,阪神,6,5,コロラート,24102573,False,,,
20260912,阪神,6,6,ミンコフスキー,24101887,False,,,
20260912,阪神,6,7,キフクマル,24108239,False,,,
20260912,阪神,6,8,パルパル,24108231,False,,,
20260912,阪神,7,1,キャスケード,23102968,False,,,
20260912,阪神,7,2,ファイナルコマンド,23106181,False,,,
20260912,阪神,7,3,メイショウヒタカミ,23102245,False,,,
20260912,阪神,7,4,ナムラロダン,23106223,False,,,
20260912,阪神,7,5,スノーガーネット,23102176,False,,,
20260912,阪神,7,6,マイベスティー,23103250,False,,,
20260912,阪神,7,7,シャインゴーツ,23102643,False,,,
20260912,阪神,7,8,タフクッキー,23101105,False,,,
20260912,阪神,7,9,イッタレイッタレ,23105058,False,,,
20260912,阪神,7,10,アスクハッピーマン,23103190,False,,,
20260912,阪神,7,11,バルフルール,23106909,False,,,
20260912,阪神,7,12,ビーアイジーニー,23106358,False,,,
20260912,阪神,7,13,ユウトザイシン,23101700,False,,,
20260912,阪神,7,14,ローレルアイビー,23104334,False,,,
20260912,阪神,7,15,プペアンビスキュイ,23106906,False,,,
20260912,阪神,7,16,ハピネスサンライズ,23100910,False,,,
20260912,阪神,8,1,マイリトルヒーロー,23106785,False,,,
20260912,阪神,8,2,オーシンエス,22101608,False,,,
20260912,阪神,8,3,バークシャーシチー,23100967,False,,,
20260912,阪神,8,4,アクセス,23100947,False,,,
20260912,阪神,8,5,サイモンノーブル,22105814,False,,,
20260912,阪神,8,6,コレオシークエンス,23105965,False,,,
20260912,阪神,8,7,サトノアグード,23105247,False,,,
20260912,阪神,8,8,スウィートリワード,21100415,False,,,
20260912,阪神,8,9,ウィテカービート,22105936,False,,,
20260912,阪神,8,10,ピエタンツァ,22105386,False,,,
20260912,阪神,8,11,ダノンテムズ,23107041,False,,,
20260912,阪神,8,12,エンジェルボイス,23104390,False,,,
20260912,阪神,8,13,ダノンブギ,22105281,False,,,
20260912,阪神,8,14,デリュージョン,22107106,False,,,
20260912,阪神,9,1,カウンティフェア,22104121,False,,,
20260912,阪神,9,2,ライラ,22103525,False,,,
20260912,阪神,9,3,リアライズ,20105299,False,,,
20260912,阪神,9,4,ダガーリング,22102153,False,,,
20260912,阪神,9,5,プレセピオ,23103503,False,,,
20260912,阪神,9,6,アムールリーベ,21105659,False,,,
20260912,阪神,9,7,ネッタイヤライ,23104690,False,,,
20260912,阪神,9,8,ワンコールアウェイ,22104180,False,,,
20260912,阪神,9,9,ジッピーレーサー,17110086,False,,,
20260912,阪神,9,10,キングケープ,23102990,False,,,
20260912,阪神,9,11,アジュマン,22101241,False,,,
20260912,阪神,9,12,ロンドボス,22104988,False,,,
20260912,阪神,9,13,キャッスルレイク,22100642,False,,,
20260912,阪神,10,1,クロニクル,19101864,False,,,
20260912,阪神,10,2,ペンナヴェローチェ,21104092,False,,,
20260912,阪神,10,3,インザモーメント,21106635,False,,,
20260912,阪神,10,4,スズカダブル,20106660,False,,,
20260912,阪神,10,5,パシアンジャン,21104503,False,,,
20260912,阪神,10,6,プルートマスター,19104632,False,,,
20260912,阪神,10,7,マテンロウブレイブ,22105021,False,,,
20260912,阪神,10,8,プリンセッサ,22102138,False,,,
20260912,阪神,10,9,タイセイアディクト,21106126,False,,,
20260912,阪神,10,10,レヴァンテシチー,22104267,False,,,
20260912,阪神,10,11,ノーランサンライズ,22102219,False,,,
20260912,阪神,10,12,ポルポラジール,21102993,False,,,
20260912,阪神,10,13,タガノマカシヤ,22107134,False,,,
20260912,阪神,10,14,ブルーワール,21110097,False,,,
20260912,阪神,10,15,ルクスフレンジー,22104126,False,,,
20260912,阪神,11,1,フィーリウス,22105175,False,,,
20260912,阪神,11,2,ジーティーダーリン,22105710,False,,,
20260912,阪神,11,3,センツブラッド,22101648,False,,,
20260912,阪神,11,4,ガイアメンテ,21105808,False,,,
20260912,阪神,11,5,ピースワンデュック,21101134,False,,,
20260912,阪神,11,6,カネフラ,20103082,False,,,
20260912,阪神,11,7,ジーティーアダマン,22101193,False,,,
20260912,阪神,11,8,カラマティアノス,22104896,False,,,
20260912,阪神,11,9,マテンロウゲイル,23100946,False,,,
20260912,阪神,11,10,タガノデュード,21106548,False,,,
20260912,阪神,11,11,マリアイリダータ,22105064,False,,,
20260912,阪神,11,12,レーゼドラマ,22105346,False,,,
20260912,阪神,11,13,グランヴィノス,20103522,False,,,
20260912,阪神,11,14,ミッキーゴールド,22104765,False,,,
20260912,阪神,11,15,ジョバンニ,22103995,False,,,
20260912,阪神,11,16,マテンロウスカイ,19105546,False,,,
20260912,阪神,12,1,タイセイブロウ,21104101,False,,,
20260912,阪神,12,2,ゼットスパンキー,21107255,False,,,
20260912,阪神,12,3,ステライヴ,23105126,False,,,
20260912,阪神,12,4,サンライズブレイク,22101396,False,,,
20260912,阪神,12,5,ビーグラッド,21100683,False,,,
20260912,阪神,12,6,サトノロザリー,23107009,False,,,
20260912,阪神,12,7,オプティモ,23104805,False,,,
20260912,阪神,12,8,アームズレジェンド,23106637,False,,,
20260912,阪神,12,9,スレッドザニードル,22102003,False,,,
20260912,阪神,12,10,ゴールドアーチ,23102051,False,,,
20260912,阪神,12,11,ミヤラティーニ,23103862,False,,,
20260912,阪神,12,12,ケイアイマウンガ,22106582,False,,,
20260912,阪神,12,13,ヒルノプーリア,23106388,False,,,
20260912,阪神,12,14,スターフュージョン,23103808,False,,,
20260912,阪神,12,15,ガビーズブラザー,22104448,False,,,
20260912,阪神,12,16,ビスケットアソート,23103517,False,,,
20260913,中山,1,1,ヴィーデ,22100548,False,False,False,False
20260913,中山,1,2,シークレットキー,21105489,False,False,False,False
20260913,中山,1,3,スノーリン,22103588,False,False,False,False
20260913,中山,1,4,モナコブル,21109096,False,False,False,False
20260913,中山,1,5,セイウンビッグバン,22100737,False,False,False,False
20260913,中山,1,6,プレミアブルー,22102387,False,False,False,False
20260913,中山,1,7,グロリアラウス,21104830,False,False,False,False
20260913,中山,1,8,サラフィエル,19101464,False,False,False,False
20260913,中山,1,9,ストラクチャー,21101216,False,False,False,False
20260913,中山,1,10,ゴールデンルーキー,21110146,False,False,False,False
20260913,中山,2,1,ライヴテキーラ,24103814,False,False,False,False
20260913,中山,2,2,マイネルリシャール,24106419,False,False,False,False
20260913,中山,2,3,テキサス,24105048,False,False,False,False
20260913,中山,2,4,サンタンヌ,24106341,False,False,False,False
20260913,中山,2,5,サーギュスターヴ,24106823,False,False,False,False
20260913,中山,2,6,ギガントシュラーク,24101182,False,False,False,False
20260913,中山,2,7,ウィナーズチェック,24104102,False,False,False,False
20260913,中山,2,8,シュートザワークス,24107076,False,False,False,False
20260913,中山,2,9,マイネルウルカヌス,24103606,False,False,False,False
20260913,中山,2,10,アルバスタキヤ,24104139,False,False,False,False
20260913,中山,3,1,ブレイヴアーサー,24104690,False,False,False,False
20260913,中山,3,2,キンバリー,24104006,False,False,False,False
20260913,中山,3,3,コスモベスケーデン,24103600,False,False,False,False
20260913,中山,3,4,アルニタク,24105692,False,False,False,False
20260913,中山,3,5,ソラティオ,24102461,False,False,False,False
20260913,中山,3,6,ラフエルガ,24105946,False,False,False,False
20260913,中山,3,7,アレックスケー,24101581,False,False,False,False
20260913,中山,3,8,サイモンオリエント,24102477,False,False,False,False
20260913,中山,3,9,アドバンスアゲイン,24108024,False,False,False,False
20260913,中山,3,10,パレスラン,24108276,False,False,False,False
20260913,中山,3,11,サンアンドスターズ,24103262,False,False,False,False
20260913,中山,3,12,キセキノユニコーン,24102398,False,False,False,True
20260913,中山,3,13,シュネルアステリア,24106790,False,False,False,False
20260913,中山,3,14,ヴァンデエス,24103029,False,False,False,False
20260913,中山,3,15,セイカタカキヤチク,24103128,False,False,False,False
20260913,中山,3,16,イサチルサリーレ,24102434,False,False,False,False
20260913,中山,4,1,ジャジャミン,23104615,False,False,False,False
20260913,中山,4,2,ランウェイミューズ,23107304,False,False,False,False
20260913,中山,4,3,ブライティアロード,23100573,False,False,False,False
20260913,中山,4,4,ダイユウルミナス,23106299,False,False,False,True
20260913,中山,4,5,グランマエストロ,23106986,False,False,False,False
20260913,中山,4,6,ショウナンバーボン,23106620,False,False,True,False
20260913,中山,4,7,ピコプリンセス,23104544,False,False,False,True
20260913,中山,4,8,ワインダークシー,23106376,False,False,False,False
20260913,中山,4,9,ワッフル,23105622,False,False,False,False
20260913,中山,4,10,ウインドオブヘヴン,23100734,False,False,False,False
20260913,中山,4,11,ロジタイガー,23105297,False,False,False,False
20260913,中山,4,12,ニシノオールワン,23104689,False,False,False,False
20260913,中山,4,13,オンナキュヌヴィ,23105688,False,False,False,False
20260913,中山,4,14,アリアス,23104857,False,False,False,False
20260913,中山,4,15,ポポラヴィスタ,23102737,False,False,False,False
20260913,中山,4,16,ラグアイリータ,23106463,False,False,False,False
20260913,中山,5,1,セイルクルーズ,24106889,False,False,False,False
20260913,中山,5,2,ラルコ,24103406,False,False,False,False
20260913,中山,5,3,ストロングボイス,24104220,False,False,False,False
20260913,中山,5,4,カシノデスティニー,24108169,False,False,False,False
20260913,中山,5,5,コッディ,24107079,False,False,False,False
20260913,中山,5,6,コスモコリウス,24103620,False,False,False,False
20260913,中山,5,7,マイサマーガール,24100868,False,False,False,False
20260913,中山,5,8,タンタトリス,24105862,False,False,False,False
20260913,中山,5,9,サトノアニマ,24103912,False,False,True,False
20260913,中山,5,10,ホウフクゼットウ,24104571,False,False,False,False
20260913,中山,5,11,スローブギ,24105964,False,False,False,False
20260913,中山,6,1,マイネルオランチア,23106406,False,False,False,False
20260913,中山,6,2,ヨーゼフ,23107061,False,False,False,False
20260913,中山,6,3,ギャニミード,23107054,False,False,False,False
20260913,中山,6,4,タニセンローマ,23101095,False,False,False,False
20260913,中山,6,5,ヨドノサファイア,23101825,False,False,False,True
20260913,中山,6,6,パワポケウォーズ,23107440,False,False,False,False
20260913,中山,6,7,オートカリテ,23103555,False,False,False,False
20260913,中山,6,8,ルシアージュ,23106795,False,False,False,False
20260913,中山,6,9,ホウオウファミリー,23105322,False,False,False,False
20260913,中山,6,10,ヤマトスイフト,23100560,False,False,False,False
20260913,中山,6,11,レッドフリーマン,23105614,False,False,False,False
20260913,中山,6,12,ロンバルドシチー,23105112,False,False,False,False
20260913,中山,6,13,フィクセルリリア,23103045,True,True,False,False
20260913,中山,6,14,オウケンサクラコ,23105601,False,False,False,True
20260913,中山,6,15,ゴールデンダガー,23105726,False,False,False,False
20260913,中山,6,16,ディープマウンテン,23103475,False,False,False,False
20260913,中山,7,1,ラヴスコール,21105473,False,False,False,False
20260913,中山,7,2,スマイルカーブ,23107078,False,False,False,False
20260913,中山,7,3,ツインピークス,22104179,False,False,False,False
20260913,中山,7,4,ノーブルライナー,22104275,False,False,False,False
20260913,中山,7,5,ダノンアスコルティ,23106830,False,False,True,False
20260913,中山,7,6,ミスターマーボー,23100831,False,False,False,False
20260913,中山,7,7,ダイヤテソーロ,23106747,False,False,False,False
20260913,中山,7,8,ベアサナエチャン,23106829,False,False,False,False
20260913,中山,7,9,ファンクション,23103648,False,False,False,False
20260913,中山,7,10,シャオママル,23100776,False,False,True,False
20260913,中山,7,11,ナハトナナレオン,23102619,False,False,False,False
20260913,中山,7,12,スペードギニー,22105191,False,False,False,True
20260913,中山,7,13,ソレエスピアージャ,22105216,False,False,False,False
20260913,中山,7,14,クリノゴッホ,20103885,False,False,False,False
20260913,中山,7,15,タイセイアストロ,23103917,False,False,False,False
20260913,中山,7,16,スワローシチー,22106150,False,False,False,False
20260913,中山,8,1,ホウオウルクソール,23104174,False,False,False,False
20260913,中山,8,2,テンハートビート,23104170,False,False,False,False
20260913,中山,8,3,クラシオン,23104780,False,False,False,False
20260913,中山,8,4,イラーナ,21107166,False,False,False,False
20260913,中山,8,5,ペロ,21103283,False,False,False,False
20260913,中山,8,6,リラキトス,22103032,False,False,False,False
20260913,中山,8,7,レイフロレット,21105875,False,False,False,False
20260913,中山,8,8,ブルーユンチェリー,22103011,False,False,False,False
20260913,中山,8,9,ニシノヴィヴィ,21100948,False,False,False,False
20260913,中山,8,10,エルムラント,22104678,False,False,False,False
20260913,中山,8,11,トップマジシャン,23105067,False,False,False,False
20260913,中山,8,12,コヴェナント,22101383,False,False,False,False
20260913,中山,8,13,ラルフテソーロ,22102269,False,False,False,False
20260913,中山,8,14,シルフレイ,22100620,False,False,False,False
20260913,中山,8,15,ホウオウプレシャス,20103939,False,False,False,False
20260913,中山,8,16,グランルチャドール,21102192,False,False,False,False
20260913,中山,9,1,イベントホライゾン,23107287,False,False,False,False
20260913,中山,9,2,ブルーマエストロ,22105189,False,False,False,False
20260913,中山,9,3,トレサフィール,22102174,False,False,False,False
20260913,中山,9,4,グランカンタンテ,21105600,False,False,True,False
20260913,中山,9,5,スナークピカソ,22104171,False,False,False,True
20260913,中山,9,6,ヤマニンガラッシア,17101772,False,False,False,False
20260913,中山,9,7,グロスビーク,22104608,False,False,False,False
20260913,中山,9,8,ホークマン,21100008,False,False,False,False
20260913,中山,9,9,レッセパッセ,21106826,False,False,False,False
20260913,中山,9,10,ワンモアスマイル,22105590,False,False,False,False
20260913,中山,9,11,マイネルアレス,22106817,False,False,False,False
20260913,中山,10,1,パルデンス,18104775,False,False,False,False
20260913,中山,10,2,ドンレパルス,19100553,False,False,False,False
20260913,中山,10,3,コパノヴィンセント,22107047,False,False,False,False
20260913,中山,10,4,スプランドゥール,21100623,False,False,False,False
20260913,中山,10,5,アデランテ,21103525,True,True,False,False
20260913,中山,10,6,ポッドソル,22105537,False,False,False,False
20260913,中山,10,7,メイショウコバト,20106908,False,False,False,False
20260913,中山,10,8,ワンダラー,22100071,False,False,False,False
20260913,中山,10,9,アシャカトベ,22107163,False,False,False,False
20260913,中山,10,10,イリフィ,22110077,False,False,False,False
20260913,中山,11,1,ウェイクフィールド,23103500,False,False,False,False
20260913,中山,11,2,アウダーシア,23107321,False,False,False,False
20260913,中山,11,3,バドリナート,23107278,False,False,False,False
20260913,中山,11,4,リッツパーティー,23104224,False,False,False,False
20260913,中山,11,5,アスクエジンバラ,23106400,False,False,False,False
20260913,中山,11,6,サヴォアフェール,23105645,False,False,False,True
20260913,中山,11,7,ジャスティンシカゴ,23106924,False,False,False,False
20260913,中山,11,8,ゴーイントゥスカイ,23105378,False,False,False,False
20260913,中山,11,9,サノノグレーター,23100724,False,False,False,False
20260913,中山,11,10,バステール,23107247,False,False,False,False
20260913,中山,11,11,ミリオンクラウン,23100840,False,False,False,False
20260913,中山,11,12,ラージアンサンブル,23105560,False,False,False,False
20260913,中山,11,13,フウセン,23104552,False,False,False,False
20260913,中山,11,14,ティラーノ,23101855,False,False,False,False
20260913,中山,11,15,エリプティクカーブ,23103908,False,False,False,False
20260913,中山,11,16,ラディアントスター,23107250,False,False,False,False
20260913,中山,12,1,コスモコンフェルマ,22100526,False,False,False,False
20260913,中山,12,2,ハイラント,21103033,False,False,False,False
20260913,中山,12,3,ニシノケンタマン,22106427,False,False,False,False
20260913,中山,12,4,ジェイエルモーダル,23106313,False,False,False,False
20260913,中山,12,5,メイショウリリー,21103209,False,False,False,False
20260913,中山,12,6,バードウォッチャー,21105375,False,False,False,False
20260913,中山,12,7,ラストレガシー,22105556,False,False,False,False
20260913,中山,12,8,カゼノタカトシ,22107226,False,False,False,False
20260913,中山,12,9,ナイトスラッガー,21101603,False,False,False,False
20260913,中山,12,10,ブレゲアン,22106951,False,False,False,False
20260913,中山,12,11,ブレードサクセス,21103376,False,False,False,False
20260913,中山,12,12,コーリンカルベラ,21101195,False,False,False,False
20260913,中山,12,13,サザンウォリアー,23101542,False,False,False,True
20260913,阪神,1,1,ウィザードシチー,24102718,False,False,False,True
20260913,阪神,1,2,ダイメイアゲイン,24100510,False,False,False,True
20260913,阪神,1,3,カクシンゴールド,24104076,False,False,False,True
20260913,阪神,1,4,ウンディーネ,24103349,False,False,False,True
20260913,阪神,1,5,ヘスティア,24103535,False,False,False,True
20260913,阪神,1,6,スイトーヨ,24108118,False,False,False,True
20260913,阪神,1,7,シュライアハフト,24105438,False,False,False,False
20260913,阪神,1,8,ルミナスシェリー,24101476,False,False,False,False
20260913,阪神,1,9,ラブシンフォニー,24107177,False,False,False,False
20260913,阪神,1,10,ダイシンレジウス,24102999,False,False,False,True
20260913,阪神,1,11,スティルラブハー,24106517,False,False,False,True
20260913,阪神,2,1,コスモクラウン,24104927,False,False,False,False
20260913,阪神,2,2,レイクイーン,24105648,False,False,False,False
20260913,阪神,2,3,ゴルディアス,24101754,False,False,False,True
20260913,阪神,2,4,ブレイクガール,24106674,False,False,False,False
20260913,阪神,2,5,エアロクリスタ,24103815,False,False,False,False
20260913,阪神,2,6,ベアヒロシデス,24104466,False,False,False,False
20260913,阪神,2,7,コトテーラー,24104829,False,False,False,True
20260913,阪神,3,1,インヴァイト,23101748,False,False,False,False
20260913,阪神,3,2,メイショウゲッコウ,23101940,False,False,False,False
20260913,阪神,3,3,デルマタカチホ,23103385,False,False,False,False
20260913,阪神,3,4,イクオクコウネン,23105458,False,False,False,False
20260913,阪神,3,5,クロレ,23110041,False,False,False,True
20260913,阪神,3,6,ラッキーモア,23110017,False,False,False,False
20260913,阪神,3,7,タガノランパート,23104330,False,False,False,False
20260913,阪神,3,8,サトノシャッツ,23105276,False,False,False,False
20260913,阪神,3,9,ブルーザー,23106218,False,False,False,True
20260913,阪神,3,10,ダンツアラーム,23104027,False,False,False,False
20260913,阪神,3,11,ラミエルノムスコ,23103248,False,False,False,False
20260913,阪神,3,12,リードアクター,23105148,False,False,False,False
20260913,阪神,3,13,カワキタベレッタ,23104048,False,False,False,False
20260913,阪神,3,14,スマイルガーデン,23107077,False,False,False,False
20260913,阪神,3,15,ロードファイター,23100430,False,False,False,False
20260913,阪神,3,16,グレートアゲイン,23100567,False,False,False,True
20260913,阪神,4,1,レイワノキセキ,23102718,False,False,False,False
20260913,阪神,4,2,テイエムプレミラン,23104905,False,False,False,True
20260913,阪神,4,3,ワンダーシャッフル,23101640,False,False,False,True
20260913,阪神,4,4,シャリキモン,23103743,False,False,False,True
20260913,阪神,4,5,オーマイラッキーン,23102060,False,False,False,False
20260913,阪神,4,6,ヴィスメンティス,23103758,False,False,False,False
20260913,阪神,4,7,ヴァンドゥーヴル,23105232,False,False,False,False
20260913,阪神,4,8,ダノンオブアイデア,23103398,False,False,False,False
20260913,阪神,4,9,リボンインザスカイ,23104882,False,False,False,False
20260913,阪神,4,10,ノブレスラブリエ,23106455,False,False,False,True
20260913,阪神,4,11,ロールスワン,23105805,False,False,False,False
20260913,阪神,4,12,オープンザパンドラ,23105573,False,False,False,False
20260913,阪神,4,13,ジュンヴァッテッド,23106998,False,False,False,False
20260913,阪神,4,14,ワンダーデリエール,23100446,False,False,False,True
20260913,阪神,4,15,クールドリオン,23100281,False,False,False,True
20260913,阪神,4,16,ルーチェブリラーレ,23107297,False,False,False,False
20260913,阪神,4,17,フローマジック,23105252,False,False,False,False
20260913,阪神,4,18,ベルトナリテ,23103549,False,False,False,True
20260913,阪神,5,1,マガスティール,24104227,False,False,False,False
20260913,阪神,5,2,アーデルプレミア,24106971,False,False,False,True
20260913,阪神,5,3,キリマンジェロタフ,24102489,False,False,False,False
20260913,阪神,5,4,タガノフリアン,24103382,False,False,False,False
20260913,阪神,5,5,ミスティビーコン,24104900,False,False,False,False
20260913,阪神,5,6,マイネルグリモア,24103609,False,False,False,False
20260913,阪神,6,1,ハナコトバ,23102984,False,False,False,False
20260913,阪神,6,2,ニシノエビガタメ,23106271,False,False,False,False
20260913,阪神,6,3,ミッキーロビン,23105221,False,False,False,True
20260913,阪神,6,4,メイショウハーブス,23104940,False,False,False,False
20260913,阪神,6,5,タガノアルテミス,23104329,False,False,False,False
20260913,阪神,6,6,スターチューン,23106848,False,False,False,False
20260913,阪神,6,7,ビッグヒーロー,23106188,False,False,False,False
20260913,阪神,6,8,ハーブドーレ,23100309,False,False,False,True
20260913,阪神,6,9,ゴールデンドラゴン,23104872,False,False,False,True
20260913,阪神,6,10,サトノディヴァイン,23105010,False,False,False,False
20260913,阪神,6,11,プレデンシア,23100376,False,False,False,False
20260913,阪神,6,12,ワンダーアンレール,23100444,False,False,False,True
20260913,阪神,6,13,ナムラヴンダー,23106243,False,False,False,False
20260913,阪神,6,14,ペプチドアロン,23102022,False,False,False,False
20260913,阪神,6,15,レッドバベル,23106615,False,False,False,False
20260913,阪神,7,1,シャープインサイト,23106289,False,False,False,True
20260913,阪神,7,2,プレダトゥール,23103171,False,False,False,True
20260913,阪神,7,3,ベストレーサー,22106757,False,False,False,True
20260913,阪神,7,4,ロイヤルテール,22100027,False,False,False,False
20260913,阪神,7,5,ゲタリア,23105342,False,False,False,False
20260913,阪神,7,6,ジューンアゲイン,23101003,False,False,False,False
20260913,阪神,7,7,ハードシングス,23103151,False,False,False,False
20260913,阪神,7,8,ロードヴェルテクス,23105813,False,False,False,False
20260913,阪神,7,9,ワンウェイトゥヘル,22102701,False,False,False,False
20260913,阪神,7,10,フレイムスター,23101577,False,False,False,True
20260913,阪神,7,11,グランディマージュ,23101716,False,False,False,False
20260913,阪神,7,12,ケイエイト,20103673,False,False,False,False
20260913,阪神,7,13,ヴォンドゥ,23101810,False,False,False,False
20260913,阪神,7,14,コンテナライン,22105954,False,False,False,True
20260913,阪神,7,15,バルミラクル,22106177,False,False,False,True
20260913,阪神,7,16,ウォーターパラディ,22103229,False,False,False,False
20260913,阪神,8,1,ガイストライヒ,23106948,False,False,False,False
20260913,阪神,8,2,ココロヅヨサ,23105041,False,False,False,False
20260913,阪神,8,3,アスクガンバーレ,22102300,False,False,False,True
20260913,阪神,8,4,レッドホット,23104395,False,False,False,True
20260913,阪神,8,5,メイショウソウテン,23103180,False,False,False,False
20260913,阪神,8,6,グランドスウェル,23102833,False,False,False,False
20260913,阪神,8,7,マーベリックシチー,21100387,False,False,False,False
20260913,阪神,8,8,アビラーシャ,23107017,False,False,False,False
20260913,阪神,8,9,メイショウクモイ,20106922,False,False,False,False
20260913,阪神,8,10,ラッキーベイ,22105209,False,False,False,False
20260913,阪神,8,11,サンライズオスカー,23106129,False,False,False,True
20260913,阪神,8,12,ブルーストレイル,21106078,False,False,False,True
20260913,阪神,9,1,ヨシヒロ,22103405,False,False,False,True
20260913,阪神,9,2,マジョレルブルー,23103531,False,False,False,True
20260913,阪神,9,3,サンライズバブル,22102604,False,False,False,False
20260913,阪神,9,4,ダイヤモンドハンズ,20103647,False,False,False,False
20260913,阪神,9,5,タンテドヴィーヴル,22105171,False,False,False,False
20260913,阪神,9,6,ヴァイザーバルコ,20106694,False,False,False,True
20260913,阪神,9,7,シーミハットク,23103532,False,False,False,False
20260913,阪神,9,8,コスモスプモーニ,20101261,False,False,False,False
20260913,阪神,9,9,バセリーナ,22106772,False,False,False,False
20260913,阪神,9,10,ミッキージャンプ,23105274,False,False,False,True
20260913,阪神,9,11,サミダレナイツ,22101605,False,False,False,True
20260913,阪神,10,1,チェルノボーグ,19104732,False,False,False,False
20260913,阪神,10,2,テラメリタ,21105127,False,False,False,False
20260913,阪神,10,3,モアリジット,21104832,False,False,False,False
20260913,阪神,10,4,エポックヴィーナス,21104153,False,False,False,False
20260913,阪神,10,5,モンテシート,22105108,False,False,False,False
20260913,阪神,10,6,ハギノアルデバラン,20100976,False,False,False,False
20260913,阪神,10,7,ドゥカート,22105777,False,False,False,False
20260913,阪神,10,8,インヴォーグ,22104145,False,False,False,False
20260913,阪神,10,9,サンタンカ,22101676,False,False,False,False
20260913,阪神,10,10,リチャードバローズ,21103977,False,False,False,True
20260913,阪神,10,11,ヨウシタンレイ,20103969,False,False,False,False
20260913,阪神,10,12,スリリングチェイス,20103407,False,False,False,False
20260913,阪神,10,13,レッドアトレーヴ,21105837,False,False,False,False
20260913,阪神,10,14,サクセスアイ,20105354,False,False,False,True
20260913,阪神,10,15,コスモアンソロジー,22106793,False,False,False,False
20260913,阪神,11,1,アンジュドジョワ,23103807,False,False,False,False
20260913,阪神,11,2,エンネ,23102102,False,False,False,True
20260913,阪神,11,3,スマートプリエール,23107079,False,False,False,False
20260913,阪神,11,4,アンディムジーク,23103797,False,False,False,False
20260913,阪神,11,5,ファストフォワード,23106362,False,False,False,False
20260913,阪神,11,6,イクシード,23107030,False,False,False,False
20260913,阪神,11,7,モンローウォーク,23106859,False,False,False,False
20260913,阪神,11,8,ミリタリータトゥー,23101180,False,False,True,False
20260913,阪神,11,9,ナムラコスモス,23106227,False,False,False,False
20260913,阪神,11,10,スウィートハピネス,23104475,False,False,False,True
20260913,阪神,11,11,レイクラシック,23103906,False,False,False,False
20260913,阪神,11,12,タイセイボーグ,23106900,False,False,False,True
20260913,阪神,12,1,フレンズプラス,23104539,False,False,False,False
20260913,阪神,12,2,ズバットマサムネ,21105711,False,False,False,True
20260913,阪神,12,3,オトメナシャチョウ,22110088,False,False,False,False
20260913,阪神,12,4,カーリキュー,23101115,False,False,False,True
20260913,阪神,12,5,ダズリングダンス,20105957,False,False,False,False
20260913,阪神,12,6,ヒラボクカレラ,22102993,False,False,False,False
20260913,阪神,12,7,アオイレーギーナ,22102939,False,False,False,False
20260913,阪神,12,8,ベンダバール,21101077,False,False,False,True
20260913,阪神,12,9,メイショウドライブ,22102574,False,False,False,True
20260913,阪神,12,10,リードプリンシパル,22105748,False,False,False,False
20260913,阪神,12,11,バイファーザベスト,19109106,False,False,False,True
20260913,阪神,12,12,ブルーノート,19100871,False,False,False,True
20260913,阪神,12,13,ホープエトワール,22106893,False,False,False,False
20260913,阪神,12,14,ユウトザレン,22101016,False,False,False,False
20260919,中山,1,1,サリードゥ,24100265,False,False,False,False
20260919,中山,1,2,ジンクピリチオン,24105250,False,False,False,False
20260919,中山,1,3,ポッドエステラ,24102381,False,False,False,False
20260919,中山,1,4,ソナタテソーロ,24101297,False,False,False,False
20260919,中山,1,5,ルスデルカミーノ,24100423,False,False,False,True
20260919,中山,1,6,カシノカゲマル,24108091,False,False,False,False
20260919,中山,1,7,カンタベリートップ,24107136,False,False,False,True
20260919,中山,1,8,マリノフスキー,24104214,False,False,False,False
20260919,中山,1,9,スマートブライド,24101716,False,False,False,True
20260919,中山,2,1,マホロ,24103328,False,False,False,False
20260919,中山,2,2,ビップルーチェ,24104028,False,False,False,False
20260919,中山,2,3,ハイビスカス,24107403,False,False,False,True
20260919,中山,2,4,テンユメノオーロラ,24106055,False,False,False,False
20260919,中山,2,5,ピーエムリンダ,24106588,False,False,False,False
20260919,中山,2,6,ロンドンコーリング,24102539,False,False,False,False
20260919,中山,2,7,バミューダブーケ,24106019,False,False,False,True
20260919,中山,2,8,アフィーリア,24106144,False,False,False,False
20260919,中山,3,1,サノノファイター,24106814,False,False,False,False
20260919,中山,3,2,セイウンウィルド,24103879,False,False,False,False
20260919,中山,3,3,エルシオン,24100050,False,False,False,False
20260919,中山,3,4,テイクケア,24106810,False,False,False,False
20260919,中山,3,5,トルタパスカリーナ,24106273,False,False,False,False
20260919,中山,3,6,コスモシグナス,24103626,False,False,False,False
20260919,中山,3,7,アミノショコラ,24100830,False,False,False,False
20260919,中山,3,8,ワンキャンパス,24102770,False,False,False,False
20260919,中山,3,9,ノルトハウゼン,24105973,False,False,False,True
20260919,中山,3,10,ショウナンワンパク,24104480,False,False,False,True
20260919,中山,3,11,イニシャルポイント,24108217,False,False,False,False
20260919,中山,3,12,コーズサム,24105330,False,False,False,False
20260919,中山,4,1,ロジパンドラ,24104063,False,False,False,False
20260919,中山,4,2,ゼーゲルン,24100599,False,False,False,False
20260919,中山,4,3,シウンハゴロモ,24104100,False,False,False,False
20260919,中山,4,4,サンエルディーケー,24109023,False,False,False,False
20260919,中山,4,5,シルバーノリダー,24100718,False,False,False,True
20260919,中山,4,6,ルナロマンティカ,24104391,False,False,False,False
20260919,中山,4,7,アマルレイナ,24100573,False,False,False,True
20260919,中山,4,8,スヴァラ,24100339,False,False,False,False
20260919,中山,4,9,ニホンノヨアケゼヨ,24100010,False,False,False,False
20260919,中山,4,10,フクチャンヨシ,24105752,False,False,False,True
20260919,中山,4,11,プリマラクーン,24105137,False,False,False,False
20260919,中山,4,12,ニシノハナカケル,24101682,False,False,False,True
20260919,中山,4,13,シクラメン,24100322,False,False,False,False
20260919,中山,4,14,ペルラビアンカ,24106594,False,False,False,False
20260919,中山,4,15,イキデイナセ,24103174,False,False,False,False
20260919,中山,4,16,キャンディメモリー,24104645,False,False,False,False
20260919,中山,5,1,ディヴァンパーレ,24106550,False,False,False,False
20260919,中山,5,2,レインボーフライト,24108237,False,False,False,False
20260919,中山,5,3,トパーズプレミア,24103191,False,False,False,True
20260919,中山,5,4,メイダイ,24103829,False,False,False,False
20260919,中山,5,5,ツェルプスト,24103630,False,False,False,False
20260919,中山,5,6,プルヴィナル,24106287,False,False,False,False
20260919,中山,5,7,ルージュルフラン,24106699,False,False,False,False
20260919,中山,5,8,ドッグズノーズ,24100125,False,False,False,False
20260919,中山,5,9,フレッシュオレンジ,24102445,False,False,False,False
20260919,中山,5,10,セイウンガレス,24105542,False,False,False,False
20260919,中山,5,11,セイウンランウェイ,24102787,False,False,False,False
20260919,中山,5,12,バーチディダーマ,24105208,False,False,False,False
20260919,中山,6,1,ムードメーカー,24104707,False,False,False,True
20260919,中山,6,2,キタノエフロレス,24103548,False,False,False,False
20260919,中山,6,3,エクランレーヴ,24105009,False,False,False,True
20260919,中山,6,4,ルスカーレット,24104729,False,False,False,False
20260919,中山,6,5,ニシノイケガミ,24104624,False,False,False,False
20260919,中山,6,6,ライジングファイト,24108270,False,False,False,True
20260919,中山,6,7,ケイツーズウォティ,24105207,False,False,False,False
20260919,中山,6,8,ローブリッター,24102856,False,False,False,False
20260919,中山,6,9,サクセスメロディー,24103222,False,False,False,False
20260919,中山,6,10,ユウライクスター,24108340,False,False,True,False
20260919,中山,6,11,ブレイズリー,24104106,False,False,False,True
20260919,中山,6,12,イトウカカリチョウ,24101687,False,False,False,False
20260919,中山,7,1,ダイシンパルス,23102977,False,False,False,False
20260919,中山,7,2,ステイアンビシャス,22101255,False,False,False,True
20260919,中山,7,3,ブレイクザアイス,19103219,False,False,False,False
20260919,中山,7,4,ターフクリスタル,23104958,False,False,False,False
20260919,中山,7,5,サトノリアン,21104155,False,False,False,True
20260919,中山,7,6,エクストラプッシュ,23105329,False,False,False,False
20260919,中山,7,7,ラブトゥエニイワン,23106827,False,False,False,True
20260919,中山,7,8,ノーマジック,21101166,False,False,False,False
20260919,中山,7,9,ブライトラン,23100346,False,False,False,False
20260919,中山,7,10,ゴーントゥファー,23106531,False,False,False,False
20260919,中山,7,11,タケルゴールド,21100884,False,False,False,True
20260919,中山,7,12,リオンサーガ,23101586,False,False,False,False
20260919,中山,7,13,モヴレクス,21105074,False,False,False,False
20260919,中山,7,14,デールエルバハリ,23106955,False,False,False,True
20260919,中山,8,1,ティルベリー,23106994,False,False,False,False
20260919,中山,8,2,テンクウハット,20102081,False,False,False,True
20260919,中山,8,3,ルージュカエラ,21104931,False,False,False,False
20260919,中山,8,4,カサビセンス,22105337,False,False,False,False
20260919,中山,8,5,ヴァレンティーニ,23106847,False,False,False,False
20260919,中山,8,6,マタミカンサン,22103785,False,False,False,True
20260919,中山,8,7,アスコットヴェール,23109067,False,False,False,True
20260919,中山,8,8,デルマホダカ,23101362,False,False,False,False
20260919,中山,8,9,エウテルペ,22104881,False,False,False,False
20260919,中山,8,10,ビスケットマリー,22102984,False,False,False,False
20260919,中山,8,11,ジャストキュート,23102436,False,False,False,True
20260919,中山,8,12,キタノエピックアン,23100485,False,False,False,False
20260919,中山,8,13,エコロストーム,23102405,False,False,False,False
20260919,中山,8,14,ペプロス,22100106,False,False,False,False
20260919,中山,9,1,マルモリムソウ,24101644,False,False,False,True
20260919,中山,9,2,ジャスパートレノ,24108325,False,False,False,False
20260919,中山,9,3,ダイシンドラゴン,24103288,False,False,False,True
20260919,中山,9,4,セタキト,24107264,False,False,False,False
20260919,中山,9,5,ダイメイビッグボス,24102354,False,False,False,False
20260919,中山,9,6,ジオパークカツキ,24102740,False,False,False,False
20260919,中山,9,7,ピクニックマーチ,24101438,False,False,False,False
20260919,中山,9,8,ニシノイサリビ,24103977,False,False,False,False
20260919,中山,9,9,ショウナンハーヴェ,24100266,False,False,False,False
20260919,中山,10,1,ノラリクラリ,22105633,False,False,True,False
20260919,中山,10,2,トリニティ,23103492,False,False,False,False
20260919,中山,10,3,カレンラップスター,22104723,False,False,False,False
20260919,中山,10,4,モルトマエストーソ,21105838,False,False,False,False
20260919,中山,10,5,レイヤードレッド,22103310,False,False,False,False
20260919,中山,10,6,ウイナーズナイン,23102820,False,False,False,True
20260919,中山,10,7,ブリヤディアマンテ,22104856,False,False,False,False
20260919,中山,10,8,リュクスパトロール,23105259,False,False,True,False
20260919,中山,10,9,アロンズロッド,22104635,False,False,False,False
20260919,中山,10,10,ダノンピクチャー,22104980,False,False,False,False
20260919,中山,10,11,キンググローリー,23100021,False,False,False,False
20260919,中山,10,12,マイバレンタイン,23106283,False,False,False,False
20260919,中山,11,1,ハナウマビーチ,22102874,False,False,False,True
20260919,中山,11,2,イミグラントソング,22104697,False,False,False,False
20260919,中山,11,3,モンブランミノル,21100838,False,False,False,True
20260919,中山,11,4,イムホテプ,22104983,False,False,False,False
20260919,中山,11,5,カンピオーネ,19100286,False,False,False,False
20260919,中山,11,6,レアンダー,21100836,False,False,False,False
20260919,中山,11,7,マーズオデッセイ,22102399,False,False,False,False
20260919,中山,11,8,アクションプラン,20100116,False,False,False,False
20260919,中山,11,9,ドバイブルース,21105182,False,False,False,False
20260919,中山,11,10,ショウナンライシン,20103148,False,False,False,True
20260919,中山,11,11,バラジ,19106698,False,False,False,False
20260919,中山,11,12,マンマリアーレ,20100761,False,False,False,False
20260919,中山,11,13,ゴールデンクラウド,22110121,False,False,False,False
20260919,中山,11,14,ハビレ,21100561,False,False,False,False
20260919,中山,12,1,シュヴァルツシルト,23100359,False,False,False,False
20260919,中山,12,2,ヴェネチアンキング,23103320,False,False,False,False
20260919,中山,12,3,リアライズタキオン,23105224,False,False,False,False
20260919,中山,12,4,ベアハンドキャッチ,23107400,False,False,False,False
20260919,中山,12,5,エアサロメ,23103341,False,False,False,True
20260919,中山,12,6,トモジャオーリー,23103068,False,False,False,False
20260919,中山,12,7,ラベンダーヘイズ,23106162,False,False,False,False
20260919,中山,12,8,タイセイブルーム,23100533,False,False,False,False
20260919,中山,12,9,プルシャプラ,22100582,False,False,False,False
20260919,中山,12,10,アースミューズ,22105909,False,False,False,False
20260919,中山,12,11,ダノンゴーイチ,20103121,False,False,False,False
20260919,中山,12,12,ナンナンプー,22102878,False,False,False,False
20260919,中山,12,13,トウタツ,22102508,False,False,False,False
20260919,中山,12,14,マロンカラノテガミ,22101005,False,False,False,False
20260919,中山,12,15,ロードトライデント,23102171,False,False,False,False
20260919,中山,12,16,ミスバレンシア,23103361,False,False,False,False
20260919,阪神,1,1,フラッシングルビー,24107045,False,False,False,True
20260919,阪神,1,2,ルボワ,24106761,False,False,False,True
20260919,阪神,1,3,ホシヲミテルンナ,24100227,False,False,False,False
20260919,阪神,1,4,ロンバルディア,24105349,False,False,False,False
20260919,阪神,1,5,コパノマハロ,24102103,False,False,False,True
20260919,阪神,1,6,ボビーザグレート,24103740,False,False,False,True
20260919,阪神,1,7,アイシテルヨナオミ,24107158,False,False,False,False
20260919,阪神,1,8,ベルウッドワタル,24102516,False,False,False,False
20260919,阪神,2,1,マサノブルスカイ,24105151,False,False,False,True
20260919,阪神,2,2,ドナズエクリプス,24108020,False,False,False,False
20260919,阪神,2,3,サイモンジェセル,24105837,False,False,False,True
20260919,阪神,2,4,ロードフローリス,24100208,False,False,False,True
20260919,阪神,2,5,ソウカイファンキー,24105806,False,False,False,True
20260919,阪神,2,6,アストラルライト,24106612,False,False,False,False
20260919,阪神,2,7,ケイジャーダ,24103607,False,False,False,True
20260919,阪神,2,8,サイモンレガシー,24101202,False,False,False,False
20260919,阪神,3,1,パストザクラウン,24104298,False,False,False,True
20260919,阪神,3,2,クリコキアナ,24100009,False,False,False,True
20260919,阪神,3,3,アルテクィーン,24100255,False,False,False,False
20260919,阪神,3,4,ツーエムマドンナ,24104245,False,False,False,True
20260919,阪神,3,5,エルピスノヴァ,24103394,False,False,False,False
20260919,阪神,3,6,クリノライジング,24102637,False,False,False,True
20260919,阪神,3,7,ヴァニーユ,24102756,False,False,False,False
20260919,阪神,3,8,トスカ,24105538,False,False,False,True
20260919,阪神,3,9,マイフレダ,24101904,False,False,False,True
20260919,阪神,3,10,シャプシュ,24105431,False,False,False,False
20260919,阪神,3,11,スマートライナー,24100838,False,False,False,True
20260919,阪神,4,1,ドラギニャン,22106684,False,False,False,False
20260919,阪神,4,2,ジューンベロシティ,18103308,False,False,False,False
20260919,阪神,4,3,シホノスペランツァ,19105654,False,False,False,False
20260919,阪神,4,4,アトラクティーボ,19100641,False,False,False,False
20260919,阪神,4,5,ホウオウプロサンゲ,21105623,False,False,False,False
20260919,阪神,4,6,ヴァランセカズマ,17105822,False,False,False,False
20260919,阪神,4,7,ネイチャーシップ,18102917,False,False,False,False
20260919,阪神,4,8,オオキニ,19100675,False,False,False,False
20260919,阪神,4,9,アルヴィア,21106965,False,False,False,False
20260919,阪神,4,10,ロードリベラシオン,22102821,False,False,False,False
20260919,阪神,4,11,トーアモルペウス,20103173,False,False,False,False
20260919,阪神,4,12,モンツァフレイバー,22103181,False,False,False,False
20260919,阪神,5,1,ユウスカイ,24105210,False,False,False,False
20260919,阪神,5,2,イルドボーテ,24102110,False,False,False,False
20260919,阪神,5,3,テムスピード,24100948,False,False,False,True
20260919,阪神,5,4,グッデイチャイカ,24105948,False,False,False,True
20260919,阪神,5,5,アリアサイン,24102448,False,False,False,True
20260919,阪神,5,6,セイフェリーチェ,24107426,False,False,False,True
20260919,阪神,5,7,ウォータージェード,24102791,False,False,False,True
20260919,阪神,5,8,インパルスドライブ,24110012,False,False,False,True
20260919,阪神,5,9,ジャスパーレーブ,24108337,False,False,True,False
20260919,阪神,5,10,シーザットガール,24100866,False,False,False,False
20260919,阪神,6,1,ベンゲル,24100030,False,False,False,True
20260919,阪神,6,2,ベヒル,24105551,False,False,False,False
20260919,阪神,6,3,ジオフィージブル,24106245,False,False,False,False
20260919,阪神,6,4,エヴァサンライズ,24101995,False,False,False,True
20260919,阪神,6,5,マーノマエストロ,24106037,False,False,False,False
20260919,阪神,6,6,スナークモネ,24103038,False,False,False,False
20260919,阪神,6,7,テムレーション,24103000,False,False,False,True
20260919,阪神,6,8,キャミソール,24104417,False,False,False,False
20260919,阪神,6,9,ヤマカツチャーリー,24104232,False,False,False,False
20260919,阪神,6,10,アンドレバローズ,24100442,False,False,False,False
20260919,阪神,6,11,ピースインサイト,24106529,False,False,False,False
20260919,阪神,7,1,ボンドマティーニ,23105337,False,False,False,False
20260919,阪神,7,2,アロマフェリス,22104624,False,False,False,True
20260919,阪神,7,3,パンチャマハブータ,23101404,False,False,False,False
20260919,阪神,7,4,ベルシュヴァル,23102376,False,False,False,False
20260919,阪神,7,5,ラッキーシグネチャ,23105302,False,False,False,True
20260919,阪神,7,6,フィエールシャンテ,23100868,False,False,False,False
20260919,阪神,7,7,ストレートブラック,22103353,False,False,False,False
20260919,阪神,7,8,タガノアルトゥーラ,23104315,False,False,False,False
20260919,阪神,7,9,ゴールドアクセス,23104506,False,False,False,False
20260919,阪神,7,10,ロングホリデー,23100288,False,False,False,False
20260919,阪神,7,11,サトノビダーヤ,23107379,False,False,False,False
20260919,阪神,7,12,ディアーモルタル,23107125,False,False,False,False
20260919,阪神,8,1,シティオブドリーム,24104953,False,False,False,False
20260919,阪神,8,2,ジーティーサクラ,24106614,False,False,True,True
20260919,阪神,8,3,テングカゼ,24105454,False,False,False,False
20260919,阪神,8,4,ベルメサージュ,24102682,False,False,False,False
20260919,阪神,8,5,メイショウセイクウ,24102272,False,False,False,False
20260919,阪神,8,6,ブラッドバローズ,24101722,False,False,False,False
20260919,阪神,9,1,シゲルオトヒメ,19102986,False,False,False,True
20260919,阪神,9,2,レザーアンドレース,23103378,False,False,False,True
20260919,阪神,9,3,リーチグローリー,23103590,False,False,False,True
20260919,阪神,9,4,ミティリーニ,23107262,False,False,False,False
20260919,阪神,9,5,ドリームキャリー,23100063,False,False,False,False
20260919,阪神,9,6,レザンクレール,21105794,False,False,False,False
20260919,阪神,9,7,フィデリス,23107064,False,False,False,True
20260919,阪神,9,8,ナムラハリス,23100463,False,False,False,True
20260919,阪神,9,9,ガイラルディア,22103623,False,False,False,False
20260919,阪神,9,10,メイショウアカリ,23106568,False,False,False,True
20260919,阪神,9,11,メイショウウメゴチ,22102768,False,False,False,True
20260919,阪神,9,12,リアンクトワ,21103293,False,False,False,True
20260919,阪神,9,13,ラグナトーレ,22106185,False,False,False,False
20260919,阪神,9,14,シュネルアンジュ,23102948,False,False,False,False
20260919,阪神,10,1,タマモブラウンタイ,22106438,False,False,False,True
20260919,阪神,10,2,スネーフリンガ,22103039,False,False,False,False
20260919,阪神,10,3,ハルオーブ,20104732,False,False,False,False
20260919,阪神,10,4,ノボリリア,22103058,False,False,False,False
20260919,阪神,10,5,ダノンキラウェア,21100171,False,False,False,False
20260919,阪神,10,6,リヴァイ,23103585,False,False,False,False
20260919,阪神,10,7,タガノアンファン,22106555,False,False,False,False
20260919,阪神,10,8,サンライズプルート,20102326,False,False,False,False
20260919,阪神,10,9,ジューンキートス,23106698,False,False,False,False
20260919,阪神,10,10,ヒーローインチーフ,21106661,False,False,False,False
20260919,阪神,10,11,ミキノバカラ,22102594,False,False,False,False
20260919,阪神,10,12,ビーアイフォルテ,22104515,False,False,False,True
20260919,阪神,10,13,ウチュウノセカイ,23106665,False,False,False,True
20260919,阪神,10,14,ヤマニンレセディ,22106605,False,False,False,True
20260919,阪神,10,15,インフローレ,22102729,False,False,False,False
20260919,阪神,11,1,テイエムヒショウ,20101216,False,False,False,False
20260919,阪神,11,2,トゥロン,22105808,False,False,False,False
20260919,阪神,11,3,マッシャーブルム,21106157,False,False,False,False
20260919,阪神,11,4,ニューオーリンズ,22106920,False,False,False,False
20260919,阪神,11,5,サンダーバース,21103582,False,False,False,False
20260919,阪神,11,6,メイショウツヨキ,22103262,False,False,False,False
20260919,阪神,11,7,ハクサンアイリス,22100328,False,False,False,False
20260919,阪神,11,8,キャピタルサックス,21106706,False,False,False,False
20260919,阪神,11,9,リサシテーション,23106651,False,False,False,False
20260919,阪神,11,10,カルパ,21105736,False,False,False,False
20260919,阪神,11,11,エムズマインド,20101641,False,False,False,True
20260919,阪神,11,12,ケイアイメキラ,20104215,False,False,False,True
20260919,阪神,11,13,トウカイポワール,21102389,False,False,False,False
20260919,阪神,11,14,タイセイミッション,21101045,False,False,False,False
20260919,阪神,11,15,エブリーポッシブル,23106940,False,False,False,False
20260919,阪神,11,16,シゲルソロソロ,20110100,False,False,False,False
20260919,阪神,12,1,ダイヤモンド,22101456,False,False,False,False
20260919,阪神,12,2,キャッチアシーフ,23103810,False,False,False,False
20260919,阪神,12,3,グラスゴー,23103218,False,False,False,False
20260919,阪神,12,4,ワイルドブッター,22105077,False,False,False,False
20260919,阪神,12,5,マダムイグレイン,22100203,False,False,False,False
20260919,阪神,12,6,セイウンバジリスク,23100241,False,False,False,True
20260919,阪神,12,7,ダディーズアイル,21104673,False,False,False,False
20260919,阪神,12,8,サヨノパララックス,23105140,False,False,False,True
20260919,阪神,12,9,レオナルドスター,21104806,False,False,False,False
20260919,阪神,12,10,パワポケビー,19107007,False,False,False,True
20260919,阪神,12,11,レジェンダリーデイ,20107018,False,False,False,True
20260919,阪神,12,12,フェゲフォイア,20106355,False,False,False,False
20260919,阪神,12,13,リトセア,23105640,False,False,False,True
20260919,阪神,12,14,エイユーサクラ,23101933,True,True,False,False
20260919,阪神,12,15,セガンティーニ,22106835,False,False,False,False
20260919,阪神,12,16,ロードヴァルカン,22100660,False,False,False,True
20260920,中山,1,1,イカルステソーロ,24101291,False,False,False,False
20260920,中山,1,2,アイビークロノス,24108317,False,False,False,True
20260920,中山,1,3,コスモセイント,24105875,False,False,False,False
20260920,中山,1,4,ノシェリー,24106085,False,False,False,False
20260920,中山,1,5,サイモントレノ,24104675,False,False,False,False
20260920,中山,1,6,オーケーエース,24102821,False,False,False,False
20260920,中山,1,7,ゴルトシェーン,24105499,False,False,False,False
20260920,中山,1,8,ウィンターブリーズ,24106106,False,False,False,False
20260920,中山,1,9,リュウノタキノボリ,24103223,False,False,False,False
20260920,中山,1,10,ニシノツムジカゼ,24102617,False,False,False,False
20260920,中山,1,11,ニシノハクシャ,24105565,False,False,False,False
20260920,中山,1,12,サスケソルトバーン,24102123,False,False,False,False
20260920,中山,1,13,ミクニルミナス,24105950,False,False,False,True
20260920,中山,1,14,コーズウルルン,24102409,False,False,False,False
20260920,中山,1,15,ラインホルト,24106108,False,False,False,False
20260920,中山,2,1,ホワイトホール,24104300,False,False,False,False
20260920,中山,2,2,フォンターナドーロ,24102622,False,False,False,False
20260920,中山,2,3,セレスティナ,24100017,False,False,False,False
20260920,中山,2,4,ベールダウン,24105028,False,False,False,False
20260920,中山,2,5,リアスハート,24107358,False,False,False,False
20260920,中山,2,6,カラスアゲハ,24103786,False,False,False,True
20260920,中山,2,7,レイナクリューソス,24106865,False,False,False,False
20260920,中山,2,8,アヴァンデセール,24107330,False,False,False,True
20260920,中山,2,9,ラヴレイン,24106768,False,False,False,False
20260920,中山,2,10,セイウンコハルタ,24103933,False,False,False,False
20260920,中山,2,11,アテナブレイブ,24105671,False,False,False,False
20260920,中山,2,12,ジェイエルキール,24100834,False,False,False,False
20260920,中山,2,13,セールデュクール,24103622,False,False,False,False
20260920,中山,2,14,ヌンエリン,24102023,False,False,False,False
20260920,中山,3,1,オオルリ,24103646,False,False,False,False
20260920,中山,3,2,ハンデンブレイズ,24105416,False,False,False,False
20260920,中山,3,3,セイウンオオゾラ,24103837,False,False,False,False
20260920,中山,3,4,オペレッタテソーロ,24101272,False,False,False,False
20260920,中山,3,5,ポッドレーヴ,24101358,False,False,False,False
20260920,中山,3,6,スーパーユタカ,24107390,False,False,False,False
20260920,中山,3,7,スカーレットクラン,24106408,False,False,False,False
20260920,中山,3,8,マイネルヘルリッヒ,24102470,False,False,False,False
20260920,中山,3,9,ティアラスピリット,24107256,False,False,False,True
20260920,中山,3,10,タイセイソアリング,24104576,False,False,False,False
20260920,中山,3,11,マイネルシードル,24103651,False,False,False,True
20260920,中山,3,12,タッカーヴィーナス,24102669,False,False,False,False
20260920,中山,3,13,サウンズオーサム,24106184,False,False,False,False
20260920,中山,4,1,ロードベラヴィータ,24105275,False,False,False,False
20260920,中山,4,2,ワンダーマーベル,24102598,False,False,False,False
20260920,中山,4,3,マートングレイス,24100474,False,False,False,False
20260920,中山,4,4,シャローオネスト,24105783,False,False,False,False
20260920,中山,4,5,レガシーマインド,24106158,False,False,False,True
20260920,中山,4,6,アフォーダビリティ,24109052,False,False,False,False
20260920,中山,4,7,ルバルマン,24106013,False,False,False,False
20260920,中山,4,8,アイファーニキーヤ,24100102,False,False,False,False
20260920,中山,4,9,フレイムオブキング,24105698,False,False,False,False
20260920,中山,4,10,ブリスブリンク,24107047,False,False,False,False
20260920,中山,4,11,グランレーヴ,24103159,False,False,False,False
20260920,中山,4,12,パウンドザロック,24106589,False,False,False,False
20260920,中山,4,13,エコロガレル,24101684,False,False,False,False
20260920,中山,4,14,エマルタ,24106770,False,False,False,False
20260920,中山,4,15,サクシードシチー,24104753,False,False,False,False
20260920,中山,4,16,ディスクリートサム,24100688,False,False,False,False
20260920,中山,5,1,ファンタジーゲーム,24105940,False,False,False,False
20260920,中山,5,2,マイバーゲン,24103705,False,False,False,False
20260920,中山,5,3,テルケンレンジシ,24100951,False,False,False,False
20260920,中山,5,4,クロノスフィア,24101388,False,False,False,False
20260920,中山,5,5,アニーリング,24104155,False,False,False,False
20260920,中山,5,6,ラプチュラス,24107039,False,False,False,False
20260920,中山,5,7,フロックコート,24101000,False,False,False,False
20260920,中山,5,8,ファイナルラッキー,24101359,False,False,False,False
20260920,中山,5,9,ドナフェリーチェ,24102379,False,False,False,False
20260920,中山,5,10,エッセンシャルサン,24104205,False,False,False,True
20260920,中山,5,11,ロードキャピタル,24105290,False,False,False,False
20260920,中山,5,12,ポストトゥルース,24106698,False,False,False,False
20260920,中山,5,13,ジャストゴーイング,24108019,False,False,False,False
20260920,中山,5,14,ジュベルシャムス,24106763,False,False,False,False
20260920,中山,5,15,カームラディアンス,24106908,False,False,False,False
20260920,中山,5,16,アイレバルバドス,24106840,False,False,False,False
20260920,中山,6,1,エタンセル,23102354,False,False,False,False
20260920,中山,6,2,ブルージャイアント,22101450,False,False,False,False
20260920,中山,6,3,アビヤント,23104398,False,False,False,True
20260920,中山,6,4,ホールドミーワンス,23103379,False,False,False,False
20260920,中山,6,5,ハルノアラシ,22106099,False,False,False,False
20260920,中山,6,6,ボールドタワー,23103016,False,False,False,False
20260920,中山,6,7,ヤングアメリカンズ,22104311,False,False,False,False
20260920,中山,6,8,ウリズンベー,23103709,False,False,False,False
20260920,中山,6,9,アデルフィー,23105753,False,False,False,False
20260920,中山,6,10,ナックシュバリエ,22105307,False,False,False,False
20260920,中山,6,11,タニセンドリーム,21106057,False,False,False,True
20260920,中山,6,12,グランコネクシオン,21105123,False,False,False,True
20260920,中山,6,13,ステラデルークス,23102263,False,False,False,False
20260920,中山,6,14,タイセイエムロード,23104031,False,False,False,False
20260920,中山,7,1,セットエトワール,23103792,False,False,True,False
20260920,中山,7,2,マイネルマスター,23106439,False,False,False,False
20260920,中山,7,3,グランプラネッタ,22107023,False,False,False,False
20260920,中山,7,4,モウエエデショー,23105433,False,False,False,False
20260920,中山,7,5,ウインボレロ,21106203,False,False,False,False
20260920,中山,7,6,ピエスユニーク,23103435,False,False,False,False
20260920,中山,7,7,マイネルダンク,18102142,False,False,False,False
20260920,中山,7,8,ノーザンタイタン,23105275,False,False,False,False
20260920,中山,7,9,ケイツールピア,21101801,False,False,False,False
20260920,中山,7,10,アレクレア,22104851,False,False,False,True
20260920,中山,7,11,エピックフライト,23107285,False,False,False,False
20260920,中山,7,12,マイネルモメンタム,21106811,False,False,False,False
20260920,中山,7,13,エルナト,23106930,False,False,False,False
20260920,中山,7,14,マーゴットコマチ,22104664,False,False,False,False
20260920,中山,7,15,キョウエイグッド,22104362,False,False,False,False
20260920,中山,7,16,コスモアチーブ,22106792,False,False,False,False
20260920,中山,7,17,ソロンゴ,23100582,False,False,False,False
20260920,中山,7,18,リアルセンター,21103518,False,False,False,False
20260920,中山,8,1,フラッシュポイント,22104609,False,False,False,True
20260920,中山,8,2,ドルンレースツェン,22102791,False,False,False,False
20260920,中山,8,3,シュヴァルム,22105761,False,False,False,True
20260920,中山,8,4,グラティアム,23103751,False,False,False,False
20260920,中山,8,5,カンレイスター,23105558,False,False,False,False
20260920,中山,8,6,ミッシオーネ,22106767,False,False,False,False
20260920,中山,8,7,プレザントトーン,23103809,False,False,False,True
20260920,中山,8,8,マオノクラッシュ,22101864,False,False,False,False
20260920,中山,8,9,マジェステラ,23102390,False,False,False,False
20260920,中山,8,10,カセノアステリア,23104150,False,False,False,False
20260920,中山,8,11,チェルシー,21106724,False,False,False,False
20260920,中山,8,12,シスター,22100872,False,False,False,False
20260920,中山,8,13,ミスチヴマリアンヌ,23103231,False,False,False,True
20260920,中山,8,14,タヤスロレンヌ,23104232,False,False,False,False
20260920,中山,8,15,ペイトー,23103127,False,False,False,False
20260920,中山,8,16,ブルーユンチェリー,22103011,False,False,False,False
20260920,中山,9,1,キタノファーンヒル,23104820,False,False,False,False
20260920,中山,9,2,ビッグベルーガ,20102760,False,False,False,True
20260920,中山,9,3,コズミックダンサー,22104740,False,False,False,True
20260920,中山,9,4,コルデアニル,20103154,False,False,False,False
20260920,中山,9,5,マッドゲイル,23103701,False,False,False,False
20260920,中山,9,6,ビップチェイス,21105763,False,False,False,False
20260920,中山,9,7,カフェアローロ,21100469,False,False,False,False
20260920,中山,9,8,ニヒトツーゼーア,22102383,False,False,False,False
20260920,中山,9,9,オオタチ,22101234,False,False,False,False
20260920,中山,9,10,シャローファースト,23107258,False,False,False,True
20260920,中山,9,11,ダブルジャッジ,21105221,False,False,False,False
20260920,中山,9,12,エーデル,21105321,False,False,False,False
20260920,中山,10,1,マクミランテソーロ,21102276,False,False,False,True
20260920,中山,10,2,ベルゼビュート,23105083,False,False,False,False
20260920,中山,10,3,ハッピーウィズユー,22106656,False,False,False,False
20260920,中山,10,4,ヤマメキング,22100245,False,False,False,True
20260920,中山,10,5,スターランウェイ,22106686,False,False,True,False
20260920,中山,10,6,タイセイルヴァン,22103859,False,False,False,False
20260920,中山,10,7,メモリーグラス,20107095,False,False,False,False
20260920,中山,10,8,タカスタカスタカス,23110103,False,False,False,False
20260920,中山,10,9,ジャックナダル,23100803,False,False,False,False
20260920,中山,10,10,モリノセピア,21106307,False,False,False,False
20260920,中山,10,11,フィールマイプラン,23103860,False,False,False,False
20260920,中山,10,12,ホウオウプレミア,19105041,False,False,False,False
20260920,中山,10,13,フィーチャリング,22105824,False,False,False,False
20260920,中山,10,14,メッエフアパラ,21106066,False,False,False,False
20260920,中山,10,15,ブルーマッキンジー,23110106,False,False,False,False
20260920,中山,10,16,リリージェーン,20106353,False,False,False,True
20260920,中山,11,1,キャントウェイト,21102800,False,False,False,False
20260920,中山,11,2,ワイドエンペラー,18101660,False,False,True,False
20260920,中山,11,3,リビアングラス,20105633,False,False,False,False
20260920,中山,11,4,ヴーレヴー,22104617,False,False,True,False
20260920,中山,11,5,アスクドゥポルテ,20101025,False,False,False,False
20260920,中山,11,6,パンジャ,21105155,False,False,False,False
20260920,中山,11,7,レガレイラ,21105898,False,False,False,False
20260920,中山,11,8,メイショウゲキリン,19104092,False,False,False,False
20260920,中山,11,9,コスモキュランダ,21106787,False,False,True,False
20260920,中山,11,10,コスモブッドレア,21106782,False,False,False,False
20260920,中山,11,11,セイウンプラチナ,19102628,False,False,False,True
20260920,中山,11,12,エセルフリーダ,21105138,False,False,False,False
20260920,中山,11,13,ジューンテイク,21100913,False,False,False,True
20260920,中山,12,1,グランプレジール,19105338,False,False,False,False
20260920,中山,12,2,サツキレジーナ,22101204,False,False,False,False
20260920,中山,12,3,ショーモッシュ,22103846,False,False,False,False
20260920,中山,12,4,バム,22103327,False,False,False,True
20260920,中山,12,5,ミルトハーバー,23102545,False,False,False,False
20260920,中山,12,6,エバーラスト,23104764,False,False,False,True
20260920,中山,12,7,テリオスルル,21105491,False,False,False,True
20260920,中山,12,8,スプリングデイ,21103322,False,False,False,False
20260920,中山,12,9,ラプランセス,23103733,False,False,False,False
20260920,中山,12,10,ランスロット,21100901,False,False,False,False
20260920,中山,12,11,ビッグフラワー,21100958,False,False,False,False
20260920,中山,12,12,カシオペア,22106203,False,False,False,False
20260920,中山,12,13,フロウアンドライム,22104663,False,False,False,False
20260920,中山,12,14,ラブリーガール,22102696,False,False,False,False
20260920,中山,12,15,ハッピーサプライズ,21106395,False,False,False,False
20260920,中山,12,16,ファインサマーデイ,23101169,False,False,False,False
20260920,阪神,1,1,アナザーエース,20104005,False,False,False,False
20260920,阪神,1,2,オリンポスカズマ,20102013,False,False,False,False
20260920,阪神,1,3,ヘイマー,23105553,False,False,False,False
20260920,阪神,1,4,ハッピーダンチャン,22100529,False,False,False,False
20260920,阪神,1,5,ヤマニンエンディマ,20105603,False,False,False,False
20260920,阪神,1,6,アスクアットバット,22110139,False,False,False,True
20260920,阪神,1,7,ホウオウスターツ,22103528,False,False,False,False
20260920,阪神,1,8,メイショウヘール,21104622,False,False,False,False
20260920,阪神,1,9,アウスヴァール,18101010,False,False,False,False
20260920,阪神,1,10,ジロラータ,22105347,False,False,False,False
20260920,阪神,1,11,クロライナ,22104753,False,False,False,False
20260920,阪神,1,12,ブラックシールド,19105197,False,False,False,False
20260920,阪神,2,1,ピコキング,24108326,False,False,False,False
20260920,阪神,2,2,アースグリッパー,24100733,False,False,False,False
20260920,阪神,2,3,ゴールデンレシオ,24104595,False,False,False,True
20260920,阪神,2,4,テーオーライガ,24101216,False,False,False,False
20260920,阪神,2,5,ラブシンフォニー,24107177,False,False,False,False
20260920,阪神,2,6,ニドヅケキンシ,24100498,False,False,False,False
20260920,阪神,2,7,ヴァーヴイレヴン,24108319,False,False,False,False
20260920,阪神,2,8,スクワミッシュ,24106237,False,False,False,False
20260920,阪神,2,9,ヨッシーフレアー,24104216,False,False,False,False
20260920,阪神,2,10,コパノキャンペーン,24104870,False,False,False,False
20260920,阪神,2,11,グランモンターナ,24100742,False,False,False,True
20260920,阪神,2,12,ベイビーブラザー,24104861,False,False,False,False
20260920,阪神,2,13,ヤマトデュノール,24104826,False,False,False,False
20260920,阪神,3,1,ホットリップス,24104152,False,False,False,False
20260920,阪神,3,2,ジェントル,24103402,False,False,False,False
20260920,阪神,3,3,シャローチャンプ,24106271,False,False,False,False
20260920,阪神,3,4,ドーンレーサー,24105844,False,False,False,True
20260920,阪神,3,5,サトノボルテクス,24101966,False,False,False,True
20260920,阪神,3,6,プリメラエストレラ,24103554,False,False,False,True
20260920,阪神,3,7,ハートノート,24106226,False,False,False,True
20260920,阪神,4,1,ナムラモモタロー,24102075,False,False,False,False
20260920,阪神,4,2,ベルウッドスーパー,24105398,False,False,False,False
20260920,阪神,4,3,テリオスベラ,24106344,False,False,False,True
20260920,阪神,4,4,ダイユウエゾフジ,24105952,False,False,False,True
20260920,阪神,4,5,スイートモンブラン,24101375,False,False,False,True
20260920,阪神,4,6,レタートゥブリッジ,24107292,False,False,False,True
20260920,阪神,4,7,リュコス,24105086,False,False,False,True
20260920,阪神,4,8,ペンタクルクイーン,24105104,False,False,False,False
20260920,阪神,4,9,ホットハニーラグ,24101002,False,False,False,False
20260920,阪神,4,10,フィリップヴィル,24101767,False,False,False,False
20260920,阪神,4,11,キタノゲートウェイ,24107272,False,False,False,True
20260920,阪神,4,12,レグルスロウ,24103845,False,False,False,True
20260920,阪神,4,13,トリオハピネス,24104717,False,False,False,False
20260920,阪神,4,14,バトゥル,24101739,False,False,False,False
20260920,阪神,4,15,エスアンヴィユ,24100622,False,False,False,True
20260920,阪神,5,1,キュールエポルト,24106885,False,False,False,False
20260920,阪神,5,2,アリサ,24104174,False,False,False,False
20260920,阪神,5,3,ナンヨーカルチャー,24106492,False,False,False,True
20260920,阪神,5,4,ホワイトパンサー,24101319,False,False,False,False
20260920,阪神,5,5,ジョリーエピキュア,24105896,False,False,False,False
20260920,阪神,5,6,クインズローマ,24101370,False,False,False,True
20260920,阪神,5,7,ドラーダアスール,24104427,False,False,False,True
20260920,阪神,5,8,ジーティールーナ,24104844,False,False,False,False
20260920,阪神,5,9,イーサンマリーン,24102380,False,False,False,True
20260920,阪神,5,10,ミランダスマイル,24105936,False,False,False,False
20260920,阪神,5,11,シャーロットタウン,24101407,False,False,False,False
20260920,阪神,5,12,タイセイプリュム,24106197,False,False,False,False
20260920,阪神,5,13,ヴェルソドルチェ,24105920,False,False,False,False
20260920,阪神,5,14,メイショウキボウ,24102865,False,False,False,True
20260920,阪神,6,1,アンビアンス,22106634,False,False,False,True
20260920,阪神,6,2,エテルノレガーメ,22107185,False,False,False,True
20260920,阪神,6,3,メイショウショカツ,23101207,False,False,False,False
20260920,阪神,6,4,サラコスティ,22104793,False,False,False,False
20260920,阪神,6,5,リガーレ,22104556,False,False,False,False
20260920,阪神,6,6,グラスベルグ,23107007,False,False,False,False
20260920,阪神,6,7,キッコベッロ,23104996,False,False,False,False
20260920,阪神,6,8,アルペングロー,23106817,False,False,False,False
20260920,阪神,6,9,アスクメークシェア,20101029,False,False,False,True
20260920,阪神,6,10,エイシンビーコン,23105513,False,False,False,True
20260920,阪神,6,11,エイシンウィスパー,23105484,False,False,False,False
20260920,阪神,7,1,ココロヅヨサ,23105041,False,False,False,False
20260920,阪神,7,2,マーベリックシチー,21100387,False,False,False,False
20260920,阪神,7,3,ルファーダ,23104339,False,False,False,False
20260920,阪神,7,4,テイエムスターラン,23102582,False,False,False,False
20260920,阪神,7,5,マコトアディントン,23102128,False,False,False,False
20260920,阪神,7,6,テーオーカイザー,23101592,True,True,False,False
20260920,阪神,7,7,ブルーストレイル,21106078,False,False,False,False
20260920,阪神,7,8,モズプリヴェール,22102916,False,False,False,True
20260920,阪神,7,9,ユキノクラウン,22104314,False,False,False,False
20260920,阪神,7,10,サンマルミッション,21107331,False,False,False,False
20260920,阪神,7,11,マーゴットバディ,23105638,False,False,False,False
20260920,阪神,7,12,タイセイリアル,21101448,False,False,False,True
20260920,阪神,8,1,フェルギナス,23103376,False,False,False,False
20260920,阪神,8,2,ペイシャシス,23102997,False,False,False,False
20260920,阪神,8,3,カモメガトンダ,23103611,False,False,False,False
20260920,阪神,8,4,スリラーナイト,23102494,False,False,False,False
20260920,阪神,8,5,ハクサンミレイ,23105691,False,False,False,False
20260920,阪神,8,6,ヴェントステラーレ,22104558,False,False,False,False
20260920,阪神,8,7,ビーチェマーレ,23107140,False,False,False,False
20260920,阪神,8,8,ニシノイツキムスメ,22107012,False,False,False,False
20260920,阪神,8,9,ワンダーイロネ,22100200,False,False,False,False
20260920,阪神,8,10,グランドオーパス,23104373,False,False,False,False
20260920,阪神,8,11,リアンマヒナ,23104430,False,False,False,False
20260920,阪神,8,12,エスティヴァリス,23103615,False,False,False,False
20260920,阪神,8,13,パスコード,22104738,False,False,False,False
20260920,阪神,8,14,ランスオブラヴ,23102639,False,False,False,False
20260920,阪神,8,15,アウローラシエル,20101781,False,False,False,True
20260920,阪神,9,1,エバーグルーヴ,22105032,False,False,True,False
20260920,阪神,9,2,エコテーラー,21101116,False,False,False,False
20260920,阪神,9,3,デルマジュテーム,22101969,False,False,False,False
20260920,阪神,9,4,セナスタイル,22105433,False,False,False,False
20260920,阪神,9,5,エアビッグマム,22105250,False,False,False,True
20260920,阪神,9,6,ガーネットフレア,23107075,False,False,False,True
20260920,阪神,9,7,ラブリーリディア,22100625,False,False,False,False
20260920,阪神,9,8,ジェルブロア,22106618,False,False,False,False
20260920,阪神,9,9,フルレゾン,21104840,False,False,False,False
20260920,阪神,9,10,レイピカケ,21106904,False,False,False,False
20260920,阪神,10,1,クリノラピダス,22109038,False,False,False,True
20260920,阪神,10,2,マシン,23105387,False,False,False,False
20260920,阪神,10,3,ゼンエスポワール,22110135,False,False,False,False
20260920,阪神,10,4,ハイディージェン,21103821,False,False,False,False
20260920,阪神,10,5,ソルチェリア,23102075,False,False,False,False
20260920,阪神,10,6,ニシノジェダイ,22106998,False,False,False,True
20260920,阪神,10,7,ゼットレジーナ,21105919,False,False,False,False
20260920,阪神,10,8,エリカヴェネチア,21110106,False,False,False,True
20260920,阪神,10,9,フラッシング,21105971,False,False,False,True
20260920,阪神,10,10,ヒデノレインボー,19102705,False,False,False,True
20260920,阪神,10,11,アートレスマインド,22105987,False,False,False,False
20260920,阪神,10,12,サンライズケヴィン,23106546,False,False,False,False
20260920,阪神,10,13,チムニートップス,22110051,False,False,False,False
20260920,阪神,10,14,タイガースパーク,20104561,False,False,False,True
20260920,阪神,10,15,テイエムパイロット,22103775,False,False,False,False
20260920,阪神,11,1,ハンデンドレイク,23106194,False,False,False,False
20260920,阪神,11,2,アサクサグレース,22100547,False,False,False,False
20260920,阪神,11,3,マリノトニトゥルス,22101290,False,False,False,False
20260920,阪神,11,4,インブロリオ,22101686,False,False,False,False
20260920,阪神,11,5,ユウファラオ,23110065,False,False,False,False
20260920,阪神,11,6,ミカッテヨンデイイ,20103049,False,False,False,False
20260920,阪神,11,7,ディアドコス,20105409,False,False,False,False
20260920,阪神,11,8,アンビバレント,20102140,False,False,False,False
20260920,阪神,11,9,チューラワンサ,22104918,False,False,False,False
20260920,阪神,11,10,モーデン,18100442,False,False,False,False
20260920,阪神,11,11,ポエットリー,21105202,False,False,False,False
20260920,阪神,11,12,メルトユアハート,21100143,False,False,False,False
20260920,阪神,11,13,サムハンター,18105996,False,False,False,False
20260920,阪神,11,14,アスミル,23104960,False,False,False,False
20260920,阪神,11,15,ミロワール,19100566,False,False,False,False
20260920,阪神,11,16,コト,21101019,False,False,False,False
20260920,阪神,12,1,ダンシングドール,23106127,False,False,False,True
20260920,阪神,12,2,イーブンベター,22106540,False,False,False,True
20260920,阪神,12,3,タイニーワンダー,23105027,False,False,False,True
20260920,阪神,12,4,シャンデヴィーニュ,23107384,False,False,False,False
20260920,阪神,12,5,ワイズギャング,23102208,False,False,False,False
20260920,阪神,12,6,ニーナバイリッカ,22105533,False,False,False,False
20260920,阪神,12,7,ハッピーラブソング,23100566,False,False,False,False
20260920,阪神,12,8,ジョアン,23107211,False,False,False,False
20260920,阪神,12,9,レイム,21106942,False,False,False,False
20260920,阪神,12,10,ルクスコスモス,22101126,False,False,False,False
20260920,阪神,12,11,ベルメサイア,21103776,False,False,False,False
20260920,阪神,12,12,フェミナンジェンヌ,23105023,False,False,False,True
20260920,阪神,12,13,ブルームザスマイル,23104247,False,False,False,True
20260920,阪神,12,14,ペンテリコン,22104644,False,False,False,True
20260920,阪神,12,15,グディンナ,21102162,False,False,False,True
20260921,阪神,1,1,ハイネスプラウド,24106566,False,,,
20260921,阪神,1,2,マコトブリッツ,24102997,False,,,
20260921,阪神,1,3,ポカポカヨウキ,24104309,False,,,
20260921,阪神,1,4,ワンダーラヴグッド,24105615,False,,,
20260921,阪神,1,5,ガヤーズサムライ,24107168,False,,,
20260921,阪神,1,6,ランズエンド,24103364,False,,,
20260921,阪神,1,7,ゴルディアス,24101754,False,,,
20260921,阪神,1,8,エコロラーダ,24105967,False,,,
20260921,阪神,2,1,マリアンデール,24103955,False,,,
20260921,阪神,2,2,ジーティーハルカゼ,24106134,False,,,
20260921,阪神,2,3,ハマナスノサクコロ,24105994,False,,,
20260921,阪神,2,4,ドリームリボン,24101847,False,,,
20260921,阪神,2,5,リアンフィニ,24105976,False,,,
20260921,阪神,2,6,ルージュムーサ,24101940,False,,,
20260921,阪神,2,7,イテルム,24105889,False,,,
20260921,阪神,2,8,パルフェクシオン,24103479,False,,,
20260921,阪神,2,9,ラガッタレアーレ,24106277,False,,,
20260921,阪神,2,10,スターリーデー,24107146,False,,,
20260921,阪神,3,1,アトランタ,24106380,False,,,
20260921,阪神,3,2,メイショウレイナ,24102300,False,,,
20260921,阪神,3,3,コジアン,24101437,False,,,
20260921,阪神,3,4,エルダークローネ,24102930,False,,,
20260921,阪神,3,5,ケンシロウワールド,24108272,False,,,
20260921,阪神,3,6,ノヴァーリス,24107104,False,,,
20260921,阪神,3,7,カフジポポー,24104468,False,,,
20260921,阪神,3,8,キャンドル,24101730,False,,,
20260921,阪神,3,9,カツダルマ,24101744,False,,,
20260921,阪神,3,10,メイショウスパーク,24102590,False,,,
20260921,阪神,3,11,コメットサン,24102161,False,,,
20260921,阪神,3,12,ミライノシャチョウ,24108324,False,,,
20260921,阪神,3,13,ココモフィーバー,24105595,False,,,
20260921,阪神,4,1,エイントノーウェイ,24105771,False,,,
20260921,阪神,4,2,ワインオクロック,24104742,False,,,
20260921,阪神,4,3,スウィートライト,24100736,False,,,
20260921,阪神,4,4,ジェルメーヌ,24107301,False,,,
20260921,阪神,4,5,レジェンディーヴァ,24107362,False,,,
20260921,阪神,4,6,キミチャン,24104786,False,,,
20260921,阪神,4,7,テーオーローズ,24106758,False,,,
20260921,阪神,4,8,マヒナピハ,24100147,False,,,
20260921,阪神,4,9,ナイスウーマン,24102335,False,,,
20260921,阪神,4,10,リケアワルツ,24104814,False,,,
20260921,阪神,4,11,ジョイザモーメント,24101882,False,,,
20260921,阪神,4,12,サノノマリーナ,24105100,False,,,
20260921,阪神,4,13,パクスフェリーチェ,24107015,False,,,
20260921,阪神,4,14,アプリコットスカイ,24100532,False,,,
20260921,阪神,4,15,ワンスフォーユー,24105753,False,,,
20260921,阪神,5,1,ルジェドリール,24104567,False,,,
20260921,阪神,5,2,シンゼンジュウベエ,24103825,False,,,
20260921,阪神,5,3,ニューイントリーグ,24108253,False,,,
20260921,阪神,5,4,アヴァロン,24101893,False,,,
20260921,阪神,5,5,セブンサークル,24107019,False,,,
20260921,阪神,5,6,シホノノービレ,24106639,False,,,
20260921,阪神,5,7,キングリア,24106684,False,,,
20260921,阪神,5,8,フリーレイン,24100681,False,,,
20260921,阪神,5,9,キミアドーネ,24101460,False,,,
20260921,阪神,5,10,ハナナ,24108206,False,,,
20260921,阪神,6,1,ビゾー,22103770,False,,,
20260921,阪神,6,2,スコーピオンイメル,22104496,False,,,
20260921,阪神,6,3,ドメイン,23105445,False,,,
20260921,阪神,6,4,ゴールドコット,23103315,False,,,
20260921,阪神,6,5,ジーティーアメリカ,22104654,False,,,
20260921,阪神,6,6,エイユーファイヤー,22102710,False,,,
20260921,阪神,6,7,クイノールト,23107371,False,,,
20260921,阪神,6,8,ルシタニア,22104640,False,,,
20260921,阪神,6,9,マジックブルー,21103682,False,,,
20260921,阪神,6,10,ロットブラータ,22104688,False,,,
20260921,阪神,6,11,メイショウジンライ,23103152,False,,,
20260921,阪神,6,12,ディープサミット,22100044,False,,,
20260921,阪神,6,13,カイラーサ,23104476,False,,,
20260921,阪神,6,14,フィサブロス,23100230,False,,,
20260921,阪神,6,15,クラッチスラッガー,23107351,False,,,
20260921,阪神,7,1,ルクスノア,21105529,False,,,
20260921,阪神,7,2,ダンデノン,23103886,False,,,
20260921,阪神,7,3,ベルセクレト,23109072,False,,,
20260921,阪神,7,4,リピ,23101313,False,,,
20260921,阪神,7,5,ベルサンローラン,23103153,False,,,
20260921,阪神,7,6,ヴァージル,22106912,False,,,
20260921,阪神,7,7,ブルーカミング,22104205,False,,,
20260921,阪神,7,8,シャインベック,22104392,False,,,
20260921,阪神,7,9,マダムカマラード,23100978,False,,,
20260921,阪神,7,10,ペールノエル,22104817,False,,,
20260921,阪神,7,11,ベルサ,22103473,False,,,
20260921,阪神,7,12,ケールハイム,23107138,False,,,
20260921,阪神,7,13,ルディシャ,22107091,False,,,
20260921,阪神,7,14,アイスヴィレッジ,22103702,False,,,
20260921,阪神,7,15,オーケーダイナ,22101039,False,,,
20260921,阪神,7,16,ムーンライトダイヤ,23101844,False,,,
20260921,阪神,7,17,メイクワンズデイ,23103160,False,,,
20260921,阪神,7,18,バーケンティン,21105868,False,,,
20260921,阪神,8,1,キタノサワヤカ,22102501,False,,,
20260921,阪神,8,2,レーンアジリティ,22107325,False,,,
20260921,阪神,8,3,ロードアルディート,22100637,False,,,
20260921,阪神,8,4,アメリカンバー,22105006,False,,,
20260921,阪神,8,5,メイショウカスガイ,22102839,False,,,
20260921,阪神,8,6,ディニテ,22105695,False,,,
20260921,阪神,8,7,レッドフレーザー,23105340,False,,,
20260921,阪神,8,8,オーレアミスト,22104841,False,,,
20260921,阪神,8,9,クレスコドルフィン,22107299,False,,,
20260921,阪神,8,10,エアフォースワン,19103506,False,,,
20260921,阪神,8,11,ラテライト,22105794,False,,,
20260921,阪神,8,12,リリーサンダー,23104172,False,,,
20260921,阪神,9,1,ロードオルデン,19102656,False,,,
20260921,阪神,9,2,モズタチアガレ,22106010,False,,,
20260921,阪神,9,3,ポートデラメール,22105963,False,,,
20260921,阪神,9,4,ダイシンリンク,22106699,False,,,
20260921,阪神,9,5,サンコンクエスト,22104970,False,,,
20260921,阪神,9,6,コロナドブリッジ,23107368,False,,,
20260921,阪神,9,7,プチプラージュ,22104050,False,,,
20260921,阪神,9,8,ワーズワース,18104030,False,,,
20260921,阪神,9,9,スターオブロンドン,23105545,False,,,
20260921,阪神,9,10,ラピダリア,21100652,False,,,
20260921,阪神,9,11,オコタンペ,21105849,False,,,
20260921,阪神,9,12,ピカラ,23103876,False,,,
20260921,阪神,9,13,アンビシャスヨシノ,22101903,False,,,
20260921,阪神,9,14,ヤマニンバロネス,22106609,False,,,
20260921,阪神,9,15,シーニックビュー,21105229,False,,,
20260921,阪神,9,16,ライトオブヌカタ,23103087,False,,,
20260921,阪神,10,1,キタサンハナビラ,22104914,False,,,
20260921,阪神,10,2,テーオーダグラス,21102246,False,,,
20260921,阪神,10,3,レジェンドシップ,20103910,False,,,
20260921,阪神,10,4,ミスタージーティー,21105856,False,,,
20260921,阪神,10,5,スパークリシャール,21105609,False,,,
20260921,阪神,10,6,シンゼンカガ,22105345,False,,,
20260921,阪神,10,7,チルカーノ,21105384,False,,,
20260921,阪神,10,8,アルマデオロ,22102199,False,,,
20260921,阪神,10,9,ファームツエンティ,20104491,False,,,
20260921,阪神,10,10,ナリタエスペランサ,23105046,False,,,
20260921,阪神,10,11,ジョイボーイ,22103787,False,,,
20260921,阪神,10,12,サークルオブジョイ,21105796,False,,,
20260921,阪神,10,13,タイセイフェリーク,20103713,False,,,
20260921,阪神,10,14,サトノクローク,20106667,False,,,
20260921,阪神,10,15,ベトルス,21104976,False,,,
20260921,阪神,10,16,ロードガレリア,22100619,False,,,
20260921,阪神,11,1,ロブチェン,23107089,False,,,
20260921,阪神,11,2,エイシンインアウト,23105521,False,,,
20260921,阪神,11,3,ゴーラッキー,23107056,False,,,
20260921,阪神,11,4,アルトラムス,23103480,False,,,
20260921,阪神,11,5,カムアップローゼス,23104386,False,,,
20260921,阪神,11,6,エムズビギン,23107127,False,,,
20260921,阪神,11,7,コンジェスタス,23106963,False,,,
20260921,阪神,11,8,シートゥサミット,23101200,False,,,
20260921,阪神,11,9,グリーンエナジー,23105456,False,,,
20260921,阪神,11,10,カフジエメンタール,23103899,False,,,
20260921,阪神,11,11,ショウナンハヤナミ,23103828,False,,,
20260921,阪神,12,1,シュネーグロッケン,22104944,False,,,
20260921,阪神,12,2,シャープインサイト,23106289,False,,,
20260921,阪神,12,3,メイショウサトノヒ,22103634,False,,,
20260921,阪神,12,4,ゴーゴーパンチ,23103931,False,,,
20260921,阪神,12,5,ホットシート,23101161,False,,,
20260921,阪神,12,6,ジャカルタバオ,23104888,False,,,
20260921,阪神,12,7,ディーエストッキー,21105098,False,,,
20260921,阪神,12,8,フリッシュ,23101231,False,,,
20260921,阪神,12,9,エイシンティザー,23105516,False,,,
20260921,阪神,12,10,リン,23101576,False,,,
20260921,阪神,12,11,ユキノサイエンス,23103256,False,,,
20260921,阪神,12,12,クリノセーラーマン,23101199,False,,,
20260921,阪神,12,13,テイクイットオール,22106647,False,,,
20260921,阪神,12,14,ファイブタンゴ,23107298,False,,,
20260921,阪神,12,15,プラチナムディスク,23102383,False,,,
20260922,中山,1,1,アドアプローズ,21107224,False,False,False,False
20260922,中山,1,2,カルマンフィルター,21104842,False,False,False,False
20260922,中山,1,3,コトブキヘスペラス,20100209,False,False,False,False
20260922,中山,1,4,テンプーシャオン,20102767,False,False,False,False
20260922,中山,1,5,ゴーツウキリシマ,20109148,False,False,False,False
20260922,中山,1,6,シュハリ,20105031,False,False,False,False
20260922,中山,1,7,アルシミスト,21105805,False,False,False,False
20260922,中山,1,8,バンデルオーラ,19104915,False,False,False,False
20260922,中山,1,9,アバットゥータ,22101139,False,False,False,False
20260922,中山,1,10,ブランフォルテ,22100527,False,False,False,False
20260922,中山,1,11,ロイガヴェーグル,20103697,False,False,False,False
20260922,中山,1,12,ニシノブレイゼスト,22107011,False,False,False,False
20260922,中山,1,13,サトノドルチェ,19105500,False,False,False,False
20260922,中山,1,14,グランナヴィール,21101779,False,False,False,False
20260922,中山,2,1,スノーキャップ,24102837,False,False,False,False
20260922,中山,2,2,ゴータマ,24102067,False,False,False,False
20260922,中山,2,3,ナナレイ,24101227,False,False,False,False
20260922,中山,2,4,スペシャルサンクス,24102846,False,False,False,False
20260922,中山,2,5,ナリタライズ,24105955,False,False,False,False
20260922,中山,2,6,ニシノタカオ,24101869,False,False,False,False
20260922,中山,2,7,シジマ,24100678,False,False,False,False
20260922,中山,2,8,バタフライ,24107318,False,False,False,False
20260922,中山,2,9,ニシノムホウモノ,24105422,False,False,False,False
20260922,中山,2,10,ニシノアトール,24103937,False,False,False,False
20260922,中山,2,11,ハミングリップス,24101510,False,False,False,False
20260922,中山,2,12,ダンシングアワー,24101107,False,False,False,False
20260922,中山,2,13,トーセンルルド,24106857,False,False,False,False
20260922,中山,2,14,タワーウマザンマイ,24104800,False,False,False,False
20260922,中山,3,1,ビスクヴィート,24101728,False,False,False,False
20260922,中山,3,2,モミスケ,24105532,False,False,False,False
20260922,中山,3,3,ソウラスフロス,24102190,False,False,False,False
20260922,中山,3,4,シュアシング,24105131,False,False,False,False
20260922,中山,3,5,ドナビッグベン,24101341,False,False,False,False
20260922,中山,3,6,ベアアミーチ,24101604,False,False,False,False
20260922,中山,3,7,スウィット,24101373,False,False,False,False
20260922,中山,3,8,ギムナシオン,24100454,False,False,False,False
20260922,中山,3,9,ヤマニンスペッキオ,24102784,False,False,False,False
20260922,中山,3,10,ダンシングリリー,24106780,False,False,False,False
20260922,中山,3,11,ヒーローシー,24100795,False,False,False,False
20260922,中山,4,1,サンアンドスターズ,24103262,False,False,False,False
20260922,中山,4,2,マイネルアルディ,24103585,False,False,False,False
20260922,中山,4,3,アニエーネ,24103586,False,False,False,False
20260922,中山,4,4,キャピタルストーン,24105780,False,False,False,False
20260922,中山,4,5,トーセンシントラ,24104757,False,False,False,False
20260922,中山,4,6,クシェドゥソレイユ,24102962,False,False,False,False
20260922,中山,4,7,ドナリー,24106056,False,False,False,False
20260922,中山,4,8,エレスレイプニル,24106831,False,False,False,False
20260922,中山,4,9,コスモバルムンク,24103610,False,False,False,False
20260922,中山,4,10,キャッチアップ,24101787,False,False,False,False
20260922,中山,5,1,ビーハッピーデイ,24100279,False,False,False,False
20260922,中山,5,2,ローズサルーテ,24104587,False,False,False,False
20260922,中山,5,3,アイファーエリース,24108140,False,False,False,False
20260922,中山,5,4,コスモグリュー,24103603,False,False,False,False
20260922,中山,5,5,ナツハゼ,24101750,False,False,False,False
20260922,中山,5,6,ナイトオブマース,24106625,False,False,False,False
20260922,中山,5,7,ジェイエルターボ,24100833,False,False,False,False
20260922,中山,5,8,リネンエトワール,24100181,False,False,False,False
20260922,中山,5,9,コールオンユー,24105040,False,False,False,False
20260922,中山,5,10,ロックドダイアリー,24106920,False,False,False,False
20260922,中山,5,11,アマンドショコラ,24105439,False,False,False,False
20260922,中山,5,12,フェスタベラ,24106584,False,False,False,False
20260922,中山,5,13,ポテ,24105138,False,False,False,False
20260922,中山,5,14,ステラストリーム,24103156,False,False,False,False
20260922,中山,5,15,セレネリオン,24101842,False,False,False,False
20260922,中山,6,1,ネオロマーネ,24105789,False,False,False,False
20260922,中山,6,2,シンヒダカムーン,24105157,False,False,False,False
20260922,中山,6,3,ヤマメゴリュウ,24101354,False,False,False,False
20260922,中山,6,4,パッションノーヴァ,24100404,False,False,False,False
20260922,中山,6,5,テンポアニマート,24106578,False,False,False,False
20260922,中山,6,6,メダルボーイ,24101747,False,False,False,False
20260922,中山,6,7,ゴクラクチョウカ,24103032,False,False,False,False
20260922,中山,6,8,スリーボンド,24101962,False,False,False,False
20260922,中山,7,1,サムシングニュー,23102364,False,False,False,False
20260922,中山,7,2,ブレスドナイル,22110061,False,False,False,False
20260922,中山,7,3,タケルムサシ,23105177,False,False,False,False
20260922,中山,7,4,ビリオネアボーイ,22110094,False,False,False,False
20260922,中山,7,5,ペルヴォルム,23102960,False,False,False,False
20260922,中山,7,6,メトロポリターナ,21110040,False,False,False,False
20260922,中山,7,7,ユアフェリシティ,23105137,False,False,False,False
20260922,中山,7,8,ホーナー,23107518,False,False,False,False
20260922,中山,7,9,オウケンヴィーナス,21105451,False,False,False,False
20260922,中山,7,10,サムワンライクユー,20106974,False,False,False,False
20260922,中山,7,11,クリノゴッホ,20103885,False,False,False,False
20260922,中山,7,12,レボルシオン,21103500,False,False,False,False
20260922,中山,7,13,ナックスプレンダー,23100282,False,False,False,False
20260922,中山,7,14,アンシュウマト,23101929,False,False,False,False
20260922,中山,8,1,プルーヴンウィナー,21104780,False,False,False,False
20260922,中山,8,2,リリエンフェルト,21104927,False,False,False,False
20260922,中山,8,3,コウセイケンタロス,22105461,False,False,False,False
20260922,中山,8,4,ラルガメンテ,22105982,False,False,False,False
20260922,中山,8,5,メアヴィア,21104820,False,False,False,False
20260922,中山,8,6,リュウジンマル,22105883,False,False,False,False
20260922,中山,8,7,マーゴットソラーレ,21104831,False,False,False,False
20260922,中山,8,8,ウイントリベルガ,23105891,False,False,False,False
20260922,中山,8,9,ピースヒロフェイス,21105769,False,False,False,False
20260922,中山,8,10,フォーグッド,19105076,False,False,False,False
20260922,中山,8,11,テイキットイージー,21101088,False,False,False,False
20260922,中山,8,12,イモータリス,23107032,False,False,False,False
20260922,中山,8,13,ブリックアブラック,23102410,False,False,False,False
20260922,中山,8,14,マルカベント,22105362,False,False,False,False
20260922,中山,8,15,サフランルージュ,23101820,False,False,False,False
20260922,中山,8,16,ベルウッドクレド,23103957,False,False,False,False
20260922,中山,9,1,コンアフェット,22105787,False,False,False,False
20260922,中山,9,2,ヴァズレーヌ,21106707,False,False,False,False
20260922,中山,9,3,パースウェイド,22105803,False,False,False,False
20260922,中山,9,4,エアトベーレ,23100964,False,False,False,False
20260922,中山,9,5,サファイアテソーロ,23104602,False,False,False,False
20260922,中山,9,6,フィールオーサム,22105925,False,False,False,False
20260922,中山,9,7,コパノエビータ,21102219,False,False,False,False
20260922,中山,9,8,カスバートテソーロ,22102263,False,False,False,False
20260922,中山,9,9,ルージュマローネ,22105569,False,False,False,False
20260922,中山,9,10,ヴァリオーサ,22105711,False,False,False,False
20260922,中山,9,11,ロイスター,23104413,False,False,False,False
20260922,中山,9,12,レーヴドレフォン,21105895,False,False,False,False
20260922,中山,9,13,セレーノ,23104372,False,False,False,False
20260922,中山,9,14,ヴンダーバール,23107280,False,False,False,False
20260922,中山,9,15,ステラスプレンダー,21105604,False,False,False,False
20260922,中山,9,16,ユーヴェリア,21107278,False,False,False,False
20260922,中山,10,1,フミサウンド,20103218,False,False,False,False
20260922,中山,10,2,レッドレナート,21103145,False,False,False,False
20260922,中山,10,3,ジャルディニエ,22105031,False,False,False,False
20260922,中山,10,4,エリム,20102803,False,False,False,False
20260922,中山,10,5,デイトナチャンプ,23107204,False,False,False,False
20260922,中山,10,6,セブンマイスター,21105688,False,False,False,False
20260922,中山,10,7,アロンソア,23103958,False,False,False,False
20260922,中山,10,8,ロゼル,20106415,False,False,False,False
20260922,中山,10,9,アルデトップガン,23105106,False,False,False,False
20260922,中山,10,10,サヴァビアン,18103473,False,False,False,False
20260922,中山,10,11,プリムツァール,22105501,False,False,False,False
20260922,中山,11,1,マーシヴィガラス,20104099,False,False,False,False
20260922,中山,11,2,キョウエイフロイデ,21101053,False,False,False,False
20260922,中山,11,3,ディーズゴールド,22105847,False,False,False,False
20260922,中山,11,4,グレイテストソング,22106541,False,False,False,False
20260922,中山,11,5,サノノワンダー,22102039,False,False,False,False
20260922,中山,11,6,タンゴバイラリン,21105272,False,False,False,False
20260922,中山,11,7,オレデイイノカ,18101243,False,False,False,False
20260922,中山,11,8,ブロッケンボウ,21104479,False,False,False,False
20260922,中山,11,9,ラオラシオン,21105262,False,False,False,False
20260922,中山,11,10,ブルータス,22103703,False,False,False,False
20260922,中山,11,11,ダカラフェスティヴ,22104378,False,False,False,False
20260922,中山,11,12,リフレックス,23105748,False,False,False,False
20260922,中山,11,13,ハッスルダンク,20104632,False,False,False,False
20260922,中山,11,14,レディーフランシス,22105225,False,False,False,False
20260922,中山,11,15,ゲキザル,19102102,False,False,False,False
20260922,中山,11,16,ルーラーリッチ,20102793,False,False,False,False
20260922,中山,12,1,キイチムーブメント,23101656,False,False,False,False
20260922,中山,12,2,ロードストラダーレ,23104886,False,False,False,False
20260922,中山,12,3,フュルスティン,23100583,False,False,False,False
20260922,中山,12,4,デルマエアロール,22105535,False,False,False,False
20260922,中山,12,5,アレーティア,22100101,False,False,False,False
20260922,中山,12,6,カシノリアーナ,23100421,False,False,False,False
20260922,中山,12,7,アルマグラース,22100216,False,False,False,False
20260922,中山,12,8,ホウオウガイア,22104874,False,False,False,False
20260922,中山,12,9,アルシャンティ,22102978,False,False,False,False
20260922,中山,12,10,カサブランカキッド,20104936,False,False,False,False
20260922,中山,12,11,エコロバロン,23104992,False,False,False,False
20260922,中山,12,12,ソードスレイプニル,23103942,False,False,False,False
20260922,中山,12,13,ジェイエルキャリア,23106312,False,False,False,False
20260922,中山,12,14,エフエイト,21109016,False,False,False,False
20260922,中山,12,15,シルバードン,22101987,False,False,False,False
20260922,中山,12,16,ノースブルースカイ,23105164,False,False,False,False
20260926,中山,1,1,アルビオンライズ,24105970,False,False,False,False
20260926,中山,1,2,トパーズヘッド,24101845,False,False,False,False
20260926,中山,1,3,アンミツ,24100614,False,False,False,False
20260926,中山,1,4,リコルディオーロ,24102636,False,False,False,False
20260926,中山,1,5,コウソクレムリア,24101886,False,False,False,False
20260926,中山,1,6,クリアマインド,24103876,False,False,False,False
20260926,中山,1,7,ヴァンデエス,24103029,False,False,False,False
20260926,中山,1,8,スヴァラ,24100339,False,False,False,False
20260926,中山,1,9,アイビーカイロス,24108316,False,False,False,False
20260926,中山,1,10,ハイトラクション,24104937,False,False,False,False
20260926,中山,1,11,ハクタカ,24103502,False,False,False,False
20260926,中山,1,12,アーバーバイティ,24102849,False,False,False,False
20260926,中山,1,13,ファイアリーボルト,24109080,False,False,False,False
20260926,中山,2,1,ブラックナザレ,24102853,False,False,False,False
20260926,中山,2,2,マルスフィス,24105581,False,False,False,False
20260926,中山,2,3,ニーナラルゴ,24106829,False,False,False,False
20260926,中山,2,4,タッカーヴィーチェ,24103407,False,False,False,False
20260926,中山,2,5,オシゴリ,24102325,False,False,False,False
20260926,中山,2,6,リオンパリス,24105119,False,False,False,False
20260926,中山,2,7,サムワンユーラヴド,24103627,False,False,False,False
20260926,中山,2,8,ウィルステート,24106113,False,False,False,False
20260926,中山,2,9,エコロテラ,24104541,False,False,False,False
20260926,中山,2,10,ヴェントリナ,24101041,False,False,False,False
20260926,中山,2,11,ハンサム,24104872,False,False,False,False
20260926,中山,2,12,リキマル,24104688,False,False,False,False
20260926,中山,3,1,ロイヤルグルーヴ,24105690,False,False,False,False
20260926,中山,3,2,ドナミモザ,24101762,False,False,False,False
20260926,中山,3,3,モルスリール,24106146,False,False,False,False
20260926,中山,3,4,コパノキラキラ,24101206,False,False,False,False
20260926,中山,3,5,プラチナリーフ,24106171,False,False,False,False
20260926,中山,3,6,ブリッド,24106008,False,False,False,False
20260926,中山,3,7,スパーキー,24102556,False,False,False,False
20260926,中山,3,8,ブルーサンタ,24102355,False,False,False,False
20260926,中山,3,9,ツイストマインド,24105870,False,False,False,False
20260926,中山,3,10,セイトゥゴールド,24100133,False,False,False,False
20260926,中山,3,11,オレガイチバンイイ,24105251,False,False,False,False
20260926,中山,3,12,ゼットターム,24106532,False,False,False,False
20260926,中山,3,13,ボスヒッツ,24100993,False,False,False,False
20260926,中山,3,14,アイビーナツユメ,24106775,False,False,False,False
20260926,中山,3,15,ジェイエルバージ,24100819,False,False,False,False
20260926,中山,3,16,ココル,24104270,False,False,False,False
20260926,中山,4,1,プラチナトレジャー,18104261,False,False,False,False
20260926,中山,4,2,メイショウソムリエ,21102980,False,False,False,False
20260926,中山,4,3,ネビーイーム,18103677,False,False,False,False
20260926,中山,4,4,トゥラッタッタ,21102973,False,False,False,False
20260926,中山,4,5,コレクテイニア,20110020,False,False,False,False
20260926,中山,4,6,アクロスザリバー,22100481,False,False,False,False
20260926,中山,5,1,レックスダミアーニ,24106860,False,False,False,False
20260926,中山,5,2,エバーラスティング,24103598,False,False,False,False
20260926,中山,5,3,ヴァイスリッター,24102432,False,False,False,False
20260926,中山,5,4,フェイマスジャズ,24102965,False,False,False,False
20260926,中山,5,5,ニシノカチオトコ,24103853,False,False,False,False
20260926,中山,5,6,ブンブクチャガマ,24101095,False,False,False,False
20260926,中山,5,7,スペーストラベラー,24103415,False,False,False,False
20260926,中山,5,8,ブーケフォーミー,24101990,False,False,False,False
20260926,中山,5,9,ハナミヤビ,24103649,False,False,False,False
20260926,中山,5,10,ペプチドデバイス,24101727,False,False,False,False
20260926,中山,5,11,ゾネンバーデン,24103640,False,False,False,False
20260926,中山,5,12,ジャロロッソ,24106725,False,False,False,False
20260926,中山,5,13,サヴィッジブロウ,24100657,False,False,False,False
20260926,中山,5,14,シダモフレイバー,24106188,False,False,False,False
20260926,中山,6,1,ミアルーチェ,23107408,False,False,False,False
20260926,中山,6,2,ストーリーオブラブ,23106587,False,False,False,False
20260926,中山,6,3,ノーブルクラウド,23103069,False,False,False,False
20260926,中山,6,4,サラサチャチャチャ,23102581,False,False,False,False
20260926,中山,6,5,キューティリップ,22105131,False,False,False,False
20260926,中山,6,6,ベルフィーヌ,21104754,False,False,False,False
20260926,中山,6,7,リュミナーズ,22101465,False,False,False,False
20260926,中山,7,1,マイバラード,20100621,False,False,False,False
20260926,中山,7,2,マイネルクオリア,23106410,False,False,False,False
20260926,中山,7,3,サクラアドリア,22104092,False,False,False,False
20260926,中山,7,4,ジンガー,22100816,False,False,False,False
20260926,中山,7,5,ベルウッドバイオ,23104069,False,False,False,False
20260926,中山,7,6,ダノンファンスター,23105324,False,False,False,False
20260926,中山,7,7,グランアルト,23104156,False,False,False,False
20260926,中山,7,8,リアルショット,22105598,False,False,False,False
20260926,中山,7,9,リーゼノアール,20104750,False,False,False,False
20260926,中山,7,10,ペプチドドリーム,23100894,False,False,False,False
20260926,中山,7,11,ロスパレドネス,23106852,False,False,False,False
20260926,中山,7,12,ルンベーラ,23102403,False,False,False,False
20260926,中山,7,13,カテドラルクォーツ,23103668,False,False,False,False
20260926,中山,7,14,タイキアロハ,23102183,False,False,False,False
20260926,中山,7,15,ハードワーカー,22103638,False,False,False,False
20260926,中山,7,16,ミッドセンチュリー,22103308,False,False,False,False
20260926,中山,7,17,ヴァルカンテソーロ,23106744,False,False,False,False
20260926,中山,7,18,キングプロフィット,21107012,False,False,False,False
20260926,中山,8,1,コウジハラ,23101860,False,False,False,False
20260926,中山,8,2,ビアフォーナウ,21104481,False,False,False,False
20260926,中山,8,3,ステラノヴァ,22103482,False,False,False,False
20260926,中山,8,4,ラルフテソーロ,22102269,False,False,False,False
20260926,中山,8,5,ヘイルメリーラン,23100476,False,False,False,False
20260926,中山,8,6,アイファーファイト,19101233,False,False,False,False
20260926,中山,8,7,トモジャシーマ,20106771,False,False,False,False
20260926,中山,8,8,ヒナノムサシ,23101645,False,False,False,False
20260926,中山,8,9,マイネルブリオン,22102681,False,False,False,False
20260926,中山,8,10,ノアスペシャル,21102784,False,False,False,False
20260926,中山,8,11,リゾートライン,23103619,False,False,False,False
20260926,中山,8,12,ソニックブレイカー,23100955,False,False,False,False
20260926,中山,8,13,ミラビリオン,23102422,False,False,False,False
20260926,中山,8,14,スマートブル,22100497,False,False,False,False
20260926,中山,8,15,ガールネクストドア,22103326,False,False,False,False
20260926,中山,8,16,カツノテンス,20105525,False,False,False,False
20260926,中山,9,1,ニシノリリックス,24103855,False,False,False,False
20260926,中山,9,2,ジョドレルバンク,24106161,False,False,False,False
20260926,中山,9,3,エイシンウルトラン,24105590,False,False,False,False
20260926,中山,9,4,コスモプルー,24103576,False,False,False,False
20260926,中山,9,5,タイヴァス,24103421,False,False,False,False
20260926,中山,9,6,レオンティウス,24104668,False,False,False,False
20260926,中山,9,7,モーモーゼロ,24102066,False,False,False,False
20260926,中山,9,8,スタースポット,24106264,False,False,False,False
20260926,中山,10,1,デンプシー,23106190,False,False,False,False
20260926,中山,10,2,イゾラフェリーチェ,21105516,False,False,True,False
20260926,中山,10,3,ウィングブルー,23105317,False,False,False,False
20260926,中山,10,4,ジョヴィアン,20110127,False,False,False,False
20260926,中山,10,5,ヴィヴァクラウン,21101595,False,False,False,False
20260926,中山,10,6,トラスコンガーデン,23100935,False,False,True,False
20260926,中山,10,7,ドリーミングアップ,21103303,False,False,False,False
20260926,中山,10,8,レオアジャイル,23104909,False,False,False,False
20260926,中山,10,9,ビッグフラワー,21100958,False,False,False,False
20260926,中山,10,10,セレッソデアモール,20106777,False,False,False,False
20260926,中山,10,11,ビービーエフォート,22102421,False,False,False,False
20260926,中山,10,12,アイムインディ,23105263,False,False,False,False
20260926,中山,10,13,レザンノワール,21104665,False,False,False,False
20260926,中山,10,14,スミッコディスコ,23100169,False,False,False,False
20260926,中山,10,15,メローネ,23104079,False,False,False,False
20260926,中山,10,16,ピコアーガイル,21110165,False,False,False,False
20260926,中山,11,1,エフォートレス,21100564,False,False,False,False
20260926,中山,11,2,サウンドムーブ,23101449,False,False,False,False
20260926,中山,11,3,ソルトブリーズ,21101639,False,False,False,False
20260926,中山,11,4,フォルラニーニ,21105859,False,False,False,False
20260926,中山,11,5,グラニット,20100810,False,False,False,False
20260926,中山,11,6,アルトゥーム,21105746,False,False,True,False
20260926,中山,11,7,エスコバル,18106154,False,False,False,False
20260926,中山,11,8,インパクトシー,22101230,False,False,False,False
20260926,中山,11,9,ナヴォーナ,20103456,False,False,False,False
20260926,中山,11,10,ウォータークラーク,22103345,False,False,False,False
20260926,中山,11,11,マイネルフルムーン,22106760,False,False,False,False
20260926,中山,11,12,マテンロウブラボー,21101422,False,False,False,False
20260926,中山,11,13,セブンマジシャン,20103521,False,False,False,False
20260926,中山,11,14,テンミラクルスター,22101134,False,False,False,False
20260926,中山,12,1,ライヴレッドアイ,23104658,False,False,False,False
20260926,中山,12,2,ホーリーブライト,21102458,False,False,False,False
20260926,中山,12,3,キボウノホシ,19101165,False,False,False,False
20260926,中山,12,4,グラスブランシュ,21103588,False,False,False,False
20260926,中山,12,5,ロッカバイベイビー,22103725,False,False,False,False
20260926,中山,12,6,モーゲンセン,23110008,False,False,False,False
20260926,中山,12,7,トヨサカエ,23104545,False,False,False,False
20260926,中山,12,8,マサノピンクレディ,23103006,False,False,False,False
20260926,中山,12,9,サマースイートピー,22107359,False,False,False,False
20260926,中山,12,10,エリカマユーリ,22103781,False,False,False,False
20260926,中山,12,11,ルーフオブヘヴン,21104874,False,False,False,False
20260926,中山,12,12,ホウオウプレミア,19105041,False,False,False,False
20260926,中山,12,13,クインズポラリス,21102371,False,False,False,False
20260926,中山,12,14,ショウナンタハティ,22103911,False,False,False,False
20260926,中山,12,15,バシレイア,22104629,False,False,False,False
20260926,中山,12,16,ホウオウフロイト,21103549,False,False,False,False
20260926,阪神,1,1,ガヤーズランボー,24105526,False,False,False,False
20260926,阪神,1,2,リアルメッセージ,24106077,False,False,False,False
20260926,阪神,1,3,ルーストカール,24109106,False,False,False,False
20260926,阪神,1,4,サウンドエフォート,24102267,False,False,False,False
20260926,阪神,1,5,ウルスチャージ,24104223,False,False,False,False
20260926,阪神,1,6,ヤマトクオーレ,24104824,False,False,False,False
20260926,阪神,1,7,シュライアハフト,24105438,False,False,False,False
20260926,阪神,1,8,テーオーダーウィン,24106296,False,False,False,False
20260926,阪神,1,9,ウィザードシチー,24102718,False,False,False,False
20260926,阪神,1,10,スカイメテオ,24100937,False,False,False,False
20260926,阪神,1,11,ユイリノベーション,24100751,False,False,False,False
20260926,阪神,2,1,アレストラウム,24107128,False,False,False,False
20260926,阪神,2,2,アイゼンフォルク,24100725,False,False,False,False
20260926,阪神,2,3,クリスティーナ,24102751,False,False,False,False
20260926,阪神,2,4,ホットハニーラグ,24101002,False,False,False,False
20260926,阪神,2,5,ヘスティア,24103535,False,False,False,False
20260926,阪神,2,6,パルパル,24108231,False,False,False,False
20260926,阪神,2,7,シャイニーヒーロー,24101323,False,False,False,False
20260926,阪神,3,1,プリンキピッサ,24106888,False,False,False,False
20260926,阪神,3,2,スマートエール,24100590,False,False,False,False
20260926,阪神,3,3,ニクスルーナ,24106712,False,False,False,False
20260926,阪神,3,4,ビエントゾンダ,24105866,False,False,False,False
20260926,阪神,3,5,マーゴットマシェリ,24106461,False,False,False,False
20260926,阪神,3,6,スクールディーヴァ,24104674,False,False,False,False
20260926,阪神,3,7,ベルメグスタ,24102020,False,False,False,False
20260926,阪神,3,8,リンピッド,24102561,False,False,False,False
20260926,阪神,3,9,リボンロゼッタ,24101153,False,False,False,False
20260926,阪神,3,10,フォルトゥナロッサ,24105934,False,False,False,False
20260926,阪神,3,11,ヤマニンアルセド,24103425,False,False,False,False
20260926,阪神,3,12,ラガーレッドムーン,24105557,False,False,False,False
20260926,阪神,3,13,モンドドゥアムール,24107115,False,False,False,False
20260926,阪神,3,14,ヴィヴィアンリーチ,24101989,False,False,False,False
20260926,阪神,3,15,シガレス,24105402,False,False,False,False
20260926,阪神,4,1,テンハッピー,24107265,False,False,False,False
20260926,阪神,4,2,ギブリ,24105852,False,False,False,False
20260926,阪神,4,3,ルージュラボルタ,24105808,False,False,False,False
20260926,阪神,4,4,ゴウオン,24100647,False,False,False,False
20260926,阪神,4,5,カフジカニステル,24103510,False,False,False,False
20260926,阪神,4,6,ブラスバンド,24107307,False,False,False,False
20260926,阪神,4,7,レクリドジョワ,24108368,False,False,False,False
20260926,阪神,4,8,ウォーターケプリ,24102745,False,False,False,False
20260926,阪神,4,9,ポエジア,24107051,False,False,False,False
20260926,阪神,4,10,フライウィズユー,24105142,False,False,False,False
20260926,阪神,4,11,ロックウイズミー,24102159,False,False,False,False
20260926,阪神,4,12,モンサンラパージュ,24100477,False,False,False,False
20260926,阪神,4,13,ヒノトリ,24101768,False,False,False,False
20260926,阪神,4,14,フィオッコローザ,24106586,False,False,False,False
20260926,阪神,4,15,ランゲ,24102496,False,False,False,False
20260926,阪神,5,1,ノーブルキングダム,24105185,False,False,False,False
20260926,阪神,5,2,レガリアフォリア,24104846,False,False,False,False
20260926,阪神,5,3,ゴールデンステーラ,24105116,False,False,False,False
20260926,阪神,5,4,プラトーローザ,24102485,False,False,False,False
20260926,阪神,5,5,ベニールラヴニール,24103644,False,False,False,False
20260926,阪神,5,6,カーティス,24107151,False,False,False,False
20260926,阪神,5,7,シルクウォード,24107167,False,False,False,False
20260926,阪神,5,8,トップオブドリーム,24106417,False,False,False,False
20260926,阪神,5,9,メイショウリベロ,24101549,False,False,False,False
20260926,阪神,5,10,ネーロノワール,24100638,False,False,False,False
20260926,阪神,5,11,サトノステラ,24100551,False,False,False,False
20260926,阪神,5,12,エールヴォル,24106881,False,False,False,False
20260926,阪神,5,13,スナークルーベンス,24102002,False,False,False,False
20260926,阪神,5,14,レイルジェット,24105150,False,False,False,False
20260926,阪神,5,15,ケイアイヴェネチア,24104526,False,False,False,False
20260926,阪神,6,1,ランドブレイブ,22106943,False,False,False,False
20260926,阪神,6,2,ケイアイアマゾン,23105762,False,False,False,False
20260926,阪神,6,3,ビズロード,23100235,False,False,False,False
20260926,阪神,6,4,エイシンマールス,22102624,False,False,False,False
20260926,阪神,6,5,シーリュウシー,21106180,False,False,False,False
20260926,阪神,6,6,サンマルミッション,21107331,False,False,False,False
20260926,阪神,6,7,ブルーストレイル,21106078,False,False,False,False
20260926,阪神,6,8,ウルフ,23103636,False,False,False,False
20260926,阪神,6,9,モズプリヴェール,22102916,False,False,False,False
20260926,阪神,6,10,メイショウペイト,23106564,False,False,False,False
20260926,阪神,6,11,ブリオメンテ,21100303,False,False,False,False
20260926,阪神,6,12,ワルトシュタイン,23103240,False,False,False,False
20260926,阪神,6,13,ミランド,23102836,False,False,False,False
20260926,阪神,6,14,ダノンアンドレ,23107099,False,False,False,False
20260926,阪神,6,15,ララオウ,23105981,False,False,False,False
20260926,阪神,6,16,シオンダンサー,23105249,False,False,False,False
20260926,阪神,7,1,ランスオブヒーロー,23103166,False,False,False,False
20260926,阪神,7,2,エンジェルボイス,23104390,False,False,False,False
20260926,阪神,7,3,エクリュ,23104305,False,False,False,False
20260926,阪神,7,4,レインボーステート,23106943,False,False,False,False
20260926,阪神,7,5,エレガンスアスク,23106399,False,False,False,False
20260926,阪神,7,6,ウインラウダ,21106206,False,False,False,False
20260926,阪神,7,7,シャーリーゴールド,21104918,False,False,False,False
20260926,阪神,7,8,コレオシークエンス,23105965,False,False,False,False
20260926,阪神,7,9,ウォーターエルピス,22102796,False,False,False,False
20260926,阪神,7,10,ベネサルート,23106833,False,False,False,False
20260926,阪神,7,11,ムーンライトラガー,22104710,False,False,False,False
20260926,阪神,7,12,サトノアグード,23105247,False,False,False,False
20260926,阪神,7,13,プチプランス,22101565,False,False,False,False
20260926,阪神,8,1,サトノブリジャール,22105037,False,False,False,False
20260926,阪神,8,2,ニホンピロゴルディ,21103845,False,False,False,False
20260926,阪神,8,3,コジオスコ,22105091,False,False,False,False
20260926,阪神,8,4,エースフライト,23103287,False,False,False,False
20260926,阪神,8,5,トモジャシック,22104293,False,False,False,False
20260926,阪神,8,6,シュプリームレルム,23103488,False,False,False,False
20260926,阪神,8,7,コレデヨカロウ,23101414,False,False,False,False
20260926,阪神,8,8,ビヨンドザドリーム,20102736,False,False,False,False
20260926,阪神,8,9,メイショウピリカ,22102550,False,False,False,False
20260926,阪神,8,10,ボンボンベイビー,23105371,False,False,False,False
20260926,阪神,8,11,マサハヤヴォス,21105047,False,False,False,False
20260926,阪神,9,1,ナイトパイロット,24105587,False,False,False,False
20260926,阪神,9,2,リーチツモドライチ,24108321,True,False,True,False
20260926,阪神,9,3,エランヴィータ,24104312,False,False,False,False
20260926,阪神,9,4,ベルヴェール,24106458,False,False,False,False
20260926,阪神,9,5,ヌーンベルク,24103505,False,False,False,False
20260926,阪神,9,6,ウンディーネ,24103349,False,False,False,False
20260926,阪神,9,7,スマートポーション,24101076,False,False,False,False
20260926,阪神,9,8,ユイノエスポワール,24101709,False,False,False,False
20260926,阪神,10,1,ヴォーカライズ,23103783,False,False,False,False
20260926,阪神,10,2,ストップザタイム,19101873,False,False,False,False
20260926,阪神,10,3,テーオーシュタイン,22104879,False,False,False,False
20260926,阪神,10,4,アジュマン,22101241,False,False,False,False
20260926,阪神,10,5,シーミハットク,23103532,False,False,False,False
20260926,阪神,10,6,オーシャントライブ,20103538,False,False,False,False
20260926,阪神,10,7,ウィルサヴァイブ,22104748,False,False,False,False
20260926,阪神,10,8,ショウナンバルドル,22104590,False,False,False,False
20260926,阪神,10,9,ストームサンダー,23100772,False,False,False,False
20260926,阪神,10,10,フェイトライン,22104992,False,False,False,False
20260926,阪神,10,11,ジーティーマン,22104715,False,False,False,False
20260926,阪神,10,12,スナークピカソ,22104171,False,False,False,False
20260926,阪神,10,13,ツーネサーン,21105584,False,False,False,False
20260926,阪神,10,14,アイガーリー,23103474,False,False,False,False
20260926,阪神,11,1,ジューンアヲニヨシ,20100912,False,False,False,False
20260926,阪神,11,2,ゼットリアン,20104760,False,False,False,False
20260926,阪神,11,3,メイショウズイウン,22100154,False,False,False,False
20260926,阪神,11,4,ダイシンピスケス,18100830,False,False,False,False
20260926,阪神,11,5,ハピ,19100630,False,False,False,False
20260926,阪神,11,6,ギュルヴィ,22103267,False,False,False,False
20260926,阪神,11,7,ミッキークレスト,21105112,False,False,False,False
20260926,阪神,11,8,ダブルジョーク,20110026,False,False,False,False
20260926,阪神,11,9,ルシュヴァルドール,21105630,False,False,False,False
20260926,阪神,11,10,サイモンザナドゥ,20104497,False,False,False,False
20260926,阪神,11,11,ヴァルツァーシャル,19102437,False,False,False,False
20260926,阪神,11,12,マイノワール,21104411,False,False,False,False
20260926,阪神,11,13,ラムジェット,21106640,False,False,False,False
20260926,阪神,11,14,リアレスト,21105496,False,False,False,False
20260926,阪神,11,15,カズタンジャー,21101259,False,False,False,False
20260926,阪神,11,16,オニャンコポン,19104756,False,False,False,False
20260926,阪神,12,1,スターウェーブ,22104771,False,False,False,False
20260926,阪神,12,2,レッドレベンディス,23101900,False,False,False,False
20260926,阪神,12,3,タイセイピューマ,21106119,False,False,False,False
20260926,阪神,12,4,ザウリ,19101399,False,False,False,False
20260926,阪神,12,5,ブルーノート,19100871,False,False,False,False
20260926,阪神,12,6,ゴールデンバランス,23105367,False,False,False,False
20260926,阪神,12,7,タイセイディアマン,22107082,False,False,False,False
20260926,阪神,12,8,インディゴアスール,22103440,False,False,False,False
20260926,阪神,12,9,シュバルツガイスト,20103575,False,False,False,False
20260926,阪神,12,10,ニホンピロカラット,21103842,False,False,False,False
20260926,阪神,12,11,キャッチアシーフ,23103810,False,False,False,False
20260926,阪神,12,12,アスゴッド,22103704,False,False,False,False
20260926,阪神,12,13,ランドスター,23100398,False,False,False,False
20260926,阪神,12,14,ヒットミー,22104394,False,False,True,False
20260926,阪神,12,15,ストロングボンド,23105661,False,False,False,False
20260926,阪神,12,16,ダズリングダンス,20105957,False,False,False,False
20260927,中山,1,1,ドナチャージ,24101353,False,False,False,False
20260927,中山,1,2,エコロブラン,24105831,False,False,False,False
20260927,中山,1,3,リングスター,24102009,False,False,False,False
20260927,中山,1,4,ノーブルミント,24100566,False,False,False,False
20260927,中山,1,5,プリンセスロッティ,24107347,False,False,False,False
20260927,中山,1,6,ニシノドリーマー,24105198,False,False,True,False
20260927,中山,1,7,マリノエスプレッソ,24100292,False,False,False,False
20260927,中山,1,8,ベアベルヴォワ,24107164,False,False,False,False
20260927,中山,1,9,ノヴァフォルス,24103281,False,False,False,False
20260927,中山,1,10,アオイスミレ,24106414,False,False,False,False
20260927,中山,1,11,ジェミニディウ,24101513,False,False,False,False
20260927,中山,1,12,ノーブルパラス,24102707,False,False,False,False
20260927,中山,1,13,ワレモコウ,24102061,False,False,False,False
20260927,中山,1,14,ウマッター,24103928,False,False,False,False
20260927,中山,1,15,シュネルアステリア,24106790,False,False,False,False
20260927,中山,1,16,パルセノスミハ,24104736,False,False,False,False
20260927,中山,2,1,ゴーゼンチュー,24104289,False,False,False,False
20260927,中山,2,2,プリンキパトゥス,24106760,False,False,False,False
20260927,中山,2,3,エーアイラピド,24107140,False,False,False,False
20260927,中山,2,4,ニューロファイター,24107156,False,False,False,False
20260927,中山,2,5,カシノデスティニー,24108169,False,False,False,False
20260927,中山,2,6,トーセンマスラオ,24106843,False,False,True,False
20260927,中山,2,7,コウサイリクリ,24102469,False,False,False,False
20260927,中山,2,8,ロワデュモンド,24107007,False,False,False,False
20260927,中山,2,9,フォクセン,24106388,False,False,False,False
20260927,中山,2,10,マイネルウルカヌス,24103606,False,False,False,False
20260927,中山,2,11,ギガントシュラーク,24101182,False,False,False,False
20260927,中山,2,12,レジームチェンジ,24100699,False,False,True,False
20260927,中山,3,1,レッドマウロア,24101427,False,False,False,False
20260927,中山,3,2,ニシノマキロイ,24103935,False,False,False,False
20260927,中山,3,3,フレンドミラノ,24100841,False,False,False,False
20260927,中山,3,4,ファブリック,24104851,False,False,False,False
20260927,中山,3,5,グラスクラージュ,24104494,False,False,False,False
20260927,中山,3,6,ナムラアラバイ,24100828,False,False,False,False
20260927,中山,3,7,メイプルカモーン,24104534,False,False,False,False
20260927,中山,3,8,ファウナード,24105993,False,False,False,False
20260927,中山,3,9,イキフン,24101560,False,False,False,False
20260927,中山,4,1,リゼスカーレット,24104305,False,False,False,False
20260927,中山,4,2,アイファーティアラ,24100101,False,False,False,False
20260927,中山,4,3,マルジョレーヌ,24100222,False,False,False,False
20260927,中山,4,4,ジョワリヴレ,24104119,False,False,False,False
20260927,中山,4,5,ミエノヴィヴィッド,24100426,False,False,False,False
20260927,中山,4,6,アッパレヤ,24105181,False,False,False,False
20260927,中山,4,7,ピンクダイアモンド,24101398,False,False,False,False
20260927,中山,4,8,ナムラジョン,24100987,False,False,False,False
20260927,中山,4,9,ダブルスプリング,24106407,False,False,False,False
20260927,中山,4,10,ブランカバローズ,24104865,False,False,True,False
20260927,中山,4,11,コックコート,24103175,False,False,False,False
20260927,中山,4,12,フレンチネイル,24107372,False,False,False,False
20260927,中山,4,13,エコロヴィータ,24100388,False,False,False,False
20260927,中山,4,14,ユーサイコー,24102455,False,False,False,False
20260927,中山,4,15,リオビーチ,24104146,False,False,False,False
20260927,中山,5,1,タイセイパーシスト,24106095,False,False,False,False
20260927,中山,5,2,ケルンミッチー,24102629,False,False,False,False
20260927,中山,5,3,ダイアナマリア,24106618,False,False,False,False
20260927,中山,5,4,テムグリーン,24103517,False,False,False,False
20260927,中山,5,5,キセキテキニキテル,24103836,False,False,False,False
20260927,中山,5,6,スワーヴバシレウス,24104920,False,False,False,False
20260927,中山,5,7,ライカホウ,24106145,False,False,False,False
20260927,中山,5,8,テイクユアタイム,24103354,False,False,False,False
20260927,中山,5,9,エルエシック,24106385,False,False,False,False
20260927,中山,5,10,リンカーンバローズ,24104871,False,False,False,False
20260927,中山,6,1,アルデラックス,22100223,False,False,False,False
20260927,中山,6,2,ソロモン,22104821,False,False,False,False
20260927,中山,6,3,タルタロス,21103150,False,False,False,False
20260927,中山,6,4,ベンメリア,22103321,False,False,False,False
20260927,中山,6,5,グランドスウェル,23102833,False,False,False,False
20260927,中山,6,6,スターツトゥデイ,23107184,False,False,False,False
20260927,中山,6,7,ダンツティアラ,21104314,False,False,False,False
20260927,中山,6,8,ホウオウライセンス,23102400,False,False,False,False
20260927,中山,6,9,ユーウェイン,22104539,False,False,False,False
20260927,中山,6,10,ディースプレマシー,22104312,False,False,False,False
20260927,中山,6,11,ミスターキャンベラ,23101813,False,False,False,False
20260927,中山,6,12,ロードインフェルノ,21101201,False,False,False,False
20260927,中山,6,13,ガンハンマー,22100050,False,False,False,False
20260927,中山,6,14,シーギリヤロック,23107317,False,False,False,False
20260927,中山,6,15,アトラステソーロ,23106749,False,False,False,False
20260927,中山,6,16,ワンダーブリッツ,23102750,False,False,False,False
20260927,中山,7,1,ウインロゼライト,22106212,False,False,False,False
20260927,中山,7,2,サクラパステル,22104089,False,False,False,False
20260927,中山,7,3,コスモキャバリエ,22106832,False,False,False,False
20260927,中山,7,4,アテンスマイル,21102396,False,False,False,False
20260927,中山,7,5,ショウナンマリーナ,22101259,False,False,False,False
20260927,中山,7,6,デイジー,21104173,False,False,False,False
20260927,中山,7,7,スワローシチー,22106150,False,False,False,False
20260927,中山,7,8,ジャグアール,21102717,False,False,False,False
20260927,中山,7,9,ポッドロルフ,22100700,False,False,False,False
20260927,中山,7,10,デスサイズ,23101085,False,False,False,False
20260927,中山,7,11,シックスパック,22102961,False,False,False,False
20260927,中山,7,12,ニシノコマチムスメ,21107253,False,False,False,False
20260927,中山,7,13,ナハトナナレオン,23102619,False,False,False,False
20260927,中山,7,14,カイトグート,21106308,False,False,False,False
20260927,中山,7,15,ジーティーシンドウ,23102083,False,False,False,False
20260927,中山,7,16,サンヴィクトワール,23105559,False,False,False,False
20260927,中山,8,1,ヴォルスター,21100677,False,False,False,False
20260927,中山,8,2,ロードソルスティス,22100650,False,False,False,False
20260927,中山,8,3,アンティミスト,23110007,False,False,False,False
20260927,中山,8,4,マリンバンカー,21103129,False,False,False,False
20260927,中山,8,5,ブレードサクセス,21103376,False,False,False,False
20260927,中山,8,6,テーオーライマン,22103186,False,False,False,False
20260927,中山,8,7,コスモオピニオン,20101258,False,False,False,False
20260927,中山,8,8,ホークライト,22105258,False,False,False,False
20260927,中山,8,9,タイヨウフレア,22105844,False,False,False,False
20260927,中山,8,10,フクチャントウメイ,21105086,False,False,False,False
20260927,中山,8,11,メディチパワー,23100419,False,False,False,False
20260927,中山,8,12,シューティングガイ,23102659,False,False,False,False
20260927,中山,8,13,ピコシー,22101716,False,False,False,False
20260927,中山,8,14,レッドライトニング,21102200,False,False,False,False
20260927,中山,8,15,ドゥマーヴェリック,22103232,False,False,False,False
20260927,中山,9,1,リリカルフレア,24105822,False,False,False,False
20260927,中山,9,2,シルクドマルス,24103198,False,False,False,False
20260927,中山,9,3,シルバーウィル,24106454,True,False,False,False
20260927,中山,9,4,シュヴァルツペルレ,24106514,False,False,False,False
20260927,中山,9,5,セプタードアイル,24106340,False,False,False,False
20260927,中山,9,6,ユーダブルワン,24106002,False,False,False,False
20260927,中山,9,7,リサナウト,24106301,False,False,False,False
20260927,中山,10,1,スイートオレンジ,22103494,False,False,False,False
20260927,中山,10,2,プリズマジコ,21106077,False,False,False,False
20260927,中山,10,3,フナデ,21103790,False,False,False,False
20260927,中山,10,4,コスモイシュタル,22106825,False,False,False,False
20260927,中山,10,5,ハニードレス,22105394,False,False,False,False
20260927,中山,10,6,ミツカネベネラ,23104523,False,False,False,False
20260927,中山,10,7,ドナルンバ,23103472,False,False,False,False
20260927,中山,10,8,ベネスピラ,22102745,False,False,True,False
20260927,中山,10,9,ルージュボヤージュ,23103386,False,False,False,False
20260927,中山,10,10,サンライズバブル,22102604,False,False,False,False
20260927,中山,10,11,アイキャンドウイッ,19105793,False,False,False,False
20260927,中山,10,12,ダノンカゼルタ,22104719,False,False,False,False
20260927,中山,10,13,ジェットブレード,22103522,False,False,False,False
20260927,中山,10,14,レイヤードレッド,22103310,False,False,False,False
20260927,中山,10,15,マイネルバーテクス,21106827,False,False,False,False
20260927,中山,10,16,トレミニョン,21105144,False,False,False,False
20260927,中山,10,17,マテンロウギフト,22105164,False,False,False,False
20260927,中山,10,18,ジャンビ,21103878,False,False,False,False
20260927,中山,11,1,レッドモンレーヴ,19105496,False,False,False,False
20260927,中山,11,2,アイサンサン,22103875,False,False,False,False
20260927,中山,11,3,ママコチャ,19105394,False,False,False,False
20260927,中山,11,4,ジューンブレア,21110099,False,False,False,False
20260927,中山,11,5,サウンドモリアーナ,22102057,False,False,False,False
20260927,中山,11,6,ワールズエンド,21105864,False,False,False,False
20260927,中山,11,7,ペアポルックス,21102320,False,False,False,False
20260927,中山,11,8,エーティーマクフィ,19105859,False,False,False,False
20260927,中山,11,9,スターアニス,23106920,True,False,True,False
20260927,中山,11,10,レイピア,22103066,False,False,False,False
20260927,中山,11,11,ルガル,20106851,True,False,True,False
20260927,中山,11,12,ブラックチャリス,23107008,False,False,False,False
20260927,中山,11,13,パンジャタワー,22101732,False,False,True,False
20260927,中山,11,14,ウインカーネリアン,17101429,False,False,True,False
20260927,中山,11,15,フリッカージャブ,22102020,True,False,False,False
20260927,中山,11,16,ピューロマジック,21107058,False,False,False,False
20260927,中山,12,1,アイアムユウシュン,21103204,False,False,False,False
20260927,中山,12,2,ローズカリス,23102991,False,False,False,False
20260927,中山,12,3,ソウルオンファイア,23105899,False,False,False,False
20260927,中山,12,4,イノセントキャット,21104745,False,False,False,False
20260927,中山,12,5,コパノヴィンセント,22107047,False,False,False,False
20260927,中山,12,6,キタノソワレ,21106421,False,False,False,False
20260927,中山,12,7,マーゴットゲイン,22105495,False,False,False,False
20260927,中山,12,8,スプランドゥール,21100623,False,False,False,False
20260927,中山,12,9,ワンダラー,22100071,False,False,False,False
20260927,中山,12,10,カネショウレジェン,22102790,False,False,False,False
20260927,中山,12,11,ホワイトガーベラ,19101295,False,False,False,False
20260927,中山,12,12,ボディブロー,21110057,False,False,False,False
20260927,中山,12,13,ライトニングゼウス,21104058,False,False,False,False
20260927,中山,12,14,クリノオリーブ,21102259,False,False,False,False
20260927,中山,12,15,ランウインディ,21106305,False,False,False,False
20260927,中山,12,16,ポッドソル,22105537,False,False,False,False
20260927,阪神,1,1,テーオードレフォン,19101324,False,False,False,False
20260927,阪神,1,2,タイゲン,19105413,False,False,False,False
20260927,阪神,1,3,モズナイスバディー,21102845,False,False,False,False
20260927,阪神,1,4,テーオーレガシー,20100604,False,False,False,False
20260927,阪神,1,5,ポルトドール,20102728,False,False,False,False
20260927,阪神,1,6,フェスティヴビーム,20102452,False,False,False,False
20260927,阪神,1,7,コスモゴレアドール,19100741,False,False,False,False
20260927,阪神,1,8,ガストン,19105461,False,False,False,False
20260927,阪神,1,9,ソルトチューダ,22105914,False,False,False,False
20260927,阪神,1,10,アウルムレガリア,22103503,False,False,False,False
20260927,阪神,1,11,ベラトール,22102788,False,False,False,False
20260927,阪神,1,12,フジフォンテ,19105759,False,False,False,False
20260927,阪神,2,1,プレシャスタイム,24106140,False,False,False,False
20260927,阪神,2,2,シュプレヒコール,24105437,False,False,False,False
20260927,阪神,2,3,ナイトインチュニス,24102887,False,False,False,False
20260927,阪神,2,4,グルード,24101155,False,False,False,False
20260927,阪神,2,5,セーニョレガーレ,24105735,False,False,False,False
20260927,阪神,2,6,ティエルニート,24104573,False,False,False,False
20260927,阪神,2,7,カローナ,24102953,False,False,False,False
20260927,阪神,2,8,デュアルサイン,24107058,False,False,False,False
20260927,阪神,3,1,ロードメガロポリス,24105312,False,False,False,False
20260927,阪神,3,2,ブックオブケルズ,24106356,True,False,False,False
20260927,阪神,3,3,メイクアマーク,24105033,False,False,False,False
20260927,阪神,3,4,カクシンゴールド,24104076,False,False,False,False
20260927,阪神,3,5,ボーオーブ,24103483,False,False,False,False
20260927,阪神,3,6,ミンコフスキー,24101887,False,False,False,False
20260927,阪神,3,7,ナオミガサイキョウ,24107172,False,False,False,False
20260927,阪神,3,8,ダンスコマンド,24105941,False,False,False,False
20260927,阪神,3,9,セブンサークル,24107019,False,False,False,False
20260927,阪神,4,1,ロクメイカン,24106098,False,False,False,False
20260927,阪神,4,2,ダイナマイク,24106368,False,False,False,False
20260927,阪神,4,3,エトワールハマー,24100737,False,False,False,False
20260927,阪神,4,4,ガリアルダ,24106661,False,False,True,False
20260927,阪神,4,5,ヤマニンイハナ,24103427,False,False,False,False
20260927,阪神,4,6,パーセンタイル,24104857,False,False,False,False
20260927,阪神,4,7,クラリスバローズ,24100018,False,False,False,False
20260927,阪神,5,1,クリスレグナム,24106846,False,False,False,False
20260927,阪神,5,2,エクシプノス,24106155,False,False,False,False
20260927,阪神,5,3,パルスカ,24107090,False,False,False,False
20260927,阪神,5,4,メモリーブック,24102574,False,False,False,False
20260927,阪神,5,5,スパイスオブライフ,24103462,False,False,False,False
20260927,阪神,5,6,ベルジャンブ,24106686,False,False,False,False
20260927,阪神,5,7,ジゼルアリーナ,24103771,False,False,False,False
20260927,阪神,5,8,エターナルバラード,24106505,False,False,False,False
20260927,阪神,5,9,ノーマンデー,24104498,False,False,False,False
20260927,阪神,5,10,チョウサクラ,24105212,False,False,False,False
20260927,阪神,6,1,コンヴィヴィアル,24108223,False,False,False,False
20260927,阪神,6,2,メイショウラリマー,24102532,False,False,False,False
20260927,阪神,6,3,プライムウィザード,24102623,False,False,False,False
20260927,阪神,6,4,オメガマサヤ,24105905,False,False,False,False
20260927,阪神,6,5,サンライズブレイド,24101204,False,False,False,False
20260927,阪神,6,6,ハレムスビ,24101736,False,False,False,False
20260927,阪神,6,7,アメリカンステラ,24108309,False,False,False,False
20260927,阪神,6,8,ロードスピアヘッド,24105272,False,False,False,False
20260927,阪神,6,9,メイショウシガニー,24102301,False,False,False,False
20260927,阪神,6,10,スペクトリオン,24104196,False,False,False,False
20260927,阪神,6,11,イグニアスロック,24106244,False,False,False,False
20260927,阪神,6,12,ファーストステイト,24106740,False,False,False,False
20260927,阪神,6,13,テムスターオー,24104923,False,False,False,False
20260927,阪神,6,14,ノヴァアクレイム,24108210,False,False,False,False
20260927,阪神,6,15,ツーエムブレード,24105672,False,False,False,False
20260927,阪神,6,16,ヤマニンガルブ,24103428,False,False,False,False
20260927,阪神,7,1,ゼンカイナダル,23100267,False,False,False,False
20260927,阪神,7,2,グランデスフィーダ,20104913,False,False,False,False
20260927,阪神,7,3,ムーランオランジュ,23100741,False,False,False,False
20260927,阪神,7,4,バロニアル,23103213,False,False,False,False
20260927,阪神,7,5,ゴメンネジロー,22100819,False,False,False,False
20260927,阪神,7,6,ハグレジョー,23104275,False,False,False,False
20260927,阪神,7,7,メティエダール,21110072,False,False,False,False
20260927,阪神,7,8,エルフェニックス,22104010,False,False,False,False
20260927,阪神,7,9,オウケンブラッド,23106669,False,False,False,False
20260927,阪神,7,10,グリュイエール,23109082,False,False,False,False
20260927,阪神,7,11,ジーヴル,22103521,False,False,False,False
20260927,阪神,7,12,フレットローソ,23103815,False,False,False,False
20260927,阪神,7,13,プレダトゥール,23103171,False,False,False,False
20260927,阪神,7,14,ミッションルース,21101464,False,False,False,False
20260927,阪神,7,15,アメリカンランナー,21110121,False,False,False,False
20260927,阪神,7,16,シークザドリーム,22110156,False,False,False,False
20260927,阪神,8,1,サウンドサンライズ,22105060,False,False,False,False
20260927,阪神,8,2,コウギョク,23104678,False,False,False,False
20260927,阪神,8,3,ダーリンダーリン,23100730,False,False,False,False
20260927,阪神,8,4,テレプシコーラ,22100457,False,False,False,False
20260927,阪神,8,5,ヴィーナスバブル,22102957,False,False,False,False
20260927,阪神,8,6,テンタイムトップ,23103436,False,False,False,False
20260927,阪神,8,7,ドーギッド,22105766,False,False,False,False
20260927,阪神,8,8,ワンダーイロネ,22100200,False,False,False,False
20260927,阪神,8,9,エンベッカ,22104824,False,False,False,False
20260927,阪神,8,10,コニーアイランド,23107283,False,False,True,False
20260927,阪神,8,11,ベネディクション,23106380,False,False,False,False
20260927,阪神,8,12,バースデイフライト,23102906,False,False,False,False
20260927,阪神,9,1,ビップヴォルフ,23105418,False,False,False,False
20260927,阪神,9,2,ブラックオリンピア,23107168,False,False,False,False
20260927,阪神,9,3,シャドウマスター,23103423,False,False,False,False
20260927,阪神,9,4,ニュークレド,22101601,False,False,False,False
20260927,阪神,9,5,バンフィエルド,19104531,False,False,False,False
20260927,阪神,9,6,マテンロウシルビア,22104963,False,False,False,False
20260927,阪神,9,7,メディテラニアン,22105068,False,False,False,False
20260927,阪神,9,8,アットアブラスト,20101323,False,False,False,False
20260927,阪神,9,9,メイショウナルカミ,23106560,False,False,False,False
20260927,阪神,9,10,ドゥラエテルノ,22102722,False,False,False,False
20260927,阪神,9,11,セイキュート,22104850,False,False,False,False
20260927,阪神,10,1,ダンツシタン,23104848,False,False,False,False
20260927,阪神,10,2,ゴッドエスパーダ,22106186,False,False,False,False
20260927,阪神,10,3,リアライズグリント,23103720,False,False,False,False
20260927,阪神,10,4,ラフエイジアン,20104738,False,False,False,False
20260927,阪神,10,5,ジャイアンバローズ,23100922,False,False,False,False
20260927,阪神,10,6,マテンロウブレイブ,22105021,False,False,False,False
20260927,阪神,10,7,バッケンレコード,22102516,False,False,False,False
20260927,阪神,10,8,メイショウコガシラ,20100979,False,False,False,False
20260927,阪神,10,9,マンオブザマッチ,22101677,False,False,False,False
20260927,阪神,10,10,ショウナンバンライ,23107036,False,False,False,False
20260927,阪神,10,11,ポルポラジール,21102993,False,False,False,False
20260927,阪神,10,12,タマモキャリコ,21103197,False,False,False,False
20260927,阪神,11,1,ダノンセンチュリー,22104814,False,False,False,False
20260927,阪神,11,2,エイシンディード,23105505,False,False,False,False
20260927,阪神,11,3,スカイロケット,20103482,False,False,False,False
20260927,阪神,11,4,ヤマニンサンパ,18102020,False,False,False,False
20260927,阪神,11,5,ラケマーダ,20101784,False,False,False,False
20260927,阪神,11,6,アサヒ,19105482,False,False,False,False
20260927,阪神,11,7,アクートゥス,20102625,False,False,False,False
20260927,阪神,11,8,レッドシュヴェルト,20103517,False,False,False,False
20260927,阪神,11,9,ラインベック,17105194,False,False,False,False
20260927,阪神,11,10,サブマリーナ,21106449,False,False,False,False
20260927,阪神,11,11,メイショウシンタケ,18106318,False,False,False,False
20260927,阪神,11,12,ファインライン,21102419,True,False,False,False
20260927,阪神,11,13,インヴォーグ,22104145,False,False,False,False
20260927,阪神,11,14,ショウナンガルフ,23105332,False,False,False,False
20260927,阪神,11,15,ビップデイジー,22105192,False,False,False,False
20260927,阪神,11,16,レディントン,21105926,False,False,False,False
20260927,阪神,12,1,ビルンバウム,21104872,False,False,False,False
20260927,阪神,12,2,タガノヘラクレス,21106544,False,False,False,False
20260927,阪神,12,3,アルベリック,21101554,False,False,False,False
20260927,阪神,12,4,ソウルアンドジャズ,21106694,False,False,False,False
20260927,阪神,12,5,レッドボブ,22105055,False,False,False,False
20260927,阪神,12,6,マクノス,23102252,False,False,False,False
20260927,阪神,12,7,タガノアニマシオン,22106564,False,False,False,False
20260927,阪神,12,8,サンライズオスカー,23106129,False,False,False,False
20260927,阪神,12,9,ポッドフォルク,22100736,False,False,False,False
20260927,阪神,12,10,セイントホース,23103176,False,False,False,False
20260927,阪神,12,11,テンエースワン,21105637,False,False,False,False
20260927,阪神,12,12,エンマ,22102956,False,False,False,False
20261003,京都,1,1,プッシュバーン,24104059,False,False,False,False
20261003,京都,1,2,レッドレヴェリー,24105908,False,False,False,False
20261003,京都,1,3,ダノンアズール,24106361,False,False,False,False
20261003,京都,1,4,アイボリータワー,24108283,False,False,False,False
20261003,京都,1,5,ペアスターロード,24100732,False,False,False,False
20261003,京都,1,6,テーオーライガ,24101216,False,False,False,False
20261003,京都,1,7,スナークモネ,24103038,False,False,False,False
20261003,京都,1,8,ダイユウエゾフジ,24105952,False,False,False,False
20261003,京都,1,9,ニドヅケキンシ,24100498,False,False,False,False
20261003,京都,1,10,ペプチドニンバス,24101729,False,False,False,False
20261003,京都,1,11,ヒルノアラゴン,24103913,False,False,False,False
20261003,京都,1,12,ジャスコヒラリアス,24100358,False,False,False,False
20261003,京都,1,13,ジョルティーニ,24108221,False,False,False,False
20261003,京都,1,14,レゾルートハート,24106981,False,False,False,False
20261003,京都,1,15,ゴールデンレシオ,24104595,False,False,False,False
20261003,京都,2,1,イッペイ,24104442,False,False,False,False
20261003,京都,2,2,レイディアントサン,24102372,False,False,False,False
20261003,京都,2,3,メイショウジェード,24102305,False,False,False,False
20261003,京都,2,4,レイデアルマス,24106436,False,False,False,False
20261003,京都,2,5,コルサロ,24104709,False,False,False,False
20261003,京都,2,6,ワッザイカ,24108108,False,False,False,False
20261003,京都,2,7,リーベラーリア,24106268,False,False,False,False
20261003,京都,2,8,ルーメンルーナエ,24106080,False,False,False,False
20261003,京都,2,9,メイプルルビー,24104535,False,False,False,False
20261003,京都,2,10,ウィクフォード,24106183,False,False,False,False
20261003,京都,3,1,スターフュージョン,23103808,False,False,False,False
20261003,京都,3,2,ワイズギャング,23102208,False,False,False,False
20261003,京都,3,3,メイショウホダワラ,22103237,False,False,False,False
20261003,京都,3,4,トゥインクルピカ,23105262,False,False,False,False
20261003,京都,3,5,インピッシュ,22103469,False,False,False,False
20261003,京都,3,6,チリーゴールド,22104905,False,False,False,False
20261003,京都,3,7,イーブンベター,22106540,False,False,False,False
20261003,京都,3,8,テーオーアンジェラ,23107378,False,False,False,False
20261003,京都,3,9,オンザマーチ,23100956,False,False,False,False
20261003,京都,3,10,リンゲルブルーメ,22105011,False,False,False,False
20261003,京都,3,11,ヒルノプーリア,23106388,False,False,False,False
20261003,京都,3,12,ショウナンラウール,21104242,False,False,False,False
20261003,京都,3,13,キンダープンシュ,23106989,False,False,False,False
20261003,京都,3,14,ダンシングドール,23106127,False,False,False,False
20261003,京都,3,15,ヴァカンツァ,22100416,False,False,False,False
20261003,京都,3,16,ルルフィーユ,21102894,False,False,False,False
20261003,京都,4,1,アルピグレン,24106484,False,False,False,False
20261003,京都,4,2,ハイファイネスト,24106163,False,False,False,False
20261003,京都,4,3,ビヨンドザスカイ,24103486,False,False,False,False
20261003,京都,4,4,タンバゲッコー,24102427,False,False,False,False
20261003,京都,4,5,モンサンブラヴール,24108156,False,False,False,False
20261003,京都,4,6,ガジュノリプリンス,24100729,False,False,False,False
20261003,京都,4,7,ユウキサン,24101320,False,False,False,False
20261003,京都,4,8,デラスゴイガン,24103439,False,False,False,False
20261003,京都,4,9,トラモンターナ,24100443,False,False,False,False
20261003,京都,4,10,サンライズビッグ,24101100,False,False,False,False
20261003,京都,4,11,タガノクレーキング,24103390,False,False,False,False
20261003,京都,4,12,バルチックアンバー,24102811,False,False,False,False
20261003,京都,4,13,ベラジオアゲーラ,24107002,False,False,False,False
20261003,京都,4,14,ロイヤルガミーヌ,24102256,False,False,False,False
20261003,京都,5,1,マルカクラック,24106050,False,False,False,False
20261003,京都,5,2,トロフィーズ,24104670,False,False,False,False
20261003,京都,5,3,ナリタトップライト,24100513,False,False,False,False
20261003,京都,5,4,パンプルネル,24106305,False,False,False,False
20261003,京都,5,5,ウィリーウィリー,24105274,False,False,False,False
20261003,京都,5,6,ガランテリア,24106238,False,False,False,False
20261003,京都,5,7,メイショウソレイユ,24102207,False,False,False,False
20261003,京都,5,8,コスモフィデリタス,24103652,False,False,False,False
20261003,京都,5,9,ディープリメンバー,24101334,False,False,False,False
20261003,京都,5,10,マジュリス,24100216,False,False,False,False
20261003,京都,5,11,レッドシーカー,24106473,False,False,False,False
20261003,京都,5,12,リバティユニバンス,24106917,False,False,False,False
20261003,京都,5,13,サンデーアダチ,24102313,False,False,False,False
20261003,京都,5,14,コスモクレアシオン,24101872,False,False,False,False
20261003,京都,5,15,ポネンテ,24103445,False,False,False,False
20261003,京都,5,16,サンマルボニータ,24102441,False,False,False,False
20261003,京都,6,1,ノンブルドール,23106941,False,False,False,False
20261003,京都,6,2,メイショウショカツ,23101207,False,False,False,False
20261003,京都,6,3,ゴーゴーリチャード,23101399,False,False,False,False
20261003,京都,6,4,ガウディ,23105897,False,False,True,False
20261003,京都,6,5,ロングトールサリー,23106995,False,False,False,False
20261003,京都,6,6,ページターナー,23105287,False,False,False,False
20261003,京都,6,7,アスクメークシェア,20101029,False,False,False,False
20261003,京都,6,8,ダンツウルス,23102901,False,False,False,False
20261003,京都,6,9,クラウディアイ,22100099,False,False,False,False
20261003,京都,6,10,キッコベッロ,23104996,False,False,False,False
20261003,京都,6,11,ロットブラータ,22104688,False,False,False,False
20261003,京都,6,12,ムスクレスト,23104402,False,False,False,False
20261003,京都,6,13,カットソロ,23105404,False,False,False,False
20261003,京都,6,14,サンダーバード,23105292,False,False,False,False
20261003,京都,6,15,コレデヨカロウ,23101414,False,False,False,False
20261003,京都,6,16,リガーレ,22104556,False,False,False,False
20261003,京都,6,17,パラディオン,23106392,False,False,False,False
20261003,京都,7,1,スズノソレイユ,22106673,False,False,False,False
20261003,京都,7,2,テーオーノーベル,22100725,False,False,False,False
20261003,京都,7,3,ジーティーシップ,23106054,False,False,False,False
20261003,京都,7,4,ダノンクロム,20102675,False,False,False,False
20261003,京都,7,5,パンサーズ,23104325,False,False,False,False
20261003,京都,7,6,メイショウハッブル,21102550,False,False,False,False
20261003,京都,7,7,ブロンテス,23104752,False,False,False,False
20261003,京都,7,8,リーグナイト,23106284,False,False,False,False
20261003,京都,7,9,マテンロウミラクル,21105993,False,False,False,False
20261003,京都,7,10,サンライズタイソン,20101597,False,False,False,False
20261003,京都,7,11,フレイムスター,23101577,False,False,False,False
20261003,京都,7,12,クリコファルコン,23101610,False,False,False,False
20261003,京都,7,13,セヴェンヌ,23101062,False,False,False,False
20261003,京都,7,14,ペプチドレオン,23104876,False,False,False,False
20261003,京都,7,15,ゴディアンフィンチ,23103764,False,False,False,False
20261003,京都,7,16,オーライカモン,23105011,False,False,False,False
20261003,京都,8,1,ロゼル,20106415,False,False,False,False
20261003,京都,8,2,エコテーラー,21101116,False,False,False,False
20261003,京都,8,3,オモイヲノセテ,23103996,False,False,False,False
20261003,京都,8,4,サトノアイボリー,23105380,False,False,False,False
20261003,京都,8,5,ブレットパス,23107157,False,False,False,False
20261003,京都,8,6,サミダレナイツ,22101605,False,False,False,False
20261003,京都,8,7,イベントホライゾン,23107287,False,False,False,False
20261003,京都,8,8,ヨシヒロ,22103405,False,False,False,False
20261003,京都,8,9,アクロフェイズ,23106978,False,False,False,False
20261003,京都,8,10,キタノファーンヒル,23104820,False,False,False,False
20261003,京都,8,11,ミカエルパシャ,21101751,False,False,False,False
20261003,京都,9,1,ベニバナ,24104447,False,False,False,False
20261003,京都,9,2,エストレアボニータ,24106882,False,False,False,False
20261003,京都,9,3,ギャルズマインド,24106450,False,False,False,False
20261003,京都,9,4,セイウンリリーナ,24103842,False,False,False,False
20261003,京都,9,5,ショウナンカノア,24106248,False,False,False,False
20261003,京都,9,6,ヴィヴェローネ,24106976,False,False,False,False
20261003,京都,9,7,ラムラベイ,24105758,False,False,False,False
20261003,京都,9,8,ルジュエ,24104751,False,False,False,False
20261003,京都,10,1,ヤマニンシュラ,22106604,False,False,False,False
20261003,京都,10,2,スペシャルナンバー,19103825,False,False,False,False
20261003,京都,10,3,ハヤテノツバサ,22100194,False,False,False,False
20261003,京都,10,4,イマージョン,22104600,False,False,False,False
20261003,京都,10,5,ライジン,20107082,False,False,False,False
20261003,京都,10,6,ウルスクローム,22103630,False,False,False,False
20261003,京都,10,7,メイショウヤーキス,21102573,False,False,False,False
20261003,京都,10,8,アメリカンチケット,21110122,False,False,False,False
20261003,京都,10,9,ビルカール,20105250,False,False,False,False
20261003,京都,10,10,カミーロ,20102027,False,False,False,False
20261003,京都,10,11,テーオーグレーザー,23104562,False,False,False,False
20261003,京都,10,12,トーアジョウトウ,22105905,False,False,False,False
20261003,京都,10,13,ディニトーソ,22104004,False,False,False,False
20261003,京都,10,14,ルクスデイジー,22101127,False,False,False,False
20261003,京都,10,15,ジャーヴィス,20103902,False,False,False,False
20261003,京都,10,16,ギーロカスタル,20104845,False,False,False,False
20261003,京都,11,1,カルチャーデイ,21104556,False,False,False,False
20261003,京都,11,2,ショウナンアビアス,20104597,False,False,False,False
20261003,京都,11,3,タマモイカロス,23103162,False,False,True,False
20261003,京都,11,4,メイショウヨゾラ,21101580,False,False,False,False
20261003,京都,11,5,フィオライア,21101924,False,False,False,False
20261003,京都,11,6,リリージョワ,23105312,False,False,False,False
20261003,京都,11,7,テーオーダヴィンチ,18104633,False,False,False,False
20261003,京都,11,8,レッドエヴァンス,21105880,False,False,False,False
20261003,京都,11,9,タマモブラックタイ,20105400,False,False,False,False
20261003,京都,11,10,ヒシアイラ,23100545,False,False,False,False
20261003,京都,11,11,オタルエバー,19105658,False,False,False,False
20261003,京都,11,12,デイトナモード,20101872,False,False,False,False
20261003,京都,11,13,クラスペディア,22106394,False,False,False,False
20261003,京都,11,14,ヤマニンアルリフラ,21106601,False,False,False,False
20261003,京都,11,15,タガノアラリア,23104313,False,False,False,False
20261003,京都,11,16,フロムダスク,20110133,False,False,False,False
20261003,京都,11,17,ヨシノイースター,18106055,False,False,False,False
20261003,京都,11,18,ディアナザール,22104933,False,False,False,False
20261003,京都,12,1,ヒデノレインボー,19102705,False,False,False,False
20261003,京都,12,2,フクキタテーラー,22104292,False,False,False,False
20261003,京都,12,3,レイザリオ,22104910,False,False,False,False
20261003,京都,12,4,ジーニアスバローズ,20100681,False,False,False,False
20261003,京都,12,5,ワンダーカモン,21100739,False,False,False,False
20261003,京都,12,6,リヒトミューレ,23107295,False,False,False,False
20261003,京都,12,7,タンテドヴィーヴル,22105171,False,False,False,False
20261003,京都,12,8,サルタール,22106617,False,False,False,False
20261003,京都,12,9,オオツカ,23103919,False,False,False,False
20261003,京都,12,10,ショーダンサー,22105885,False,False,False,False
20261003,京都,12,11,ジョータルマエ,20100771,False,False,False,False
20261003,京都,12,12,キングオブフジ,21106164,False,False,False,False
20261003,京都,12,13,メイショウコシュウ,23105032,False,False,False,False
20261003,京都,12,14,システマソラー,23102120,False,False,False,False
20261003,東京,1,1,アークレイリ,24105705,False,False,False,False
20261003,東京,1,2,ディアファザー,24105058,False,False,False,False
20261003,東京,1,3,サードアイ,24107366,False,False,False,False
20261003,東京,1,4,パレスラン,24108276,False,False,False,False
20261003,東京,1,5,ワンダーマーベル,24102598,False,False,False,False
20261003,東京,1,6,ホワイトフレアー,24106066,False,False,False,False
20261003,東京,1,7,ベアヒロシデス,24104466,False,False,False,False
20261003,東京,1,8,セイウンガジュマル,24105391,False,False,False,False
20261003,東京,1,9,ミクニルミナス,24105950,False,False,False,False
20261003,東京,1,10,アオイノリプー,24100715,False,False,False,False
20261003,東京,1,11,ノアヴェルテ,24101356,False,False,False,False
20261003,東京,1,12,カウェーカネム,24100646,False,False,False,False
20261003,東京,1,13,スターフラッシュ,24108240,False,False,False,False
20261003,東京,1,14,ヴェットビルズ,24103763,False,False,False,False
20261003,東京,1,15,ヒゲキリ,24105462,False,False,False,False
20261003,東京,2,1,セイウンオオゾラ,24103837,False,False,False,False
20261003,東京,2,2,ラルコ,24103406,False,False,False,False
20261003,東京,2,3,ゼノスフィア,24105951,False,False,False,False
20261003,東京,2,4,インテルラゴス,24106448,False,False,False,False
20261003,東京,2,5,トパーズプレミア,24103191,False,False,False,False
20261003,東京,2,6,ロゼプレミア,24103201,False,False,False,False
20261003,東京,2,7,スカイミラー,24103169,False,False,False,False
20261003,東京,2,8,シアルナーレ,24105911,False,False,False,False
20261003,東京,2,9,ウカテンセイ,24103179,False,False,False,False
20261003,東京,2,10,ウイニングレイ,24105882,False,False,False,False
20261003,東京,2,11,スターマイン,24104692,False,False,False,False
20261003,東京,3,1,リアシュアー,24103079,False,False,False,False
20261003,東京,3,2,ソードオブステート,24106945,False,False,False,False
20261003,東京,3,3,アオイレイラ,24106475,False,False,False,False
20261003,東京,3,4,ニシノナイトライト,24105564,False,False,False,False
20261003,東京,3,5,ローズガーデン,24103004,False,False,False,False
20261003,東京,3,6,アラネア,24100416,False,False,False,False
20261003,東京,3,7,タンタフェリチア,24101733,False,False,False,False
20261003,東京,3,8,ポッドコーディア,24105931,False,False,False,False
20261003,東京,3,9,クロマメ,24104165,False,False,False,False
20261003,東京,3,10,イレブンローズ,24108216,False,False,False,False
20261003,東京,3,11,アルティマノヴァ,24105737,False,False,False,False
20261003,東京,3,12,マデイラシトリン,24106643,False,False,False,False
20261003,東京,3,13,サニーガッサン,24103546,False,False,False,False
20261003,東京,3,14,ウインドピット,24107233,False,False,False,False
20261003,東京,3,15,サツキマンボ,24102744,False,False,False,False
20261003,東京,3,16,トモジャシャカ,24104838,False,False,False,False
20261003,東京,3,17,バサーニオ,24105544,False,False,False,False
20261003,東京,3,18,フライングビー,24104383,False,False,False,False
20261003,東京,4,1,ゴールドブリーズ,18102196,False,False,False,False
20261003,東京,4,2,メイショウソウセキ,22103255,False,False,False,False
20261003,東京,4,3,ブライトマン,21105007,False,False,False,False
20261003,東京,4,4,エーオーキング,22102738,False,False,False,False
20261003,東京,4,5,グラニットピーク,20103507,False,False,False,False
20261003,東京,4,6,トーアマリシテン,21105335,False,False,False,False
20261003,東京,4,7,ブラックバラード,21103267,False,False,False,False
20261003,東京,4,8,セイウンパシュート,20100233,False,False,False,False
20261003,東京,4,9,サトノエピック,21105271,False,False,False,False
20261003,東京,4,10,ベイビーベリッシモ,22102728,False,False,False,False
20261003,東京,4,11,ハイウェイスター,21106621,False,False,False,False
20261003,東京,4,12,ロードオールライト,21100148,False,False,False,False
20261003,東京,5,1,センチュリースカイ,24108375,False,False,False,False
20261003,東京,5,2,ロードディグニティ,24105288,False,False,False,False
20261003,東京,5,3,ヴァルカモニカ,24106694,False,False,False,False
20261003,東京,5,4,ビタークレス,24102346,False,False,False,False
20261003,東京,5,5,スキエンティア,24103844,False,False,False,False
20261003,東京,5,6,テルケンレンコール,24104463,False,False,False,False
20261003,東京,5,7,アイアンマン,24101318,False,False,False,False
20261003,東京,5,8,ヒシホライゾン,24106170,False,False,False,False
20261003,東京,5,9,サラサシンシアズ,24104331,False,False,False,False
20261003,東京,5,10,ポルターガイスト,24103615,False,False,False,False
20261003,東京,5,11,セイウンウェルス,24102104,False,False,False,False
20261003,東京,6,1,ミヤエスケープ,23102592,False,False,False,False
20261003,東京,6,2,デルマケセラセラ,22105477,False,False,False,False
20261003,東京,6,3,ケイツープラ,23103925,False,False,False,False
20261003,東京,6,4,コウユーニポポニコ,23100757,False,False,False,False
20261003,東京,6,5,マナマカナ,21103135,False,False,False,False
20261003,東京,6,6,ロジザボード,23104017,False,False,False,False
20261003,東京,6,7,チームユートピア,23105429,False,False,False,False
20261003,東京,6,8,クラリネットソナタ,22105585,False,False,False,False
20261003,東京,6,9,オオゾラヒバリ,21101793,False,False,False,False
20261003,東京,6,10,エジプシャンマウ,23107216,False,False,False,False
20261003,東京,6,11,オーシャンステラ,23107206,False,False,False,False
20261003,東京,6,12,フクチャンヒメ,22105494,False,False,False,False
20261003,東京,6,13,ローズブーケ,23100453,False,False,False,False
20261003,東京,6,14,ガンバレベアー,22101141,False,False,False,False
20261003,東京,6,15,オテンバプリンセス,23103913,False,False,False,False
20261003,東京,6,16,キカオクベシ,22109052,False,False,False,False
20261003,東京,7,1,タイキプレジール,23102182,False,False,False,False
20261003,東京,7,2,グリオンヴール,23106883,False,False,False,False
20261003,東京,7,3,アルマロクザン,20100759,False,False,False,False
20261003,東京,7,4,アトリウムチャペル,21105078,False,False,False,False
20261003,東京,7,5,リネンタイリン,23100728,False,False,False,False
20261003,東京,7,6,ノーブルクロンヌ,23103657,False,False,False,False
20261003,東京,7,7,アイアンパイク,23102633,False,False,False,False
20261003,東京,7,8,ナックホワイト,23103885,False,False,False,False
20261003,東京,7,9,ソナタン,22105241,False,False,False,False
20261003,東京,7,10,ダイユウアレグロ,23103298,False,False,False,False
20261003,東京,7,11,ヘルモソブレード,23104991,False,False,False,False
20261003,東京,7,12,リラ,23104412,False,False,False,False
20261003,東京,7,13,ヤジロベエバランス,23106291,False,False,False,False
20261003,東京,7,14,ワディアルリヤハ,23107372,False,False,False,False
20261003,東京,7,15,コルチェスター,22104757,False,False,False,False
20261003,東京,7,16,ピエドゥラパン,23103487,False,False,False,False
20261003,東京,7,17,ニシノイストワール,22107202,False,False,True,False
20261003,東京,7,18,カフェラバー,23107276,False,False,False,False
20261003,東京,8,1,カンレイスキー,22106545,False,False,False,False
20261003,東京,8,2,プレースメント,23103748,False,False,False,False
20261003,東京,8,3,マサッチェハマー,23105077,False,False,False,False
20261003,東京,8,4,ウインドワンピース,20103901,False,False,False,False
20261003,東京,8,5,エドワードバローズ,22105962,False,False,False,False
20261003,東京,8,6,コッレヴェッキオ,21105730,False,False,False,False
20261003,東京,8,7,キングクレオール,21100506,False,False,False,False
20261003,東京,8,8,ピースサイン,23103422,False,False,False,False
20261003,東京,8,9,カシノスパーク,23105779,False,False,False,False
20261003,東京,8,10,ジーティーブラック,23106052,False,False,False,False
20261003,東京,8,11,タキノボリ,22100320,False,False,False,False
20261003,東京,8,12,スターエンブレム,22105130,False,False,False,False
20261003,東京,8,13,オブシディアン,20100307,False,False,False,False
20261003,東京,8,14,コーシューパンジャ,22102769,False,False,False,False
20261003,東京,8,15,ファンタイムギフト,22102378,False,False,False,False
20261003,東京,8,16,サトノシャムロック,22104967,False,False,False,False
20261003,東京,9,1,ディープキング,17104815,False,False,False,False
20261003,東京,9,2,イージーライダー,23102814,False,False,False,False
20261003,東京,9,3,ステラスペース,23104346,False,False,False,False
20261003,東京,9,4,フィールドノート,22107186,False,False,False,False
20261003,東京,9,5,コスモスプモーニ,20101261,False,False,False,False
20261003,東京,9,6,レッドバレンティア,20106413,False,False,False,False
20261003,東京,9,7,ミッキージャンプ,23105274,False,False,False,False
20261003,東京,9,8,ドッグウッド,23101382,False,False,False,False
20261003,東京,9,9,ファムクラジューズ,23106433,False,False,False,False
20261003,東京,9,10,ノビリシマビジョン,22105057,False,False,False,False
20261003,東京,9,11,ホウオウシンデレラ,21103533,False,False,False,False
20261003,東京,9,12,マイネルアレス,22106817,False,False,False,False
20261003,東京,10,1,グーテンベルク,22102391,False,False,False,False
20261003,東京,10,2,モンシュマン,21105054,False,False,False,False
20261003,東京,10,3,ホウオウシェリー,21103486,False,False,False,False
20261003,東京,10,4,セシリエプラージュ,21104941,False,False,False,False
20261003,東京,10,5,レッドキングリー,22105991,False,False,False,False
20261003,東京,10,6,サトミノキラリ,21101429,False,False,False,False
20261003,東京,10,7,チャンネルトンネル,21106369,False,False,False,False
20261003,東京,10,8,ビップジーニー,21105812,False,False,False,False
20261003,東京,10,9,トライアンフパス,23106431,False,False,False,False
20261003,東京,10,10,エヴァンスウィート,21105689,False,False,False,False
20261003,東京,10,11,ブリックワーク,21101382,False,False,False,False
20261003,東京,10,12,フォーゲル,23105273,False,False,False,False
20261003,東京,10,13,コスモサガルマータ,20103881,False,False,False,False
20261003,東京,10,14,ミストレス,22103754,False,False,False,False
20261003,東京,10,15,キタサンダムール,20102310,False,False,False,False
20261003,東京,10,16,コスモアディラート,18110149,False,False,False,False
20261003,東京,10,17,シャイフ,22104985,False,False,False,False
20261003,東京,10,18,ヒシアマン,22104594,False,False,False,False
20261003,東京,11,1,ルヴァレドクール,22100994,False,False,False,False
20261003,東京,11,2,ジンセイ,21104646,False,False,False,False
20261003,東京,11,3,スナッピードレッサ,22110007,False,False,False,False
20261003,東京,11,4,ヘニーガイスト,22104865,False,False,False,False
20261003,東京,11,5,ドンエレクトス,23101269,False,False,False,False
20261003,東京,11,6,ヒルノドゴール,21103786,False,False,False,False
20261003,東京,11,7,トリリオンボーイ,22102493,False,False,False,False
20261003,東京,11,8,メルキオル,22104796,False,False,False,False
20261003,東京,11,9,ヴィヴァン,18102040,False,False,False,False
20261003,東京,11,10,オウギノカナメ,20106873,False,False,False,False
20261003,東京,11,11,ジャスティンアース,21103282,False,False,False,False
20261003,東京,11,12,マピュース,22105467,False,False,False,False
20261003,東京,11,13,フリームファクシ,20103661,False,False,False,False
20261003,東京,11,14,オーブルクール,21103095,False,False,False,False
20261003,東京,11,15,ルージュスタニング,21105775,False,False,False,False
20261003,東京,12,1,ホウオウゴールド,22106011,False,False,False,False
20261003,東京,12,2,エチャケナ,21106673,False,False,False,False
20261003,東京,12,3,エムティエスターテ,22104234,False,False,False,False
20261003,東京,12,4,レーティッシュ,22110152,False,False,False,False
20261003,東京,12,5,トラヴェリンバンド,22104009,False,False,False,False
20261003,東京,12,6,ヘリテージブルーム,23103365,False,False,False,False
20261003,東京,12,7,ゴルデールスカー,20103625,False,False,False,False
20261003,東京,12,8,マジッククッキー,23105092,False,False,False,False
20261003,東京,12,9,フィリップ,21102797,False,False,False,False
20261003,東京,12,10,ショーリバース,23102743,False,False,False,False
20261003,東京,12,11,トーホウキザン,20101764,False,False,False,False
20261003,東京,12,12,ケブランリ,23107382,False,False,False,False
20261003,東京,12,13,メルシージュテーム,22105364,False,False,False,False
20261003,東京,12,14,レッドダンルース,20103189,False,False,False,False
20261003,東京,12,15,タリエシン,20102784,False,False,False,False
20261003,東京,12,16,シホノペルフェット,22104627,False,False,False,False
20261004,京都,1,1,マーズエクレール,24106587,False,False,False,False
20261004,京都,1,2,ベンゲル,24100030,False,False,False,False
20261004,京都,1,3,プリメラエストレラ,24103554,False,False,False,False
20261004,京都,1,4,マーノマエストロ,24106037,False,False,False,False
20261004,京都,1,5,ロードフェルム,24105303,False,False,False,False
20261004,京都,1,6,タガノフリアン,24103382,False,False,False,False
20261004,京都,1,7,ボードゥロレーヌ,24106998,False,False,False,False
20261004,京都,1,8,ジュンヴァグネル,24107194,False,False,False,False
20261004,京都,2,1,レインボースター,24106942,False,False,False,False
20261004,京都,2,2,アイルエクラ,24105099,False,False,False,False
20261004,京都,2,3,ブロッサムスピア,24107052,False,False,False,False
20261004,京都,2,4,キシゲヒーロー,24104614,False,False,False,False
20261004,京都,2,5,テムスピード,24100948,False,False,False,False
20261004,京都,2,6,ジョン,24105038,False,False,False,False
20261004,京都,2,7,ジャンゴッド,24106624,False,False,False,False
20261004,京都,2,8,レイクイーン,24105648,False,False,False,False
20261004,京都,2,9,ラッキーハナコ,24104655,False,False,False,False
20261004,京都,3,1,ミホマル,24101431,False,False,False,False
20261004,京都,3,2,ダイヴ,24100874,False,False,False,False
20261004,京都,3,3,リアルハーン,24102352,False,False,False,False
20261004,京都,3,4,マカロンボイス,24101322,False,False,False,False
20261004,京都,3,5,インユアスカイ,24103353,False,False,False,False
20261004,京都,3,6,スリーオブスペイズ,24108284,False,False,False,False
20261004,京都,3,7,オージーブラック,24101134,False,False,False,False
20261004,京都,3,8,マンノエンプレス,24101394,False,False,False,False
20261004,京都,3,9,アップルペアー,24107251,False,False,False,False
20261004,京都,3,10,ランスオブナイト,24106792,False,False,False,False
20261004,京都,3,11,エリーマイラヴ,24108341,False,False,False,False
20261004,京都,3,12,フェイマスウルフ,24100276,False,False,False,False
20261004,京都,3,13,アマリス,24101482,False,False,False,False
20261004,京都,3,14,タガノゲイル,24103377,False,False,False,False
20261004,京都,3,15,ラムネ,24105614,False,False,False,False
20261004,京都,3,16,ギニー,24102946,False,False,False,False
20261004,京都,4,1,ワンダープレマ,24102541,False,False,False,False
20261004,京都,4,2,バードギール,24100564,False,False,False,False
20261004,京都,4,3,スイートリディア,24106283,False,False,False,False
20261004,京都,4,4,ルシオラ,24105642,False,False,False,False
20261004,京都,4,5,ブライトスクリプト,24105916,False,False,False,False
20261004,京都,4,6,テイケイモエ,24104762,False,False,False,False
20261004,京都,4,7,リリックラヴ,24106227,False,False,False,False
20261004,京都,4,8,ワンダールカ,24102482,False,False,False,False
20261004,京都,4,9,イグナイトフィール,24105750,False,False,False,False
20261004,京都,4,10,シュネルマリス,24104723,False,False,False,False
20261004,京都,4,11,ルージュプリメーロ,24101400,False,False,False,False
20261004,京都,4,12,サウンドアミューズ,24101070,False,False,False,False
20261004,京都,4,13,ルーディン,24101413,False,False,False,False
20261004,京都,4,14,ジャヤ,24100007,False,False,False,False
20261004,京都,4,15,アマスペラーレ,24101163,False,False,False,False
20261004,京都,4,16,ヘヴンインザレイン,24106062,False,False,False,False
20261004,京都,5,1,クラウンソクラテス,24100299,False,False,False,False
20261004,京都,5,2,アンバーライト,24104135,False,False,False,False
20261004,京都,5,3,ジュンキング,24106382,False,False,False,False
20261004,京都,5,4,オミゴト,24105657,False,False,False,False
20261004,京都,5,5,アスクハイタッチ,24102223,False,False,False,False
20261004,京都,5,6,ジーティーギャング,24106422,False,False,False,False
20261004,京都,5,7,シュテルンライト,24102827,False,False,False,False
20261004,京都,5,8,トロカアニマダ,24103593,False,False,False,False
20261004,京都,5,9,ピュティアス,24106555,False,False,False,False
20261004,京都,5,10,ザキノシュガー,24103519,False,False,False,False
20261004,京都,5,11,ジワールドコア,24103199,False,False,False,False
20261004,京都,5,12,タナオルフォーリア,24109036,False,False,False,False
20261004,京都,6,1,タイセイリアル,21101448,False,False,False,False
20261004,京都,6,2,エアアルチーナ,23110084,False,False,False,False
20261004,京都,6,3,メイショウソウテン,23103180,False,False,False,False
20261004,京都,6,4,ブームバップビート,23110070,False,False,False,False
20261004,京都,6,5,エチゴドラゴン,23102810,False,False,False,False
20261004,京都,6,6,ビナハイバン,23104499,False,False,False,False
20261004,京都,6,7,メイショウカスガイ,22102839,False,False,False,False
20261004,京都,6,8,テスタヴェローチェ,23102132,False,False,False,False
20261004,京都,6,9,インディゴ,22101062,False,False,False,False
20261004,京都,6,10,テイエムスターラン,23102582,False,False,False,False
20261004,京都,6,11,ビゾー,22103770,False,False,False,False
20261004,京都,6,12,マーゴットバディ,23105638,False,False,False,False
20261004,京都,6,13,ホウオウストライク,23110105,False,False,False,False
20261004,京都,6,14,ゴンタ,23103245,False,False,False,False
20261004,京都,6,15,サントルドパリ,23103761,False,False,False,False
20261004,京都,6,16,シャインベック,22104392,False,False,False,False
20261004,京都,7,1,ニシノトリビュート,23104703,False,False,False,False
20261004,京都,7,2,グロリアスマーチ,23103680,False,False,False,False
20261004,京都,7,3,ミトノリン,23105185,False,False,False,False
20261004,京都,7,4,マウンテンバローズ,23100942,False,False,False,False
20261004,京都,7,5,ダイイズキャスト,23107539,False,False,False,False
20261004,京都,7,6,ブルズアイプリンス,23104650,False,False,False,False
20261004,京都,7,7,リアルアルバ,23101065,False,False,False,False
20261004,京都,7,8,ペルフェツィオーネ,21106690,False,False,False,False
20261004,京都,7,9,ベルサ,22103473,False,False,False,False
20261004,京都,7,10,ラインピクシー,22103291,False,False,False,False
20261004,京都,7,11,ホーリーステップ,23102145,False,False,False,False
20261004,京都,7,12,アーリントンロウ,22105921,False,False,False,False
20261004,京都,7,13,ラブアイミー,22107258,False,False,False,False
20261004,京都,7,14,ムーンリットアイル,23107269,False,False,False,False
20261004,京都,7,15,アルサック,23105125,False,False,False,False
20261004,京都,7,16,ブルーレース,22106756,False,False,False,False
20261004,京都,7,17,ソリスディエス,22105496,False,False,False,False
20261004,京都,7,18,グリフォン,22103899,False,False,False,False
20261004,京都,8,1,ライトオブヌカタ,23103087,False,False,False,False
20261004,京都,8,2,アメリカンポリス,22110106,False,False,False,False
20261004,京都,8,3,ポッドドンナー,22100018,False,False,False,False
20261004,京都,8,4,サヨノジャンボリー,22106243,False,False,False,False
20261004,京都,8,5,オセアエクスプレス,21104145,False,False,False,False
20261004,京都,8,6,ジューンアゲイン,23101003,False,False,False,False
20261004,京都,8,7,エコロボルト,23110063,False,False,False,False
20261004,京都,8,8,メモリーグラス,20107095,False,False,False,False
20261004,京都,8,9,キタノライブリー,22106471,False,False,False,False
20261004,京都,8,10,ザックザク,22100476,False,False,False,False
20261004,京都,8,11,デアプリームス,23107523,False,False,False,False
20261004,京都,8,12,モンシェリ,21102399,False,False,False,False
20261004,京都,8,13,フェスティヴドレス,23101113,False,False,False,False
20261004,京都,8,14,ランスオブセヘル,21102754,False,False,False,False
20261004,京都,8,15,バックトゥザライト,20102687,False,False,False,False
20261004,京都,8,16,マキシマムビスタ,22103746,False,False,False,False
20261004,京都,9,1,ホウオウアートマン,22104845,False,False,False,False
20261004,京都,9,2,ナムラフッカー,21102510,False,False,False,False
20261004,京都,9,3,レディーミコノス,22105475,False,False,False,False
20261004,京都,9,4,チェルノボーグ,19104732,False,False,False,False
20261004,京都,9,5,キュクヌス,21110088,False,False,False,False
20261004,京都,9,6,キントリヒ,19103885,False,False,False,False
20261004,京都,9,7,カリーニョ,21105585,False,False,False,False
20261004,京都,9,8,ヴィスマール,21105459,False,False,False,False
20261004,京都,9,9,ホウオウスーペリア,20103928,False,False,False,False
20261004,京都,9,10,スズカダブル,20106660,False,False,False,False
20261004,京都,9,11,ローベルクランツ,23107199,False,False,False,False
20261004,京都,9,12,ファームツエンティ,20104491,False,False,False,False
20261004,京都,9,13,リーティアコナル,22110040,False,False,False,False
20261004,京都,9,14,ミュージシャン,22103207,False,False,False,False
20261004,京都,9,15,ミスタージーティー,21105856,False,False,False,False
20261004,京都,9,16,オールセインツ,21104971,False,False,False,False
20261004,京都,9,17,シンゼンカガ,22105345,False,False,False,False
20261004,京都,9,18,ロードフィレール,23105818,False,False,False,False
20261004,京都,10,1,ロードラディウス,20100168,False,False,False,False
20261004,京都,10,2,グッジョブ,20101182,False,False,False,False
20261004,京都,10,3,アガシ,21100653,False,False,False,False
20261004,京都,10,4,ロードアウォード,20100162,False,False,False,False
20261004,京都,10,5,ロードフロンティア,21100161,False,False,False,False
20261004,京都,10,6,ペプチドヤマト,19103605,False,False,False,False
20261004,京都,10,7,メイショウホウレン,21103716,False,False,False,False
20261004,京都,10,8,コンクイスタ,20106557,False,False,False,False
20261004,京都,10,9,エンヤラヴフェイス,21101737,False,False,False,False
20261004,京都,10,10,スマートフォルス,20101707,False,False,False,False
20261004,京都,10,11,ケイアイアニラ,20104228,False,False,False,False
20261004,京都,10,12,サトノカルナバル,22105128,False,False,False,False
20261004,京都,10,13,ドンレパルス,19100553,False,False,False,False
20261004,京都,10,14,ゼットエール,22107278,False,False,False,False
20261004,京都,10,15,ルージュラナキラ,22102434,False,False,False,False
20261004,京都,10,16,エコロエイト,21110104,False,False,False,False
20261004,京都,11,1,ウエストナウ,21106645,False,False,False,False
20261004,京都,11,2,ヴェルテンベルク,20103060,False,False,False,False
20261004,京都,11,3,ディープモンスター,18104475,False,False,False,False
20261004,京都,11,4,ヘデントール,21105521,False,False,False,False
20261004,京都,11,5,ヴェルミセル,20103945,False,False,False,False
20261004,京都,11,6,アクアヴァーナル,21105433,False,False,True,False
20261004,京都,11,7,リビアングラス,20105633,False,False,False,False
20261004,京都,11,8,ミクニインスパイア,22106120,False,False,False,False
20261004,京都,11,9,ミステリーウェイ,18104638,False,False,False,False
20261004,京都,11,10,マイネルエンペラー,20105786,False,False,False,False
20261004,京都,11,11,ファミリータイム,21100651,False,False,False,False
20261004,京都,11,12,エコロディノス,22105073,False,False,False,False
20261004,京都,11,13,サフィラ,21105541,False,False,False,False
20261004,京都,11,14,サヴォーナ,20100734,False,False,False,False
20261004,京都,11,15,メイショウブレゲ,19104091,False,False,False,False
20261004,京都,11,16,ショウナンラプンタ,21105195,False,False,False,False
20261004,京都,11,17,キングスコール,22104207,False,False,False,False
20261004,京都,11,18,ダノンシーマ,22104645,False,False,True,False
20261004,京都,12,1,ファイツオン,21100476,False,False,False,False
20261004,京都,12,2,スイミーユニバンス,20103632,False,False,False,False
20261004,京都,12,3,ジュルナール,22104788,False,False,False,False
20261004,京都,12,4,ガラベイヤ,23107279,False,False,False,False
20261004,京都,12,5,モンサンゴールデン,23104044,False,False,False,False
20261004,京都,12,6,サンライズプルート,20102326,False,False,False,False
20261004,京都,12,7,ロードトレゾール,21100144,False,False,False,False
20261004,京都,12,8,バシレウスシチー,19101643,False,False,False,False
20261004,京都,12,9,トップアタック,23104528,False,False,False,False
20261004,京都,12,10,メイショウゴールド,22103188,False,False,False,False
20261004,京都,12,11,アイニードユー,23101159,False,False,False,False
20261004,京都,12,12,サクセスカラー,21104200,False,False,False,False
20261004,京都,12,13,グッドピース,23110055,False,False,False,False
20261004,京都,12,14,マーゴットミスト,23101632,False,False,False,False
20261004,京都,12,15,マイネルラッシュ,20105803,False,False,False,False
20261004,京都,12,16,スネーフリンガ,22103039,False,False,False,False
20261004,京都,12,17,タマカヅラ,22105623,False,False,False,False
20261004,京都,12,18,ルージュサウダージ,23103721,False,False,False,False
20261004,東京,1,1,オシゴリ,24102325,False,False,False,False
20261004,東京,1,2,セールデュクール,24103622,False,False,False,False
20261004,東京,1,3,ダノンダックス,24106662,False,False,False,False
20261004,東京,1,4,コンフィアル,24105763,False,False,False,False
20261004,東京,1,5,バーチディダーマ,24105208,False,False,False,False
20261004,東京,1,6,ユイノヘラクレス,24105474,False,False,False,False
20261004,東京,1,7,ゴクラクチョウカ,24103032,False,False,False,False
20261004,東京,1,8,ブラックナザレ,24102853,False,False,False,False
20261004,東京,1,9,コスモグリュー,24103603,False,False,False,False
20261004,東京,1,10,ミスティビーコン,24104900,False,False,False,False
20261004,東京,1,11,エピックジャーニー,24103346,False,False,False,False
20261004,東京,1,12,イニシャルポイント,24108217,False,False,False,False
20261004,東京,2,1,ヨドノプレミアム,24102735,False,False,False,False
20261004,東京,2,2,クリガーレ,24102437,False,False,False,False
20261004,東京,2,3,ニシノアナベル,24102786,False,False,False,False
20261004,東京,2,4,ウィルレーヴィア,24106849,False,False,False,False
20261004,東京,2,5,セイウンイーリス,24103860,False,False,False,False
20261004,東京,2,6,ワイズジュエル,24100105,False,False,False,False
20261004,東京,2,7,コックニー,24100652,False,False,False,False
20261004,東京,2,8,クールボビー,24105497,False,False,False,False
20261004,東京,2,9,ピクシーブラスト,24103245,False,False,False,False
20261004,東京,2,10,エーアイクワイ,24103668,False,False,False,False
20261004,東京,2,11,ビップラージャ,24102782,False,False,False,False
20261004,東京,2,12,アテナプロマコス,24100670,False,False,False,False
20261004,東京,2,13,タワーウマザンマイ,24104800,False,False,False,False
20261004,東京,2,14,クラウンロムパイア,24100293,False,False,False,False
20261004,東京,2,15,アイビークロノス,24108317,False,False,False,False
20261004,東京,2,16,ディスペアーホープ,24100615,False,False,False,False
20261004,東京,3,1,ジーティーカグラ,24102550,False,False,False,False
20261004,東京,3,2,コールレスポンス,24106796,False,False,False,False
20261004,東京,3,3,コールドアズアイス,24102162,False,False,False,False
20261004,東京,3,4,オーケーグラン,24102824,False,False,False,False
20261004,東京,3,5,アルヴィットーリア,24101248,False,False,False,False
20261004,東京,3,6,フェデュデスタン,24102205,False,False,False,False
20261004,東京,3,7,マックスプロックス,24106024,False,False,False,False
20261004,東京,3,8,タイザンフクン,24106984,False,False,False,False
20261004,東京,3,9,ヴェントセラーレ,24106966,False,False,False,False
20261004,東京,3,10,エコロゴッド,24107322,False,False,False,False
20261004,東京,3,11,サラサハヤブサ,24104345,False,False,False,False
20261004,東京,3,12,ピュアティアラ,24101205,False,False,False,False
20261004,東京,3,13,シンボリサーブル,24102327,False,False,False,False
20261004,東京,3,14,ワイドヴァラー,24108373,False,False,False,False
20261004,東京,3,15,ドーリック,24105845,False,False,False,False
20261004,東京,3,16,アストロカノン,24102760,False,False,False,False
20261004,東京,4,1,ジェロニモス,21101280,False,False,False,False
20261004,東京,4,2,エンジョイドライブ,22102713,False,False,False,False
20261004,東京,4,3,アップストローク,19104675,False,False,False,False
20261004,東京,4,4,ナスノソナタ,22106544,False,False,False,False
20261004,東京,4,5,ヴェストラン,21100695,False,False,False,False
20261004,東京,4,6,アンノウンウォリア,19100577,False,False,False,False
20261004,東京,4,7,コブラ,19102654,False,False,False,False
20261004,東京,4,8,グランナヴィール,21101779,False,False,False,False
20261004,東京,4,9,キャプテンシー,21105370,False,False,False,False
20261004,東京,4,10,ヒロノゴウカイ,19106700,False,False,False,False
20261004,東京,4,11,フラムリンガム,21104910,False,False,False,False
20261004,東京,4,12,ジュリアスローズ,21103506,False,False,False,False
20261004,東京,4,13,タガノバルコス,19100549,False,False,False,False
20261004,東京,4,14,ルクスマーベリック,21104105,False,False,False,False
20261004,東京,5,1,シダス,24101928,False,False,False,False
20261004,東京,5,2,リントヴルム,24107350,False,False,False,False
20261004,東京,5,3,ロジヴィジョン,24103411,False,False,False,False
20261004,東京,5,4,サトノラディアント,24102239,False,False,False,False
20261004,東京,5,5,シャインシュネル,24104502,False,False,False,False
20261004,東京,5,6,シルバータイガー,24103181,False,False,False,False
20261004,東京,5,7,シルヴァノーブル,24101851,False,False,False,False
20261004,東京,5,8,スズノハヤブサ,24107014,False,False,False,False
20261004,東京,5,9,エメラルドプレミア,24102035,False,False,False,False
20261004,東京,5,10,マイネルユンフェン,24103584,False,False,False,False
20261004,東京,5,11,ピエナモルタル,24100170,False,False,False,False
20261004,東京,5,12,ランパディアス,24106528,False,False,False,False
20261004,東京,6,1,サンデー,24102192,False,False,False,False
20261004,東京,6,2,ゴールドパーティー,24103682,False,False,False,False
20261004,東京,6,3,ドンタククイーン,24105603,False,False,False,False
20261004,東京,6,4,ヘヴンリーワールド,24103194,False,False,False,False
20261004,東京,6,5,ジョーティス,24106141,False,False,False,False
20261004,東京,6,6,レンミッキ,24100094,False,False,False,False
20261004,東京,6,7,ランプリサージュ,24102484,False,False,False,False
20261004,東京,6,8,リリーリリー,24103863,False,False,False,False
20261004,東京,6,9,ウィレマイト,24106317,False,False,False,False
20261004,東京,6,10,シドニーハーバー,24100645,False,False,False,False
20261004,東京,6,11,リプレイハズシ,24109045,False,False,False,False
20261004,東京,6,12,ディアム,24102901,False,False,False,False
20261004,東京,6,13,ニシノメガミサマ,24101683,False,False,False,False
20261004,東京,6,14,ルージュクエーサー,24103405,False,False,False,False
20261004,東京,7,1,シュガーハイ,22104177,False,False,False,False
20261004,東京,7,2,フクシマブリルハム,23105405,False,False,False,False
20261004,東京,7,3,パータリプトラ,23103263,False,False,False,False
20261004,東京,7,4,シンガソング,22107300,False,False,False,False
20261004,東京,7,5,セブンメデュラス,22105035,False,False,False,False
20261004,東京,7,6,タイセイモノリス,23100655,False,False,False,False
20261004,東京,7,7,イサチルシーキング,23107394,False,False,False,False
20261004,東京,7,8,アバレリュウ,22100390,False,False,False,False
20261004,東京,7,9,サルファー,22101673,False,False,False,False
20261004,東京,7,10,ヘルヴェティオス,22104619,False,False,False,False
20261004,東京,7,11,レピュニット,23105208,False,False,False,False
20261004,東京,7,12,ソードマスター,22105415,False,False,False,False
20261004,東京,7,13,ペロ,21103283,False,False,False,False
20261004,東京,7,14,リドルトリガー,22110068,False,False,False,False
20261004,東京,7,15,ブリックンクリック,22105300,False,False,False,False
20261004,東京,7,16,ヴァルボナ,23106721,False,False,False,False
20261004,東京,8,1,ルージュリリック,23103543,False,False,False,False
20261004,東京,8,2,ディヒターリーベ,22105153,False,False,False,False
20261004,東京,8,3,ティラーノ,23101855,False,False,False,False
20261004,東京,8,4,フレンドモナコ,23106197,False,False,False,False
20261004,東京,8,5,テンレディーゴー,23102915,False,False,False,False
20261004,東京,8,6,デリュージョン,22107106,False,False,False,False
20261004,東京,8,7,ディバインウインド,23103452,False,False,False,False
20261004,東京,8,8,フリーヤ,23105849,False,False,False,False
20261004,東京,8,9,モントゥリエ,23105650,False,False,False,False
20261004,東京,8,10,ウインファヴォリ,22106218,False,False,False,False
20261004,東京,8,11,ヤエギリ,22110125,False,False,False,False
20261004,東京,8,12,ソラネルマン,23107087,False,False,False,False
20261004,東京,8,13,ハルノアメ,23104002,False,False,False,False
20261004,東京,8,14,ガールネクストドア,22103326,False,False,False,False
20261004,東京,8,15,ショウナンダイン,23102730,False,False,False,False
20261004,東京,8,16,オメガディコン,23105255,False,False,False,False
20261004,東京,8,17,エナジーショット,22101425,False,False,False,False
20261004,東京,9,1,ララバニュルス,22101405,False,False,False,False
20261004,東京,9,2,レイユール,22101464,False,False,False,False
20261004,東京,9,3,イヌボウノウタゴエ,23103086,False,False,False,False
20261004,東京,9,4,ルージュブリッツ,23101558,False,False,False,False
20261004,東京,9,5,サーナーティオン,21106237,False,False,True,False
20261004,東京,9,6,エイヨーアメジスト,22109145,False,False,False,False
20261004,東京,9,7,セルズパワー,22102052,False,False,False,False
20261004,東京,9,8,メイケイバートン,19104818,False,False,False,False
20261004,東京,9,9,フェルミアーク,23107178,False,False,False,False
20261004,東京,9,10,スペルーチェ,23107352,False,False,False,False
20261004,東京,9,11,ウフドゥウフ,22105257,False,False,False,False
20261004,東京,9,12,ハルオーブ,20104732,False,False,False,False
20261004,東京,9,13,ハクサンイーグル,21100879,False,False,False,False
20261004,東京,9,14,カガラプンツェル,23103036,False,False,False,False
20261004,東京,9,15,ラパンチュール,22107340,False,False,False,False
20261004,東京,10,1,ターコイズフリンジ,21105356,False,False,False,False
20261004,東京,10,2,リネアグローリア,21106757,False,False,False,False
20261004,東京,10,3,ブレトワルダ,22102965,False,False,False,False
20261004,東京,10,4,アラレタバシル,21107192,False,False,False,False
20261004,東京,10,5,オンザムービー,23102455,False,False,False,False
20261004,東京,10,6,クールブロン,20102724,False,False,False,False
20261004,東京,10,7,チュウワチーフ,22110117,False,False,False,False
20261004,東京,10,8,ルグランヴァン,22105775,False,False,False,False
20261004,東京,10,9,ブロッケンボウ,21104479,False,False,False,False
20261004,東京,10,10,トクシーカイザー,20100406,False,False,False,False
20261004,東京,10,11,チギリ,22105429,False,False,False,False
20261004,東京,10,12,ジョディーズマロン,18101989,False,False,False,False
20261004,東京,10,13,スニーカースキル,22105964,False,False,False,False
20261004,東京,10,14,エイブラムス,21100260,False,False,False,False
20261004,東京,10,15,サトミノエンジェル,22101389,False,False,False,False
20261004,東京,10,16,トウカイポワール,21102389,False,False,False,False
20261004,東京,11,1,セイウンハーデス,19102632,False,False,True,False
20261004,東京,11,2,リアライズシリウス,23103604,False,False,False,False
20261004,東京,11,3,レディネス,22104416,False,False,False,False
20261004,東京,11,4,サトノシャイニング,22101420,False,False,False,False
20261004,東京,11,5,クルゼイロドスル,20101813,False,False,False,False
20261004,東京,11,6,ライヒスアドラー,23103687,False,False,False,False
20261004,東京,11,7,ロングラン,18104708,False,False,False,False
20261004,東京,11,8,ビーアストニッシド,19101348,False,False,False,False
20261004,東京,11,9,ドラゴンブースト,22105891,False,False,False,False
20261004,東京,11,10,エルトンバローズ,20100680,False,False,False,False
20261004,東京,11,11,ランスオブカオス,22104401,False,False,False,False
20261004,東京,11,12,レガーロデルシエロ,21105661,False,False,False,False
20261004,東京,11,13,ホウオウビスケッツ,20103941,False,False,False,False
20261004,東京,11,14,レイニング,22104750,False,False,False,False
20261004,東京,11,15,シャンパンカラー,20103075,False,False,False,False
20261004,東京,11,16,アドマイヤクワッズ,23105311,False,False,False,False
20261004,東京,11,17,ダノンエアズロック,21105817,False,False,False,False
20261004,東京,12,1,ジオパーククラウン,20106131,False,False,False,False
20261004,東京,12,2,グレイスザクラウン,22105776,False,False,False,False
20261004,東京,12,3,ナイトスラッガー,21101603,False,False,False,False
20261004,東京,12,4,レッドベルダンス,22104897,False,False,False,False
20261004,東京,12,5,カゼノタカトシ,22107226,False,False,False,False
20261004,東京,12,6,タマモカンパネラ,22104512,False,False,False,False
20261004,東京,12,7,ザーフィル,23110013,False,False,False,False
20261004,東京,12,8,ミクストベリーズ,22110038,False,False,False,False
20261004,東京,12,9,ライジンマル,21101449,False,False,False,False
20261004,東京,12,10,パイシャオピン,22103371,False,False,False,False
20261004,東京,12,11,サンカルミア,21101305,False,False,False,False
20261004,東京,12,12,カロローザ,22105772,False,False,False,False
20261004,東京,12,13,ロケットパンチ,23100514,False,False,False,False
20261004,東京,12,14,ライフゲート,22103778,False,False,False,False
20261004,東京,12,15,ノアヴィヴァーチェ,22102446,False,False,False,False
20261004,東京,12,16,ファイアマン,23101154,False,False,False,False
20261010,京都,1,1,ダンスコマンド,24105941,False,False,False,False
20261010,京都,1,2,リヴァイアサン,24100204,False,False,False,False
20261010,京都,1,3,サンライズビッグ,24101100,False,False,False,False
20261010,京都,1,4,レイルジェット,24105150,False,False,False,False
20261010,京都,1,5,バトゥル,24101739,False,False,False,False
20261010,京都,1,6,ジョイザモーメント,24101882,False,False,False,False
20261010,京都,1,7,ノヴァアクレイム,24108210,False,False,False,False
20261010,京都,1,8,フラッシングルビー,24107045,False,False,False,False
20261010,京都,1,9,パクスフェリーチェ,24107015,False,False,False,False
20261010,京都,1,10,ジェルメーヌ,24107301,False,False,False,False
20261010,京都,1,11,バヤールロック,24106149,False,False,False,False
20261010,京都,1,12,エヴァサンライズ,24101995,False,False,False,False
20261010,京都,1,13,コンヴィヴィアル,24108223,False,False,False,False
20261010,京都,1,14,マコトブリッツ,24102997,False,False,False,False
20261010,京都,2,1,ダノンキューブ,24106180,False,False,True,False
20261010,京都,2,2,コンセルノ,24102197,False,False,False,False
20261010,京都,2,3,イーサンマリーン,24102380,False,False,False,False
20261010,京都,2,4,アヴレディール,24105638,False,False,False,False
20261010,京都,2,5,ジョリーエピキュア,24105896,False,False,False,False
20261010,京都,2,6,リヴィエラヴィル,24105799,False,False,False,False
20261010,京都,2,7,マリナーヴァレイ,24106232,False,False,False,False
20261010,京都,2,8,バティック,24106168,False,False,False,False
20261010,京都,2,9,ルージュプリメーロ,24101400,False,False,False,False
20261010,京都,3,1,ダイヴ,24100874,False,False,False,False
20261010,京都,3,2,ジャンゴッド,24106624,False,False,False,False
20261010,京都,3,3,メイショウリベロ,24101549,False,False,False,False
20261010,京都,3,4,アイオリスパルス,24106991,False,False,False,False
20261010,京都,3,5,シャーロットタウン,24101407,False,False,True,False
20261010,京都,3,6,ドーンレーサー,24105844,False,False,False,False
20261010,京都,3,7,ロックウイズミー,24102159,False,False,False,False
20261010,京都,3,8,プレシャスタイム,24106140,False,False,False,False
20261010,京都,4,1,メイショウウネビ,19104112,False,False,False,False
20261010,京都,4,2,ルドヴィクス,18105213,False,False,False,False
20261010,京都,4,3,ミレニアムヒロイン,21103480,False,False,False,False
20261010,京都,4,4,ホウオウプレシャス,20103939,False,False,False,False
20261010,京都,4,5,ソレルビュレット,21110061,False,False,False,False
20261010,京都,4,6,アスクオンディープ,19101612,False,False,False,False
20261010,京都,4,7,リッケンバッカー,18103590,False,False,False,False
20261010,京都,4,8,ライツフォル,20103398,False,False,False,False
20261010,京都,4,9,パープルアドミラル,20104328,False,False,False,False
20261010,京都,4,10,コスモチプリア,20105774,False,False,False,False
20261010,京都,4,11,シャンドゥレール,20103053,False,False,False,False
20261010,京都,4,12,アメリカンピース,18110131,False,False,False,False
20261010,京都,4,13,ヴェールランス,19104767,False,False,False,False
20261010,京都,4,14,フォージドブリック,21104800,False,False,False,False
20261010,京都,5,1,サラサランラン,24104360,False,False,False,False
20261010,京都,5,2,ハニーベル,24103489,False,False,False,False
20261010,京都,5,3,クインズアンジェロ,24102546,False,False,False,False
20261010,京都,5,4,アイデア,24106722,False,False,False,False
20261010,京都,5,5,ハクサンゲント,24102604,False,False,False,False
20261010,京都,5,6,ドンクラッシュ,24106396,False,False,False,False
20261010,京都,5,7,トゥルーライフ,24106871,False,False,False,False
20261010,京都,5,8,キューティボンド,24106316,False,False,False,False
20261010,京都,5,9,モズモーク,24104917,False,False,False,False
20261010,京都,5,10,テンカ,24102367,False,False,False,False
20261010,京都,5,11,マリアーナ,24104231,False,False,False,False
20261010,京都,5,12,ドマ,24102178,False,False,False,False
20261010,京都,5,13,ワールドプラージュ,24103537,False,False,False,False
20261010,京都,5,14,ジョワイエトワール,24103241,False,False,False,False
20261010,京都,6,1,マイスターシューズ,24100744,False,False,False,False
20261010,京都,6,2,シムサラビン,24109047,False,False,False,False
20261010,京都,6,3,メイショウソウハ,24102053,False,False,False,False
20261010,京都,6,4,カンソウシタイナ,24108336,False,False,True,False
20261010,京都,6,5,ヴァルクシェル,24105646,False,False,False,False
20261010,京都,6,6,スカイランデヴー,24102661,False,False,False,False
20261010,京都,6,7,ロマノフ,24108362,False,False,False,False
20261010,京都,6,8,メイショウビジュー,24102879,False,False,False,False
20261010,京都,6,9,ライフイズアソング,24108374,False,False,False,False
20261010,京都,6,10,ワンダリングスター,24104009,False,False,False,False
20261010,京都,6,11,カムトゥルー,24103480,False,False,False,False
20261010,京都,7,1,ブラックドレス,21101391,False,False,False,False
20261010,京都,7,2,シャフメラン,23103568,False,False,False,False
20261010,京都,7,3,リアンクトワ,21103293,False,False,False,False
20261010,京都,7,4,エイコーンドリーム,23104858,False,False,False,False
20261010,京都,7,5,クイーンズホリデー,23100941,False,False,False,False
20261010,京都,7,6,オヤツノジカン,23107477,False,False,False,False
20261010,京都,7,7,ガールズデイアウト,22101706,False,False,False,False
20261010,京都,7,8,オーケーリアン,23105544,False,False,False,False
20261010,京都,7,9,アンリーベイビー,21103723,False,False,False,False
20261010,京都,7,10,フェロニエール,21105519,False,False,False,False
20261010,京都,7,11,リーチグローリー,23103590,False,False,False,False
20261010,京都,7,12,アーデルリーベ,22104633,False,False,False,False
20261010,京都,7,13,レディーゴール,23100917,False,False,False,False
20261010,京都,7,14,シュネルアンジュ,23102948,False,False,False,False
20261010,京都,7,15,ヒメモモアスク,22102293,False,False,False,False
20261010,京都,7,16,ドリームキャリー,23100063,False,False,False,False
20261010,京都,8,1,ニシノフランケン,24103936,False,False,False,False
20261010,京都,8,2,ホウオウワールド,24106491,False,False,False,False
20261010,京都,8,3,ポルトブルー,24103455,False,False,False,False
20261010,京都,8,4,ゴーイントゥノヴァ,24104681,False,False,False,False
20261010,京都,8,5,ビップヴィーナス,24106124,False,False,False,False
20261010,京都,8,6,ドラゴンバルド,24106649,False,False,False,False
20261010,京都,9,1,デュアルロール,22106189,False,False,False,False
20261010,京都,9,2,アパレイユ,23106321,False,False,False,False
20261010,京都,9,3,チャチャピンク,22104176,False,False,False,False
20261010,京都,9,4,マテンロウミラクル,21105993,False,False,False,False
20261010,京都,9,5,ケイエイト,20103673,False,False,False,False
20261010,京都,9,6,テーオーパーセル,23105435,False,False,False,False
20261010,京都,9,7,グランデスフィーダ,20104913,False,False,False,False
20261010,京都,9,8,エナジーガンツ,22103286,False,False,False,False
20261010,京都,9,9,オウケンブラッド,23106669,False,False,False,False
20261010,京都,9,10,サトノロザリー,23107009,False,False,False,False
20261010,京都,9,11,ウォーターパラディ,22103229,False,False,False,False
20261010,京都,9,12,エシェックオロワ,23103755,False,False,False,False
20261010,京都,9,13,ナムラドロン,23106240,False,False,False,False
20261010,京都,9,14,モズイージス,21102151,False,False,False,False
20261010,京都,9,15,リアルアルバ,23101065,False,False,False,False
20261010,京都,9,16,フィアーブル,23103674,False,False,False,False
20261010,京都,10,1,タガノアンファン,22106555,False,False,False,False
20261010,京都,10,2,ノボリリア,22103058,False,False,False,False
20261010,京都,10,3,ブルーサンセット,22104698,False,False,False,False
20261010,京都,10,4,プチプラージュ,22104050,False,False,False,False
20261010,京都,10,5,アスゴッド,22103704,False,False,False,False
20261010,京都,10,6,エルハーベン,23107169,False,False,True,False
20261010,京都,10,7,アイルドリアン,21105605,False,False,False,False
20261010,京都,10,8,ウチュウノセカイ,23106665,False,False,False,False
20261010,京都,10,9,ヒーローインチーフ,21106661,False,False,False,False
20261010,京都,10,10,ヤマニンレセディ,22106605,False,False,False,False
20261010,京都,10,11,マーゴットラヴミー,23103889,False,False,False,False
20261010,京都,10,12,テーオーシュタイン,22104879,False,False,False,False
20261010,京都,10,13,タナスーペルノーバ,23102661,False,False,False,False
20261010,京都,10,14,キングケープ,23102990,False,False,False,False
20261010,京都,10,15,ワンコールアウェイ,22104180,False,False,False,False
20261010,京都,11,1,ダンツシタン,23104848,False,False,False,False
20261010,京都,11,2,ミカッテヨンデイイ,20103049,False,False,False,False
20261010,京都,11,3,ドラゴン,22105439,False,False,False,False
20261010,京都,11,4,ショウサンジョージ,22102131,False,False,False,False
20261010,京都,11,5,リベッチオ,23107082,False,False,False,False
20261010,京都,11,6,オリーブグリーン,22105694,False,False,False,False
20261010,京都,11,7,テーオールビー,21109027,False,False,False,False
20261010,京都,11,8,メイショウコガシラ,20100979,False,False,False,False
20261010,京都,11,9,ラオラシオン,21105262,False,False,False,False
20261010,京都,11,10,ベルダイナフェロー,21102982,False,False,False,False
20261010,京都,11,11,サイモンシュバリエ,22102223,False,False,False,False
20261010,京都,11,12,ゲキザル,19102102,False,False,False,False
20261010,京都,11,13,サンライズケヴィン,23106546,False,False,False,False
20261010,京都,12,1,リテラシー,23105215,False,False,False,False
20261010,京都,12,2,ゼルダ,23103232,False,False,False,False
20261010,京都,12,3,スレッドザニードル,22102003,False,False,False,False
20261010,京都,12,4,キアヌ,22106585,False,False,False,False
20261010,京都,12,5,ペプチドレオン,23104876,False,False,False,False
20261010,京都,12,6,レイム,21106942,False,False,False,False
20261010,京都,12,7,ガビーズブラザー,22104448,False,False,False,False
20261010,京都,12,8,テーオーカイザー,23101592,False,False,False,False
20261010,京都,12,9,ララバッカナール,21107097,False,False,False,False
20261010,京都,12,10,クリノセーラーマン,23101199,False,False,False,False
20261010,京都,12,11,ダディーズアイル,21104673,False,False,False,False
20261010,京都,12,12,ジャカルタバオ,23104888,False,False,False,False
20261010,京都,12,13,シャープインサイト,23106289,False,False,False,False
20261010,京都,12,14,コンテナライン,22105954,False,False,False,False
20261010,京都,12,15,テイクイットオール,22106647,False,False,False,False
20261010,京都,12,16,モズジェネラル,23105727,False,False,False,False
20261010,東京,1,1,ソットマツモト,24102650,False,False,True,False
20261010,東京,1,2,ディアファザー,24105058,False,False,False,False
20261010,東京,1,3,リングスター,24102009,False,False,False,False
20261010,東京,1,4,ソラティオ,24102461,False,False,False,False
20261010,東京,1,5,ゲンロクコイモヨウ,24107057,False,False,False,False
20261010,東京,1,6,ヴィンチェローズ,24101502,False,False,False,False
20261010,東京,1,7,サイモンオリエント,24102477,False,False,False,False
20261010,東京,1,8,セイカタカキヤチク,24103128,False,False,False,False
20261010,東京,1,9,ラフエルガ,24105946,False,False,False,False
20261010,東京,1,10,ノヴェルアレイア,24102025,False,False,False,False
20261010,東京,1,11,ルスカーレット,24104729,False,False,False,False
20261010,東京,1,12,ポッドエステラ,24102381,False,False,False,False
20261010,東京,1,13,ホシノサミダレ,24100301,False,False,False,False
20261010,東京,1,14,リアスブルー,24106071,False,False,False,False
20261010,東京,1,15,クラウンロムパイア,24100293,False,False,False,False
20261010,東京,1,16,ルスデルカミーノ,24100423,False,False,False,False
20261010,東京,2,1,セレネリオン,24101842,False,False,False,False
20261010,東京,2,2,マーズワース,24102809,False,False,False,False
20261010,東京,2,3,エバーラスティング,24103598,False,False,False,False
20261010,東京,2,4,ラッパースヴィル,24106403,False,False,False,False
20261010,東京,2,5,マイサマーガール,24100868,False,False,False,False
20261010,東京,2,6,フェリスセンダ,24103412,False,False,False,False
20261010,東京,2,7,ローズファミリー,24101760,False,False,False,False
20261010,東京,2,8,ソプラノクイーン,24106878,False,False,False,False
20261010,東京,2,9,ルーチェルナーレ,24103196,False,False,False,False
20261010,東京,2,10,ヴァルフォース,24105987,False,False,False,False
20261010,東京,2,11,ホワイトホール,24104300,False,False,False,False
20261010,東京,2,12,ゴールデンハニビー,24106263,False,False,False,False
20261010,東京,2,13,リアスハート,24107358,False,False,False,False
20261010,東京,3,1,アンドレイア,24102705,False,False,False,False
20261010,東京,3,2,マーゴットパラディ,24101971,False,False,False,False
20261010,東京,3,3,エコロガレル,24101684,False,False,False,False
20261010,東京,3,4,トパーズヘッド,24101845,False,False,False,False
20261010,東京,3,5,フジサンインフレ,24100161,False,False,False,False
20261010,東京,3,6,タイセイリッター,24100824,False,False,False,False
20261010,東京,3,7,サイモントレノ,24104675,False,False,False,False
20261010,東京,3,8,レッジェランツァ,24106982,False,False,False,False
20261010,東京,3,9,ナムラアラバイ,24100828,False,False,False,False
20261010,東京,3,10,ゴルトシェーン,24105499,False,False,False,False
20261010,東京,3,11,ノシェリー,24106085,False,False,False,False
20261010,東京,3,12,プラチナリーフ,24106171,False,False,False,False
20261010,東京,3,13,フレイムオブキング,24105698,False,False,False,False
20261010,東京,3,14,コックコート,24103175,False,False,False,False
20261010,東京,3,15,ディスクリートサム,24100688,False,False,False,False
20261010,東京,3,16,サスケソルトバーン,24102123,False,False,False,False
20261010,東京,4,1,プルメリアビーチ,24105003,False,False,False,False
20261010,東京,4,2,ポッドトリガー,24107188,False,False,False,False
20261010,東京,4,3,トーアレオン,24107103,False,False,False,False
20261010,東京,4,4,エコロヴォルグ,24108339,False,False,True,False
20261010,東京,4,5,クールランナー,24106992,False,False,False,False
20261010,東京,4,6,ジャムセッション,24100453,False,False,False,False
20261010,東京,4,7,タマモチーキー,24101363,False,False,False,False
20261010,東京,4,8,ジェラシックパーク,24102761,False,False,False,False
20261010,東京,4,9,フィルモアイースト,24101918,False,False,False,False
20261010,東京,4,10,ドナラクシュミー,24103388,False,False,False,False
20261010,東京,4,11,ツイストリフト,24108364,False,False,False,False
20261010,東京,4,12,コペルニクス,24107382,False,False,False,False
20261010,東京,4,13,ヴァルガルデーナ,24104969,False,False,False,False
20261010,東京,4,14,ファイティングボス,24103970,False,False,False,False
20261010,東京,4,15,カラメーロ,24100357,False,False,False,False
20261010,東京,4,16,ヴァーヴヴァーヴ,24108342,False,False,False,False
20261010,東京,5,1,サトノカグラ,24106323,False,False,False,False
20261010,東京,5,2,カーラベッリーナ,24105817,False,False,False,False
20261010,東京,5,3,ゲームアビリティー,24103817,False,False,False,False
20261010,東京,5,4,スノーヴァ,24101016,False,False,False,False
20261010,東京,5,5,ルミエールノット,24102135,False,False,False,False
20261010,東京,5,6,リカジョンファンク,24102027,False,False,False,False
20261010,東京,5,7,ルナトレイル,24103902,False,False,False,False
20261010,東京,5,8,アラヤシキ,24102838,False,False,False,False
20261010,東京,5,9,チリチョウズ,24103611,False,False,False,False
20261010,東京,5,10,アスクゴクジョウ,24106369,False,False,False,False
20261010,東京,5,11,リュウゴリーベ,24101892,False,False,False,False
20261010,東京,5,12,チャリンコリン,24101415,False,False,False,False
20261010,東京,6,1,クラウンスティーズ,24100291,False,False,False,False
20261010,東京,6,2,メノルカ,24106868,False,False,False,False
20261010,東京,6,3,セラフィムコード,24101835,False,False,False,False
20261010,東京,6,4,ナムラマシュー,24101624,False,False,False,False
20261010,東京,6,5,レイロウレンズ,24101694,False,False,False,False
20261010,東京,6,6,ルーチェカーロ,24106014,False,False,False,False
20261010,東京,6,7,カゼノロマン,24108291,False,False,False,False
20261010,東京,6,8,フェロックス,24103522,False,False,False,False
20261010,東京,6,9,ブレイクソロ,24106633,False,False,False,False
20261010,東京,6,10,ポートマンロード,24100256,False,False,False,False
20261010,東京,6,11,ジーティーストーム,24102397,False,False,False,False
20261010,東京,6,12,キャンディリヒト,24105282,False,False,False,False
20261010,東京,6,13,ランギヌイ,24106215,False,False,False,False
20261010,東京,6,14,キセキノアスク,24101307,False,False,False,False
20261010,東京,7,1,サーロー,23103873,False,False,False,False
20261010,東京,7,2,ショコラプリン,23105272,False,False,False,False
20261010,東京,7,3,アンディラメナ,23107237,False,False,False,False
20261010,東京,7,4,カルネヴァーレ,21103720,False,False,False,False
20261010,東京,7,5,ケープウィッカム,21105896,False,False,False,False
20261010,東京,7,6,クレマチス,23104393,False,False,False,False
20261010,東京,7,7,ビスケットマリー,22102984,False,False,False,False
20261010,東京,7,8,グロリアス,23102891,False,False,False,False
20261010,東京,7,9,スーパーチャンド,22102286,False,False,False,False
20261010,東京,7,10,ブルーサーマル,23101107,False,False,False,False
20261010,東京,7,11,デルマザオウ,23101367,False,False,False,False
20261010,東京,7,12,ペイトー,23103127,False,False,False,False
20261010,東京,7,13,ミライヘノティアラ,23106113,False,False,False,False
20261010,東京,8,1,コスモアチーブ,22106792,False,False,False,False
20261010,東京,8,2,ランブルスコ,23107013,False,False,False,False
20261010,東京,8,3,イスキオス,22105223,False,False,False,False
20261010,東京,8,4,アローメタル,23107256,False,False,False,False
20261010,東京,8,5,カーロアヴァンティ,21103056,False,False,False,False
20261010,東京,8,6,ウップヘリーア,23107228,False,False,False,False
20261010,東京,8,7,サンクレゾン,23103780,False,False,False,False
20261010,東京,8,8,コスモアルペジオ,23106461,False,False,False,False
20261010,東京,8,9,トルネードアイル,23105308,False,False,False,False
20261010,東京,8,10,ストレートブラック,22103353,False,False,False,False
20261010,東京,8,11,オウケンヴィーナス,21105451,False,False,False,False
20261010,東京,9,1,リュクスパトロール,23105259,False,False,True,False
20261010,東京,9,2,ノクターン,22105118,False,False,False,False
20261010,東京,9,3,ノラリクラリ,22105633,False,False,False,False
20261010,東京,9,4,ビップチェイス,21105763,False,False,False,False
20261010,東京,9,5,レイデラルース,21105475,False,False,False,False
20261010,東京,9,6,キングズトゥルー,22103510,False,False,False,False
20261010,東京,9,7,ジュンツバメガエシ,20103208,False,False,False,False
20261010,東京,9,8,イクリール,21106563,False,False,False,False
20261010,東京,9,9,ノーブルクライ,20102976,False,False,False,False
20261010,東京,10,1,マウントバーノン,22105197,False,False,False,False
20261010,東京,10,2,ユウトザユウト,22110118,False,False,False,False
20261010,東京,10,3,インナーパッション,23103714,False,False,False,False
20261010,東京,10,4,マッドゲイル,23103701,False,False,False,False
20261010,東京,10,5,バタール,22104601,False,False,True,False
20261010,東京,10,6,サイモンルモンド,17106722,False,False,False,False
20261010,東京,10,7,コズミックダンサー,22104740,False,False,False,False
20261010,東京,10,8,ダブルメッセージ,22106337,False,False,False,False
20261010,東京,10,9,レッドリベルタ,21102436,False,False,False,False
20261010,東京,10,10,デールエルバハリ,23106955,False,False,False,False
20261010,東京,10,11,シテフローラル,18105086,False,False,False,False
20261010,東京,10,12,タイキインドラ,22103149,False,False,False,False
20261010,東京,10,13,エーデル,21105321,False,False,False,False
20261010,東京,10,14,ボクマダネムイヨ,23102553,False,False,False,False
20261010,東京,10,15,メイショウジンライ,23103152,False,False,False,False
20261010,東京,10,16,シャローファースト,23107258,False,False,False,False
20261010,東京,11,1,ギブリ,24105852,False,False,False,False
20261010,東京,11,2,デミアン,24108228,False,False,False,False
20261010,東京,11,3,サトノハクマイ,24102281,False,False,False,False
20261010,東京,11,4,アゴルディーノ,24105444,False,False,False,False
20261010,東京,11,5,フィリオソラーレ,24106538,False,False,False,False
20261010,東京,11,6,ベルウッドディープ,24101333,False,False,False,False
20261010,東京,11,7,ニシノトラノスケ,24102993,False,False,False,False
20261010,東京,11,8,グルーヴェンス,24101344,False,False,False,False
20261010,東京,11,9,ジップスパーク,24105893,False,False,False,False
20261010,東京,11,10,アイファーマーリン,24105215,False,False,False,False
20261010,東京,11,11,ハンサム,24104872,False,False,False,False
20261010,東京,12,1,ウルトラハート,23104157,False,False,False,False
20261010,東京,12,2,エコロバロン,23104992,False,False,False,False
20261010,東京,12,3,シュヴァルツシルト,23100359,False,False,False,False
20261010,東京,12,4,トップマジシャン,23105067,False,False,False,False
20261010,東京,12,5,アイファーファイト,19101233,False,False,False,False
20261010,東京,12,6,ブルーユンチェリー,22103011,False,False,False,False
20261010,東京,12,7,ロードフロイデ,22100613,False,False,False,False
20261010,東京,12,8,プレダトゥール,23103171,False,False,False,False
20261010,東京,12,9,マーガレットクレア,23100722,False,False,False,False
20261010,東京,12,10,ゴーゴーパンチ,23103931,False,False,False,False
20261010,東京,12,11,スーパーガール,23102602,False,False,False,False
20261010,東京,12,12,リアライズタキオン,23105224,False,False,False,False
20261010,東京,12,13,フリッシュ,23101231,False,False,False,False
20261010,東京,12,14,インヴェスター,21101647,False,False,False,False
20261010,東京,12,15,ダイオジェナイト,21105432,False,False,False,False
20261010,東京,12,16,ラルフテソーロ,22102269,False,False,False,False
20261011,京都,1,3,コパノキャンペーン,24104870,False,False,False,False
20261011,京都,1,4,サウンドエフォート,24102267,False,False,False,False
20261011,京都,1,6,グランモンターナ,24100742,False,False,False,False
20261011,京都,1,7,スイートモンブラン,24101375,False,False,False,False
20261011,京都,1,8,スティルラブハー,24106517,False,False,False,False
20261011,京都,1,9,タガノレクシア,24103380,False,False,False,False
20261011,京都,1,9,アイルエクラ,24105099,False,False,False,False
20261011,京都,1,10,チョウサクラ,24105212,False,False,False,False
20261011,京都,1,11,ジーティーキャメル,24106948,False,False,False,False
20261011,京都,1,12,トリオハピネス,24104717,False,False,True,False
20261011,京都,1,13,ナムラモモタロー,24102075,False,False,False,False
20261011,京都,1,13,テリオスベラ,24106344,False,False,False,False
20261011,京都,1,14,ヤマトデュノール,24104826,False,False,False,False
20261011,京都,1,14,シガレス,24105402,False,False,False,False
20261011,京都,1,15,ユイパルティ,24108111,False,False,False,False
20261011,京都,2,3,オンユアマークス,24104698,False,False,False,False
20261011,京都,2,5,ジーティールーナ,24104844,False,False,False,False
20261011,京都,2,7,ハヤブサカツオー,24103393,False,False,False,False
20261011,京都,2,7,ツーエムブレード,24105672,False,False,False,False
20261011,京都,2,8,プラトーローザ,24102485,False,False,False,False
20261011,京都,2,8,ウィナーズチェック,24104102,False,False,False,False
20261011,京都,2,9,ルパドゥクール,24105853,False,False,False,False
20261011,京都,2,9,ソウカイファンキー,24105806,False,False,False,False
20261011,京都,2,10,ロードフローリス,24100208,False,False,False,False
20261011,京都,2,10,パーセンタイル,24104857,False,False,False,False
20261011,京都,3,3,アルフェラッツ,24102935,False,False,False,False
20261011,京都,3,6,ギョニソ,24106504,False,False,False,False
20261011,京都,3,7,ダノンエポナ,24104070,False,False,False,False
20261011,京都,3,8,テムバンヴァン,24101641,False,False,False,False
20261011,京都,3,9,ノーブルヴィジョン,24100356,False,False,False,False
20261011,京都,3,10,ヒメハッカ,24106985,False,False,False,False
20261011,京都,3,10,ウインブリーズ,24103078,False,False,False,False
20261011,京都,3,11,ペプチドカトレア,24101725,False,False,False,False
20261011,京都,3,12,マイエスタ,24106465,False,False,False,False
20261011,京都,3,12,アンジュエール,24106801,False,False,False,False
20261011,京都,3,13,メイショウノゾミ,24102861,False,False,False,False
20261011,京都,3,13,クレセンティア,24104271,False,False,False,False
20261011,京都,3,14,メネルブ,24104429,False,False,False,False
20261011,京都,3,15,リバティサンライズ,24101585,False,False,False,False
20261011,京都,3,16,ルージュミスティカ,24106051,False,False,False,False
20261011,京都,3,16,テーオーローズ,24106758,False,False,False,False
20261011,京都,4,3,エナジーグラン,19104108,False,False,False,False
20261011,京都,4,5,サラフィエル,19101464,False,False,False,False
20261011,京都,4,6,ツーエムクロノス,22103651,False,False,False,False
20261011,京都,4,7,トゥデイイズザデイ,19100628,False,False,False,False
20261011,京都,4,7,グロリアラウス,21104830,False,False,False,False
20261011,京都,4,8,ニシノブレイゼスト,22107011,False,False,False,False
20261011,京都,4,8,インターステラ,22103576,False,False,False,False
20261011,京都,4,9,ノーブルスカイ,21102256,False,False,False,False
20261011,京都,4,9,ウインシュクラン,18101615,False,False,False,False
20261011,京都,4,10,ラッキーダイヤ,23101781,False,False,False,False
20261011,京都,5,4,アルバドラータ,24104217,False,False,False,False
20261011,京都,5,6,ジャスティンニース,24102270,False,False,False,False
20261011,京都,5,6,ゴルトクリーガー,24107018,False,False,False,False
20261011,京都,5,7,シルクウォード,24107167,False,False,False,False
20261011,京都,5,7,イムヴァブル,24106812,False,False,False,False
20261011,京都,5,8,アーケントレイル,24106928,False,False,False,False
20261011,京都,5,9,ボワノワール,24101946,False,False,False,False
20261011,京都,5,9,テムルーラー,24100321,False,False,False,False
20261011,京都,5,10,シャカニセッポウ,24104711,False,False,False,False
20261011,京都,5,11,レガーメフォルテ,24103482,False,False,False,False
20261011,京都,5,11,ルーモマカーリ,24106100,False,False,False,False
20261011,京都,6,3,キタノシャカール,23100475,False,False,False,False
20261011,京都,6,5,ココロヅヨサ,23105041,False,False,False,False
20261011,京都,6,7,アルビオン,23103150,False,False,False,False
20261011,京都,6,8,コルヴァス,23104411,False,False,False,False
20261011,京都,6,9,クリュギスト,23104939,False,False,False,False
20261011,京都,6,10,ブラックレジェンド,23100297,False,False,False,False
20261011,京都,6,10,ジャスティンダラス,23102230,False,False,False,False
20261011,京都,6,11,ブルーストレイル,21106078,False,False,False,False
20261011,京都,6,11,ゴールデンスラム,23105008,False,False,False,False
20261011,京都,6,13,ミヤジオズ,23106011,False,False,False,False
20261011,京都,6,13,ダイメイクマモト,23101607,False,False,False,False
20261011,京都,6,14,メイショウオグマ,19104261,False,False,False,False
20261011,京都,6,15,ルファーダ,23104339,False,False,False,False
20261011,京都,6,15,ブレイジングスター,22103644,False,False,False,False
20261011,京都,6,16,レザーアンドレース,23103378,False,False,False,False
20261011,京都,6,16,ハイロード,23102761,False,False,False,False
20261011,京都,7,3,オーシンエス,22101608,False,False,False,False
20261011,京都,7,4,グリュイエール,23109082,False,False,False,False
20261011,京都,7,4,カフジキアッキエレ,20103256,False,False,False,False
20261011,京都,7,6,ダイチノナポリ,23109106,False,False,False,False
20261011,京都,7,8,ブルーミングローズ,22105190,False,False,False,False
20261011,京都,7,9,メイショウハンター,23105033,False,False,False,False
20261011,京都,7,9,サラコスティ,22104793,False,False,False,False
20261011,京都,7,10,ラヴェニュー,23105238,False,False,True,False
20261011,京都,7,10,マイリトルヒーロー,23106785,False,False,False,False
20261011,京都,7,11,ラパンドール,23103580,False,False,False,False
20261011,京都,7,11,カーメルタザイト,21105803,False,False,False,False
20261011,京都,8,2,ヴンダーバール,23107280,False,False,False,False
20261011,京都,8,3,ヴァンアグレアブル,22105058,False,False,False,False
20261011,京都,8,4,エターナルプロミス,22104917,False,False,False,False
20261011,京都,8,8,オデット,22101925,False,False,False,False
20261011,京都,8,9,コスモマルーン,20105350,False,False,False,False
20261011,京都,8,10,オーケアニス,22104883,False,False,False,False
20261011,京都,8,11,ステアハート,22105385,False,False,False,False
20261011,京都,8,12,ハギノコラソン,22100439,False,False,True,False
20261011,京都,8,12,エアニゲラ,22102308,False,False,False,False
20261011,京都,8,13,プウスカンドゥール,20104791,False,False,False,False
20261011,京都,8,14,マクノス,23102252,False,False,False,False
20261011,京都,8,14,ゼットレジーナ,21105919,False,False,False,False
20261011,京都,8,15,ラヴァブル,22104687,False,False,False,False
20261011,京都,8,15,カルミアクラウン,22107317,False,False,False,False
20261011,京都,8,16,ロイスター,23104413,False,False,False,False
20261011,京都,8,16,カスバートテソーロ,22102263,False,False,False,False
20261011,京都,9,4,ストラテージュ,22101536,False,False,False,False
20261011,京都,9,5,クインズシフォン,22103857,False,False,False,False
20261011,京都,9,6,セルヴァンス,22100654,False,False,False,False
20261011,京都,9,8,タカスタカスタカス,23110103,False,False,False,False
20261011,京都,9,8,タイセイディアマン,22107082,False,False,False,False
20261011,京都,9,10,ダノンプリマ,22101434,False,False,False,False
20261011,京都,9,12,フェアリーライズ,23102567,False,False,False,False
20261011,京都,9,12,アオイレーギーナ,22102939,False,False,False,False
20261011,京都,9,13,フレンズプラス,23104539,False,False,False,False
20261011,京都,9,13,バッハアルプゼー,22106923,False,False,False,False
20261011,京都,9,14,メイショウバルク,23101951,False,False,False,False
20261011,京都,9,14,カワキタマナレア,22106169,False,False,False,False
20261011,京都,9,15,ルクスレイモンド,23100670,False,False,False,False
20261011,京都,9,15,パールフロント,22102427,False,False,True,False
20261011,京都,9,16,レッドレベンディス,23101900,False,False,False,False
20261011,京都,9,16,セールヴォラン,21101057,False,False,False,False
20261011,京都,10,2,アルトゥーム,21105746,False,False,False,False
20261011,京都,10,7,アヴィオン,23105847,False,False,False,False
20261011,京都,10,8,スーサンアッシャー,19103898,False,False,False,False
20261011,京都,10,9,トミーバローズ,23103101,False,False,False,False
20261011,京都,10,9,サクセスアイ,20105354,False,False,False,False
20261011,京都,10,11,ハギノアルデバラン,20100976,False,False,True,False
20261011,京都,10,12,フェアリーライク,22106322,False,False,False,False
20261011,京都,10,12,キングメーカー,22102744,False,False,False,False
20261011,京都,10,13,クスクス,21103665,False,False,False,False
20261011,京都,10,14,ミッキージュエリー,22103245,False,False,False,False
20261011,京都,10,14,ノクナレア,22105550,False,False,False,False
20261011,京都,10,15,モアリジット,21104832,False,False,False,False
20261011,京都,10,15,ウォータークラーク,22103345,False,False,False,False
20261011,京都,10,16,モズカトレア,22102123,False,False,False,False
20261011,京都,10,16,エポックヴィーナス,21104153,False,False,False,False
20261011,京都,10,17,リゾートアイランド,23106916,False,False,False,False
20261011,京都,10,17,マトラコーニッシュ,22102500,False,False,False,False
20261011,京都,11,4,パシアンジャン,21104503,False,False,False,False
20261011,京都,11,5,バスタードサフラン,21106610,False,False,False,False
20261011,京都,11,5,タガノバビロン,22106553,False,False,False,False
20261011,京都,11,6,ハナウマビーチ,22102874,False,False,False,False
20261011,京都,11,7,ブルーサン,21106171,False,False,False,False
20261011,京都,11,7,ヴィンセンシオ,22104832,False,False,False,False
20261011,京都,11,8,シュラザック,22102117,False,False,False,False
20261011,京都,11,9,ベルウェザー,21105425,False,False,False,False
20261011,京都,11,11,マリオロード,19101198,False,False,False,False
20261011,京都,11,12,ペイシャモノノフ,20101020,False,False,False,False
20261011,京都,11,13,モックモック,20100061,False,False,False,False
20261011,京都,11,13,メルカントゥール,23105303,False,False,False,False
20261011,京都,11,14,レアンダー,21100836,False,False,False,False
20261011,京都,11,14,ミッキークレスト,21105112,False,False,False,False
20261011,京都,12,5,サトノセプター,23106868,False,False,False,False
20261011,京都,12,6,ダークマルス,23100933,False,False,True,False
20261011,京都,12,7,タイムレスキス,23103766,False,False,False,False
20261011,京都,12,7,ウォーターデライト,23101865,False,False,False,False
20261011,京都,12,8,エグジスタンス,23103155,False,False,False,False
20261011,京都,12,10,ペイシャシス,23102997,False,False,False,False
20261011,京都,12,11,マゲバスピード,23105250,False,False,False,False
20261011,京都,12,12,ミッキーコンドル,22102429,False,False,False,False
20261011,京都,12,13,メイショウトウコウ,23106569,False,False,False,False
20261011,京都,12,13,ドーギッド,22105766,False,False,False,False
20261011,京都,12,14,ルートサーティーン,23103782,False,False,False,False
20261011,京都,12,14,エスティヴァリス,23103615,False,False,False,False
20261011,京都,12,15,ルディシャ,22107091,False,False,False,False
20261011,京都,12,15,ニシノイツキムスメ,22107012,False,False,False,False
20261011,京都,12,16,レインボーステート,23106943,False,False,False,False
20261011,京都,12,16,ウインラウダ,21106206,False,False,False,False
20261011,東京,1,4,アテナプロマコス,24100670,False,False,False,False
20261011,東京,1,5,カンタベリートップ,24107136,False,False,False,False
20261011,東京,1,7,ヴァルブロッサ,24102429,False,False,False,False
20261011,東京,1,8,アイビーナツユメ,24106775,False,False,False,False
20261011,東京,1,9,サンクサンス,24103392,False,False,False,False
20261011,東京,1,10,ステラガーネット,24106348,False,False,False,False
20261011,東京,1,10,キャミソール,24104417,False,False,False,False
20261011,東京,1,11,アイファーエリース,24108140,False,False,False,False
20261011,東京,1,12,フィールザウィル,24107117,False,False,False,False
20261011,東京,1,12,スードランダム,24100640,False,False,False,False
20261011,東京,1,13,フランベリー,24100813,False,False,False,False
20261011,東京,1,13,サンクレセント,24100329,False,False,False,False
20261011,東京,1,14,ベルグラース,24106591,False,False,False,False
20261011,東京,1,14,テンユメノオーロラ,24106055,False,False,False,False
20261011,東京,1,15,ラヴァブルロマン,24100285,False,False,False,False
20261011,東京,1,16,ローブリッター,24102856,False,False,False,False
20261011,東京,2,3,ウインドピット,24107233,False,False,False,False
20261011,東京,2,4,コスモシグナス,24103626,False,False,False,False
20261011,東京,2,6,セイウンウェルス,24102104,False,False,False,False
20261011,東京,2,6,イントゥーザブルー,24102763,False,False,False,False
20261011,東京,2,8,ドナフェリーチェ,24102379,False,False,False,False
20261011,東京,2,8,コスモデュアリズム,24105344,False,False,False,False
20261011,東京,2,9,ニースケンス,24107189,False,False,False,False
20261011,東京,2,10,ニーナラルゴ,24106829,False,False,False,False
20261011,東京,2,10,ドッグズノーズ,24100125,False,False,False,False
20261011,東京,2,11,ノーブルグランツ,24105980,False,False,False,False
20261011,東京,2,12,ミラマルニ,24100799,False,False,False,False
20261011,東京,2,12,イツマデモマツワ,24100480,False,False,False,False
20261011,東京,3,2,カシノデスティニー,24108169,False,False,False,False
20261011,東京,3,2,ヴェルバーニア,24106139,False,False,False,False
20261011,東京,3,5,ディヴァンパーレ,24106550,False,False,False,False
20261011,東京,3,7,ハイランドウインド,24106832,False,False,False,False
20261011,東京,3,8,パッションノーヴァ,24100404,False,False,False,False
20261011,東京,3,9,ハナナ,24108206,False,False,False,False
20261011,東京,3,10,ビップルーチェ,24104028,False,False,False,False
20261011,東京,3,11,マイネルアルディ,24103585,False,False,False,False
20261011,東京,3,11,テイクユアタイム,24103354,False,False,False,False
20261011,東京,3,12,タイセイソアリング,24104576,False,False,False,False
20261011,東京,3,13,マイネルヘルリッヒ,24102470,False,False,False,False
20261011,東京,3,13,ドナズエクリプス,24108020,False,False,False,False
20261011,東京,3,14,モナークスヴァラー,24105883,False,False,False,False
20261011,東京,3,14,マイネルシードル,24103651,False,False,False,False
20261011,東京,4,3,センターサンテ,24104255,False,False,False,False
20261011,東京,4,5,オーバーゼア,24108152,False,False,False,False
20261011,東京,4,6,トラストフィスティ,24103846,False,False,False,False
20261011,東京,4,7,フェスティヴガッツ,24101391,False,False,False,False
20261011,東京,4,9,テールエメール,24104618,False,False,False,False
20261011,東京,4,10,マイオーラ,24107246,False,False,False,False
20261011,東京,4,11,メヌフォーコン,24105313,False,False,False,False
20261011,東京,4,12,ヤマトリンカーン,24103697,False,False,False,False
20261011,東京,4,12,マウンテンジョオー,24104662,False,False,False,False
20261011,東京,4,13,チャームドール,24106206,False,False,False,False
20261011,東京,4,14,リオフラウス,24104855,False,False,False,False
20261011,東京,4,14,ギルデッドグロス,24106274,False,False,False,False
20261011,東京,4,15,レヴフィリア,24107122,False,False,False,False
20261011,東京,4,15,ベアフラッシュ,24102418,False,False,False,False
20261011,東京,4,16,ロードアマデウス,24105308,False,False,False,False
20261011,東京,4,16,ユイノゲリラゴウウ,24107206,False,False,False,False
20261011,東京,5,1,アースグレイジング,24105810,False,False,False,False
20261011,東京,5,2,アインザッツ,24106178,False,False,False,False
20261011,東京,5,5,ソルフィーナ,24106615,False,False,False,False
20261011,東京,5,6,カンキチ,24100575,False,False,True,False
20261011,東京,5,7,ハナコ,24105957,False,False,False,False
20261011,東京,5,8,ホールノート,24106611,False,False,False,False
20261011,東京,5,9,マイネルユンフェン,24103584,False,False,False,False
20261011,東京,5,9,グロリアススマイル,24106412,False,False,False,False
20261011,東京,5,10,ユウミンジザイ,24103200,False,False,False,False
20261011,東京,5,11,ラニアケア,24105859,False,False,False,False
20261011,東京,5,11,ハントクス,24105776,False,False,False,False
20261011,東京,6,3,グラスハーティー,23106350,False,False,False,False
20261011,東京,6,7,ドルンレースツェン,22102791,False,False,False,False
20261011,東京,6,9,パッションディーバ,22101312,False,False,False,False
20261011,東京,6,9,スタートレイン,23103146,False,False,False,False
20261011,東京,6,10,フュルスティン,23100583,False,False,False,False
20261011,東京,6,11,プリプリプリン,23102590,False,False,False,False
20261011,東京,6,11,ティピティーナ,22105376,False,False,False,False
20261011,東京,6,12,ブルームコード,23102378,False,False,False,False
20261011,東京,6,13,ベルメサイア,21103776,False,False,False,False
20261011,東京,6,13,テンハートビート,23104170,False,False,False,False
20261011,東京,6,14,ペンテリコン,22104644,False,False,False,False
20261011,東京,6,14,エスシーレイジュ,23104309,False,False,False,False
20261011,東京,6,15,ミュークチェルシー,22104452,False,False,False,False
20261011,東京,6,15,カーボフリオ,23103404,False,False,False,False
20261011,東京,6,16,ラエトゥス,23106845,False,False,False,False
20261011,東京,6,16,ノアスペシャル,21102784,False,False,False,False
20261011,東京,7,3,ヴァンデスペランス,23107331,False,False,False,False
20261011,東京,7,4,アンシュウマト,23101929,False,False,False,False
20261011,東京,7,5,カーマンライン,21105329,False,False,False,False
20261011,東京,7,6,サマーマッドネス,23110086,False,False,False,False
20261011,東京,7,7,サムワンライクユー,20106974,False,False,False,False
20261011,東京,7,10,ブルーミーティア,23100647,False,False,False,False
20261011,東京,7,10,タイキプレジール,23102182,False,False,False,False
20261011,東京,7,11,ブレスドナイル,22110061,False,False,False,False
20261011,東京,7,12,タケルムサシ,23105177,False,False,False,False
20261011,東京,7,13,ムーランオランジュ,23100741,False,False,False,False
20261011,東京,7,14,ライカ,23104042,False,False,False,False
20261011,東京,7,14,マリブオレンジ,22110134,False,False,False,False
20261011,東京,7,15,ロジリッキー,22106132,False,False,False,False
20261011,東京,7,15,アクアマーズ,23107364,False,False,False,False
20261011,東京,7,16,ワルトシュタイン,23103240,False,False,False,False
20261011,東京,7,16,オブシディアン,20100307,False,False,False,False
20261011,東京,8,2,イブキ,23105248,False,False,False,False
20261011,東京,8,3,イフルジャンス,22105751,False,False,False,False
20261011,東京,8,7,オニノウタゲ,23102525,False,False,False,False
20261011,東京,8,9,サンセットビュー,21104103,False,False,False,False
20261011,東京,8,9,ゴンファロニエーレ,23107093,False,False,False,False
20261011,東京,8,10,ヴォートセレスト,23106843,False,False,False,False
20261011,東京,8,11,アンビアンス,22106634,False,False,False,False
20261011,東京,8,12,オメガストリーム,22105292,False,False,False,False
20261011,東京,8,13,ピースヒロフェイス,21105769,False,False,False,False
20261011,東京,8,14,ペネトレイトゴー,20101916,False,False,False,False
20261011,東京,8,14,ウルフマン,23107045,False,False,False,False
20261011,東京,8,15,ポッドクロス,23103468,False,False,False,False
20261011,東京,8,15,シェンロン,23110053,False,False,False,False
20261011,東京,8,16,ボンボンベイビー,23105371,False,False,False,False
20261011,東京,8,16,パーヴォ,23106440,False,False,False,False
20261011,東京,8,17,マイネルアウルム,22106811,False,False,False,False
20261011,東京,8,17,トラストボス,21106972,False,False,False,False
20261011,東京,9,4,エーデルヴェーグ,22104647,False,False,False,False
20261011,東京,9,5,ジッピーレーサー,17110086,False,False,False,False
20261011,東京,9,5,クールデイトナ,23100504,False,False,False,False
20261011,東京,9,7,ソニックライン,21105871,False,False,False,False
20261011,東京,9,8,ツルマウカタチ,21102106,False,False,False,False
20261011,東京,9,9,クレパスキュラー,23106925,False,False,False,False
20261011,東京,9,10,フミサウンド,20103218,False,False,True,False
20261011,東京,9,10,シャンパンマーク,21105252,False,False,False,False
20261011,東京,9,11,ポペット,23103980,False,False,False,False
20261011,東京,9,11,フジガイフウ,23101566,False,False,False,False
20261011,東京,9,12,レッドレナート,21103145,False,False,False,False
20261011,東京,9,12,エラルディーク,23110006,False,False,False,False
20261011,東京,10,2,アスクアイルビゼア,21102154,False,False,False,False
20261011,東京,10,5,ガンウルフ,20110120,False,False,False,False
20261011,東京,10,6,キョウエイカンセ,21101905,False,False,False,False
20261011,東京,10,7,クインズデネブ,21106328,False,False,False,False
20261011,東京,10,7,カルパ,21105736,False,False,False,False
20261011,東京,10,9,ゴールデンオスカー,21101235,False,False,False,False
20261011,東京,10,10,シャパリュ,21104786,False,False,False,False
20261011,東京,10,11,スペイドアン,21103770,False,False,False,False
20261011,東京,10,12,セギレエルビエント,22105832,False,False,False,False
20261011,東京,10,13,フウセツ,22101626,False,False,False,False
20261011,東京,10,13,エイプリルインパリ,22105381,False,False,False,False
20261011,東京,10,14,メイショウタムシバ,21103268,False,False,False,False
20261011,東京,10,14,サンドブラスト,21106941,False,False,False,False
20261011,東京,10,15,ヤマニンアストロン,21106594,False,False,False,False
20261011,東京,10,16,レッドラパルマ,19101168,False,False,False,False
20261011,東京,10,16,アジアミッション,21100316,False,False,False,False
20261011,東京,11,1,ニシノティアモ,21100244,False,False,False,False
20261011,東京,11,2,チェルビアット,22105778,False,False,False,False
20261011,東京,11,3,クイーンズウォーク,21105414,False,False,False,False
20261011,東京,11,4,クランフォード,21100139,False,False,False,False
20261011,東京,11,5,カネラフィーナ,22104839,False,False,False,False
20261011,東京,11,6,ムイ,22102408,False,False,False,False
20261011,東京,11,7,ミラビリスマジック,21105105,False,False,False,False
20261011,東京,11,8,ルージュソリテール,22105157,False,False,False,False
20261011,東京,11,9,ウイントワイライト,22106232,False,False,False,False
20261011,東京,11,10,セキトバイースト,21103975,False,False,False,False
20261011,東京,11,11,ラヴァンダ,21107098,False,False,False,False
20261011,東京,11,12,ミアネーロ,21105801,False,False,False,False
20261011,東京,11,13,ワタシマツワ,22101412,False,False,False,False
20261011,東京,11,14,ハワイアンティアレ,21105255,False,False,False,False
20261011,東京,11,15,ジョスラン,22104767,False,False,True,False
20261011,東京,11,16,カムニャック,22105402,False,False,False,False
20261011,東京,12,5,キョウエイスレーヴ,22103472,False,False,False,False
20261011,東京,12,5,アルジェンタージョ,21103706,False,False,False,False
20261011,東京,12,6,ジャスティンルマン,23106874,False,False,True,False
20261011,東京,12,8,ズバットマサムネ,21105711,False,False,False,False
20261011,東京,12,8,ジャックナダル,23100803,False,False,False,False
20261011,東京,12,10,ピコテンダー,22110132,False,False,False,False
20261011,東京,12,10,オカメノコイ,22106698,False,False,False,False
20261011,東京,12,11,イノキ,22100757,False,False,False,False
20261011,東京,12,12,マサノユニコーン,22107130,False,False,False,False
20261011,東京,12,13,メイショウドライブ,22102574,False,False,False,False
20261011,東京,12,13,ドントゥザムーン,22101863,False,False,False,False
20261011,東京,12,14,ラインジーク,23101323,False,False,False,False
20261011,東京,12,14,ベルビースタローン,22106389,False,False,False,False
20261011,東京,12,15,レイアポポ,22102103,False,False,False,False
20261011,東京,12,16,レディサン,23104852,False,False,False,False
20261011,東京,12,16,キョウエイカンフ,20100363,False,False,False,False
20261012,京都,1,1,ナイスウーマン,24102335,False,False,False,False
20261012,京都,1,2,ツーエムマドンナ,24104245,False,False,False,False
20261012,京都,1,3,ワインオクロック,24104742,False,False,False,False
20261012,京都,1,4,スマートライナー,24100838,False,False,False,False
20261012,京都,1,5,ウインクローバー,24100762,False,False,False,False
20261012,京都,1,6,シャプシュ,24105431,False,False,False,False
20261012,京都,1,7,セイフェリーチェ,24107426,False,False,False,False
20261012,京都,1,8,サノノマリーナ,24105100,False,False,False,False
20261012,京都,1,9,オンアロール,24104733,False,False,False,False
20261012,京都,1,10,クリコキアナ,24100009,False,False,False,False
20261012,京都,1,11,ルイスイメル,24105051,False,False,False,False
20261012,京都,1,12,ファーストステイト,24106740,False,False,False,False
20261012,京都,1,13,ヴァニーユ,24102756,False,False,False,False
20261012,京都,1,14,パストザクラウン,24104298,False,False,False,False
20261012,京都,1,15,ペンタクルクイーン,24105104,False,False,False,False
20261012,京都,2,1,アテンド,24105295,False,False,False,False
20261012,京都,2,2,サンライズブレイド,24101204,False,False,False,False
20261012,京都,2,3,アントラヴァースト,24101947,False,False,False,False
20261012,京都,2,4,ケイアイトリノ,24103401,False,False,False,False
20261012,京都,2,5,テーオーライガ,24101216,False,False,False,False
20261012,京都,2,6,カフジカニステル,24103510,False,False,False,False
20261012,京都,2,7,メイショウペルル,24105611,False,False,False,False
20261012,京都,2,8,ベヒル,24105551,False,False,False,False
20261012,京都,2,9,フリーレイン,24100681,False,False,False,False
20261012,京都,2,10,ルボワ,24106761,False,False,False,False
20261012,京都,2,11,ホシヲミテルンナ,24100227,False,False,False,False
20261012,京都,2,12,サトノステラ,24100551,False,False,False,False
20261012,京都,3,1,アヴァロン,24101893,False,False,False,False
20261012,京都,3,2,ウォーターケプリ,24102745,False,False,False,False
20261012,京都,3,3,ワッザイカ,24108108,False,False,False,False
20261012,京都,3,4,ムスペルヘイム,24106342,False,False,False,False
20261012,京都,3,5,メイショウスパーク,24102590,False,False,False,False
20261012,京都,3,6,ジャストワナフライ,24105886,False,False,False,False
20261012,京都,3,7,ドリームリボン,24101847,False,False,False,False
20261012,京都,3,8,ジョリープリュム,24103484,False,False,False,False
20261012,京都,3,9,レクリドジョワ,24108368,False,False,False,False
20261012,京都,3,10,ティンタアマレラ,24100673,False,False,False,False
20261012,京都,3,11,エコログレイス,24108329,False,False,True,False
20261012,京都,3,12,エアロクリスタ,24103815,False,False,False,False
20261012,京都,4,1,エクリプスノヴァ,24100776,False,False,False,False
20261012,京都,4,2,メイショウオパール,24102451,False,False,False,False
20261012,京都,4,3,コトダマスティール,24103757,False,False,False,False
20261012,京都,4,4,テーオータイタン,24106022,False,False,False,False
20261012,京都,4,5,マーゴットバサラ,24108380,False,False,False,False
20261012,京都,4,6,ミラクルケリー,24104043,False,False,False,False
20261012,京都,4,7,ロードグレイル,24105318,False,False,False,False
20261012,京都,4,8,ドリームアムニス,24104680,False,False,False,False
20261012,京都,4,9,サンライズサンダー,24105933,False,False,False,False
20261012,京都,4,10,キーチジャンプ,24103085,False,False,False,False
20261012,京都,4,11,ゴールドアーク,24105015,False,False,False,False
20261012,京都,4,12,アメリカンソウル,24108310,False,False,False,False
20261012,京都,4,13,グランビート,24107387,False,False,False,False
20261012,京都,4,14,アシュトン,24101860,False,False,False,False
20261012,京都,4,15,ロータスピーク,24105975,False,False,False,False
20261012,京都,4,16,ヴィクトマインド,24104667,False,False,False,False
20261012,京都,5,1,ドゥラドゥーラ,24100879,False,False,False,False
20261012,京都,5,2,サンティエリュール,24106752,False,False,False,False
20261012,京都,5,3,ナショナルフラッグ,24100290,False,False,False,False
20261012,京都,5,4,ホウオウビースト,24105897,False,False,False,False
20261012,京都,5,5,エコロリンド,24105926,False,False,False,False
20261012,京都,5,6,レインインザスカイ,24103469,False,False,False,False
20261012,京都,5,7,プランシングホース,24101614,False,False,False,False
20261012,京都,5,8,エーゲフレイバー,24102196,False,False,False,False
20261012,京都,5,9,コスモベネチア,24107263,False,False,False,False
20261012,京都,6,1,コパノアクション,24104860,False,False,False,False
20261012,京都,6,2,プリティランサー,24104221,False,False,False,False
20261012,京都,6,3,ベニーバローズ,24102264,False,False,False,False
20261012,京都,6,4,オノイチコマチ,24102641,False,False,False,False
20261012,京都,6,5,エクセレントワード,24105314,False,False,False,False
20261012,京都,6,6,カレンラヴュー,24101441,False,False,False,False
20261012,京都,6,7,クールガモーン,24102411,False,False,False,False
20261012,京都,6,8,ルーチェドンナ,24106619,False,False,False,False
20261012,京都,6,9,エクセルブリーズ,24100765,False,False,False,False
20261012,京都,6,10,ナムラレーヴ,24105425,False,False,False,False
20261012,京都,6,11,クラストムーン,24105300,False,False,False,False
20261012,京都,6,12,メイショウギフト,24102038,False,False,False,False
20261012,京都,7,1,ロックウイズユー,22103143,False,False,False,False
20261012,京都,7,2,アレンスター,23106175,False,False,False,False
20261012,京都,7,3,マジックブルー,21103682,False,False,False,False
20261012,京都,7,4,ハンドフル,23104963,False,False,False,False
20261012,京都,7,5,ゴールドコット,23103315,False,False,False,False
20261012,京都,7,6,タイセイサーブル,23104674,False,False,False,False
20261012,京都,7,7,ドメイン,23105445,False,False,False,False
20261012,京都,7,8,エアフォースワン,19103506,False,False,False,False
20261012,京都,7,9,エイユーファイヤー,22102710,False,False,False,False
20261012,京都,7,10,エクストラプッシュ,23105329,False,False,False,False
20261012,京都,7,11,カイラーサ,23104476,False,False,False,False
20261012,京都,7,12,ダイシンレアレア,22106566,False,False,False,False
20261012,京都,7,13,リオンサーガ,23101586,False,False,False,False
20261012,京都,7,14,セルリアンゲーゲン,21107022,False,False,False,False
20261012,京都,7,15,ジーティーアメリカ,22104654,False,False,False,False
20261012,京都,7,16,タニセンゴールド,23104057,False,False,False,False
20261012,京都,8,1,エレガンシア,22103705,False,False,False,False
20261012,京都,8,2,ヴィーナスバブル,22102957,False,False,False,False
20261012,京都,8,3,ストロベリーツリー,23106887,False,False,False,False
20261012,京都,8,4,テレプシコーラ,22100457,False,False,False,False
20261012,京都,8,5,ウィズクィーン,23103417,False,False,False,False
20261012,京都,8,6,カドーダムール,23107291,False,False,False,False
20261012,京都,8,7,レーヌマロン,22100655,False,False,False,False
20261012,京都,8,8,リトルスカーレット,22104779,False,False,False,False
20261012,京都,8,9,レゼルフォート,23106935,False,False,False,False
20261012,京都,8,10,スリラーナイト,23102494,False,False,False,False
20261012,京都,8,11,ベルシュヴァル,23102376,False,False,False,False
20261012,京都,9,1,イプシロンナンバー,22107301,False,False,False,False
20261012,京都,9,2,ロードソルスティス,22100650,False,False,False,False
20261012,京都,9,3,クロノスバレット,22110123,False,False,False,False
20261012,京都,9,4,ソルチェリア,23102075,False,False,False,False
20261012,京都,9,5,ゼンエスポワール,22110135,False,False,False,False
20261012,京都,9,6,マシン,23105387,False,False,False,False
20261012,京都,9,7,トゥーザムーン,22102700,False,False,False,False
20261012,京都,9,8,シグムンド,21106353,False,False,False,False
20261012,京都,9,9,サザンウォリアー,23101542,False,False,False,False
20261012,京都,9,10,ニホンピロデヴィン,22104214,False,False,False,False
20261012,京都,9,11,レッドボブ,22105055,False,False,False,False
20261012,京都,9,12,テイエムサンレーヴ,23102576,False,False,False,False
20261012,京都,10,1,アンヘリータス,23109164,False,False,False,False
20261012,京都,10,2,カムアップローゼス,23104386,False,False,False,False
20261012,京都,10,3,ハイディージェン,21103821,False,False,False,False
20261012,京都,10,4,エリカアンディーヴ,22110060,False,False,False,False
20261012,京都,10,5,アクセス,23100947,False,False,False,False
20261012,京都,10,6,ウインリベラシオン,22106224,False,False,False,False
20261012,京都,10,7,キシダンチョウ,23106960,False,False,False,False
20261012,京都,10,8,キーウェーブ,21102561,False,False,False,False
20261012,京都,10,9,ミリタリータトゥー,23101180,False,False,True,False
20261012,京都,10,10,ホウオウトランプ,21105886,False,False,False,False
20261012,京都,11,1,ダイヤモンドノット,23105685,False,False,False,False
20261012,京都,11,2,ショウナンザナドゥ,22105071,False,False,False,False
20261012,京都,11,3,レイベリング,20110155,False,False,True,False
20261012,京都,11,4,スズハローム,20105018,False,False,False,False
20261012,京都,11,5,ビッグシーザー,20100896,False,False,False,False
20261012,京都,11,6,ウインマーベル,19100213,False,False,False,False
20261012,京都,11,7,ネオトキオ,20101301,False,False,False,False
20261012,京都,11,8,サンダーストラック,23107053,False,False,False,False
20261012,京都,11,9,オフトレイル,21110031,False,False,False,False
20261012,京都,11,10,ララマセラシオン,21100935,False,False,False,False
20261012,京都,11,11,レザベーション,23103268,False,False,False,False
20261012,京都,11,12,アイサンサン,22103875,False,False,False,False
20261012,京都,11,13,マイネルチケット,22106768,False,False,False,False
20261012,京都,11,14,ワイドラトゥール,21104434,False,False,False,False
20261012,京都,11,15,ジョイフルニュース,22105369,False,False,False,False
20261012,京都,11,16,ランフォーヴァウ,22105291,False,False,False,False
20261012,京都,11,17,ミニトランザット,22105230,False,False,False,False
20261012,京都,11,18,エリカエクスプレス,22103205,False,False,True,False
20261012,京都,12,1,ダイヤモンド,22101456,False,False,False,False
20261012,京都,12,2,レネネト,22110062,False,False,False,False
20261012,京都,12,3,ウェルカムソング,23107545,False,False,False,False
20261012,京都,12,4,キープライジング,21103550,False,False,False,False
20261012,京都,12,5,ジャレッド,23107538,False,False,False,False
20261012,京都,12,6,メリフルアス,23105839,False,False,False,False
20261012,京都,12,7,メイショウアイナ,22110133,False,False,False,False
20261012,京都,12,8,ザングウィル,20110051,False,False,True,False
20261012,京都,12,9,トゥインクルアップ,22100065,False,False,False,False
20261012,京都,12,10,ビービーシナジー,23100552,False,False,False,False
20261012,京都,12,11,テーオーミリカン,22106705,False,False,False,False
20261012,京都,12,12,ベラジオリン,23106968,False,False,False,False
20261012,京都,12,13,ラッキーバック,23100126,False,False,False,False
20261012,京都,12,14,ビスケットアソート,23103517,False,False,False,False
20261012,京都,12,15,マダムイグレイン,22100203,False,False,False,False
20261012,京都,12,16,カネコメファミリー,21104151,False,False,False,False
20261012,東京,1,1,ノーブルフォース,24102994,False,False,False,False
20261012,東京,1,2,トロフィアス,24106772,False,False,False,False
20261012,東京,1,3,ファイアリーボルト,24109080,False,False,False,False
20261012,東京,1,4,オーケーエース,24102821,False,False,False,False
20261012,東京,1,5,ビスクヴィート,24101728,False,False,False,False
20261012,東京,1,6,アンバーバレット,24100448,False,False,False,False
20261012,東京,1,7,ライジングファイト,24108270,False,False,False,False
20261012,東京,1,8,カシノヴィタ,24108106,False,False,False,False
20261012,東京,1,9,ダイチマイスター,24102462,False,False,False,False
20261012,東京,1,10,アドバンスアゲイン,24108024,False,False,False,False
20261012,東京,1,11,エマルタ,24106770,False,False,False,False
20261012,東京,1,12,プリマラクーン,24105137,False,False,False,False
20261012,東京,1,13,ヤマニンスペッキオ,24102784,False,False,False,False
20261012,東京,1,14,キタノエフロレス,24103548,False,False,False,False
20261012,東京,1,15,イトウカカリチョウ,24101687,False,False,False,False
20261012,東京,1,16,ルバルマン,24106013,False,False,False,False
20261012,東京,2,1,クラオルグジェシダ,24100295,False,False,False,False
20261012,東京,2,2,ソニックアイル,24106429,False,False,False,False
20261012,東京,2,3,ベールダウン,24105028,False,False,False,False
20261012,東京,2,4,シンボリサーブル,24102327,False,False,False,False
20261012,東京,2,5,コールオンユー,24105040,False,False,False,False
20261012,東京,2,6,アイレバルバドス,24106840,False,False,False,False
20261012,東京,2,7,コスモティタノ,24102727,False,False,False,False
20261012,東京,2,8,マホロ,24103328,False,False,False,False
20261012,東京,2,9,ナムラジョン,24100987,False,False,False,False
20261012,東京,2,10,ビップラージャ,24102782,False,False,False,False
20261012,東京,2,11,サンレガート,24100210,False,False,False,False
20261012,東京,2,12,フォンターナドーロ,24102622,False,False,True,False
20261012,東京,3,1,ツェルプスト,24103630,False,False,False,False
20261012,東京,3,2,エレスレイプニル,24106831,False,False,False,False
20261012,東京,3,3,ロワデュモンド,24107007,False,False,False,False
20261012,東京,3,4,モンサンラパージュ,24100477,False,False,False,False
20261012,東京,3,5,ラインディーバ,24100942,False,False,False,False
20261012,東京,3,6,マイネルリシャール,24106419,False,False,True,False
20261012,東京,3,7,テングカゼ,24105454,False,False,False,False
20261012,東京,3,8,マルスレジーナ,24106621,False,False,True,False
20261012,東京,3,9,ライカホウ,24106145,False,False,False,False
20261012,東京,3,10,キャッチアップ,24101787,False,False,False,False
20261012,東京,3,11,コスモバルムンク,24103610,False,False,False,False
20261012,東京,4,1,ヒロピアーナ,20105914,False,False,False,False
20261012,東京,4,2,バンデルオーラ,19104915,False,False,False,False
20261012,東京,4,3,ゲレル,22101203,False,False,False,False
20261012,東京,4,4,セイフウサツキ,22101461,False,False,False,False
20261012,東京,4,5,エポカスピーガ,22101532,False,False,False,False
20261012,東京,4,6,クリアクォーツ,22101587,False,False,False,False
20261012,東京,4,7,パワーホール,21100363,False,False,False,False
20261012,東京,4,8,セイウンビッグバン,22100737,False,False,False,False
20261012,東京,4,9,ティムール,20103048,False,False,False,False
20261012,東京,4,10,コトブキヘスペラス,20100209,False,False,False,False
20261012,東京,4,11,スラッシュ,23103189,False,False,False,False
20261012,東京,4,12,シュバルツマサムネ,22104887,False,False,False,False
20261012,東京,4,13,アヴニールドブリエ,20103803,False,False,False,False
20261012,東京,4,14,バトンロード,22103285,False,False,False,False
20261012,東京,5,1,ダンツトリノ,24105504,False,False,False,False
20261012,東京,5,2,スリーエンジェル,24108159,False,False,False,False
20261012,東京,5,3,エリティエ,24100825,False,False,False,False
20261012,東京,5,4,ピコチェリー,24107375,False,False,False,False
20261012,東京,5,5,ジーティーカッサイ,24101516,False,False,False,False
20261012,東京,5,6,フォンテキアーラ,24106242,False,False,False,False
20261012,東京,5,7,エイシンスパニエル,24102376,False,False,False,False
20261012,東京,5,8,プルケル,24103819,False,False,False,False
20261012,東京,5,9,コスモオルト,24103653,False,False,False,False
20261012,東京,5,10,サントシャペル,24106156,False,False,False,False
20261012,東京,5,11,ケイツーラリ,24105353,False,False,False,False
20261012,東京,5,12,スパリエーラ,24105305,False,False,False,False
20261012,東京,6,1,アルタイルテソーロ,24101279,False,False,False,False
20261012,東京,6,2,クシャナーダ,24102377,False,False,False,False
20261012,東京,6,3,ヒミツヘイキ,24105070,False,False,False,False
20261012,東京,6,4,デルマモガミ,24100974,False,False,False,False
20261012,東京,6,5,ツジベン,24102662,False,False,False,False
20261012,東京,6,6,マオスカイシー,24100041,False,False,False,False
20261012,東京,6,7,マインドブレイズ,24107277,False,False,False,False
20261012,東京,6,8,パーレンチャン,24103403,False,False,False,False
20261012,東京,6,9,ニシノイッセン,24103854,False,False,False,False
20261012,東京,6,10,ワイドカリオン,24106112,False,False,False,False
20261012,東京,6,11,シュトラールモルン,24101332,False,False,False,False
20261012,東京,6,12,ドンドキリシマ,24104656,False,False,False,False
20261012,東京,6,13,カンタベリーアップ,24104998,False,False,False,False
20261012,東京,6,14,サノノソルジャー,24101608,False,False,False,False
20261012,東京,6,15,ティキタカ,24102842,False,False,False,False
20261012,東京,6,16,グラスラリー,24105078,False,False,False,False
20261012,東京,7,1,オルブライト,23101644,False,False,False,False
20261012,東京,7,2,ラントレイル,22106359,False,False,False,False
20261012,東京,7,3,ベンメリア,22103321,False,False,False,False
20261012,東京,7,4,エマージェンス,22105448,False,False,False,False
20261012,東京,7,5,サトノリアン,21104155,False,False,False,False
20261012,東京,7,6,アスパラゴ,23100332,False,False,False,False
20261012,東京,7,7,タケルゴールド,21100884,False,False,False,False
20261012,東京,7,8,タマモトリノ,22106199,False,False,False,False
20261012,東京,7,9,エクセルクラウン,23106177,False,False,False,False
20261012,東京,7,10,ターフクリスタル,23104958,False,False,False,False
20261012,東京,7,11,ブレイクザアイス,19103219,False,False,False,False
20261012,東京,7,12,スーパーホース,22100485,False,False,False,False
20261012,東京,7,13,ウィロークリーク,23106981,False,False,False,False
20261012,東京,7,14,カイトヴィント,22102991,False,False,False,False
20261012,東京,7,15,クアッドフォルツァ,23101301,False,False,False,False
20261012,東京,7,16,ベストブラザーズ,23101087,False,False,False,False
20261012,東京,8,1,レガメデルヴェント,24106872,False,False,False,False
20261012,東京,8,2,ユイノリュウギ,24100431,False,False,False,False
20261012,東京,8,3,ハイネスプラウド,24106566,False,False,False,False
20261012,東京,8,4,リーチツモドライチ,24108321,False,False,False,False
20261012,東京,8,5,ウィンターブリーズ,24106106,False,False,False,False
20261012,東京,8,6,ユイノヘラクレス,24105474,False,False,False,False
20261012,東京,9,1,トクシージェネラル,21107279,False,False,False,False
20261012,東京,9,2,ルージュダリア,23105345,False,False,False,False
20261012,東京,9,3,イズルード,22101908,False,False,False,False
20261012,東京,9,4,タイセイアストロ,23103917,False,False,False,False
20261012,東京,9,5,トワニ,23102694,False,False,False,False
20261012,東京,9,6,ハニーオーケストラ,23105811,False,False,False,False
20261012,東京,9,7,チョングク,22104533,False,False,False,False
20261012,東京,9,8,サレジオ,23107014,False,False,False,False
20261012,東京,9,9,ターンザテーブルス,23103820,False,False,False,False
20261012,東京,9,10,マツリダイコ,23103413,False,False,False,False
20261012,東京,9,11,シャオママル,23100776,False,False,True,False
20261012,東京,9,12,ゴバド,23105239,False,False,False,False
20261012,東京,9,13,ヴァイスクレー,22105010,False,False,False,False
20261012,東京,9,14,シックスパック,22102961,False,False,False,False
20261012,東京,10,1,バドリナート,23107278,False,False,False,False
20261012,東京,10,2,ショウナンサムデイ,22105801,False,False,False,False
20261012,東京,10,3,エラン,21105453,False,False,False,False
20261012,東京,10,4,プレシャスデイ,22104859,False,False,False,False
20261012,東京,10,5,オメガナビゲーター,21105247,False,False,False,False
20261012,東京,10,6,ベンサレム,21105352,False,False,False,False
20261012,東京,10,7,バレンタインガール,21102577,False,False,False,False
20261012,東京,10,8,ホウオウアートマン,22104845,False,False,False,False
20261012,東京,10,9,ヴォンフレ,22101227,False,False,False,False
20261012,東京,10,10,ロードガレリア,22100619,False,False,True,False
20261012,東京,10,11,レッドバンデ,22105466,False,False,False,False
20261012,東京,11,1,メイショウハチコウ,23102039,False,False,True,False
20261012,東京,11,2,アスクセクシーモア,22105202,False,False,False,False
20261012,東京,11,3,ニシノレヴナント,20100254,False,False,False,False
20261012,東京,11,4,テリオスララ,22104812,False,False,False,False
20261012,東京,11,5,ボーンディスウェイ,19104658,False,False,False,False
20261012,東京,11,6,ブレイヴロッカー,20102870,False,False,False,False
20261012,東京,11,7,シルトホルン,20105424,False,False,False,False
20261012,東京,11,8,シルブロン,18101348,False,False,False,False
20261012,東京,11,9,ディマイザキッド,21104324,False,False,False,False
20261012,東京,11,10,ジュンブロッサム,19105118,False,False,False,False
20261012,東京,11,11,セイウンプラチナ,19102628,False,False,False,False
20261012,東京,11,12,ジュタ,22104813,False,False,False,False
20261012,東京,11,13,ナムラエイハブ,21102895,False,False,False,False
20261012,東京,11,14,グランドカリナン,20106234,False,False,False,False
20261012,東京,11,15,メリオーレム,21104791,False,False,False,False
20261012,東京,11,16,ミッキーゴールド,22104765,False,False,False,False
20261012,東京,11,17,コスモブッドレア,21106782,False,False,False,False
20261012,東京,11,18,トーセンリョウ,19104711,False,False,False,False
20261012,東京,12,1,ピコレッド,22107272,False,False,False,False
20261012,東京,12,2,ベアハンドキャッチ,23107400,False,False,False,False
20261012,東京,12,3,キイチムーブメント,23101656,False,False,False,False
20261012,東京,12,4,ヴェネチアンキング,23103320,False,False,False,False
20261012,東京,12,5,マルターズドン,23100626,False,False,False,False
20261012,東京,12,6,タイセイブルーム,23100533,False,False,False,False
20261012,東京,12,7,ユイノカタリベ,23106577,False,False,True,False
20261012,東京,12,8,ロードトライデント,23102171,False,False,False,False
20261012,東京,12,9,アヴァランチ,23101495,False,False,False,False
20261012,東京,12,10,アイファージェット,22101114,False,False,False,False
20261012,東京,12,11,エテオクロス,22105459,False,False,False,False
20261012,東京,12,12,カサブランカキッド,20104936,False,False,False,False
20261012,東京,12,13,ノボリフジ,23106626,False,False,False,False
20261012,東京,12,14,ボナーテソーロ,21106361,False,False,False,False
20261012,東京,12,15,アンプイットアップ,23101146,False,False,False,False
20261012,東京,12,16,ブエナディオサ,19106938,False,False,False,False
