年月日,場所,R,馬番,レース名,芝・ダ,距離,馬名,性別,騎手,調教師,所属,父,芝・ダ,コースID,所属,日にち判定,前日判定,水曜日判定,木曜日判定,先週の土曜日判定,先週の日曜日判定,2w前の土曜日判定,2w前の日曜日判定,坂2w前 土 TIME1,坂2w前 土 LAP1,坂2w前 土 LAP2,坂2w前 日 TIME1,坂2w前 日 LAP1,坂2w前 日 LAP2,坂1w前 土 TIME1,坂1w前 土 LAP1,坂1w前 土 LAP2,坂1w前 日 TIME1,坂1w前 日 LAP1,坂1w前 日 LAP2, 坂 水 TIME1, 坂 水 LAP1, 坂 水 LAP2, 坂 水 LAP3, 坂 水 LAP4, 坂 木 TIME1, 坂 木 LAP1, 坂 木 LAP2, 坂 木 LAP3, 坂 木 LAP4, 坂 前日 TIME1,ウ2w前 土 １F,ウ2w前 日 １F,ウ1w前 土 １F,ウ1w前 土 5F,ウ1w前 日 １F,ウ1w前 日 5F,ウ 水 1F,ウ 水 4F,ウ 水 5F,ウ 水 6F,ウ 木 1F,ウ 木 4F,ウ 木 5F,ウ 木 6F,調教師判定,ウ 水1F,ウ 木1F,ウ 1F判定,ウ 前日 5F,水曜日A3,木曜日A3,A3LAP判定,水曜日B3,木曜日B3,B3LAP判定,前日坂路時計,前日坂路TIME１判定,水曜坂路爆速,木曜坂路爆速,坂路爆速判定,水曜地雷ラップ,木曜地雷ラップ,地雷ラップ判定,コース判定,A3高勝率Lap,本命候補判定,相手候補判定,ZI,脚質,枠,レースID,血統登録番号
20261010,京都,1,1,未勝利*,ダ,1800,ダンスコマンド,牡,西村淳也,高橋一哉,栗,マインドユアビスケッツ,1,京都ダ1800,2,46305,ダンスコマンド46304,ダンスコマンド46302,ダンスコマンド46303,ダンスコマンド46298,ダンスコマンド46299,ダンスコマンド46291,ダンスコマンド46292,69.9,16.7,16.9,なし,なし,なし,68.4,16.5,16.6,64,15.4,15.9,なし,なし,なし,なし,なし,なし,なし,なし,なし,なし,67,なし,なし,なし,なし,なし,なし,11.7,54.8,69.9,84.9,なし,なし,なし,なし,なし,なし,なし,なし,なし,なし,なし,なし,なし,なし,なし,なし,なし,なし,なし,なし,なし,なし,なし,FALSE,なし,なし,なし,104,　,1,2.0261E+17,24105941
20261010,京都,1,10,未勝利*,ダ,1800,ジェルメーヌ,牝,田口貫太,中尾秀正,栗,サンダースノー,1,京都ダ1800,2,46305,ジェルメーヌ46304,ジェルメーヌ46302,ジェルメーヌ46303,ジェルメーヌ46298,ジェルメーヌ46299,ジェルメーヌ46291,ジェルメーヌ46292,なし,なし,なし,なし,なし,なし,なし,なし,なし,58.5,13,13.6,なし,なし,なし,なし,なし,なし,なし,なし,なし,なし,69.4,なし,なし,なし,なし,なし,なし,11.9,53.3,68,83.2,なし,なし,なし,なし,なし,なし,なし,なし,なし,なし,なし,なし,なし,なし,なし,なし,なし,なし,なし,なし,なし,なし,なし,FALSE,なし,なし,なし,102,　,6,2.0261E+17,24107301
20261010,京都,1,11,未勝利*,ダ,1800,バヤールロック,牡,幸英明,中村直也,栗,ルーラーシップ,1,京都ダ1800,2,46305,バヤールロック46304,バヤールロック46302,バヤールロック46303,バヤールロック46298,バヤールロック46299,バヤールロック46291,バヤールロック46292,なし,なし,なし,56.1,13.4,13.5,なし,なし,なし,61.9,14.1,15,54.8,13.1,12.7,13.8,15.2,なし,なし,なし,なし,なし,64.2,なし,なし,なし,なし,なし,なし,なし,なし,なし,なし,なし,なし,なし,なし,なし,なし,なし,なし,なし,なし,なし,なし,なし,なし,なし,なし,なし,なし,なし,なし,なし,なし,なし,FALSE,なし,なし,なし,83,　,7,2.0261E+17,24106149
20261010,京都,1,12,未勝利*,ダ,1800,エヴァサンライズ,牝,藤懸貴志,石坂公一,栗,コパノリッキー,1,京都ダ1800,2,46305,エヴァサンライズ46304,エヴァサンライズ46302,エヴァサンライズ46303,エヴァサンライズ46298,エヴァサンライズ46299,エヴァサンライズ46291,エヴァサンライズ46292,66.9,16.3,16.8,64.4,15.3,15.9,63.5,15,15.1,なし,なし,なし,58,13.5,13.9,14.5,16.1,なし,なし,なし,なし,なし,63,なし,なし,なし,なし,13.9,73.8,なし,なし,なし,なし,なし,なし,なし,なし,なし,なし,なし,なし,なし,なし,なし,なし,なし,なし,なし,なし,なし,なし,なし,なし,なし,なし,なし,FALSE,なし,なし,なし,92,　,7,2.0261E+17,24101995
20261010,京都,1,13,未勝利*,ダ,1800,コンヴィヴィアル,牡,池添謙一,河嶋宏樹,栗,Charlatan,1,京都ダ1800,2,46305,コンヴィヴィアル46304,コンヴィヴィアル46302,コンヴィヴィアル46303,コンヴィヴィアル46298,コンヴィヴィアル46299,コンヴィヴィアル46291,コンヴィヴィアル46292,なし,なし,なし,なし,なし,なし,なし,なし,なし,なし,なし,なし,55.4,12.8,13.2,14.3,15.1,なし,なし,なし,なし,なし,なし,なし,なし,なし,なし,なし,なし,なし,なし,なし,なし,なし,なし,なし,なし,なし,なし,なし,なし,なし,なし,なし,なし,なし,なし,なし,なし,なし,なし,なし,なし,なし,なし,なし,FALSE,なし,なし,なし,93,　,8,2.0261E+17,24108223
20261010,京都,1,14,未勝利*,ダ,1800,マコトブリッツ,牡,富田暁,武英智,栗,ダノンレジェンド,1,京都ダ1800,2,46305,マコトブリッツ46304,マコトブリッツ46302,マコトブリッツ46303,マコトブリッツ46298,マコトブリッツ46299,マコトブリッツ46291,マコトブリッツ46292,69.6,16.6,16.9,65.6,15.3,15.5,56.1,13.1,13.3,なし,なし,なし,52.7,12.8,12.4,13,14.5,なし,なし,なし,なし,なし,65.6,なし,なし,なし,なし,なし,なし,なし,なし,なし,なし,なし,なし,なし,なし,FALSE,なし,なし,なし,なし,なし,なし,なし,なし,なし,なし,なし,なし,なし,なし,なし,なし,なし,なし,FALSE,なし,なし,なし,109,　,8,2.0261E+17,24102997
20261010,京都,1,2,未勝利*,ダ,1800,リヴァイアサン,牡,坂井瑠星,四位洋文,栗,マインドユアビスケッツ,1,京都ダ1800,2,46305,リヴァイアサン46304,リヴァイアサン46302,リヴァイアサン46303,リヴァイアサン46298,リヴァイアサン46299,リヴァイアサン46291,リヴァイアサン46292,65.8,15.2,15.7,なし,なし,なし,67.1,16.2,17.2,なし,なし,なし,なし,なし,なし,なし,なし,なし,なし,なし,なし,なし,65.5,なし,12.7,なし,なし,12.1,80.3,12.2,55.5,71.1,87.5,なし,なし,なし,なし,FALSE,なし,なし,なし,なし,なし,なし,なし,なし,なし,なし,なし,なし,なし,なし,なし,なし,なし,なし,FALSE,なし,なし,なし,93,　,2,2.0261E+17,24100204
20261010,京都,1,3,未勝利*,ダ,1800,サンライズビッグ,牡,Ｍ．デム,安田翔伍,栗,オメガパフューム,1,京都ダ1800,2,46305,サンライズビッグ46304,サンライズビッグ46302,サンライズビッグ46303,サンライズビッグ46298,サンライズビッグ46299,サンライズビッグ46291,サンライズビッグ46292,なし,なし,なし,58.4,14.5,13.3,なし,なし,なし,なし,なし,なし,なし,なし,なし,なし,なし,なし,なし,なし,なし,なし,63.9,なし,なし,なし,なし,なし,なし,なし,なし,なし,なし,なし,なし,なし,なし,FALSE,なし,なし,なし,なし,なし,なし,なし,なし,なし,なし,なし,なし,なし,なし,なし,なし,なし,なし,FALSE,なし,なし,なし,99,　,3,2.0261E+17,24101100
20261010,京都,1,4,未勝利*,ダ,1800,レイルジェット,牡,松若風馬,藤野健太,栗,キズナ,1,京都ダ1800,2,46305,レイルジェット46304,レイルジェット46302,レイルジェット46303,レイルジェット46298,レイルジェット46299,レイルジェット46291,レイルジェット46292,なし,なし,なし,なし,なし,なし,なし,なし,なし,58.8,14.2,14.2,56.6,12.8,13.1,14.2,16.5,なし,なし,なし,なし,なし,なし,なし,なし,なし,なし,なし,なし,なし,なし,なし,なし,なし,なし,なし,なし,なし,なし,なし,なし,なし,なし,なし,なし,なし,なし,なし,なし,なし,なし,なし,なし,なし,なし,なし,FALSE,なし,なし,なし,92,　,3,2.0261E+17,24105150
20261010,京都,1,5,未勝利*,ダ,1800,バトゥル,牡,小沢大仁,浜田多実,栗,カレンブラックヒル,1,京都ダ1800,2,46305,バトゥル46304,バトゥル46302,バトゥル46303,バトゥル46298,バトゥル46299,バトゥル46291,バトゥル46292,なし,なし,なし,65.8,16.7,15.4,なし,なし,なし,なし,なし,なし,56.8,13.2,13.9,14.4,15.3,なし,なし,なし,なし,なし,66.1,なし,なし,なし,なし,なし,なし,なし,なし,なし,なし,なし,なし,なし,なし,なし,なし,なし,なし,なし,なし,なし,なし,なし,なし,なし,なし,なし,なし,なし,なし,なし,なし,なし,FALSE,なし,なし,なし,100,　,4,2.0261E+17,24101739
20261010,京都,1,6,未勝利*,ダ,1800,ジョイザモーメント,牝,松山弘平,橋田宜長,栗,パイロ,1,京都ダ1800,2,46305,ジョイザモーメント46304,ジョイザモーメント46302,ジョイザモーメント46303,ジョイザモーメント46298,ジョイザモーメント46299,ジョイザモーメント46291,ジョイザモーメント46292,67.9,16.3,16.3,なし,なし,なし,なし,なし,なし,64.7,15.6,15.6,54,13.1,12.4,13.2,15.3,なし,なし,なし,なし,なし,なし,なし,なし,なし,なし,なし,なし,なし,なし,なし,なし,なし,なし,なし,なし,なし,なし,なし,なし,なし,なし,なし,なし,なし,なし,なし,なし,なし,なし,なし,なし,なし,なし,なし,FALSE,なし,なし,なし,112,　,4,2.0261E+17,24101882
20261010,京都,1,7,未勝利*,ダ,1800,ノヴァアクレイム,牡,柴田裕一,中竹和也,栗,Practical Joke,1,京都ダ1800,2,46305,ノヴァアクレイム46304,ノヴァアクレイム46302,ノヴァアクレイム46303,ノヴァアクレイム46298,ノヴァアクレイム46299,ノヴァアクレイム46291,ノヴァアクレイム46292,69.8,17,16.3,なし,なし,なし,なし,なし,なし,なし,なし,なし,54.2,13.1,13.2,13.7,14.2,なし,なし,なし,なし,なし,なし,なし,なし,なし,なし,なし,なし,なし,なし,なし,なし,なし,なし,なし,なし,FALSE,なし,なし,なし,なし,なし,なし,なし,なし,なし,なし,なし,なし,なし,なし,なし,なし,なし,なし,FALSE,なし,なし,なし,108,　,5,2.0261E+17,24108210
20261010,京都,1,8,未勝利*,ダ,1800,フラッシングルビー,牝,高杉吏麒,辻野泰之,栗,アドマイヤマーズ,1,京都ダ1800,2,46305,フラッシングルビー46304,フラッシングルビー46302,フラッシングルビー46303,フラッシングルビー46298,フラッシングルビー46299,フラッシングルビー46291,フラッシングルビー46292,66.2,15.7,16,65.9,16.3,15.9,65,15.7,15.6,59.2,13.5,13.7,55.3,13.3,13.8,13.9,14.3,なし,なし,なし,なし,なし,62.9,なし,なし,なし,なし,なし,なし,なし,なし,なし,なし,なし,なし,なし,なし,FALSE,なし,なし,なし,なし,なし,なし,なし,なし,なし,なし,なし,なし,なし,なし,なし,なし,なし,なし,FALSE,なし,なし,なし,102,先,5,2.0261E+17,24107045
20261010,京都,1,9,未勝利*,ダ,1800,パクスフェリーチェ,牝,森田誠也,角田晃一,栗,オルフェーヴル,1,京都ダ1800,2,46305,パクスフェリーチェ46304,パクスフェリーチェ46302,パクスフェリーチェ46303,パクスフェリーチェ46298,パクスフェリーチェ46299,パクスフェリーチェ46291,パクスフェリーチェ46292,なし,なし,なし,69,16.2,16.9,なし,なし,なし,60.3,14.6,14.3,55.6,12.7,13.3,14.1,15.5,なし,なし,なし,なし,なし,63.9,なし,なし,なし,なし,なし,なし,なし,なし,なし,なし,なし,なし,なし,なし,なし,なし,なし,なし,なし,なし,なし,なし,なし,なし,なし,なし,なし,なし,なし,なし,なし,なし,なし,FALSE,なし,なし,なし,102,　,6,2.0261E+17,24107015
20261010,京都,10,1,宇治川特･2勝,芝,1400,タガノアンファン,牡,菱田裕二,石坂公一,栗,レッドベルジュール,2,京都芝1400,2,46305,タガノアンファン46304,タガノアンファン46302,タガノアンファン46303,タガノアンファン46298,タガノアンファン46299,タガノアンファン46291,タガノアンファン46292,67,15.3,16.3,なし,なし,なし,66,15.1,15.5,なし,なし,なし,53.6,12.4,13,13.6,14.6,なし,なし,なし,なし,なし,66.3,なし,なし,なし,なし,14.2,73.8,なし,なし,なし,なし,なし,なし,なし,なし,なし,なし,なし,なし,なし,なし,なし,なし,なし,なし,なし,なし,なし,なし,なし,なし,なし,なし,なし,FALSE,なし,なし,なし,112,差,1,2.0261E+17,22106555
20261010,京都,10,10,宇治川特･2勝,芝,1400,ヤマニンレセディ,牝,角田大和,長谷川浩,栗,エピファネイア,2,京都芝1400,2,46305,ヤマニンレセディ46304,ヤマニンレセディ46302,ヤマニンレセディ46303,ヤマニンレセディ46298,ヤマニンレセディ46299,ヤマニンレセディ46291,ヤマニンレセディ46292,なし,なし,なし,なし,なし,なし,なし,なし,なし,なし,なし,なし,なし,なし,なし,なし,なし,なし,なし,なし,なし,なし,なし,なし,なし,13.1,0,なし,なし,11.7,53.6,0,0,なし,なし,なし,なし,なし,なし,なし,なし,なし,なし,なし,なし,なし,なし,なし,なし,なし,なし,なし,なし,なし,なし,なし,FALSE,なし,なし,なし,90,差,6,2.0261E+17,22106605
20261010,京都,10,11,宇治川特･2勝,芝,1400,マーゴットラヴミー,牝,池添謙一,小林真也,栗,リアルスティール,2,京都芝1400,2,46305,マーゴットラヴミー46304,マーゴットラヴミー46302,マーゴットラヴミー46303,マーゴットラヴミー46298,マーゴットラヴミー46299,マーゴットラヴミー46291,マーゴットラヴミー46292,なし,なし,なし,65.2,15.5,15.4,66,15.1,16,63.5,15.6,15,52.5,12.7,12.7,13.1,14,なし,なし,なし,なし,なし,なし,なし,なし,なし,なし,なし,なし,なし,なし,なし,なし,なし,なし,なし,なし,なし,なし,なし,なし,なし,なし,なし,なし,なし,なし,なし,なし,なし,なし,なし,なし,なし,なし,なし,FALSE,なし,なし,なし,121,逃,6,2.0261E+17,23103889
20261010,京都,10,12,宇治川特･2勝,芝,1400,テーオーシュタイン,牡,藤懸貴志,梅田智之,栗,ワールドエース,2,京都芝1400,2,46305,テーオーシュタイン46304,テーオーシュタイン46302,テーオーシュタイン46303,テーオーシュタイン46298,テーオーシュタイン46299,テーオーシュタイン46291,テーオーシュタイン46292,なし,なし,なし,なし,なし,なし,65.8,15.2,15.6,62.3,14.2,14.4,55.3,12.5,13,13.9,15.9,なし,なし,なし,なし,なし,61.1,なし,なし,なし,なし,なし,なし,なし,なし,なし,なし,なし,なし,なし,なし,なし,なし,なし,なし,なし,なし,なし,なし,なし,なし,なし,なし,なし,なし,なし,なし,なし,なし,なし,FALSE,なし,なし,なし,105,先,7,2.0261E+17,22104879
20261010,京都,10,13,宇治川特･2勝,芝,1400,タナスーペルノーバ,牡,今村聖奈,寺島良,栗,ダノンプレミアム,2,京都芝1400,2,46305,タナスーペルノーバ46304,タナスーペルノーバ46302,タナスーペルノーバ46303,タナスーペルノーバ46298,タナスーペルノーバ46299,タナスーペルノーバ46291,タナスーペルノーバ46292,なし,なし,なし,57.4,13.3,13.7,66,15.7,16.2,60.3,15.2,14.8,なし,なし,なし,なし,なし,なし,なし,なし,なし,なし,なし,なし,なし,なし,なし,なし,なし,11.7,55.1,70.6,86.2,なし,なし,なし,なし,FALSE,なし,なし,なし,なし,なし,なし,なし,なし,なし,なし,なし,なし,なし,なし,なし,なし,なし,なし,FALSE,なし,なし,なし,107,逃,7,2.0261E+17,23102661
20261010,京都,10,14,宇治川特･2勝,芝,1400,キングケープ,牡,西塚洸二,大橋勇樹,栗,フィエールマン,2,京都芝1400,2,46305,キングケープ46304,キングケープ46302,キングケープ46303,キングケープ46298,キングケープ46299,キングケープ46291,キングケープ46292,68.8,16.3,16.4,59.3,14.2,14.5,なし,なし,なし,なし,なし,なし,56.7,12.9,13.5,14.5,15.8,なし,なし,なし,なし,なし,なし,なし,なし,なし,なし,なし,なし,なし,なし,なし,なし,なし,なし,なし,なし,なし,なし,なし,なし,なし,なし,なし,なし,なし,なし,なし,なし,なし,なし,なし,なし,なし,なし,なし,FALSE,なし,なし,なし,101,先,8,2.0261E+17,23102990
20261010,京都,10,15,宇治川特･2勝,芝,1400,ワンコールアウェイ,牝,松若風馬,杉山晴紀,栗,サートゥルナーリア,2,京都芝1400,2,46305,ワンコールアウェイ46304,ワンコールアウェイ46302,ワンコールアウェイ46303,ワンコールアウェイ46298,ワンコールアウェイ46299,ワンコールアウェイ46291,ワンコールアウェイ46292,なし,なし,なし,なし,なし,なし,なし,なし,なし,58.5,13.6,14.3,56.3,13.3,13.9,13.8,15.3,なし,なし,なし,なし,なし,69,なし,なし,なし,なし,なし,なし,なし,なし,なし,なし,なし,なし,なし,なし,FALSE,なし,なし,なし,なし,なし,なし,なし,なし,なし,なし,なし,なし,なし,なし,なし,なし,なし,なし,FALSE,なし,なし,なし,121,差,8,2.0261E+17,22104180
20261010,京都,10,2,宇治川特･2勝,芝,1400,ノボリリア,牝,武豊,石橋守,栗,カリフォルニアクローム,2,京都芝1400,2,46305,ノボリリア46304,ノボリリア46302,ノボリリア46303,ノボリリア46298,ノボリリア46299,ノボリリア46291,ノボリリア46292,67.3,15.3,16.4,67.7,15.9,16.9,65.4,15.5,15.5,なし,なし,なし,64.4,15.3,16.6,15.9,16.6,63.6,15.7,15.9,15.8,16.2,なし,なし,なし,なし,なし,11.1,69.7,なし,なし,なし,なし,なし,なし,なし,なし,なし,なし,なし,なし,なし,なし,なし,なし,なし,なし,なし,なし,なし,なし,なし,なし,なし,なし,なし,FALSE,なし,なし,なし,124,先,2,2.0261E+17,22103058
20261010,京都,10,3,宇治川特･2勝,芝,1400,ブルーサンセット,牝,吉村誠之,奥村豊,栗,アドマイヤマーズ,2,京都芝1400,2,46305,ブルーサンセット46304,ブルーサンセット46302,ブルーサンセット46303,ブルーサンセット46298,ブルーサンセット46299,ブルーサンセット46291,ブルーサンセット46292,64.3,15.1,15.7,なし,なし,なし,65.6,16,15.8,61.1,14.5,15.2,58.5,12.3,13.8,15.7,16.7,なし,なし,なし,なし,なし,なし,なし,なし,なし,なし,なし,なし,なし,なし,なし,なし,なし,なし,なし,なし,FALSE,なし,なし,なし,なし,なし,なし,なし,なし,なし,なし,なし,なし,なし,なし,なし,なし,なし,なし,FALSE,なし,なし,なし,90,差,2,2.0261E+17,22104698
20261010,京都,10,4,宇治川特･2勝,芝,1400,プチプラージュ,牝,幸英明,大根田裕,栗,ストロングリターン,2,京都芝1400,2,46305,プチプラージュ46304,プチプラージュ46302,プチプラージュ46303,プチプラージュ46298,プチプラージュ46299,プチプラージュ46291,プチプラージュ46292,なし,なし,なし,なし,なし,なし,なし,なし,なし,なし,なし,なし,52.4,13.2,12.2,12.5,14.5,なし,なし,なし,なし,なし,なし,なし,なし,なし,なし,なし,なし,なし,なし,なし,なし,なし,なし,なし,なし,なし,なし,なし,なし,なし,なし,なし,なし,なし,なし,なし,なし,なし,なし,なし,なし,なし,なし,なし,FALSE,なし,なし,なし,85,追,3,2.0261E+17,22104050
20261010,京都,10,5,宇治川特･2勝,芝,1400,アスゴッド,牡,古川奈穂,矢作芳人,栗,モズアスコット,2,京都芝1400,2,46305,アスゴッド46304,アスゴッド46302,アスゴッド46303,アスゴッド46298,アスゴッド46299,アスゴッド46291,アスゴッド46292,なし,なし,なし,なし,なし,なし,なし,なし,なし,なし,なし,なし,54.1,12.7,12.5,13.8,15.1,なし,なし,なし,なし,なし,なし,なし,なし,なし,なし,なし,なし,なし,なし,なし,なし,なし,なし,なし,なし,なし,なし,なし,なし,なし,なし,なし,なし,なし,なし,なし,なし,なし,なし,なし,なし,なし,なし,なし,FALSE,なし,なし,なし,100,差,3,2.0261E+17,22103704
20261010,京都,10,6,宇治川特･2勝,芝,1400,エルハーベン,牡,田山旺佑,藤岡健一,栗,モーリス,2,京都芝1400,2,46305,エルハーベン46304,エルハーベン46302,エルハーベン46303,エルハーベン46298,エルハーベン46299,エルハーベン46291,エルハーベン46292,65.7,17.4,17,67.4,17.2,17.3,61.6,16,15.3,57.8,13.1,15,なし,なし,なし,なし,なし,なし,なし,なし,なし,なし,なし,なし,なし,なし,なし,なし,なし,11.6,50.8,65.7,81.6,なし,なし,なし,なし,TRUE,なし,なし,なし,なし,なし,なし,なし,なし,なし,なし,なし,なし,なし,なし,なし,なし,なし,なし,FALSE,なし,〇,なし,114,逃,4,2.0261E+17,23107169
20261010,京都,10,7,宇治川特･2勝,芝,1400,アイルドリアン,牝,小沢大仁,井上智史,栗,キズナ,2,京都芝1400,2,46305,アイルドリアン46304,アイルドリアン46302,アイルドリアン46303,アイルドリアン46298,アイルドリアン46299,アイルドリアン46291,アイルドリアン46292,66.7,16.2,16.3,57.3,13.5,13.9,65,15.7,15.9,59.4,13.6,14.7,54.9,12.6,13.1,14.5,14.7,なし,なし,なし,なし,なし,なし,なし,なし,なし,なし,なし,なし,なし,なし,なし,なし,なし,なし,なし,なし,なし,なし,なし,なし,なし,なし,なし,なし,なし,なし,なし,なし,なし,なし,なし,なし,なし,なし,なし,FALSE,なし,なし,なし,111,逃,4,2.0261E+17,21105605
20261010,京都,10,8,宇治川特･2勝,芝,1400,ウチュウノセカイ,牡,秋山稔樹,青木孝文,美,タワーオブロンドン,2,京都芝1400,1,46305,ウチュウノセカイ46304,ウチュウノセカイ46302,ウチュウノセカイ46303,ウチュウノセカイ46298,ウチュウノセカイ46299,ウチュウノセカイ46291,ウチュウノセカイ46292,66.1,15.9,15.7,66,15.6,16.3,63.9,15,15.4,59,14.5,14.8,なし,なし,なし,なし,なし,なし,なし,なし,なし,なし,なし,なし,なし,なし,なし,なし,なし,12.1,53.1,68.1,84.9,なし,なし,なし,なし,なし,なし,なし,なし,なし,なし,なし,なし,なし,なし,なし,なし,なし,なし,なし,なし,なし,なし,なし,FALSE,なし,なし,なし,101,逃,5,2.0261E+17,23106665
20261010,京都,10,9,宇治川特･2勝,芝,1400,ヒーローインチーフ,セ,高杉吏麒,吉田直弘,栗,ディスクリートキャット,2,京都芝1400,2,46305,ヒーローインチーフ46304,ヒーローインチーフ46302,ヒーローインチーフ46303,ヒーローインチーフ46298,ヒーローインチーフ46299,ヒーローインチーフ46291,ヒーローインチーフ46292,なし,なし,なし,なし,なし,なし,なし,なし,なし,68.2,16.3,16.9,なし,なし,なし,なし,なし,なし,なし,なし,なし,なし,なし,なし,15.4,なし,なし,なし,なし,なし,なし,なし,なし,なし,なし,なし,なし,なし,なし,なし,なし,なし,なし,なし,なし,なし,なし,なし,なし,なし,なし,なし,なし,なし,なし,なし,FALSE,なし,なし,なし,101,追,5,2.0261E+17,21106661
20261010,京都,11,1,御陵ＳＨ･3勝,ダ,1800,ダンツシタン,牡,松山弘平,本田優,栗,パイロ,1,京都ダ1800,2,46305,ダンツシタン46304,ダンツシタン46302,ダンツシタン46303,ダンツシタン46298,ダンツシタン46299,ダンツシタン46291,ダンツシタン46292,なし,なし,なし,なし,なし,なし,なし,なし,なし,68.9,16.7,17.4,なし,なし,なし,なし,なし,なし,なし,なし,なし,なし,なし,なし,なし,なし,なし,なし,なし,11.7,55,71.5,87.9,なし,なし,なし,なし,なし,なし,なし,なし,なし,なし,なし,なし,なし,なし,なし,なし,なし,なし,なし,なし,なし,なし,なし,FALSE,なし,なし,なし,114,先,1,2.0261E+17,23104848
20261010,京都,11,10,御陵ＳＨ･3勝,ダ,1800,ベルダイナフェロー,牝,角田大和,東田明士,栗,American Pharoah,1,京都ダ1800,2,46305,ベルダイナフェロー46304,ベルダイナフェロー46302,ベルダイナフェロー46303,ベルダイナフェロー46298,ベルダイナフェロー46299,ベルダイナフェロー46291,ベルダイナフェロー46292,68.3,17,16.2,57.1,12.6,13.4,67.9,16,16.5,56.1,13.1,13.8,54.5,12,12.9,14.5,15.1,なし,なし,なし,なし,なし,64.4,なし,なし,なし,なし,なし,なし,なし,なし,なし,なし,なし,なし,なし,なし,なし,なし,なし,なし,なし,なし,なし,なし,なし,なし,なし,なし,なし,なし,なし,なし,なし,なし,なし,TRUE,なし,〇,なし,103,逃,7,2.0261E+17,21102982
20261010,京都,11,11,御陵ＳＨ･3勝,ダ,1800,サイモンシュバリエ,牡,吉村誠之,梅田智之,栗,シニスターミニスター,1,京都ダ1800,2,46305,サイモンシュバリエ46304,サイモンシュバリエ46302,サイモンシュバリエ46303,サイモンシュバリエ46298,サイモンシュバリエ46299,サイモンシュバリエ46291,サイモンシュバリエ46292,64.7,14.8,14.9,56.7,12.2,13.1,なし,なし,なし,53.4,12.3,12.7,53.7,12.4,12.6,13.6,15.1,なし,なし,なし,なし,なし,60.9,なし,なし,14.9,77.1,なし,なし,なし,なし,なし,なし,なし,なし,なし,なし,なし,なし,なし,なし,なし,なし,なし,なし,なし,なし,なし,なし,なし,なし,なし,なし,なし,なし,なし,TRUE,なし,〇,なし,104,逃,7,2.0261E+17,22102223
20261010,京都,11,12,御陵ＳＨ･3勝,ダ,1800,ゲキザル,牡,小林脩斗,青木孝文,美,ザファクター,1,京都ダ1800,1,46305,ゲキザル46304,ゲキザル46302,ゲキザル46303,ゲキザル46298,ゲキザル46299,ゲキザル46291,ゲキザル46292,なし,なし,なし,64,15.6,15.9,65.1,15.8,15.6,59.4,14.2,14.4,53.8,12.5,12.9,13.9,14.5,なし,なし,なし,なし,なし,なし,なし,なし,なし,なし,なし,なし,なし,なし,なし,なし,なし,なし,なし,なし,なし,なし,なし,なし,なし,なし,なし,なし,なし,なし,なし,なし,なし,なし,なし,なし,なし,なし,なし,FALSE,なし,なし,なし,112,差,8,2.0261E+17,19102102
20261010,京都,11,13,御陵ＳＨ･3勝,ダ,1800,サンライズケヴィン,牡,松若風馬,平田修,栗,シニスターミニスター,1,京都ダ1800,2,46305,サンライズケヴィン46304,サンライズケヴィン46302,サンライズケヴィン46303,サンライズケヴィン46298,サンライズケヴィン46299,サンライズケヴィン46291,サンライズケヴィン46292,69.5,16.1,16.6,62.9,15.6,15.1,69.1,16.1,16.3,なし,なし,なし,55.4,12.8,12.9,14.3,15.4,なし,なし,なし,なし,なし,63.7,なし,なし,なし,なし,13.1,73.2,なし,なし,なし,なし,なし,なし,なし,なし,なし,なし,なし,なし,なし,なし,なし,なし,なし,なし,なし,なし,なし,なし,なし,なし,なし,なし,なし,FALSE,なし,なし,なし,118,先,8,2.0261E+17,23106546
20261010,京都,11,2,御陵ＳＨ･3勝,ダ,1800,ミカッテヨンデイイ,牝,永島まな,室井潔,美,イスラボニータ,1,京都ダ1800,1,46305,ミカッテヨンデイイ46304,ミカッテヨンデイイ46302,ミカッテヨンデイイ46303,ミカッテヨンデイイ46298,ミカッテヨンデイイ46299,ミカッテヨンデイイ46291,ミカッテヨンデイイ46292,なし,なし,なし,なし,なし,なし,なし,なし,なし,55.3,13.3,13,なし,なし,なし,なし,なし,なし,なし,なし,なし,なし,なし,なし,なし,なし,なし,なし,なし,11.6,52.5,67.9,85.2,なし,なし,なし,なし,なし,なし,なし,なし,なし,なし,なし,なし,なし,なし,なし,なし,なし,なし,なし,なし,なし,なし,なし,FALSE,なし,なし,なし,86,追,2,2.0261E+17,20103049
20261010,京都,11,3,御陵ＳＨ･3勝,ダ,1800,ドラゴン,牡,武豊,松永幹夫,栗,マインドユアビスケッツ,1,京都ダ1800,2,46305,ドラゴン46304,ドラゴン46302,ドラゴン46303,ドラゴン46298,ドラゴン46299,ドラゴン46291,ドラゴン46292,69.3,16.5,16.8,57.9,13.2,13.9,64.5,15.4,16.4,なし,なし,なし,55.2,12.7,13.2,14.2,15.1,なし,なし,なし,なし,なし,64.9,なし,なし,なし,なし,11.6,68.4,なし,なし,なし,なし,なし,なし,なし,なし,なし,なし,なし,なし,なし,なし,なし,なし,なし,なし,なし,なし,なし,なし,なし,なし,なし,なし,なし,FALSE,なし,なし,なし,115,先,3,2.0261E+17,22105439
20261010,京都,11,4,御陵ＳＨ･3勝,ダ,1800,ショウサンジョージ,牡,国分優作,松下武士,栗,モズアスコット,1,京都ダ1800,2,46305,ショウサンジョージ46304,ショウサンジョージ46302,ショウサンジョージ46303,ショウサンジョージ46298,ショウサンジョージ46299,ショウサンジョージ46291,ショウサンジョージ46292,なし,なし,なし,60.4,14.1,14.3,65.2,15.8,16.2,56.9,13,13.3,54.8,12.6,13,13.8,15.4,なし,なし,なし,なし,なし,65.7,なし,なし,なし,なし,なし,なし,なし,なし,なし,なし,なし,なし,なし,なし,なし,なし,なし,なし,なし,なし,なし,なし,なし,なし,なし,なし,なし,なし,なし,なし,なし,なし,なし,FALSE,なし,なし,なし,111,先,4,2.0261E+17,22102131
20261010,京都,11,5,御陵ＳＨ･3勝,ダ,1800,リベッチオ,牡,川田将雅,杉山晴紀,栗,ルヴァンスレーヴ,1,京都ダ1800,2,46305,リベッチオ46304,リベッチオ46302,リベッチオ46303,リベッチオ46298,リベッチオ46299,リベッチオ46291,リベッチオ46292,69.1,16.5,16.5,55.8,12.5,13.3,68.9,16.1,16.3,57.5,13,12.6,53.9,12.7,12.6,13.6,15,なし,なし,なし,なし,なし,66.8,なし,なし,なし,なし,なし,なし,なし,なし,なし,なし,なし,なし,なし,なし,FALSE,なし,なし,なし,なし,なし,なし,なし,なし,なし,なし,なし,なし,なし,なし,なし,なし,なし,なし,FALSE,なし,なし,なし,113,先,4,2.0261E+17,23107082
20261010,京都,11,6,御陵ＳＨ･3勝,ダ,1800,オリーブグリーン,牡,坂井瑠星,矢作芳人,栗,ヘニーヒューズ,1,京都ダ1800,2,46305,オリーブグリーン46304,オリーブグリーン46302,オリーブグリーン46303,オリーブグリーン46298,オリーブグリーン46299,オリーブグリーン46291,オリーブグリーン46292,63.7,15,16,なし,なし,なし,61.3,15,14.9,55.5,12.9,13.3,53.4,12.4,12.5,13,15.5,なし,なし,なし,なし,なし,62.9,なし,13.4,なし,なし,なし,なし,なし,なし,なし,なし,なし,なし,なし,なし,なし,なし,なし,なし,なし,なし,なし,なし,なし,なし,なし,なし,なし,なし,なし,なし,なし,なし,なし,TRUE,なし,〇,なし,98,差,5,2.0261E+17,22105694
20261010,京都,11,7,御陵ＳＨ･3勝,ダ,1800,テーオールビー,牝,秋山稔樹,宮徹,栗,サンダースノー,1,京都ダ1800,2,46305,テーオールビー46304,テーオールビー46302,テーオールビー46303,テーオールビー46298,テーオールビー46299,テーオールビー46291,テーオールビー46292,なし,なし,なし,58,12.8,14.1,なし,なし,なし,56.3,13.6,13.4,54.2,12.5,12.7,14.3,14.7,なし,なし,なし,なし,なし,なし,なし,なし,16.4,0,なし,なし,なし,なし,なし,なし,なし,なし,なし,なし,なし,なし,なし,なし,なし,なし,なし,なし,なし,なし,なし,なし,なし,なし,なし,なし,なし,なし,なし,TRUE,なし,〇,なし,97,先,5,2.0261E+17,21109027
20261010,京都,11,8,御陵ＳＨ･3勝,ダ,1800,メイショウコガシラ,牡,高倉稜,本田優,栗,メイショウボーラー,1,京都ダ1800,2,46305,メイショウコガシラ46304,メイショウコガシラ46302,メイショウコガシラ46303,メイショウコガシラ46298,メイショウコガシラ46299,メイショウコガシラ46291,メイショウコガシラ46292,68.6,16,16.8,なし,なし,なし,69,17.2,16.8,69.4,16.9,16.7,なし,なし,なし,なし,なし,なし,なし,なし,なし,なし,67.7,なし,なし,なし,なし,なし,なし,11.6,55.1,71.4,87.7,なし,なし,なし,なし,なし,なし,なし,なし,なし,なし,なし,なし,なし,なし,なし,なし,なし,なし,なし,なし,なし,なし,なし,FALSE,なし,なし,なし,99,先,6,2.0261E+17,20100979
20261010,京都,11,9,御陵ＳＨ･3勝,ダ,1800,ラオラシオン,セ,鮫島克駿,斎藤誠,美,クリエイター2,1,京都ダ1800,1,46305,ラオラシオン46304,ラオラシオン46302,ラオラシオン46303,ラオラシオン46298,ラオラシオン46299,ラオラシオン46291,ラオラシオン46292,68.5,16.3,17,68.9,16.3,17,67.7,16.4,16.9,65.7,15.5,16,なし,なし,なし,なし,なし,なし,なし,なし,なし,なし,なし,なし,なし,なし,なし,なし,なし,12,54.1,68.9,84.5,なし,なし,なし,なし,FALSE,なし,なし,なし,なし,なし,なし,なし,なし,なし,なし,なし,なし,なし,なし,なし,なし,なし,なし,FALSE,なし,なし,なし,102,先,6,2.0261E+17,21105262
20261010,京都,12,1,１勝ｸﾗｽ,ダ,1400,リテラシー,牡,松本大輝,昆貢,栗,サートゥルナーリア,1,京都ダ1400,2,46305,リテラシー46304,リテラシー46302,リテラシー46303,リテラシー46298,リテラシー46299,リテラシー46291,リテラシー46292,69.6,15.9,16.7,54.8,12.4,13.6,なし,なし,なし,56.6,12.7,14.2,なし,なし,なし,なし,なし,なし,なし,なし,なし,なし,なし,なし,なし,なし,なし,なし,なし,12.1,52.5,66.5,81.4,なし,なし,なし,なし,なし,なし,なし,なし,なし,なし,なし,なし,なし,なし,なし,なし,なし,なし,なし,なし,なし,なし,なし,FALSE,なし,なし,なし,100,追,1,2.0261E+17,23105215
20261010,京都,12,10,１勝ｸﾗｽ,ダ,1400,クリノセーラーマン,牡,田口貫太,大橋勇樹,栗,シャンハイボビー,1,京都ダ1400,2,46305,クリノセーラーマン46304,クリノセーラーマン46302,クリノセーラーマン46303,クリノセーラーマン46298,クリノセーラーマン46299,クリノセーラーマン46291,クリノセーラーマン46292,なし,なし,なし,なし,なし,なし,なし,なし,なし,63.3,15.4,14.9,52.6,12.8,12.6,13.1,14.1,なし,なし,なし,なし,なし,なし,なし,なし,なし,なし,なし,なし,なし,なし,なし,なし,なし,なし,なし,なし,なし,なし,なし,なし,なし,なし,なし,なし,なし,なし,なし,なし,なし,なし,なし,なし,なし,なし,なし,FALSE,なし,なし,なし,91,追,5,2.0261E+17,23101199
20261010,京都,12,11,１勝ｸﾗｽ,ダ,1400,ダディーズアイル,牡,Ｍ．デム,千田輝彦,栗,ミッキーアイル,1,京都ダ1400,2,46305,ダディーズアイル46304,ダディーズアイル46302,ダディーズアイル46303,ダディーズアイル46298,ダディーズアイル46299,ダディーズアイル46291,ダディーズアイル46292,67.8,15.6,16.5,69.4,15.8,17.2,66.5,15.7,16.5,67.8,15.7,16.6,なし,なし,なし,なし,なし,なし,なし,なし,なし,なし,なし,なし,なし,なし,なし,なし,なし,12.2,52.6,67.4,83.2,なし,なし,なし,なし,なし,なし,なし,なし,なし,なし,なし,なし,なし,なし,なし,なし,なし,なし,なし,なし,なし,なし,なし,FALSE,なし,なし,なし,93,先,6,2.0261E+17,21104673
20261010,京都,12,12,１勝ｸﾗｽ,ダ,1400,ジャカルタバオ,セ,浜中俊,藤野健太,栗,シャンハイボビー,1,京都ダ1400,2,46305,ジャカルタバオ46304,ジャカルタバオ46302,ジャカルタバオ46303,ジャカルタバオ46298,ジャカルタバオ46299,ジャカルタバオ46291,ジャカルタバオ46292,なし,なし,なし,なし,なし,なし,なし,なし,なし,60.8,14.8,14.2,55.1,12.6,12.9,14.4,15.2,なし,なし,なし,なし,なし,なし,15,なし,なし,なし,なし,なし,なし,なし,なし,なし,なし,なし,なし,なし,なし,なし,なし,なし,なし,なし,なし,なし,なし,なし,なし,なし,なし,なし,なし,なし,なし,なし,なし,FALSE,なし,なし,なし,102,追,6,2.0261E+17,23104888
20261010,京都,12,13,１勝ｸﾗｽ,ダ,1400,シャープインサイト,牡,菱田裕二,東田明士,栗,サンダースノー,1,京都ダ1400,2,46305,シャープインサイト46304,シャープインサイト46302,シャープインサイト46303,シャープインサイト46298,シャープインサイト46299,シャープインサイト46291,シャープインサイト46292,なし,なし,なし,67.9,16.4,16.4,64,15.7,15.5,58.5,13.8,13.9,56.2,13.1,13.7,14.2,15.2,なし,なし,なし,なし,なし,64.6,なし,なし,なし,なし,なし,なし,なし,なし,なし,なし,なし,なし,なし,なし,なし,なし,なし,なし,なし,なし,なし,なし,なし,なし,なし,なし,なし,なし,なし,なし,なし,なし,なし,FALSE,なし,なし,なし,89,先,7,2.0261E+17,23106289
20261010,京都,12,14,１勝ｸﾗｽ,ダ,1400,コンテナライン,牝,鮫島克駿,牧浦充徳,栗,ドゥラメンテ,1,京都ダ1400,2,46305,コンテナライン46304,コンテナライン46302,コンテナライン46303,コンテナライン46298,コンテナライン46299,コンテナライン46291,コンテナライン46292,64.2,15.4,15.8,64.5,15.3,15.4,なし,なし,なし,65.9,15.2,15.3,57.5,13.5,14.1,14.4,15.5,なし,なし,なし,なし,なし,なし,なし,なし,なし,なし,なし,なし,なし,なし,なし,なし,なし,なし,なし,なし,FALSE,なし,なし,なし,なし,なし,なし,なし,なし,なし,なし,なし,なし,なし,なし,なし,なし,なし,なし,FALSE,なし,なし,なし,89,追,7,2.0261E+17,22105954
20261010,京都,12,15,１勝ｸﾗｽ,ダ,1400,テイクイットオール,牡,柴田裕一,中竹和也,栗,キズナ,1,京都ダ1400,2,46305,テイクイットオール46304,テイクイットオール46302,テイクイットオール46303,テイクイットオール46298,テイクイットオール46299,テイクイットオール46291,テイクイットオール46292,なし,なし,なし,なし,なし,なし,なし,なし,なし,なし,なし,なし,なし,なし,なし,なし,なし,なし,なし,なし,なし,なし,なし,なし,なし,なし,なし,なし,なし,12.4,50.9,65.5,81.3,なし,なし,なし,なし,FALSE,なし,なし,なし,なし,なし,なし,なし,なし,なし,なし,なし,なし,なし,なし,なし,なし,なし,なし,FALSE,なし,なし,なし,110,先,8,2.0261E+17,22106647
20261010,京都,12,16,１勝ｸﾗｽ,ダ,1400,モズジェネラル,牡,小沢大仁,田中克典,栗,モズアスコット,1,京都ダ1400,2,46305,モズジェネラル46304,モズジェネラル46302,モズジェネラル46303,モズジェネラル46298,モズジェネラル46299,モズジェネラル46291,モズジェネラル46292,なし,なし,なし,67.3,16.3,16.4,64.4,15.3,15.7,54.7,13,12.9,なし,なし,なし,なし,なし,なし,なし,なし,なし,なし,66.9,なし,13.7,なし,なし,なし,なし,12,52.6,67.7,83.4,なし,なし,なし,なし,なし,なし,なし,なし,なし,なし,なし,なし,なし,なし,なし,なし,なし,なし,なし,なし,なし,なし,なし,FALSE,なし,なし,なし,108,先,8,2.0261E+17,23105727
20261010,京都,12,2,１勝ｸﾗｽ,ダ,1400,ゼルダ,牝,高倉稜,鈴木孝志,栗,モズアスコット,1,京都ダ1400,2,46305,ゼルダ46304,ゼルダ46302,ゼルダ46303,ゼルダ46298,ゼルダ46299,ゼルダ46291,ゼルダ46292,65.8,15.5,16.2,60.8,14.5,15.2,65.2,15.9,15.7,57.3,14.1,13.7,52.1,13.2,12.6,12.7,13.6,なし,なし,なし,なし,なし,なし,なし,なし,なし,なし,なし,なし,なし,なし,なし,なし,なし,なし,なし,なし,なし,なし,なし,なし,なし,なし,なし,なし,なし,なし,なし,なし,なし,なし,なし,なし,なし,なし,なし,FALSE,なし,なし,なし,100,逃,1,2.0261E+17,23103232
20261010,京都,12,3,１勝ｸﾗｽ,ダ,1400,スレッドザニードル,牡,国分恭介,安達昭夫,栗,ファインニードル,1,京都ダ1400,2,46305,スレッドザニードル46304,スレッドザニードル46302,スレッドザニードル46303,スレッドザニードル46298,スレッドザニードル46299,スレッドザニードル46291,スレッドザニードル46292,なし,なし,なし,なし,なし,なし,なし,なし,なし,なし,なし,なし,54.1,12.6,12.4,13.2,15.9,なし,なし,なし,なし,なし,なし,なし,なし,なし,なし,なし,なし,なし,なし,なし,なし,なし,なし,なし,なし,なし,なし,なし,なし,なし,なし,なし,なし,なし,なし,なし,なし,なし,なし,なし,なし,なし,なし,なし,FALSE,なし,なし,なし,90,差,2,2.0261E+17,22102003
20261010,京都,12,4,１勝ｸﾗｽ,ダ,1400,キアヌ,牡,藤懸貴志,小崎憲,栗,ディスクリートキャット,1,京都ダ1400,2,46305,キアヌ46304,キアヌ46302,キアヌ46303,キアヌ46298,キアヌ46299,キアヌ46291,キアヌ46292,63.7,15.7,16,54.5,13.9,13.8,なし,なし,なし,69.4,17.2,16.1,55.2,13.1,12.7,13.7,15.7,なし,なし,なし,なし,なし,なし,なし,なし,なし,なし,なし,なし,なし,なし,なし,なし,なし,なし,なし,なし,なし,なし,なし,なし,なし,なし,なし,なし,なし,なし,なし,なし,なし,なし,なし,なし,なし,なし,なし,FALSE,なし,なし,なし,0,逃,2,2.0261E+17,22106585
20261010,京都,12,5,１勝ｸﾗｽ,ダ,1400,ペプチドレオン,牡,坂井瑠星,武英智,栗,ディープブリランテ,1,京都ダ1400,2,46305,ペプチドレオン46304,ペプチドレオン46302,ペプチドレオン46303,ペプチドレオン46298,ペプチドレオン46299,ペプチドレオン46291,ペプチドレオン46292,51.4,12.6,12.2,なし,なし,なし,なし,なし,なし,なし,なし,なし,68.1,16.7,16.8,16.6,18,66.7,14.7,15.9,17.4,18.7,66.3,なし,なし,なし,なし,なし,なし,なし,なし,なし,なし,なし,なし,なし,なし,FALSE,なし,なし,なし,なし,なし,なし,なし,なし,なし,なし,なし,なし,なし,なし,なし,なし,なし,なし,FALSE,なし,なし,なし,117,追,3,2.0261E+17,23104876
20261010,京都,12,6,１勝ｸﾗｽ,ダ,1400,レイム,牝,酒井学,高橋康之,栗,トランセンド,1,京都ダ1400,2,46305,レイム46304,レイム46302,レイム46303,レイム46298,レイム46299,レイム46291,レイム46292,なし,なし,なし,なし,なし,なし,69.6,16.6,16.5,67.2,15.9,16.4,55.4,12.4,13.1,14,15.9,なし,なし,なし,なし,なし,67.9,なし,なし,なし,なし,なし,なし,なし,なし,なし,なし,なし,なし,なし,なし,なし,なし,なし,なし,なし,なし,なし,なし,なし,なし,なし,なし,なし,なし,なし,なし,なし,なし,なし,FALSE,なし,なし,なし,96,差,3,2.0261E+17,21106942
20261010,京都,12,7,１勝ｸﾗｽ,ダ,1400,ガビーズブラザー,牡,森田誠也,牧田和弥,栗,アポロケンタッキー,1,京都ダ1400,2,46305,ガビーズブラザー46304,ガビーズブラザー46302,ガビーズブラザー46303,ガビーズブラザー46298,ガビーズブラザー46299,ガビーズブラザー46291,ガビーズブラザー46292,68.9,15.3,16.7,56.3,13.4,13.3,65.1,14.8,15.6,54.9,13.5,13.2,55.5,13.4,12.9,13.9,15.3,なし,なし,なし,なし,なし,64.9,なし,なし,なし,なし,なし,なし,なし,なし,なし,なし,なし,なし,なし,なし,なし,なし,なし,なし,なし,なし,なし,なし,なし,なし,なし,なし,なし,なし,なし,なし,なし,なし,なし,FALSE,なし,なし,なし,101,差,4,2.0261E+17,22104448
20261010,京都,12,8,１勝ｸﾗｽ,ダ,1400,テーオーカイザー,牡,川田将雅,高柳大輔,栗,キタサンブラック,1,京都ダ1400,2,46305,テーオーカイザー46304,テーオーカイザー46302,テーオーカイザー46303,テーオーカイザー46298,テーオーカイザー46299,テーオーカイザー46291,テーオーカイザー46292,なし,なし,なし,なし,なし,なし,なし,なし,なし,なし,なし,なし,55.3,12.1,12.5,14.4,16.3,なし,なし,なし,なし,なし,なし,なし,なし,なし,なし,なし,なし,なし,なし,なし,なし,なし,なし,なし,なし,なし,なし,なし,なし,なし,なし,なし,なし,なし,なし,なし,なし,なし,なし,なし,なし,なし,なし,なし,FALSE,なし,なし,なし,111,差,4,2.0261E+17,23101592
20261010,京都,12,9,１勝ｸﾗｽ,ダ,1400,ララバッカナール,牝,田山旺佑,佐藤悠太,栗,ヘニーヒューズ,1,京都ダ1400,2,46305,ララバッカナール46304,ララバッカナール46302,ララバッカナール46303,ララバッカナール46298,ララバッカナール46299,ララバッカナール46291,ララバッカナール46292,なし,なし,なし,なし,なし,なし,63.4,15.3,15.9,なし,なし,なし,なし,なし,なし,なし,なし,なし,なし,なし,なし,なし,なし,なし,なし,なし,なし,11.2,73.5,なし,なし,なし,なし,なし,なし,なし,なし,FALSE,なし,なし,なし,なし,なし,なし,なし,なし,なし,なし,なし,なし,なし,なし,なし,なし,なし,なし,FALSE,なし,なし,なし,112,逃,5,2.0261E+17,21107097
20261010,京都,2,1,未勝利・牝*,芝,1600,ダノンキューブ,牝,武豊,橋口慎介,栗,キタサンブラック,2,京都芝1600,2,46305,ダノンキューブ46304,ダノンキューブ46302,ダノンキューブ46303,ダノンキューブ46298,ダノンキューブ46299,ダノンキューブ46291,ダノンキューブ46292,なし,なし,なし,58.6,13.8,14.2,なし,なし,なし,65.6,14.8,14.9,53.7,12.6,12.7,13,15.4,なし,なし,なし,なし,なし,63.2,なし,なし,なし,なし,なし,なし,なし,なし,なし,なし,なし,なし,なし,なし,TRUE,なし,なし,なし,なし,なし,なし,なし,なし,なし,なし,なし,なし,なし,なし,なし,なし,なし,なし,FALSE,なし,なし,なし,111,逃,1,2.0261E+17,24106180
20261010,京都,2,2,未勝利・牝*,芝,1600,コンセルノ,牝,北村友一,高橋義忠,栗,ホットロッドチャーリー,2,京都芝1600,2,46305,コンセルノ46304,コンセルノ46302,コンセルノ46303,コンセルノ46298,コンセルノ46299,コンセルノ46291,コンセルノ46292,なし,なし,なし,58,13,13.8,なし,なし,なし,55.2,12.8,13.2,なし,なし,なし,なし,なし,なし,なし,なし,なし,なし,65.4,なし,なし,16.2,0,なし,なし,11.8,52.3,0,0,なし,なし,なし,なし,なし,なし,なし,なし,なし,なし,なし,なし,なし,なし,なし,なし,なし,なし,なし,なし,なし,なし,なし,FALSE,なし,なし,なし,112,　,2,2.0261E+17,24102197
20261010,京都,2,3,未勝利・牝*,芝,1600,イーサンマリーン,牝,今村聖奈,吉村圭司,栗,スワーヴリチャード,2,京都芝1600,2,46305,イーサンマリーン46304,イーサンマリーン46302,イーサンマリーン46303,イーサンマリーン46298,イーサンマリーン46299,イーサンマリーン46291,イーサンマリーン46292,なし,なし,なし,なし,なし,なし,67,15.7,16,67.6,15.8,16.1,56.2,13,13.2,14.1,15.9,なし,なし,なし,なし,なし,67.2,なし,なし,なし,なし,なし,なし,なし,なし,なし,なし,なし,なし,なし,なし,なし,なし,なし,なし,なし,なし,なし,なし,なし,なし,なし,なし,なし,なし,なし,なし,なし,なし,なし,FALSE,なし,なし,なし,101,　,3,2.0261E+17,24102380
20261010,京都,2,4,未勝利・牝*,芝,1600,アヴレディール,牝,坂井瑠星,松永幹夫,栗,ジャスタウェイ,2,京都芝1600,2,46305,アヴレディール46304,アヴレディール46302,アヴレディール46303,アヴレディール46298,アヴレディール46299,アヴレディール46291,アヴレディール46292,66.2,16.7,16.1,59.5,14.1,14.3,65.5,16.4,16.4,59.6,14.2,14.2,55.2,13.3,14.2,13.7,14,なし,なし,なし,なし,なし,66.4,なし,なし,なし,なし,なし,なし,なし,なし,なし,なし,なし,なし,なし,なし,なし,なし,なし,なし,なし,なし,なし,なし,なし,なし,なし,なし,なし,なし,なし,なし,なし,なし,なし,FALSE,なし,なし,なし,112,　,4,2.0261E+17,24105638
20261010,京都,2,5,未勝利・牝*,芝,1600,ジョリーエピキュア,牝,松山弘平,高柳大輔,栗,エピファネイア,2,京都芝1600,2,46305,ジョリーエピキュア46304,ジョリーエピキュア46302,ジョリーエピキュア46303,ジョリーエピキュア46298,ジョリーエピキュア46299,ジョリーエピキュア46291,ジョリーエピキュア46292,なし,なし,なし,なし,なし,なし,56.9,13.2,13.9,なし,なし,なし,55.8,13.3,12.8,14,15.7,なし,なし,なし,なし,なし,なし,なし,なし,なし,なし,なし,なし,なし,なし,なし,なし,なし,なし,なし,なし,なし,なし,なし,なし,なし,なし,なし,なし,なし,なし,なし,なし,なし,なし,なし,なし,なし,なし,なし,FALSE,なし,なし,なし,121,　,5,2.0261E+17,24105896
20261010,京都,2,6,未勝利・牝*,芝,1600,リヴィエラヴィル,牝,河原田菜,坂口智康,栗,リアルスティール,2,京都芝1600,2,46305,リヴィエラヴィル46304,リヴィエラヴィル46302,リヴィエラヴィル46303,リヴィエラヴィル46298,リヴィエラヴィル46299,リヴィエラヴィル46291,リヴィエラヴィル46292,66.3,15,15.5,58.4,13.7,13.5,64.2,16.8,14.6,58.9,13.6,13.9,54.6,13.1,13.1,14,14.4,なし,なし,なし,なし,なし,63.8,なし,なし,なし,なし,なし,なし,なし,なし,なし,なし,なし,なし,なし,なし,なし,なし,なし,なし,なし,なし,なし,なし,なし,なし,なし,なし,なし,なし,なし,なし,なし,なし,なし,FALSE,なし,なし,なし,89,　,6,2.0261E+17,24105799
20261010,京都,2,7,未勝利・牝*,芝,1600,マリナーヴァレイ,牝,幸英明,石坂公一,栗,アドマイヤマーズ,2,京都芝1600,2,46305,マリナーヴァレイ46304,マリナーヴァレイ46302,マリナーヴァレイ46303,マリナーヴァレイ46298,マリナーヴァレイ46299,マリナーヴァレイ46291,マリナーヴァレイ46292,なし,なし,なし,58.3,14.2,14,なし,なし,なし,56.1,13.1,13.7,53.9,12.4,13.2,13.6,14.7,なし,なし,なし,なし,なし,なし,15.9,なし,15.9,84.3,なし,なし,なし,なし,なし,なし,なし,なし,なし,なし,なし,なし,なし,なし,なし,なし,なし,なし,なし,なし,なし,なし,なし,なし,なし,なし,なし,なし,なし,FALSE,なし,なし,なし,109,　,7,2.0261E+17,24106232
20261010,京都,2,8,未勝利・牝*,芝,1600,バティック,牝,西村淳也,上村洋行,栗,エピファネイア,2,京都芝1600,2,46305,バティック46304,バティック46302,バティック46303,バティック46298,バティック46299,バティック46291,バティック46292,63.2,14.8,15.2,55.6,12.8,13.1,なし,なし,なし,なし,なし,なし,56.2,12.5,13.1,14.6,16,なし,なし,なし,なし,なし,64.7,なし,なし,なし,なし,12.5,70.1,なし,なし,なし,なし,なし,なし,なし,なし,FALSE,なし,なし,なし,なし,なし,なし,なし,なし,なし,なし,なし,なし,なし,なし,なし,なし,なし,なし,FALSE,なし,なし,なし,122,　,8,2.0261E+17,24106168
20261010,京都,2,9,未勝利・牝*,芝,1600,ルージュプリメーロ,牝,吉田隼人,須貝尚介,栗,コントレイル,2,京都芝1600,2,46305,ルージュプリメーロ46304,ルージュプリメーロ46302,ルージュプリメーロ46303,ルージュプリメーロ46298,ルージュプリメーロ46299,ルージュプリメーロ46291,ルージュプリメーロ46292,64.6,15,15.3,57.1,13.1,13.5,なし,なし,なし,なし,なし,なし,なし,なし,なし,なし,なし,62.1,14.5,15.2,15.5,16.9,なし,なし,なし,なし,なし,なし,なし,なし,なし,なし,なし,なし,なし,なし,なし,なし,なし,なし,なし,なし,なし,なし,なし,なし,なし,なし,なし,なし,なし,なし,なし,なし,なし,なし,FALSE,なし,なし,なし,102,　,8,2.0261E+17,24101400
20261010,京都,3,1,未勝利*,芝,1800,ダイヴ,牡,角田大和,羽月友彦,栗,インディチャンプ,2,京都芝1800,2,46305,ダイヴ46304,ダイヴ46302,ダイヴ46303,ダイヴ46298,ダイヴ46299,ダイヴ46291,ダイヴ46292,64.1,15.1,15.2,66.6,16.2,15.7,65,15.3,16.5,なし,なし,なし,なし,なし,なし,なし,なし,66.4,15.7,16.4,17,17.3,なし,なし,なし,なし,なし,なし,なし,なし,なし,なし,なし,なし,なし,なし,なし,なし,なし,なし,なし,なし,なし,なし,なし,なし,なし,なし,なし,なし,なし,なし,なし,なし,なし,なし,FALSE,なし,なし,なし,90,　,1,2.0261E+17,24100874
20261010,京都,3,2,未勝利*,芝,1800,ジャンゴッド,牡,松若風馬,杉山晴紀,栗,キタサンブラック,2,京都芝1800,2,46305,ジャンゴッド46304,ジャンゴッド46302,ジャンゴッド46303,ジャンゴッド46298,ジャンゴッド46299,ジャンゴッド46291,ジャンゴッド46292,70,16.1,16.9,58.5,13.6,14,67.5,15.9,17,なし,なし,なし,なし,なし,なし,なし,なし,68.2,16.8,16.5,16.8,18.1,なし,なし,なし,なし,なし,なし,なし,なし,なし,なし,なし,なし,なし,なし,なし,FALSE,なし,なし,なし,なし,なし,なし,なし,なし,なし,なし,なし,なし,なし,なし,なし,なし,なし,なし,FALSE,なし,なし,なし,106,先,2,2.0261E+17,24106624
20261010,京都,3,3,未勝利*,芝,1800,メイショウリベロ,牡,森田誠也,安達昭夫,栗,ディスクリートキャット,2,京都芝1800,2,46305,メイショウリベロ46304,メイショウリベロ46302,メイショウリベロ46303,メイショウリベロ46298,メイショウリベロ46299,メイショウリベロ46291,メイショウリベロ46292,なし,なし,なし,なし,なし,なし,67.6,17.3,16.4,63.9,15.8,16.1,57.6,12.4,14.4,15.1,15.7,なし,なし,なし,なし,なし,69.8,なし,なし,なし,なし,なし,なし,なし,なし,なし,なし,なし,なし,なし,なし,なし,なし,なし,なし,なし,なし,なし,なし,なし,なし,なし,なし,なし,なし,なし,なし,なし,なし,なし,FALSE,なし,なし,なし,100,　,3,2.0261E+17,24101549
20261010,京都,3,4,未勝利*,芝,1800,アイオリスパルス,牝,吉村誠之,長谷川浩,栗,アドマイヤマーズ,2,京都芝1800,2,46305,アイオリスパルス46304,アイオリスパルス46302,アイオリスパルス46303,アイオリスパルス46298,アイオリスパルス46299,アイオリスパルス46291,アイオリスパルス46292,67.2,16,16.6,59.4,13.9,14.6,57.1,13.4,14,なし,なし,なし,53.8,12.4,12.7,13.6,15.1,なし,なし,なし,なし,なし,65.9,なし,なし,なし,なし,なし,なし,なし,なし,なし,なし,なし,なし,なし,なし,なし,なし,なし,なし,なし,なし,なし,なし,なし,なし,なし,なし,なし,なし,なし,なし,なし,なし,なし,FALSE,なし,なし,なし,105,先,4,2.0261E+17,24106991
20261010,京都,3,5,未勝利*,芝,1800,シャーロットタウン,牝,西塚洸二,藤岡健一,栗,ハービンジャー,2,京都芝1800,2,46305,シャーロットタウン46304,シャーロットタウン46302,シャーロットタウン46303,シャーロットタウン46298,シャーロットタウン46299,シャーロットタウン46291,シャーロットタウン46292,64.7,16.5,16.2,67.5,16.9,16.5,65.3,15.6,16.4,56.2,13,14.4,なし,なし,なし,なし,なし,なし,なし,なし,なし,なし,なし,なし,なし,なし,なし,なし,なし,11.9,53.7,69.4,85.9,なし,なし,なし,なし,TRUE,なし,なし,なし,なし,なし,なし,なし,なし,なし,なし,なし,なし,なし,なし,なし,なし,なし,なし,FALSE,なし,〇,なし,111,　,5,2.0261E+17,24101407
20261010,京都,3,6,未勝利*,芝,1800,ドーンレーサー,牡,Ｍ．デム,中村直也,栗,ロゴタイプ,2,京都芝1800,2,46305,ドーンレーサー46304,ドーンレーサー46302,ドーンレーサー46303,ドーンレーサー46298,ドーンレーサー46299,ドーンレーサー46291,ドーンレーサー46292,なし,なし,なし,なし,なし,なし,なし,なし,なし,なし,なし,なし,53.9,12.2,13.2,13.9,14.6,なし,なし,なし,なし,なし,なし,なし,なし,なし,なし,なし,なし,なし,なし,なし,なし,なし,なし,なし,なし,なし,なし,なし,なし,なし,なし,なし,なし,なし,なし,なし,なし,なし,なし,なし,なし,なし,なし,なし,FALSE,なし,なし,なし,97,差,6,2.0261E+17,24105844
20261010,京都,3,7,未勝利*,芝,1800,ロックウイズミー,牡,国分恭介,緒方努,栗,アドマイヤマーズ,2,京都芝1800,2,46305,ロックウイズミー46304,ロックウイズミー46302,ロックウイズミー46303,ロックウイズミー46298,ロックウイズミー46299,ロックウイズミー46291,ロックウイズミー46292,なし,なし,なし,なし,なし,なし,66.9,15.2,16.6,なし,なし,なし,なし,なし,なし,なし,なし,なし,なし,なし,なし,なし,なし,なし,なし,なし,なし,15.1,88.5,11.9,53.6,69,84.8,なし,なし,なし,なし,なし,なし,なし,なし,なし,なし,なし,なし,なし,なし,なし,なし,なし,なし,なし,なし,なし,なし,なし,FALSE,なし,なし,なし,88,　,7,2.0261E+17,24102159
20261010,京都,3,8,未勝利*,芝,1800,プレシャスタイム,牡,川田将雅,須貝尚介,栗,ブリックスアンドモルタル,2,京都芝1800,2,46305,プレシャスタイム46304,プレシャスタイム46302,プレシャスタイム46303,プレシャスタイム46298,プレシャスタイム46299,プレシャスタイム46291,プレシャスタイム46292,なし,なし,なし,なし,なし,なし,なし,なし,なし,なし,なし,なし,54.4,12.5,12.7,14.3,14.9,なし,なし,なし,なし,なし,なし,なし,なし,なし,なし,なし,なし,なし,なし,なし,なし,なし,なし,なし,なし,なし,なし,なし,なし,なし,なし,なし,なし,なし,なし,なし,なし,なし,なし,なし,なし,なし,なし,なし,FALSE,なし,なし,なし,106,　,8,2.0261E+17,24106140
20261010,京都,4,1,障害・オープ,ダ,3170,メイショウウネビ,牡,中村将之,本田優,栗,メイショウサムソン,1,京都ダ3170,2,46305,メイショウウネビ46304,メイショウウネビ46302,メイショウウネビ46303,メイショウウネビ46298,メイショウウネビ46299,メイショウウネビ46291,メイショウウネビ46292,なし,なし,なし,なし,なし,なし,なし,なし,なし,なし,なし,なし,なし,なし,なし,なし,なし,なし,なし,なし,なし,なし,なし,なし,なし,16.6,84.7,16.4,87.1,12,52.6,67.6,84.1,なし,なし,なし,なし,なし,なし,なし,なし,なし,なし,なし,なし,なし,なし,なし,なし,なし,なし,なし,なし,なし,なし,なし,FALSE,なし,なし,なし,90,　,1,2.0261E+17,19104112
20261010,京都,4,10,障害・オープ,ダ,3170,コスモチプリア,牝,伴啓太,松永康利,美,ゴールドシップ,1,京都ダ3170,1,46305,コスモチプリア46304,コスモチプリア46302,コスモチプリア46303,コスモチプリア46298,コスモチプリア46299,コスモチプリア46291,コスモチプリア46292,なし,なし,なし,60.4,14.2,14.9,なし,なし,なし,なし,なし,なし,55.9,12.3,13.9,14.5,15.2,なし,なし,なし,なし,なし,なし,なし,なし,なし,なし,12.3,72.7,なし,なし,なし,なし,なし,なし,なし,なし,なし,なし,なし,なし,なし,なし,なし,なし,なし,なし,なし,なし,なし,なし,なし,なし,なし,なし,なし,FALSE,なし,なし,なし,0,差,6,2.0261E+17,20105774
20261010,京都,4,11,障害・オープ,ダ,3170,シャンドゥレール,セ,小林凌大,手塚貴徳,美,エピファネイア,1,京都ダ3170,1,46305,シャンドゥレール46304,シャンドゥレール46302,シャンドゥレール46303,シャンドゥレール46298,シャンドゥレール46299,シャンドゥレール46291,シャンドゥレール46292,63.4,15.4,15.5,なし,なし,なし,なし,なし,なし,57.2,13.5,14.1,52.9,12.6,12.3,13.3,14.7,なし,なし,なし,なし,なし,なし,なし,12,なし,なし,なし,なし,なし,なし,なし,なし,なし,なし,なし,なし,なし,なし,なし,なし,なし,なし,なし,なし,なし,なし,なし,なし,なし,なし,なし,なし,なし,なし,なし,FALSE,なし,なし,なし,104,先,7,2.0261E+17,20103053
20261010,京都,4,12,障害・オープ,ダ,3170,アメリカンピース,セ,小坂忠士,東田明士,栗,Tapit,1,京都ダ3170,2,46305,アメリカンピース46304,アメリカンピース46302,アメリカンピース46303,アメリカンピース46298,アメリカンピース46299,アメリカンピース46291,アメリカンピース46292,65.9,15.3,15.7,55.3,13.3,13.2,61.8,14.8,15.2,56.4,13.1,13,53.7,13,12.5,13.6,14.6,なし,なし,なし,なし,なし,なし,なし,なし,なし,なし,なし,なし,なし,なし,なし,なし,なし,なし,なし,なし,なし,なし,なし,なし,なし,なし,なし,なし,なし,なし,なし,なし,なし,なし,なし,なし,なし,なし,なし,FALSE,なし,なし,なし,108,　,7,2.0261E+17,18110131
20261010,京都,4,13,障害・オープ,ダ,3170,ヴェールランス,牡,五十嵐雄,中舘英二,美,キタサンブラック,1,京都ダ3170,1,46305,ヴェールランス46304,ヴェールランス46302,ヴェールランス46303,ヴェールランス46298,ヴェールランス46299,ヴェールランス46291,ヴェールランス46292,なし,なし,なし,なし,なし,なし,なし,なし,なし,なし,なし,なし,なし,なし,なし,なし,なし,なし,なし,なし,なし,なし,なし,なし,なし,なし,なし,なし,なし,12,52.2,67.4,84.2,なし,なし,なし,なし,なし,なし,なし,なし,なし,なし,なし,なし,なし,なし,なし,なし,なし,なし,なし,なし,なし,なし,なし,FALSE,なし,なし,なし,124,　,8,2.0261E+17,19104767
20261010,京都,4,14,障害・オープ,ダ,3170,フォージドブリック,牡,大江原圭,西田雄一,美,ブリックスアンドモルタル,1,京都ダ3170,1,46305,フォージドブリック46304,フォージドブリック46302,フォージドブリック46303,フォージドブリック46298,フォージドブリック46299,フォージドブリック46291,フォージドブリック46292,なし,なし,なし,なし,なし,なし,なし,なし,なし,なし,なし,なし,なし,なし,なし,なし,なし,なし,なし,なし,なし,なし,なし,なし,13.8,なし,なし,13.7,77.2,12.6,55.9,70.4,85.4,なし,なし,なし,なし,なし,なし,なし,なし,なし,なし,なし,なし,なし,なし,なし,なし,なし,なし,なし,なし,なし,なし,なし,FALSE,なし,なし,なし,119,追,8,2.0261E+17,21104800
20261010,京都,4,2,障害・オープ,ダ,3170,ルドヴィクス,牡,上野翔,久保田貴,美,モーリス,1,京都ダ3170,1,46305,ルドヴィクス46304,ルドヴィクス46302,ルドヴィクス46303,ルドヴィクス46298,ルドヴィクス46299,ルドヴィクス46291,ルドヴィクス46292,65.7,16.7,15.8,なし,なし,なし,なし,なし,なし,54.8,13.1,13.1,52,12.3,12.7,13.2,13.8,なし,なし,なし,なし,なし,なし,なし,11.6,なし,なし,なし,なし,なし,なし,なし,なし,なし,なし,なし,なし,なし,なし,なし,なし,なし,なし,なし,なし,なし,なし,なし,なし,なし,なし,なし,なし,なし,なし,なし,FALSE,なし,なし,なし,119,　,2,2.0261E+17,18105213
20261010,京都,4,3,障害・オープ,ダ,3170,ミレニアムヒロイン,牝,草野太郎,池上昌和,美,スクリーンヒーロー,1,京都ダ3170,1,46305,ミレニアムヒロイン46304,ミレニアムヒロイン46302,ミレニアムヒロイン46303,ミレニアムヒロイン46298,ミレニアムヒロイン46299,ミレニアムヒロイン46291,ミレニアムヒロイン46292,なし,なし,なし,なし,なし,なし,なし,なし,なし,なし,なし,なし,なし,なし,なし,なし,なし,なし,なし,なし,なし,なし,なし,なし,なし,なし,なし,12.1,67.2,12.3,54,68.8,86.2,なし,なし,なし,なし,なし,なし,なし,なし,なし,なし,なし,なし,なし,なし,なし,なし,なし,なし,なし,なし,なし,なし,なし,FALSE,なし,なし,なし,118,先,3,2.0261E+17,21103480
20261010,京都,4,4,障害・オープ,ダ,3170,ホウオウプレシャス,牡,水沼元輝,天間昭一,美,イスラボニータ,1,京都ダ3170,1,46305,ホウオウプレシャス46304,ホウオウプレシャス46302,ホウオウプレシャス46303,ホウオウプレシャス46298,ホウオウプレシャス46299,ホウオウプレシャス46291,ホウオウプレシャス46292,なし,なし,なし,なし,なし,なし,なし,なし,なし,なし,なし,なし,なし,なし,なし,なし,なし,なし,なし,なし,なし,なし,なし,なし,13.5,なし,なし,13.3,74.9,13.1,56.1,71.2,88.2,なし,なし,なし,なし,なし,なし,なし,なし,なし,なし,なし,なし,なし,なし,なし,なし,なし,なし,なし,なし,なし,なし,なし,FALSE,なし,なし,なし,76,　,3,2.0261E+17,20103939
20261010,京都,4,5,障害・オープ,ダ,3170,ソレルビュレット,牡,坂口智康,松尾卓哉,美,Malibu Moon,1,京都ダ3170,1,46305,ソレルビュレット46304,ソレルビュレット46302,ソレルビュレット46303,ソレルビュレット46298,ソレルビュレット46299,ソレルビュレット46291,ソレルビュレット46292,なし,なし,なし,なし,なし,なし,なし,なし,なし,58.1,13.3,14.2,54.2,13,13,13.9,14.3,なし,なし,なし,なし,なし,なし,なし,12.2,なし,なし,なし,なし,なし,なし,なし,なし,なし,なし,なし,なし,なし,なし,なし,なし,なし,なし,なし,なし,なし,なし,なし,なし,なし,なし,なし,なし,なし,なし,なし,FALSE,なし,なし,なし,106,差,4,2.0261E+17,21110061
20261010,京都,4,6,障害・オープ,ダ,3170,アスクオンディープ,セ,井上敏樹,前川恭子,栗,ディープインパクト,1,京都ダ3170,2,46305,アスクオンディープ46304,アスクオンディープ46302,アスクオンディープ46303,アスクオンディープ46298,アスクオンディープ46299,アスクオンディープ46291,アスクオンディープ46292,なし,なし,なし,なし,なし,なし,なし,なし,なし,なし,なし,なし,なし,なし,なし,なし,なし,なし,なし,なし,なし,なし,なし,なし,13.2,なし,なし,12.4,69.3,11.8,53.2,68.3,83.7,なし,なし,なし,なし,なし,なし,なし,なし,なし,なし,なし,なし,なし,なし,なし,なし,なし,なし,なし,なし,なし,なし,なし,FALSE,なし,なし,なし,89,　,4,2.0261E+17,19101612
20261010,京都,4,7,障害・オープ,ダ,3170,リッケンバッカー,牡,小牧加矢,西村真幸,栗,ロードカナロア,1,京都ダ3170,2,46305,リッケンバッカー46304,リッケンバッカー46302,リッケンバッカー46303,リッケンバッカー46298,リッケンバッカー46299,リッケンバッカー46291,リッケンバッカー46292,66.2,16.9,16,60.4,13.7,14.8,65.2,15.8,15.8,60.3,14.8,14.6,なし,なし,なし,なし,なし,なし,なし,なし,なし,なし,なし,なし,なし,なし,なし,なし,なし,11.9,53.4,68.7,84.4,なし,なし,なし,なし,なし,なし,なし,なし,なし,なし,なし,なし,なし,なし,なし,なし,なし,なし,なし,なし,なし,なし,なし,FALSE,なし,なし,なし,106,追,5,2.0261E+17,18103590
20261010,京都,4,8,障害・オープ,ダ,3170,ライツフォル,牡,難波剛健,高橋義忠,栗,ミッキーアイル,1,京都ダ3170,2,46305,ライツフォル46304,ライツフォル46302,ライツフォル46303,ライツフォル46298,ライツフォル46299,ライツフォル46291,ライツフォル46292,なし,なし,なし,56.3,12.8,13.1,69.8,16.4,17,60.2,12.8,13.3,51.9,12.7,12.5,12.9,13.8,なし,なし,なし,なし,なし,なし,なし,なし,なし,なし,なし,なし,なし,なし,なし,なし,なし,なし,なし,なし,なし,なし,なし,なし,なし,なし,なし,なし,なし,なし,なし,なし,なし,なし,なし,なし,なし,なし,なし,FALSE,なし,なし,なし,105,先,5,2.0261E+17,20103398
20261010,京都,4,9,障害・オープ,ダ,3170,パープルアドミラル,牡,金子光希,堀内岳志,美,シビルウォー,1,京都ダ3170,1,46305,パープルアドミラル46304,パープルアドミラル46302,パープルアドミラル46303,パープルアドミラル46298,パープルアドミラル46299,パープルアドミラル46291,パープルアドミラル46292,なし,なし,なし,58.3,13.2,14.2,なし,なし,なし,60,13,13.7,なし,なし,なし,なし,なし,なし,なし,なし,なし,なし,なし,なし,なし,なし,なし,なし,なし,11.5,53.1,68.5,84.5,なし,なし,なし,なし,なし,なし,なし,なし,なし,なし,なし,なし,なし,なし,なし,なし,なし,なし,なし,なし,なし,なし,なし,FALSE,なし,なし,なし,104,　,6,2.0261E+17,20104328
20261010,京都,5,1,新馬,芝,1600,サラサランラン,牡,西塚洸二,藤原英昭,栗,Charlatan,2,京都芝1600,2,46305,サラサランラン46304,サラサランラン46302,サラサランラン46303,サラサランラン46298,サラサランラン46299,サラサランラン46291,サラサランラン46292,なし,なし,なし,67.1,15.8,15.6,64.4,15.2,15.7,なし,なし,なし,なし,なし,なし,なし,なし,なし,なし,なし,なし,なし,64.6,なし,なし,なし,なし,なし,なし,なし,なし,なし,なし,なし,なし,なし,なし,なし,なし,なし,なし,なし,なし,なし,なし,なし,なし,なし,なし,なし,なし,なし,なし,なし,なし,なし,FALSE,なし,なし,なし,0,　,1,2.0261E+17,24104360
20261010,京都,5,10,新馬,芝,1600,テンカ,牝,田口貫太,森田直行,栗,アメリカンペイトリオット,2,京都芝1600,2,46305,テンカ46304,テンカ46302,テンカ46303,テンカ46298,テンカ46299,テンカ46291,テンカ46292,なし,なし,なし,56.9,13.8,13.7,67.9,15.6,16.7,54.8,13.6,12.6,55.5,12.7,13,14.4,15.4,なし,なし,なし,なし,なし,67.2,なし,なし,なし,なし,なし,なし,なし,なし,なし,なし,なし,なし,なし,なし,なし,なし,なし,なし,なし,なし,なし,なし,なし,なし,なし,なし,なし,なし,なし,なし,なし,なし,なし,FALSE,なし,なし,なし,0,　,6,2.0261E+17,24102367
20261010,京都,5,11,新馬,芝,1600,マリアーナ,牝,高倉稜,武英智,栗,コントレイル,2,京都芝1600,2,46305,マリアーナ46304,マリアーナ46302,マリアーナ46303,マリアーナ46298,マリアーナ46299,マリアーナ46291,マリアーナ46292,なし,なし,なし,なし,なし,なし,なし,なし,なし,なし,なし,なし,56.6,12.8,12.3,15,16.5,なし,なし,なし,なし,なし,65.6,なし,なし,13.1,68,なし,なし,なし,なし,なし,なし,なし,なし,なし,なし,FALSE,なし,なし,なし,なし,なし,なし,なし,なし,なし,なし,なし,なし,なし,なし,なし,なし,なし,なし,FALSE,なし,なし,なし,0,　,7,2.0261E+17,24104231
20261010,京都,5,12,新馬,芝,1600,ドマ,セ,国分優作,坂口智康,栗,アルアイン,2,京都芝1600,2,46305,ドマ46304,ドマ46302,ドマ46303,ドマ46298,ドマ46299,ドマ46291,ドマ46292,67.6,16.1,16.1,56.8,13.7,13.3,64.3,16.4,16.2,57.8,12.6,13.5,55,12.6,13.6,14.2,14.6,なし,なし,なし,なし,なし,65.1,なし,なし,なし,なし,なし,なし,なし,なし,なし,なし,なし,なし,なし,なし,なし,なし,なし,なし,なし,なし,なし,なし,なし,なし,なし,なし,なし,なし,なし,なし,なし,なし,なし,FALSE,なし,なし,なし,0,　,7,2.0261E+17,24102178
20261010,京都,5,13,新馬,芝,1600,ワールドプラージュ,牝,幸英明,中竹和也,栗,レイデオロ,2,京都芝1600,2,46305,ワールドプラージュ46304,ワールドプラージュ46302,ワールドプラージュ46303,ワールドプラージュ46298,ワールドプラージュ46299,ワールドプラージュ46291,ワールドプラージュ46292,なし,なし,なし,58.2,14.4,14,なし,なし,なし,59.3,15.3,14.8,なし,なし,なし,なし,なし,なし,なし,なし,なし,なし,なし,なし,なし,なし,なし,なし,なし,なし,なし,なし,なし,なし,なし,なし,なし,FALSE,なし,なし,なし,なし,なし,なし,なし,なし,なし,なし,なし,なし,なし,なし,なし,なし,なし,なし,FALSE,なし,なし,なし,0,　,8,2.0261E+17,24103537
20261010,京都,5,14,新馬,芝,1600,ジョワイエトワール,牝,Ｍ．デム,藤野健太,栗,ホットロッドチャーリー,2,京都芝1600,2,46305,ジョワイエトワール46304,ジョワイエトワール46302,ジョワイエトワール46303,ジョワイエトワール46298,ジョワイエトワール46299,ジョワイエトワール46291,ジョワイエトワール46292,なし,なし,なし,55.7,14.2,12.8,なし,なし,なし,61.5,14,15.2,56.3,12.6,13.1,14.1,16.5,なし,なし,なし,なし,なし,なし,なし,なし,なし,なし,なし,なし,なし,なし,なし,なし,なし,なし,なし,なし,なし,なし,なし,なし,なし,なし,なし,なし,なし,なし,なし,なし,なし,なし,なし,なし,なし,なし,なし,FALSE,なし,なし,なし,0,　,8,2.0261E+17,24103241
20261010,京都,5,2,新馬,芝,1600,ハニーベル,牝,西村淳也,高野友和,栗,キタサンブラック,2,京都芝1600,2,46305,ハニーベル46304,ハニーベル46302,ハニーベル46303,ハニーベル46298,ハニーベル46299,ハニーベル46291,ハニーベル46292,なし,なし,なし,57,12.6,13.9,なし,なし,なし,56.9,12.7,13.8,54.5,12.2,13.1,14.4,14.8,なし,なし,なし,なし,なし,なし,なし,なし,16.8,88.2,なし,なし,なし,なし,なし,なし,なし,なし,なし,なし,FALSE,なし,なし,なし,なし,なし,なし,なし,なし,なし,なし,なし,なし,なし,なし,なし,なし,なし,なし,FALSE,なし,なし,なし,0,　,2,2.0261E+17,24103489
20261010,京都,5,3,新馬,芝,1600,クインズアンジェロ,牝,小沢大仁,野中賢二,栗,サトノダイヤモンド,2,京都芝1600,2,46305,クインズアンジェロ46304,クインズアンジェロ46302,クインズアンジェロ46303,クインズアンジェロ46298,クインズアンジェロ46299,クインズアンジェロ46291,クインズアンジェロ46292,68.8,16.7,16.9,なし,なし,なし,69.6,16.6,17,68.7,16.3,17,なし,なし,なし,なし,なし,なし,なし,なし,なし,なし,67.4,なし,なし,なし,なし,なし,なし,11.8,56,72,0,なし,なし,なし,なし,FALSE,なし,なし,なし,なし,なし,なし,なし,なし,なし,なし,なし,なし,なし,なし,なし,なし,なし,なし,FALSE,なし,なし,なし,0,　,3,2.0261E+17,24102546
20261010,京都,5,4,新馬,芝,1600,アイデア,牡,吉村誠之,中内田充,栗,ブリックスアンドモルタル,2,京都芝1600,2,46305,アイデア46304,アイデア46302,アイデア46303,アイデア46298,アイデア46299,アイデア46291,アイデア46292,66,15.4,16,66.5,16.3,16.4,なし,なし,なし,63.8,15.7,15.8,54.5,12.8,12.8,13.9,15,なし,なし,なし,なし,なし,なし,なし,なし,14.1,76.1,なし,なし,なし,なし,なし,なし,なし,なし,なし,なし,FALSE,なし,なし,なし,なし,なし,なし,なし,なし,なし,なし,なし,なし,なし,なし,なし,なし,なし,なし,FALSE,なし,なし,なし,0,　,3,2.0261E+17,24106722
20261010,京都,5,5,新馬,芝,1600,ハクサンゲント,牡,田山旺佑,緒方努,栗,シルポート,2,京都芝1600,2,46305,ハクサンゲント46304,ハクサンゲント46302,ハクサンゲント46303,ハクサンゲント46298,ハクサンゲント46299,ハクサンゲント46291,ハクサンゲント46292,なし,なし,なし,60.6,13.2,14.5,67.8,16.7,16.4,62.3,14.3,14.5,なし,なし,なし,なし,なし,なし,なし,なし,なし,なし,65.3,なし,なし,なし,なし,なし,なし,12.2,54.7,69.7,85.2,なし,なし,なし,なし,なし,なし,なし,なし,なし,なし,なし,なし,なし,なし,なし,なし,なし,なし,なし,なし,なし,なし,なし,FALSE,なし,なし,なし,0,　,4,2.0261E+17,24102604
20261010,京都,5,6,新馬,芝,1600,ドンクラッシュ,牡,池添謙一,斉藤崇史,栗,インディチャンプ,2,京都芝1600,2,46305,ドンクラッシュ46304,ドンクラッシュ46302,ドンクラッシュ46303,ドンクラッシュ46298,ドンクラッシュ46299,ドンクラッシュ46291,ドンクラッシュ46292,67.3,16.6,16.3,57.9,12.9,13.9,68,16.2,16.8,なし,なし,なし,なし,なし,なし,なし,なし,なし,なし,なし,なし,なし,69.6,なし,なし,なし,なし,12.7,73.7,11.1,53.1,69.4,86.7,なし,なし,なし,なし,FALSE,なし,なし,なし,なし,なし,なし,なし,なし,なし,なし,なし,なし,なし,なし,なし,なし,なし,なし,FALSE,なし,なし,なし,0,　,4,2.0261E+17,24106396
20261010,京都,5,7,新馬,芝,1600,トゥルーライフ,牝,富田暁,前川恭子,栗,シスキン,2,京都芝1600,2,46305,トゥルーライフ46304,トゥルーライフ46302,トゥルーライフ46303,トゥルーライフ46298,トゥルーライフ46299,トゥルーライフ46291,トゥルーライフ46292,なし,なし,なし,65.6,16,15.5,65.4,15.6,16.3,62.6,14.8,15.2,なし,なし,なし,なし,なし,なし,なし,なし,なし,なし,なし,なし,なし,なし,なし,なし,なし,なし,なし,なし,なし,なし,なし,なし,なし,なし,なし,なし,なし,なし,なし,なし,なし,なし,なし,なし,なし,なし,なし,なし,なし,なし,なし,なし,FALSE,なし,なし,なし,0,　,5,2.0261E+17,24106871
20261010,京都,5,8,新馬,芝,1600,キューティボンド,牝,川田将雅,福永祐一,栗,サートゥルナーリア,2,京都芝1600,2,46305,キューティボンド46304,キューティボンド46302,キューティボンド46303,キューティボンド46298,キューティボンド46299,キューティボンド46291,キューティボンド46292,69.5,16.5,17.2,58.5,13.1,14,70,16.2,17.3,60.5,13.7,15.2,なし,なし,なし,なし,なし,なし,なし,なし,なし,なし,なし,なし,なし,なし,なし,なし,なし,11.2,53,70,87.6,なし,なし,なし,なし,なし,なし,なし,なし,なし,なし,なし,なし,なし,なし,なし,なし,なし,なし,なし,なし,なし,なし,なし,FALSE,なし,なし,なし,0,　,5,2.0261E+17,24106316
20261010,京都,5,9,新馬,芝,1600,モズモーク,牡,松若風馬,牧田和弥,栗,モズアスコット,2,京都芝1600,2,46305,モズモーク46304,モズモーク46302,モズモーク46303,モズモーク46298,モズモーク46299,モズモーク46291,モズモーク46292,66.6,16,16.6,58,13.7,14.1,66.8,16.3,15.9,60.4,14.8,14.4,54.1,13.1,12.5,13.4,15.1,なし,なし,なし,なし,なし,65.1,なし,なし,なし,なし,なし,なし,なし,なし,なし,なし,なし,なし,なし,なし,なし,なし,なし,なし,なし,なし,なし,なし,なし,なし,なし,なし,なし,なし,なし,なし,なし,なし,なし,FALSE,なし,なし,なし,0,　,6,2.0261E+17,24104917
20261010,京都,6,1,新馬,ダ,1200,マイスターシューズ,牡,田口貫太,小椋研介,栗,モーニン,1,京都ダ1200,2,46305,マイスターシューズ46304,マイスターシューズ46302,マイスターシューズ46303,マイスターシューズ46298,マイスターシューズ46299,マイスターシューズ46291,マイスターシューズ46292,なし,なし,なし,なし,なし,なし,なし,なし,なし,なし,なし,なし,53.1,12.1,12.8,13.2,15,なし,なし,なし,なし,なし,67.5,なし,12.9,なし,なし,13.7,71.1,なし,なし,なし,なし,なし,なし,なし,なし,なし,なし,なし,なし,なし,なし,なし,なし,なし,なし,なし,なし,なし,なし,なし,なし,なし,なし,なし,FALSE,なし,なし,なし,0,　,1,2.0261E+17,24100744
20261010,京都,6,10,新馬,ダ,1200,ワンダリングスター,牡,古川吉洋,的場均,美,サトノクラウン,1,京都ダ1200,1,46305,ワンダリングスター46304,ワンダリングスター46302,ワンダリングスター46303,ワンダリングスター46298,ワンダリングスター46299,ワンダリングスター46291,ワンダリングスター46292,69.3,16.5,16.3,なし,なし,なし,67.6,15.9,16.1,なし,なし,なし,69.7,16.9,16.4,18,18.4,なし,なし,なし,なし,なし,なし,なし,12.5,なし,なし,12.8,74.4,13.5,55.8,70.7,87.2,なし,なし,なし,なし,なし,なし,なし,なし,なし,なし,なし,なし,なし,なし,なし,なし,なし,なし,なし,なし,なし,なし,なし,FALSE,なし,なし,なし,0,　,8,2.0261E+17,24104009
20261010,京都,6,11,新馬,ダ,1200,カムトゥルー,牡,幸英明,荒川義之,栗,マクフィ,1,京都ダ1200,2,46305,カムトゥルー46304,カムトゥルー46302,カムトゥルー46303,カムトゥルー46298,カムトゥルー46299,カムトゥルー46291,カムトゥルー46292,64.3,15.6,16,なし,なし,なし,66.2,16.5,16.4,なし,なし,なし,53.5,13.4,12.6,13,14.5,なし,なし,なし,なし,なし,66.2,なし,なし,なし,なし,なし,なし,なし,なし,なし,なし,なし,なし,なし,なし,なし,なし,なし,なし,なし,なし,なし,なし,なし,なし,なし,なし,なし,なし,なし,なし,なし,なし,なし,FALSE,なし,なし,なし,0,　,8,2.0261E+17,24103480
20261010,京都,6,2,新馬,ダ,1200,シムサラビン,牡,高杉吏麒,浜田多実,栗,ウィルテイクチャージ,1,京都ダ1200,2,46305,シムサラビン46304,シムサラビン46302,シムサラビン46303,シムサラビン46298,シムサラビン46299,シムサラビン46291,シムサラビン46292,なし,なし,なし,なし,なし,なし,なし,なし,なし,60.7,14.1,15.3,なし,なし,なし,なし,なし,なし,なし,なし,なし,なし,なし,なし,12.3,なし,なし,なし,なし,11.4,55.4,70.7,85.8,なし,なし,なし,なし,なし,なし,なし,なし,なし,なし,なし,なし,なし,なし,なし,なし,なし,なし,なし,なし,なし,なし,なし,FALSE,なし,なし,なし,0,　,2,2.0261E+17,24109047
20261010,京都,6,3,新馬,ダ,1200,メイショウソウハ,牡,富田暁,高橋義忠,栗,シャンハイボビー,1,京都ダ1200,2,46305,メイショウソウハ46304,メイショウソウハ46302,メイショウソウハ46303,メイショウソウハ46298,メイショウソウハ46299,メイショウソウハ46291,メイショウソウハ46292,なし,なし,なし,67,17.1,16.5,65,16,16.4,55.3,15.8,13.4,54.2,12.4,13.1,13.9,14.8,なし,なし,なし,なし,なし,64.8,なし,なし,なし,なし,なし,なし,なし,なし,なし,なし,なし,なし,なし,なし,なし,なし,なし,なし,なし,なし,なし,なし,なし,なし,なし,なし,なし,なし,なし,なし,なし,なし,なし,FALSE,なし,なし,なし,0,　,3,2.0261E+17,24102053
20261010,京都,6,4,新馬,ダ,1200,カンソウシタイナ,牡,武豊,森秀行,栗,Charlatan,1,京都ダ1200,2,46305,カンソウシタイナ46304,カンソウシタイナ46302,カンソウシタイナ46303,カンソウシタイナ46298,カンソウシタイナ46299,カンソウシタイナ46291,カンソウシタイナ46292,なし,なし,なし,63.3,15.9,15.5,なし,なし,なし,53.8,12.5,12.9,51.9,12.2,12.6,13.2,13.9,なし,なし,なし,なし,なし,なし,なし,なし,なし,なし,なし,なし,なし,なし,なし,なし,なし,なし,なし,なし,TRUE,なし,なし,なし,なし,なし,なし,なし,なし,なし,なし,なし,なし,なし,なし,なし,なし,なし,なし,FALSE,なし,〇,なし,0,　,4,2.0261E+17,24108336
20261010,京都,6,5,新馬,ダ,1200,ヴァルクシェル,牝,菱田裕二,岡田稲男,栗,ニューイヤーズデイ,1,京都ダ1200,2,46305,ヴァルクシェル46304,ヴァルクシェル46302,ヴァルクシェル46303,ヴァルクシェル46298,ヴァルクシェル46299,ヴァルクシェル46291,ヴァルクシェル46292,64.1,15.7,15.6,59,13.5,13.8,なし,なし,なし,56.9,13.3,14.2,なし,なし,なし,なし,なし,なし,なし,なし,なし,なし,64.1,なし,なし,15.7,0,なし,なし,12.6,53.8,68,82.6,なし,なし,なし,なし,なし,なし,なし,なし,なし,なし,なし,なし,なし,なし,なし,なし,なし,なし,なし,なし,なし,なし,なし,FALSE,なし,なし,なし,0,　,5,2.0261E+17,24105646
20261010,京都,6,6,新馬,ダ,1200,スカイランデヴー,牝,西村淳也,坂口智康,栗,マテラスカイ,1,京都ダ1200,2,46305,スカイランデヴー46304,スカイランデヴー46302,スカイランデヴー46303,スカイランデヴー46298,スカイランデヴー46299,スカイランデヴー46291,スカイランデヴー46292,69,16.4,17.4,58.3,13.9,13.3,62.3,15.1,15.2,59.8,12.2,13.9,54.5,12.4,13.6,14.1,14.4,なし,なし,なし,なし,なし,63.4,なし,なし,なし,なし,なし,なし,なし,なし,なし,なし,なし,なし,なし,なし,なし,なし,なし,なし,なし,なし,なし,なし,なし,なし,なし,なし,なし,なし,なし,なし,なし,なし,なし,FALSE,なし,なし,なし,0,　,6,2.0261E+17,24102661
20261010,京都,6,7,新馬,ダ,1200,ロマノフ,牡,松山弘平,中村直也,栗,Jack Christopher,1,京都ダ1200,2,46305,ロマノフ46304,ロマノフ46302,ロマノフ46303,ロマノフ46298,ロマノフ46299,ロマノフ46291,ロマノフ46292,なし,なし,なし,なし,なし,なし,66.8,17.4,16.4,なし,なし,なし,53.8,12.5,12.8,13.7,14.8,なし,なし,なし,なし,なし,68.6,なし,なし,なし,なし,なし,なし,なし,なし,なし,なし,なし,なし,なし,なし,なし,なし,なし,なし,なし,なし,なし,なし,なし,なし,なし,なし,なし,なし,なし,なし,なし,なし,なし,FALSE,なし,なし,なし,0,　,6,2.0261E+17,24108362
20261010,京都,6,8,新馬,ダ,1200,メイショウビジュー,牡,国分恭介,飯田祐史,栗,ステルヴィオ,1,京都ダ1200,2,46305,メイショウビジュー46304,メイショウビジュー46302,メイショウビジュー46303,メイショウビジュー46298,メイショウビジュー46299,メイショウビジュー46291,メイショウビジュー46292,なし,なし,なし,なし,なし,なし,なし,なし,なし,なし,なし,なし,なし,なし,なし,なし,なし,なし,なし,なし,なし,なし,なし,なし,なし,なし,なし,なし,なし,なし,なし,なし,なし,なし,なし,なし,なし,なし,なし,なし,なし,なし,なし,なし,なし,なし,なし,なし,なし,なし,なし,なし,なし,なし,なし,なし,FALSE,なし,なし,なし,0,　,7,2.0261E+17,24102879
20261010,京都,6,9,新馬,ダ,1200,ライフイズアソング,牡,川田将雅,小栗実,栗,Life Is Good,1,京都ダ1200,2,46305,ライフイズアソング46304,ライフイズアソング46302,ライフイズアソング46303,ライフイズアソング46298,ライフイズアソング46299,ライフイズアソング46291,ライフイズアソング46292,なし,なし,なし,なし,なし,なし,なし,なし,なし,なし,なし,なし,54.9,12.4,12.6,14.3,15.6,なし,なし,なし,なし,なし,なし,なし,なし,なし,なし,なし,なし,なし,なし,なし,なし,なし,なし,なし,なし,なし,なし,なし,なし,なし,なし,なし,なし,なし,なし,なし,なし,なし,なし,なし,なし,なし,なし,なし,FALSE,なし,なし,なし,0,　,7,2.0261E+17,24108374
20261010,京都,7,1,１勝ｸﾗｽ・牝,ダ,1800,ブラックドレス,牝,永島まな,谷潔,栗,ブラックタイド,1,京都ダ1800,2,46305,ブラックドレス46304,ブラックドレス46302,ブラックドレス46303,ブラックドレス46298,ブラックドレス46299,ブラックドレス46291,ブラックドレス46292,68.2,15.8,15.9,なし,なし,なし,67.5,15.8,16.2,57.6,13.2,13.7,55.4,12.8,13.1,14.1,15.4,なし,なし,なし,なし,なし,65.4,なし,なし,なし,なし,なし,なし,なし,なし,なし,なし,なし,なし,なし,なし,なし,なし,なし,なし,なし,なし,なし,なし,なし,なし,なし,なし,なし,なし,なし,なし,なし,なし,なし,FALSE,なし,なし,なし,106,逃,1,2.0261E+17,21101391
20261010,京都,7,10,１勝ｸﾗｽ・牝,ダ,1800,フェロニエール,牝,北村友一,高野友和,栗,ドゥラメンテ,1,京都ダ1800,2,46305,フェロニエール46304,フェロニエール46302,フェロニエール46303,フェロニエール46298,フェロニエール46299,フェロニエール46291,フェロニエール46292,69.7,15.8,17.3,57.3,13.1,13.7,なし,なし,なし,57.8,12.7,13.9,55,12.5,13.4,14.2,14.9,なし,なし,なし,なし,なし,なし,なし,なし,なし,なし,なし,なし,なし,なし,なし,なし,なし,なし,なし,なし,FALSE,なし,なし,なし,なし,なし,なし,なし,なし,なし,なし,なし,なし,なし,なし,なし,なし,なし,なし,FALSE,なし,なし,なし,115,先,5,2.0261E+17,21105519
20261010,京都,7,11,１勝ｸﾗｽ・牝,ダ,1800,リーチグローリー,牝,吉村誠之,浜田多実,栗,リーチザクラウン,1,京都ダ1800,2,46305,リーチグローリー46304,リーチグローリー46302,リーチグローリー46303,リーチグローリー46298,リーチグローリー46299,リーチグローリー46291,リーチグローリー46292,なし,なし,なし,なし,なし,なし,なし,なし,なし,なし,なし,なし,58.8,12.7,14.6,15.4,16.1,なし,なし,なし,なし,なし,なし,なし,なし,なし,なし,なし,なし,なし,なし,なし,なし,なし,なし,なし,なし,なし,なし,なし,なし,なし,なし,なし,なし,なし,なし,なし,なし,なし,なし,なし,なし,なし,なし,なし,FALSE,なし,なし,なし,124,追,6,2.0261E+17,23103590
20261010,京都,7,12,１勝ｸﾗｽ・牝,ダ,1800,アーデルリーベ,牝,亀田温心,斉藤崇史,栗,ヘニーヒューズ,1,京都ダ1800,2,46305,アーデルリーベ46304,アーデルリーベ46302,アーデルリーベ46303,アーデルリーベ46298,アーデルリーベ46299,アーデルリーベ46291,アーデルリーベ46292,68.1,15.9,16.8,56,12.7,12.8,68.3,16.4,16.7,56.8,12.7,13.3,54.2,12.6,12.4,13.8,15.4,なし,なし,なし,なし,なし,なし,なし,なし,なし,なし,なし,なし,なし,なし,なし,なし,なし,なし,なし,なし,FALSE,なし,なし,なし,なし,なし,なし,なし,なし,なし,なし,なし,なし,なし,なし,なし,なし,なし,なし,FALSE,なし,なし,なし,100,先,6,2.0261E+17,22104633
20261010,京都,7,13,１勝ｸﾗｽ・牝,ダ,1800,レディーゴール,牝,Ｍ．デム,前川恭子,栗,レイデオロ,1,京都ダ1800,2,46305,レディーゴール46304,レディーゴール46302,レディーゴール46303,レディーゴール46298,レディーゴール46299,レディーゴール46291,レディーゴール46292,63.8,15.6,14.9,なし,なし,なし,なし,なし,なし,57.3,13.7,14,なし,なし,なし,なし,なし,なし,なし,なし,なし,なし,なし,なし,13.3,なし,なし,なし,なし,12.3,54.6,70,85.2,なし,なし,なし,なし,なし,なし,なし,なし,なし,なし,なし,なし,なし,なし,なし,なし,なし,なし,なし,なし,なし,なし,なし,FALSE,なし,なし,なし,89,追,7,2.0261E+17,23100917
20261010,京都,7,14,１勝ｸﾗｽ・牝,ダ,1800,シュネルアンジュ,牝,武豊,寺島良,栗,キズナ,1,京都ダ1800,2,46305,シュネルアンジュ46304,シュネルアンジュ46302,シュネルアンジュ46303,シュネルアンジュ46298,シュネルアンジュ46299,シュネルアンジュ46291,シュネルアンジュ46292,64.6,15.3,15.8,なし,なし,なし,65.6,15,16.1,61.7,14.5,14.9,なし,なし,なし,なし,なし,なし,なし,なし,なし,なし,なし,なし,なし,なし,なし,なし,なし,11.5,51.4,0,0,なし,なし,なし,なし,FALSE,なし,なし,なし,なし,なし,なし,なし,なし,なし,なし,なし,なし,なし,なし,なし,なし,なし,なし,FALSE,なし,なし,なし,118,差,7,2.0261E+17,23102948
20261010,京都,7,15,１勝ｸﾗｽ・牝,ダ,1800,ヒメモモアスク,牝,西村淳也,野中賢二,栗,ミッキーアイル,1,京都ダ1800,2,46305,ヒメモモアスク46304,ヒメモモアスク46302,ヒメモモアスク46303,ヒメモモアスク46298,ヒメモモアスク46299,ヒメモモアスク46291,ヒメモモアスク46292,なし,なし,なし,なし,なし,なし,67.6,16.9,16.5,59.9,15.2,14.4,なし,なし,なし,なし,なし,なし,なし,なし,なし,なし,67.5,なし,16.9,なし,なし,なし,なし,11.6,53,68.5,0,なし,なし,なし,なし,FALSE,なし,なし,なし,なし,なし,なし,なし,なし,なし,なし,なし,なし,なし,なし,なし,なし,なし,なし,FALSE,なし,なし,なし,112,差,8,2.0261E+17,22102293
20261010,京都,7,16,１勝ｸﾗｽ・牝,ダ,1800,ドリームキャリー,牝,坂井瑠星,新谷功一,栗,シニスターミニスター,1,京都ダ1800,2,46305,ドリームキャリー46304,ドリームキャリー46302,ドリームキャリー46303,ドリームキャリー46298,ドリームキャリー46299,ドリームキャリー46291,ドリームキャリー46292,なし,なし,なし,59,14.1,14.3,なし,なし,なし,なし,なし,なし,なし,なし,なし,なし,なし,なし,なし,なし,なし,なし,なし,なし,なし,なし,なし,なし,なし,12,54.1,0,0,なし,なし,なし,なし,FALSE,なし,なし,なし,なし,なし,なし,なし,なし,なし,なし,なし,なし,なし,なし,なし,なし,なし,なし,FALSE,なし,なし,なし,113,先,8,2.0261E+17,23100063
20261010,京都,7,2,１勝ｸﾗｽ・牝,ダ,1800,シャフメラン,牝,田山旺佑,新谷功一,栗,ドレフォン,1,京都ダ1800,2,46305,シャフメラン46304,シャフメラン46302,シャフメラン46303,シャフメラン46298,シャフメラン46299,シャフメラン46291,シャフメラン46292,なし,なし,なし,63.4,15.8,15.4,64,14.7,15.8,57.9,12.3,13.2,なし,なし,なし,なし,なし,なし,なし,なし,なし,なし,なし,なし,なし,なし,なし,なし,なし,11.6,54.3,0,0,なし,なし,なし,なし,FALSE,なし,なし,なし,なし,なし,なし,なし,なし,なし,なし,なし,なし,なし,なし,なし,なし,なし,なし,FALSE,なし,なし,なし,94,先,1,2.0261E+17,23103568
20261010,京都,7,3,１勝ｸﾗｽ・牝,ダ,1800,リアンクトワ,牝,柴田裕一,辻野泰之,栗,ドレフォン,1,京都ダ1800,2,46305,リアンクトワ46304,リアンクトワ46302,リアンクトワ46303,リアンクトワ46298,リアンクトワ46299,リアンクトワ46291,リアンクトワ46292,なし,なし,なし,66,16.9,15.6,60.1,15.3,14.1,59.4,13.9,13.8,54.6,13,12.8,13.5,15.3,なし,なし,なし,なし,なし,63.4,なし,なし,なし,なし,なし,なし,なし,なし,なし,なし,なし,なし,なし,なし,FALSE,なし,なし,なし,なし,なし,なし,なし,なし,なし,なし,なし,なし,なし,なし,なし,なし,なし,なし,FALSE,なし,なし,なし,99,差,2,2.0261E+17,21103293
20261010,京都,7,4,１勝ｸﾗｽ・牝,ダ,1800,エイコーンドリーム,牝,鮫島良太,河嶋宏樹,栗,ルヴァンスレーヴ,1,京都ダ1800,2,46305,エイコーンドリーム46304,エイコーンドリーム46302,エイコーンドリーム46303,エイコーンドリーム46298,エイコーンドリーム46299,エイコーンドリーム46291,エイコーンドリーム46292,なし,なし,なし,なし,なし,なし,なし,なし,なし,なし,なし,なし,なし,なし,なし,なし,なし,なし,なし,なし,なし,なし,なし,16.3,なし,なし,なし,11.2,68.5,11.6,53.3,75.9,0,なし,なし,なし,なし,なし,なし,なし,なし,なし,なし,なし,なし,なし,なし,なし,なし,なし,なし,なし,なし,なし,なし,なし,FALSE,なし,なし,なし,117,差,2,2.0261E+17,23104858
20261010,京都,7,5,１勝ｸﾗｽ・牝,ダ,1800,クイーンズホリデー,牝,鮫島克駿,清水久詞,栗,オルフェーヴル,1,京都ダ1800,2,46305,クイーンズホリデー46304,クイーンズホリデー46302,クイーンズホリデー46303,クイーンズホリデー46298,クイーンズホリデー46299,クイーンズホリデー46291,クイーンズホリデー46292,なし,なし,なし,55.3,13.1,13.9,52.3,12.2,12.5,なし,なし,なし,53.9,12.5,13,13.3,15.1,なし,なし,なし,なし,なし,なし,なし,なし,なし,なし,なし,なし,なし,なし,なし,なし,なし,なし,なし,なし,なし,なし,なし,なし,なし,なし,なし,なし,なし,なし,なし,なし,なし,なし,なし,なし,なし,なし,なし,FALSE,なし,なし,なし,100,逃,3,2.0261E+17,23100941
20261010,京都,7,6,１勝ｸﾗｽ・牝,ダ,1800,オヤツノジカン,牝,幸英明,高橋義忠,栗,ニューイヤーズデイ,1,京都ダ1800,2,46305,オヤツノジカン46304,オヤツノジカン46302,オヤツノジカン46303,オヤツノジカン46298,オヤツノジカン46299,オヤツノジカン46291,オヤツノジカン46292,なし,なし,なし,59.8,13.5,14,67.4,15.1,16.8,57.5,13.4,13.7,55.4,13.1,13.5,13.8,15,なし,なし,なし,なし,なし,67.8,なし,なし,なし,なし,なし,なし,なし,なし,なし,なし,なし,なし,なし,なし,なし,なし,なし,なし,なし,なし,なし,なし,なし,なし,なし,なし,なし,なし,なし,なし,なし,なし,なし,FALSE,なし,なし,なし,111,先,3,2.0261E+17,23107477
20261010,京都,7,7,１勝ｸﾗｽ・牝,ダ,1800,ガールズデイアウト,牝,松山弘平,吉村圭司,栗,ニューイヤーズデイ,1,京都ダ1800,2,46305,ガールズデイアウト46304,ガールズデイアウト46302,ガールズデイアウト46303,ガールズデイアウト46298,ガールズデイアウト46299,ガールズデイアウト46291,ガールズデイアウト46292,なし,なし,なし,67.5,15.9,16.4,67.4,16.2,16.3,66.7,15.3,15.9,53.9,12.8,12.8,13.8,14.5,なし,なし,なし,なし,なし,67.3,なし,なし,なし,なし,なし,なし,なし,なし,なし,なし,なし,なし,なし,なし,なし,なし,なし,なし,なし,なし,なし,なし,なし,なし,なし,なし,なし,なし,なし,なし,なし,なし,なし,FALSE,なし,なし,なし,125,先,4,2.0261E+17,22101706
20261010,京都,7,8,１勝ｸﾗｽ・牝,ダ,1800,オーケーリアン,牝,富田暁,宮地貴稔,栗,ナダル,1,京都ダ1800,2,46305,オーケーリアン46304,オーケーリアン46302,オーケーリアン46303,オーケーリアン46298,オーケーリアン46299,オーケーリアン46291,オーケーリアン46292,なし,なし,なし,55.7,13.4,13.4,63.5,15.2,15.1,56.1,12.8,13.7,54.1,12.7,12.7,13.9,14.8,なし,なし,なし,なし,なし,なし,15.6,なし,なし,なし,なし,なし,なし,なし,なし,なし,なし,なし,なし,なし,なし,なし,なし,なし,なし,なし,なし,なし,なし,なし,なし,なし,なし,なし,なし,なし,なし,なし,なし,FALSE,なし,なし,なし,100,差,4,2.0261E+17,23105544
20261010,京都,7,9,１勝ｸﾗｽ・牝,ダ,1800,アンリーベイビー,牝,高杉吏麒,茶木太樹,栗,ロードカナロア,1,京都ダ1800,2,46305,アンリーベイビー46304,アンリーベイビー46302,アンリーベイビー46303,アンリーベイビー46298,アンリーベイビー46299,アンリーベイビー46291,アンリーベイビー46292,67.4,15.5,16.3,59.7,14.5,13.9,67,15.9,15.8,61.6,14.5,14.9,54.9,11.9,12.8,14.5,15.7,なし,なし,なし,なし,なし,64.6,なし,なし,なし,なし,なし,なし,なし,なし,なし,なし,なし,なし,なし,なし,なし,なし,なし,なし,なし,なし,なし,なし,なし,なし,なし,なし,なし,なし,なし,なし,なし,なし,なし,TRUE,なし,〇,なし,115,差,5,2.0261E+17,21103723
20261010,京都,8,1,紫菊賞･1勝*,芝,2000,ニシノフランケン,牡,幸英明,北出成人,栗,タニノフランケル,2,京都芝2000,2,46305,ニシノフランケン46304,ニシノフランケン46302,ニシノフランケン46303,ニシノフランケン46298,ニシノフランケン46299,ニシノフランケン46291,ニシノフランケン46292,65.4,15.3,15.9,59.6,13.8,14.3,65.4,15.3,15.7,59.1,14.3,14.4,54.3,12.5,13,14.4,14.4,なし,なし,なし,なし,なし,64.8,なし,なし,なし,なし,なし,なし,なし,なし,なし,なし,なし,なし,なし,なし,なし,なし,なし,なし,なし,なし,なし,なし,なし,なし,なし,なし,なし,なし,なし,なし,なし,なし,なし,FALSE,なし,なし,なし,107,差,1,2.0261E+17,24103936
20261010,京都,8,2,紫菊賞･1勝*,芝,2000,ホウオウワールド,牡,松山弘平,池江泰寿,栗,ロードカナロア,2,京都芝2000,2,46305,ホウオウワールド46304,ホウオウワールド46302,ホウオウワールド46303,ホウオウワールド46298,ホウオウワールド46299,ホウオウワールド46291,ホウオウワールド46292,69.7,15.9,16.6,62.9,14.4,14.9,64.9,15.4,15.7,59.4,13.5,14.1,53.2,12.3,13.2,13.2,14.5,なし,なし,なし,なし,なし,64.8,なし,なし,なし,なし,なし,なし,なし,なし,なし,なし,なし,なし,なし,なし,なし,なし,なし,なし,なし,なし,なし,なし,なし,なし,なし,なし,なし,なし,なし,なし,なし,なし,なし,FALSE,なし,なし,なし,107,　,2,2.0261E+17,24106491
20261010,京都,8,3,紫菊賞･1勝*,芝,2000,ポルトブルー,牡,西村淳也,浜田多実,栗,エピファネイア,2,京都芝2000,2,46305,ポルトブルー46304,ポルトブルー46302,ポルトブルー46303,ポルトブルー46298,ポルトブルー46299,ポルトブルー46291,ポルトブルー46292,なし,なし,なし,なし,なし,なし,68.6,17,17.2,59.3,14.4,14.3,53.4,12.5,12.9,13.9,14.1,なし,なし,なし,なし,なし,66.5,なし,12.2,なし,なし,なし,なし,なし,なし,なし,なし,なし,なし,なし,なし,なし,なし,なし,なし,なし,なし,なし,なし,なし,なし,なし,なし,なし,なし,なし,なし,なし,なし,なし,FALSE,なし,なし,なし,101,逃,3,2.0261E+17,24103455
20261010,京都,8,4,紫菊賞･1勝*,芝,2000,ゴーイントゥノヴァ,牝,坂井瑠星,新谷功一,栗,キタサンブラック,2,京都芝2000,2,46305,ゴーイントゥノヴァ46304,ゴーイントゥノヴァ46302,ゴーイントゥノヴァ46303,ゴーイントゥノヴァ46298,ゴーイントゥノヴァ46299,ゴーイントゥノヴァ46291,ゴーイントゥノヴァ46292,68.7,16.7,16.2,59.2,14,14.3,なし,なし,なし,59.6,14.4,14.7,なし,なし,なし,なし,なし,なし,なし,なし,なし,なし,なし,なし,なし,なし,なし,なし,なし,11.4,53.6,0,0,なし,なし,なし,なし,FALSE,なし,なし,なし,なし,なし,なし,なし,なし,なし,なし,なし,なし,なし,なし,なし,なし,なし,なし,FALSE,なし,なし,なし,107,　,4,2.0261E+17,24104681
20261010,京都,8,5,紫菊賞･1勝*,芝,2000,ビップヴィーナス,牝,松若風馬,田島俊明,美,エピファネイア,2,京都芝2000,1,46305,ビップヴィーナス46304,ビップヴィーナス46302,ビップヴィーナス46303,ビップヴィーナス46298,ビップヴィーナス46299,ビップヴィーナス46291,ビップヴィーナス46292,なし,なし,なし,69.3,17.1,17.1,68.3,15.8,17.3,68.4,15.8,16.5,54.9,12.6,13.6,14.5,14.2,なし,なし,なし,なし,なし,なし,なし,なし,なし,なし,なし,なし,なし,なし,なし,なし,なし,なし,なし,なし,なし,なし,なし,なし,なし,なし,なし,なし,なし,なし,なし,なし,なし,なし,なし,なし,なし,なし,なし,FALSE,なし,なし,なし,112,差,5,2.0261E+17,24106124
20261010,京都,8,6,紫菊賞･1勝*,芝,2000,ドラゴンバルド,牡,川田将雅,福永祐一,栗,コントレイル,2,京都芝2000,2,46305,ドラゴンバルド46304,ドラゴンバルド46302,ドラゴンバルド46303,ドラゴンバルド46298,ドラゴンバルド46299,ドラゴンバルド46291,ドラゴンバルド46292,66,16.2,16.4,55.8,13,13.7,64.4,16.4,15.5,56.7,12.9,13.8,なし,なし,なし,なし,なし,なし,なし,なし,なし,なし,57.9,なし,なし,なし,なし,なし,なし,11.1,53.3,70.5,88,なし,なし,なし,なし,なし,なし,なし,なし,なし,なし,なし,なし,なし,なし,なし,なし,なし,なし,なし,なし,なし,なし,なし,FALSE,なし,なし,なし,108,　,6,2.0261E+17,24106649
20261010,京都,9,1,１勝ｸﾗｽ,ダ,1400,デュアルロール,牝,中井裕二,笹田和秀,栗,モズアスコット,1,京都ダ1400,2,46305,デュアルロール46304,デュアルロール46302,デュアルロール46303,デュアルロール46298,デュアルロール46299,デュアルロール46291,デュアルロール46292,なし,なし,なし,なし,なし,なし,なし,なし,なし,なし,なし,なし,54.9,12.2,12.8,14.9,15,なし,なし,なし,なし,なし,なし,なし,11.8,なし,なし,12.4,69.7,なし,なし,なし,なし,なし,なし,なし,なし,なし,なし,なし,なし,なし,なし,なし,なし,なし,なし,なし,なし,なし,なし,なし,なし,なし,なし,なし,FALSE,なし,なし,なし,89,差,1,2.0261E+17,22106189
20261010,京都,9,10,１勝ｸﾗｽ,ダ,1400,サトノロザリー,牝,幸英明,斉藤崇史,栗,ロードカナロア,1,京都ダ1400,2,46305,サトノロザリー46304,サトノロザリー46302,サトノロザリー46303,サトノロザリー46298,サトノロザリー46299,サトノロザリー46291,サトノロザリー46292,なし,なし,なし,なし,なし,なし,なし,なし,なし,67.1,14.9,16.2,なし,なし,なし,なし,なし,なし,なし,なし,なし,なし,なし,なし,なし,なし,なし,なし,なし,なし,なし,なし,なし,なし,なし,なし,なし,FALSE,なし,なし,なし,なし,なし,なし,なし,なし,なし,なし,なし,なし,なし,なし,なし,なし,なし,なし,FALSE,なし,なし,なし,98,逃,5,2.0261E+17,23107009
20261010,京都,9,11,１勝ｸﾗｽ,ダ,1400,ウォーターパラディ,牡,国分恭介,岡田稲男,栗,ウォータービルド,1,京都ダ1400,2,46305,ウォーターパラディ46304,ウォーターパラディ46302,ウォーターパラディ46303,ウォーターパラディ46298,ウォーターパラディ46299,ウォーターパラディ46291,ウォーターパラディ46292,65.9,16,16,56.1,13.3,13.4,63.6,15.4,15.6,56.9,13,13.1,54.8,12.7,12.8,13.9,15.4,なし,なし,なし,なし,なし,62,なし,なし,なし,なし,なし,なし,なし,なし,なし,なし,なし,なし,なし,なし,なし,なし,なし,なし,なし,なし,なし,なし,なし,なし,なし,なし,なし,なし,なし,なし,なし,なし,なし,FALSE,なし,なし,なし,109,先,6,2.0261E+17,22103229
20261010,京都,9,12,１勝ｸﾗｽ,ダ,1400,エシェックオロワ,セ,Ｍ．デム,千田輝彦,栗,ミッキーアイル,1,京都ダ1400,2,46305,エシェックオロワ46304,エシェックオロワ46302,エシェックオロワ46303,エシェックオロワ46298,エシェックオロワ46299,エシェックオロワ46291,エシェックオロワ46292,なし,なし,なし,60.2,14.3,14.7,68.1,16.3,16.3,57.6,13.3,13.6,なし,なし,なし,なし,なし,なし,なし,なし,なし,なし,なし,なし,なし,なし,なし,なし,なし,11.7,54.2,71.3,87.8,なし,なし,なし,なし,なし,なし,なし,なし,なし,なし,なし,なし,なし,なし,なし,なし,なし,なし,なし,なし,なし,なし,なし,FALSE,なし,なし,なし,95,先,6,2.0261E+17,23103755
20261010,京都,9,13,１勝ｸﾗｽ,ダ,1400,ナムラドロン,牡,菱田裕二,鈴木孝志,栗,ダノンスマッシュ,1,京都ダ1400,2,46305,ナムラドロン46304,ナムラドロン46302,ナムラドロン46303,ナムラドロン46298,ナムラドロン46299,ナムラドロン46291,ナムラドロン46292,66.9,16.1,16.6,59.5,14.3,14.1,なし,なし,なし,なし,なし,なし,53.9,12.6,13.2,13.8,14.3,なし,なし,なし,なし,なし,65.6,なし,なし,なし,なし,なし,なし,なし,なし,なし,なし,なし,なし,なし,なし,なし,なし,なし,なし,なし,なし,なし,なし,なし,なし,なし,なし,なし,なし,なし,なし,なし,なし,なし,FALSE,なし,なし,なし,86,逃,7,2.0261E+17,23106240
20261010,京都,9,14,１勝ｸﾗｽ,ダ,1400,モズイージス,牡,永島まな,高橋康之,栗,サンダースノー,1,京都ダ1400,2,46305,モズイージス46304,モズイージス46302,モズイージス46303,モズイージス46298,モズイージス46299,モズイージス46291,モズイージス46292,なし,なし,なし,59.4,13.5,13.9,なし,なし,なし,57.7,13.2,13.5,54.6,12.4,12.6,14,15.6,なし,なし,なし,なし,なし,63.8,なし,なし,なし,なし,なし,なし,なし,なし,なし,なし,なし,なし,なし,なし,なし,なし,なし,なし,なし,なし,なし,なし,なし,なし,なし,なし,なし,なし,なし,なし,なし,なし,なし,FALSE,なし,なし,なし,96,先,7,2.0261E+17,21102151
20261010,京都,9,15,１勝ｸﾗｽ,ダ,1400,リアルアルバ,牡,西塚洸二,大橋勇樹,栗,マテラスカイ,1,京都ダ1400,2,46305,リアルアルバ46304,リアルアルバ46302,リアルアルバ46303,リアルアルバ46298,リアルアルバ46299,リアルアルバ46291,リアルアルバ46292,69.2,17.7,16.6,56,14.2,13.5,なし,なし,なし,なし,なし,なし,なし,なし,なし,なし,なし,なし,なし,なし,なし,なし,67.7,なし,なし,なし,なし,なし,なし,なし,なし,なし,なし,なし,なし,なし,なし,なし,なし,なし,なし,なし,なし,なし,なし,なし,なし,なし,なし,なし,なし,なし,なし,なし,なし,なし,FALSE,なし,なし,なし,90,逃,8,2.0261E+17,23101065
20261010,京都,9,16,１勝ｸﾗｽ,ダ,1400,フィアーブル,牝,吉村誠之,長谷川浩,栗,ナダル,1,京都ダ1400,2,46305,フィアーブル46304,フィアーブル46302,フィアーブル46303,フィアーブル46298,フィアーブル46299,フィアーブル46291,フィアーブル46292,なし,なし,なし,57.9,13.4,14.3,56.9,13.1,14.1,なし,なし,なし,54.2,12.7,13,13.8,14.7,なし,なし,なし,なし,なし,なし,なし,なし,なし,なし,なし,なし,なし,なし,なし,なし,なし,なし,なし,なし,なし,なし,なし,なし,なし,なし,なし,なし,なし,なし,なし,なし,なし,なし,なし,なし,なし,なし,なし,FALSE,なし,なし,なし,97,差,8,2.0261E+17,23103674
20261010,京都,9,2,１勝ｸﾗｽ,ダ,1400,アパレイユ,牝,坂井瑠星,西園翔太,栗,ヴァンゴッホ,1,京都ダ1400,2,46305,アパレイユ46304,アパレイユ46302,アパレイユ46303,アパレイユ46298,アパレイユ46299,アパレイユ46291,アパレイユ46292,なし,なし,なし,61.2,13.7,14.2,なし,なし,なし,59.9,13.9,14.7,54,12.2,12.6,14.1,15.1,なし,なし,なし,なし,なし,なし,なし,なし,なし,なし,なし,なし,なし,なし,なし,なし,なし,なし,なし,なし,なし,なし,なし,なし,なし,なし,なし,なし,なし,なし,なし,なし,なし,なし,なし,なし,なし,なし,なし,FALSE,なし,なし,なし,107,逃,1,2.0261E+17,23106321
20261010,京都,9,3,１勝ｸﾗｽ,ダ,1400,チャチャピンク,牡,秋山稔樹,北出成人,栗,リオンディーズ,1,京都ダ1400,2,46305,チャチャピンク46304,チャチャピンク46302,チャチャピンク46303,チャチャピンク46298,チャチャピンク46299,チャチャピンク46291,チャチャピンク46292,65.8,15.6,16,57.3,13.4,13.3,67.1,15.7,15.8,なし,なし,なし,なし,なし,なし,なし,なし,なし,なし,なし,なし,なし,65.2,なし,なし,なし,なし,11.6,71.5,12,52.3,67.4,84.1,なし,なし,なし,なし,なし,なし,なし,なし,なし,なし,なし,なし,なし,なし,なし,なし,なし,なし,なし,なし,なし,なし,なし,FALSE,なし,なし,なし,93,先,2,2.0261E+17,22104176
20261010,京都,9,4,１勝ｸﾗｽ,ダ,1400,マテンロウミラクル,牡,富田暁,柴田卓,栗,カリフォルニアクローム,1,京都ダ1400,2,46305,マテンロウミラクル46304,マテンロウミラクル46302,マテンロウミラクル46303,マテンロウミラクル46298,マテンロウミラクル46299,マテンロウミラクル46291,マテンロウミラクル46292,68,15.5,15.8,57.2,13.5,13.9,なし,なし,なし,なし,なし,なし,なし,なし,なし,なし,なし,64.7,15.3,15.8,16.4,17.2,なし,なし,なし,なし,なし,なし,なし,なし,なし,なし,なし,なし,なし,なし,なし,なし,なし,なし,なし,なし,なし,なし,なし,なし,なし,なし,なし,なし,なし,なし,なし,なし,なし,なし,FALSE,なし,なし,なし,108,追,2,2.0261E+17,21105993
20261010,京都,9,5,１勝ｸﾗｽ,ダ,1400,ケイエイト,牡,森田誠也,羽月友彦,栗,ルーラーシップ,1,京都ダ1400,2,46305,ケイエイト46304,ケイエイト46302,ケイエイト46303,ケイエイト46298,ケイエイト46299,ケイエイト46291,ケイエイト46292,65.3,15.5,15.8,なし,なし,なし,68.3,15.6,16.3,61.5,15.2,15.2,54.6,13.3,12.7,13.6,15,なし,なし,なし,なし,なし,69.5,なし,なし,なし,なし,なし,なし,なし,なし,なし,なし,なし,なし,なし,なし,なし,なし,なし,なし,なし,なし,なし,なし,なし,なし,なし,なし,なし,なし,なし,なし,なし,なし,なし,FALSE,なし,なし,なし,94,追,3,2.0261E+17,20103673
20261010,京都,9,6,１勝ｸﾗｽ,ダ,1400,テーオーパーセル,牡,藤懸貴志,宮徹,栗,バンブーエール,1,京都ダ1400,2,46305,テーオーパーセル46304,テーオーパーセル46302,テーオーパーセル46303,テーオーパーセル46298,テーオーパーセル46299,テーオーパーセル46291,テーオーパーセル46292,67.9,16.2,16.4,54.6,14.5,12.5,なし,なし,なし,57.1,12.5,14.1,なし,なし,なし,なし,なし,なし,なし,なし,なし,なし,68.5,なし,なし,なし,なし,なし,なし,11.7,52.9,67.7,82.9,なし,なし,なし,なし,なし,なし,なし,なし,なし,なし,なし,なし,なし,なし,なし,なし,なし,なし,なし,なし,なし,なし,なし,FALSE,なし,なし,なし,108,先,3,2.0261E+17,23105435
20261010,京都,9,7,１勝ｸﾗｽ,ダ,1400,グランデスフィーダ,牡,田山旺佑,佐藤悠太,栗,ドゥラメンテ,1,京都ダ1400,2,46305,グランデスフィーダ46304,グランデスフィーダ46302,グランデスフィーダ46303,グランデスフィーダ46298,グランデスフィーダ46299,グランデスフィーダ46291,グランデスフィーダ46292,64.9,15,15.3,なし,なし,なし,なし,なし,なし,64.9,14.7,15.7,なし,なし,なし,なし,なし,なし,なし,なし,なし,なし,63.6,なし,なし,なし,なし,なし,なし,なし,なし,なし,なし,なし,なし,なし,なし,FALSE,なし,なし,なし,なし,なし,なし,なし,なし,なし,なし,なし,なし,なし,なし,なし,なし,なし,なし,FALSE,なし,なし,なし,114,先,4,2.0261E+17,20104913
20261010,京都,9,8,１勝ｸﾗｽ,ダ,1400,エナジーガンツ,牡,酒井学,小椋研介,栗,モズアスコット,1,京都ダ1400,2,46305,エナジーガンツ46304,エナジーガンツ46302,エナジーガンツ46303,エナジーガンツ46298,エナジーガンツ46299,エナジーガンツ46291,エナジーガンツ46292,なし,なし,なし,なし,なし,なし,63.6,15.3,15.1,なし,なし,なし,54.5,12.4,13.1,13.8,15.2,なし,なし,なし,なし,なし,66.8,なし,13.8,なし,なし,13.7,69.7,なし,なし,なし,なし,なし,なし,なし,なし,なし,なし,なし,なし,なし,なし,なし,なし,なし,なし,なし,なし,なし,なし,なし,なし,なし,なし,なし,FALSE,なし,なし,なし,111,差,4,2.0261E+17,22103286
20261010,京都,9,9,１勝ｸﾗｽ,ダ,1400,オウケンブラッド,牡,北村友一,畑端省吾,栗,オウケンワールド,1,京都ダ1400,2,46305,オウケンブラッド46304,オウケンブラッド46302,オウケンブラッド46303,オウケンブラッド46298,オウケンブラッド46299,オウケンブラッド46291,オウケンブラッド46292,なし,なし,なし,なし,なし,なし,なし,なし,なし,なし,なし,なし,55.3,12.7,13.9,14.1,14.6,なし,なし,なし,なし,なし,69.4,なし,なし,なし,なし,なし,なし,なし,なし,なし,なし,なし,なし,なし,なし,なし,なし,なし,なし,なし,なし,なし,なし,なし,なし,なし,なし,なし,なし,なし,なし,なし,なし,なし,FALSE,なし,なし,なし,126,差,5,2.0261E+17,23106669
20261010,東京,1,1,未勝利*,ダ,1300,ソットマツモト,牝,田辺裕信,竹内正洋,美,ヴァンゴッホ,1,東京ダ1300,1,46305,ソットマツモト46304,ソットマツモト46302,ソットマツモト46303,ソットマツモト46298,ソットマツモト46299,ソットマツモト46291,ソットマツモト46292,なし,なし,なし,なし,なし,なし,なし,なし,なし,56.4,12.5,12.5,なし,なし,なし,なし,なし,なし,なし,なし,なし,なし,なし,なし,なし,なし,なし,なし,なし,12.3,50.6,65.6,84.2,なし,なし,なし,なし,TRUE,なし,なし,なし,なし,なし,なし,なし,なし,なし,なし,なし,なし,なし,なし,なし,なし,なし,なし,FALSE,なし,〇,なし,105,　,1,2.0261E+17,24102650
20261010,東京,1,10,未勝利*,ダ,1300,ノヴェルアレイア,牝,石田拓郎,矢野英一,美,マインドユアビスケッツ,1,東京ダ1300,1,46305,ノヴェルアレイア46304,ノヴェルアレイア46302,ノヴェルアレイア46303,ノヴェルアレイア46298,ノヴェルアレイア46299,ノヴェルアレイア46291,ノヴェルアレイア46292,なし,なし,なし,59,13.1,14.2,なし,なし,なし,57.6,12.7,13.1,なし,なし,なし,なし,なし,なし,なし,なし,なし,なし,なし,なし,なし,なし,なし,なし,なし,12.4,52.9,68.3,86.6,なし,なし,なし,なし,なし,なし,なし,なし,なし,なし,なし,なし,なし,なし,なし,なし,なし,なし,なし,なし,なし,なし,なし,FALSE,なし,なし,なし,89,差,5,2.0261E+17,24102025
20261010,東京,1,11,未勝利*,ダ,1300,ルスカーレット,牝,木幡巧也,牧光二,美,ルヴァンスレーヴ,1,東京ダ1300,1,46305,ルスカーレット46304,ルスカーレット46302,ルスカーレット46303,ルスカーレット46298,ルスカーレット46299,ルスカーレット46291,ルスカーレット46292,なし,なし,なし,65.1,16.3,15.9,65.6,15.8,16.3,54.8,13.6,13.2,55.5,13.3,13.2,14.3,14.7,なし,なし,なし,なし,なし,なし,なし,なし,なし,なし,なし,なし,なし,なし,なし,なし,なし,なし,なし,なし,なし,なし,なし,なし,なし,なし,なし,なし,なし,なし,なし,なし,なし,なし,なし,なし,なし,なし,なし,FALSE,なし,なし,なし,101,　,6,2.0261E+17,24104729
20261010,東京,1,12,未勝利*,ダ,1300,ポッドエステラ,牡,佐々木大,伊藤圭三,美,クリソベリル,1,東京ダ1300,1,46305,ポッドエステラ46304,ポッドエステラ46302,ポッドエステラ46303,ポッドエステラ46298,ポッドエステラ46299,ポッドエステラ46291,ポッドエステラ46292,なし,なし,なし,なし,なし,なし,なし,なし,なし,66,15.7,15.2,なし,なし,なし,なし,なし,なし,なし,なし,なし,なし,65.7,なし,なし,なし,なし,14.3,0,11.8,53.5,68.9,84.4,なし,なし,なし,なし,なし,なし,なし,なし,なし,なし,なし,なし,なし,なし,なし,なし,なし,なし,なし,なし,なし,なし,なし,FALSE,なし,なし,なし,103,差,6,2.0261E+17,24102381
20261010,東京,1,13,未勝利*,ダ,1300,ホシノサミダレ,牡,小崎綾也,浅利英明,美,インティ,1,東京ダ1300,1,46305,ホシノサミダレ46304,ホシノサミダレ46302,ホシノサミダレ46303,ホシノサミダレ46298,ホシノサミダレ46299,ホシノサミダレ46291,ホシノサミダレ46292,なし,なし,なし,なし,なし,なし,なし,なし,なし,57.9,13.1,14.2,54,12.4,12.8,13.8,15,なし,なし,なし,なし,なし,65.7,なし,なし,なし,なし,なし,なし,なし,なし,なし,なし,なし,なし,なし,なし,なし,なし,なし,なし,なし,なし,なし,なし,なし,なし,なし,なし,なし,なし,なし,なし,なし,なし,なし,FALSE,なし,なし,なし,100,　,7,2.0261E+17,24100301
20261010,東京,1,14,未勝利*,ダ,1300,リアスブルー,牝,菊沢一樹,菊沢隆徳,美,シュヴァルグラン,1,東京ダ1300,1,46305,リアスブルー46304,リアスブルー46302,リアスブルー46303,リアスブルー46298,リアスブルー46299,リアスブルー46291,リアスブルー46292,なし,なし,なし,なし,なし,なし,なし,なし,なし,なし,なし,なし,53.1,12.7,12.7,13.4,14.3,なし,なし,なし,なし,なし,なし,11.8,なし,なし,なし,13.2,76.9,なし,なし,なし,なし,なし,なし,なし,なし,FALSE,なし,なし,なし,なし,なし,なし,なし,なし,なし,なし,なし,なし,なし,なし,なし,なし,なし,なし,FALSE,なし,なし,なし,99,　,7,2.0261E+17,24106071
20261010,東京,1,15,未勝利*,ダ,1300,クラウンロムパイア,牡,内田博幸,松永康利,美,レッドファルクス,1,東京ダ1300,1,46305,クラウンロムパイア46304,クラウンロムパイア46302,クラウンロムパイア46303,クラウンロムパイア46298,クラウンロムパイア46299,クラウンロムパイア46291,クラウンロムパイア46292,65.9,15.7,15.8,なし,なし,なし,66.3,16.2,15.8,なし,なし,なし,なし,なし,なし,なし,なし,なし,なし,なし,なし,なし,なし,なし,12.1,なし,なし,なし,なし,なし,なし,なし,なし,なし,なし,なし,なし,なし,なし,なし,なし,なし,なし,なし,なし,なし,なし,なし,なし,なし,なし,なし,なし,なし,なし,なし,FALSE,なし,なし,なし,80,　,8,2.0261E+17,24100293
20261010,東京,1,16,未勝利*,ダ,1300,ルスデルカミーノ,牡,大野拓弥,杉浦宏昭,美,ドレフォン,1,東京ダ1300,1,46305,ルスデルカミーノ46304,ルスデルカミーノ46302,ルスデルカミーノ46303,ルスデルカミーノ46298,ルスデルカミーノ46299,ルスデルカミーノ46291,ルスデルカミーノ46292,なし,なし,なし,69.3,17.2,16.5,なし,なし,なし,57.6,12.4,12.5,52.8,13.2,12.3,13,14.3,なし,なし,なし,なし,なし,なし,なし,なし,なし,なし,なし,なし,なし,なし,なし,なし,なし,なし,なし,なし,なし,なし,なし,なし,なし,なし,なし,なし,なし,なし,なし,なし,なし,なし,なし,なし,なし,なし,なし,FALSE,なし,なし,なし,112,　,8,2.0261E+17,24100423
20261010,東京,1,2,未勝利*,ダ,1300,ディアファザー,牡,遠藤汰月,中川公成,美,ディーマジェスティ,1,東京ダ1300,1,46305,ディアファザー46304,ディアファザー46302,ディアファザー46303,ディアファザー46298,ディアファザー46299,ディアファザー46291,ディアファザー46292,64.7,15.8,14.8,56.9,12.8,14,なし,なし,なし,なし,なし,なし,69.7,17.5,17.3,17,17.9,64.7,15.5,15.2,16.4,17.6,なし,なし,なし,なし,なし,なし,なし,なし,なし,なし,なし,なし,なし,なし,なし,なし,なし,なし,なし,なし,なし,なし,なし,なし,なし,なし,なし,なし,なし,なし,なし,なし,なし,なし,FALSE,なし,なし,なし,92,　,1,2.0261E+17,24105058
20261010,東京,1,3,未勝利*,ダ,1300,リングスター,牝,佐藤翔馬,秋本大介,美,カリフォルニアクローム,1,東京ダ1300,1,46305,リングスター46304,リングスター46302,リングスター46303,リングスター46298,リングスター46299,リングスター46291,リングスター46292,なし,なし,なし,なし,なし,なし,なし,なし,なし,65.3,14.9,15.4,69.3,16.5,16.5,17.9,18.4,54.1,12.9,13.2,13.9,14.1,なし,なし,なし,なし,なし,なし,なし,なし,なし,なし,なし,なし,なし,なし,なし,なし,なし,なし,なし,なし,なし,なし,なし,なし,なし,なし,なし,なし,なし,なし,なし,なし,なし,なし,FALSE,なし,なし,なし,90,　,2,2.0261E+17,24102009
20261010,東京,1,4,未勝利*,ダ,1300,ソラティオ,牝,柴田大知,粕谷昌央,美,ヘニーヒューズ,1,東京ダ1300,1,46305,ソラティオ46304,ソラティオ46302,ソラティオ46303,ソラティオ46298,ソラティオ46299,ソラティオ46291,ソラティオ46292,66.6,15.7,16.2,58.5,13.7,14.8,66.1,15.9,16.2,58.1,13.7,13.8,53.6,12.4,12.8,13.7,14.7,なし,なし,なし,なし,なし,64.9,なし,なし,なし,なし,なし,なし,なし,なし,なし,なし,なし,なし,なし,なし,なし,なし,なし,なし,なし,なし,なし,なし,なし,なし,なし,なし,なし,なし,なし,なし,なし,なし,なし,FALSE,なし,なし,なし,92,先,2,2.0261E+17,24102461
20261010,東京,1,5,未勝利*,ダ,1300,ゲンロクコイモヨウ,牝,江田照男,田中勝春,美,ヘニーヒューズ,1,東京ダ1300,1,46305,ゲンロクコイモヨウ46304,ゲンロクコイモヨウ46302,ゲンロクコイモヨウ46303,ゲンロクコイモヨウ46298,ゲンロクコイモヨウ46299,ゲンロクコイモヨウ46291,ゲンロクコイモヨウ46292,なし,なし,なし,59.1,14.1,14.9,なし,なし,なし,なし,なし,なし,55.6,12.5,13.1,14.8,15.2,なし,なし,なし,なし,なし,61.8,なし,なし,12.3,67.3,なし,なし,なし,なし,なし,なし,なし,なし,なし,なし,なし,なし,なし,なし,なし,なし,なし,なし,なし,なし,なし,なし,なし,なし,なし,なし,なし,なし,なし,FALSE,なし,なし,なし,97,　,3,2.0261E+17,24107057
20261010,東京,1,6,未勝利*,ダ,1300,ヴィンチェローズ,牡,原優介,青木孝文,美,ダノンスマッシュ,1,東京ダ1300,1,46305,ヴィンチェローズ46304,ヴィンチェローズ46302,ヴィンチェローズ46303,ヴィンチェローズ46298,ヴィンチェローズ46299,ヴィンチェローズ46291,ヴィンチェローズ46292,65.8,15.5,16.3,57.3,13.4,14.2,64.8,15.6,15.7,57.8,14,14.8,なし,なし,なし,なし,なし,なし,なし,なし,なし,なし,なし,なし,なし,なし,なし,なし,なし,12.1,53.4,68,84.4,なし,なし,なし,なし,なし,なし,なし,なし,なし,なし,なし,なし,なし,なし,なし,なし,なし,なし,なし,なし,なし,なし,なし,FALSE,なし,なし,なし,89,　,3,2.0261E+17,24101502
20261010,東京,1,7,未勝利*,ダ,1300,サイモンオリエント,牡,小林美駒,勢司和浩,美,シャンハイボビー,1,東京ダ1300,1,46305,サイモンオリエント46304,サイモンオリエント46302,サイモンオリエント46303,サイモンオリエント46298,サイモンオリエント46299,サイモンオリエント46291,サイモンオリエント46292,なし,なし,なし,なし,なし,なし,なし,なし,なし,なし,なし,なし,なし,なし,なし,なし,なし,なし,なし,なし,なし,なし,なし,なし,13.8,なし,なし,14.1,72.7,11.9,53.5,68.2,85.3,なし,なし,なし,なし,なし,なし,なし,なし,なし,なし,なし,なし,なし,なし,なし,なし,なし,なし,なし,なし,なし,なし,なし,FALSE,なし,なし,なし,106,　,4,2.0261E+17,24102477
20261010,東京,1,8,未勝利*,ダ,1300,セイカタカキヤチク,牡,横山琉人,相沢郁,美,カレンブラックヒル,1,東京ダ1300,1,46305,セイカタカキヤチク46304,セイカタカキヤチク46302,セイカタカキヤチク46303,セイカタカキヤチク46298,セイカタカキヤチク46299,セイカタカキヤチク46291,セイカタカキヤチク46292,67.1,16.2,16.2,65.6,14.7,16.3,64.8,15.2,15.8,なし,なし,なし,なし,なし,なし,なし,なし,なし,なし,なし,なし,なし,65.4,なし,なし,なし,なし,12.2,72.6,11.7,51.1,65.4,81.9,なし,なし,なし,なし,なし,なし,なし,なし,なし,なし,なし,なし,なし,なし,なし,なし,なし,なし,なし,なし,なし,なし,なし,FALSE,なし,なし,なし,105,　,4,2.0261E+17,24103128
20261010,東京,1,9,未勝利*,ダ,1300,ラフエルガ,牝,横山武史,鈴木伸尋,美,ニューイヤーズデイ,1,東京ダ1300,1,46305,ラフエルガ46304,ラフエルガ46302,ラフエルガ46303,ラフエルガ46298,ラフエルガ46299,ラフエルガ46291,ラフエルガ46292,なし,なし,なし,65.6,15.8,15.8,68.8,16.4,16.2,61.1,14.5,14.4,なし,なし,なし,なし,なし,なし,なし,なし,なし,なし,64.7,なし,なし,なし,なし,なし,なし,11.5,52.3,67.6,83.9,なし,なし,なし,なし,なし,なし,なし,なし,なし,なし,なし,なし,なし,なし,なし,なし,なし,なし,なし,なし,なし,なし,なし,FALSE,なし,なし,なし,114,　,5,2.0261E+17,24105946
20261010,東京,10,1,JRA電話･2勝,ダ,2100,マウントバーノン,牡,荻野極,戸田博文,美,ルヴァンスレーヴ,1,東京ダ2100,1,46305,マウントバーノン46304,マウントバーノン46302,マウントバーノン46303,マウントバーノン46298,マウントバーノン46299,マウントバーノン46291,マウントバーノン46292,68.7,16.6,16.4,60.2,13.9,14.2,65.2,16.1,15.7,57.7,14,14,なし,なし,なし,なし,なし,なし,なし,なし,なし,なし,67.8,なし,なし,なし,なし,なし,なし,11.9,54.3,69.8,85.7,なし,なし,なし,なし,なし,なし,なし,なし,なし,なし,なし,なし,なし,なし,なし,なし,なし,なし,なし,なし,なし,なし,なし,FALSE,なし,なし,なし,107,差,1,2.0261E+17,22105197
20261010,東京,10,10,JRA電話･2勝,ダ,2100,デールエルバハリ,牝,原優介,杉山佳明,栗,クリソベリル,1,東京ダ2100,2,46305,デールエルバハリ46304,デールエルバハリ46302,デールエルバハリ46303,デールエルバハリ46298,デールエルバハリ46299,デールエルバハリ46291,デールエルバハリ46292,なし,なし,なし,65.9,15,15.4,なし,なし,なし,なし,なし,なし,56.5,12.7,14.1,14.5,15.2,なし,なし,なし,なし,なし,なし,なし,なし,14.2,0,11.4,73.8,なし,なし,なし,なし,なし,なし,なし,なし,なし,なし,なし,なし,なし,なし,なし,なし,なし,なし,なし,なし,なし,なし,なし,なし,なし,なし,なし,FALSE,なし,なし,なし,106,差,5,2.0261E+17,23106955
20261010,東京,10,11,JRA電話･2勝,ダ,2100,シテフローラル,セ,佐々木大,堀宣行,美,ディープインパクト,1,東京ダ2100,1,46305,シテフローラル46304,シテフローラル46302,シテフローラル46303,シテフローラル46298,シテフローラル46299,シテフローラル46291,シテフローラル46292,なし,なし,なし,56.8,13.4,13.5,なし,なし,なし,57.8,13.2,14.4,なし,なし,なし,なし,なし,なし,なし,なし,なし,なし,67.7,なし,なし,なし,なし,なし,なし,11.8,51.5,0,0,なし,なし,なし,なし,FALSE,なし,なし,なし,なし,なし,なし,なし,なし,なし,なし,なし,なし,なし,なし,なし,なし,なし,なし,FALSE,なし,なし,なし,96,先,6,2.0261E+17,18105086
20261010,東京,10,12,JRA電話･2勝,ダ,2100,タイキインドラ,牡,丹内祐次,平岩大典,美,サンダースノー,1,東京ダ2100,1,46305,タイキインドラ46304,タイキインドラ46302,タイキインドラ46303,タイキインドラ46298,タイキインドラ46299,タイキインドラ46291,タイキインドラ46292,なし,なし,なし,なし,なし,なし,なし,なし,なし,なし,なし,なし,なし,なし,なし,なし,なし,なし,なし,なし,なし,なし,なし,なし,13.8,なし,なし,なし,なし,11.9,52.6,68.8,87.1,なし,なし,なし,なし,なし,なし,なし,なし,なし,なし,なし,なし,なし,なし,なし,なし,なし,なし,なし,なし,なし,なし,なし,FALSE,なし,なし,なし,111,逃,6,2.0261E+17,22103149
20261010,東京,10,13,JRA電話･2勝,ダ,2100,エーデル,牝,丸田恭介,金成貴史,美,デクラレーションオブウォー,1,東京ダ2100,1,46305,エーデル46304,エーデル46302,エーデル46303,エーデル46298,エーデル46299,エーデル46291,エーデル46292,なし,なし,なし,なし,なし,なし,なし,なし,なし,なし,なし,なし,54.9,12.5,13.5,14.1,14.8,なし,なし,なし,なし,なし,なし,なし,なし,なし,なし,なし,なし,なし,なし,なし,なし,なし,なし,なし,なし,なし,なし,なし,なし,なし,なし,なし,なし,なし,なし,なし,なし,なし,なし,なし,なし,なし,なし,なし,FALSE,なし,なし,なし,101,追,7,2.0261E+17,21105321
20261010,東京,10,14,JRA電話･2勝,ダ,2100,ボクマダネムイヨ,牡,戸崎圭太,東田明士,栗,クリソベリル,1,東京ダ2100,2,46305,ボクマダネムイヨ46304,ボクマダネムイヨ46302,ボクマダネムイヨ46303,ボクマダネムイヨ46298,ボクマダネムイヨ46299,ボクマダネムイヨ46291,ボクマダネムイヨ46292,66.4,15.6,15.1,53.7,13.1,13,65.5,15.2,15.9,56.5,12.6,13.6,56.5,12.7,13.7,15,15.1,なし,なし,なし,なし,なし,なし,なし,なし,なし,なし,なし,なし,なし,なし,なし,なし,なし,なし,なし,なし,なし,なし,なし,なし,なし,なし,なし,なし,なし,なし,なし,なし,なし,なし,なし,なし,なし,なし,なし,FALSE,なし,なし,なし,115,差,7,2.0261E+17,23102553
20261010,東京,10,15,JRA電話･2勝,ダ,2100,メイショウジンライ,牡,菅原明良,高橋亮,栗,インディチャンプ,1,東京ダ2100,2,46305,メイショウジンライ46304,メイショウジンライ46302,メイショウジンライ46303,メイショウジンライ46298,メイショウジンライ46299,メイショウジンライ46291,メイショウジンライ46292,なし,なし,なし,なし,なし,なし,なし,なし,なし,なし,なし,なし,55.6,13,13.2,14.3,15.1,なし,なし,なし,なし,なし,なし,16.2,なし,16.3,87.2,11.4,74.5,なし,なし,なし,なし,なし,なし,なし,なし,なし,なし,なし,なし,なし,なし,なし,なし,なし,なし,なし,なし,なし,なし,なし,なし,なし,なし,なし,FALSE,なし,なし,なし,110,先,8,2.0261E+17,23103152
20261010,東京,10,16,JRA電話･2勝,ダ,2100,シャローファースト,牡,横山和生,安田翔伍,栗,クリソベリル,1,東京ダ2100,2,46305,シャローファースト46304,シャローファースト46302,シャローファースト46303,シャローファースト46298,シャローファースト46299,シャローファースト46291,シャローファースト46292,なし,なし,なし,67.1,15.9,16.1,なし,なし,なし,なし,なし,なし,55,13.5,13.1,13.7,14.7,なし,なし,なし,なし,なし,なし,なし,なし,なし,なし,なし,なし,なし,なし,なし,なし,なし,なし,なし,なし,FALSE,なし,なし,なし,なし,なし,なし,なし,なし,なし,なし,なし,なし,なし,なし,なし,なし,なし,なし,FALSE,なし,なし,なし,124,逃,8,2.0261E+17,23107258
20261010,東京,10,2,JRA電話･2勝,ダ,2100,ユウトザユウト,牡,小崎綾也,小崎憲,栗,Preservationist,1,東京ダ2100,2,46305,ユウトザユウト46304,ユウトザユウト46302,ユウトザユウト46303,ユウトザユウト46298,ユウトザユウト46299,ユウトザユウト46291,ユウトザユウト46292,なし,なし,なし,53.8,13,12.9,なし,なし,なし,65.7,16.3,16,54.1,12.7,12.7,14.2,14.5,なし,なし,なし,なし,なし,なし,16.3,なし,なし,なし,なし,なし,なし,なし,なし,なし,なし,なし,なし,なし,なし,なし,なし,なし,なし,なし,なし,なし,なし,なし,なし,なし,なし,なし,なし,なし,なし,なし,なし,FALSE,なし,なし,なし,126,先,1,2.0261E+17,22110118
20261010,東京,10,3,JRA電話･2勝,ダ,2100,インナーパッション,牡,斎藤新,斎藤誠,美,キズナ,1,東京ダ2100,1,46305,インナーパッション46304,インナーパッション46302,インナーパッション46303,インナーパッション46298,インナーパッション46299,インナーパッション46291,インナーパッション46292,なし,なし,なし,なし,なし,なし,63.3,15.1,16.2,なし,なし,なし,なし,なし,なし,なし,なし,なし,なし,なし,なし,なし,63.3,なし,なし,なし,なし,12.6,71.8,11.8,52.5,67.6,83.8,なし,なし,なし,なし,FALSE,なし,なし,なし,なし,なし,なし,なし,なし,なし,なし,なし,なし,なし,なし,なし,なし,なし,なし,FALSE,なし,なし,なし,110,差,2,2.0261E+17,23103714
20261010,東京,10,4,JRA電話･2勝,ダ,2100,マッドゲイル,牡,石橋脩,上原佑紀,美,ルヴァンスレーヴ,1,東京ダ2100,1,46305,マッドゲイル46304,マッドゲイル46302,マッドゲイル46303,マッドゲイル46298,マッドゲイル46299,マッドゲイル46291,マッドゲイル46292,64.1,15,15.5,65,15,16.5,64.8,15.2,15.9,55.9,13.3,13.1,なし,なし,なし,なし,なし,なし,なし,なし,なし,なし,64.8,なし,なし,なし,なし,なし,なし,12.4,52.7,68,84,なし,なし,なし,なし,なし,なし,なし,なし,なし,なし,なし,なし,なし,なし,なし,なし,なし,なし,なし,なし,なし,なし,なし,FALSE,なし,なし,なし,110,先,2,2.0261E+17,23103701
20261010,東京,10,5,JRA電話･2勝,ダ,2100,バタール,セ,三浦皇成,鹿戸雄一,美,ナダル,1,東京ダ2100,1,46305,バタール46304,バタール46302,バタール46303,バタール46298,バタール46299,バタール46291,バタール46292,なし,なし,なし,64.6,16,15.9,なし,なし,なし,54.9,12.1,13.1,なし,なし,なし,なし,なし,なし,なし,なし,なし,なし,65,なし,なし,なし,なし,なし,なし,11.3,52.7,69,87.9,なし,なし,なし,なし,TRUE,なし,なし,なし,なし,なし,なし,なし,なし,なし,なし,なし,なし,なし,なし,なし,なし,なし,なし,FALSE,なし,〇,なし,106,逃,3,2.0261E+17,22104601
20261010,東京,10,6,JRA電話･2勝,ダ,2100,サイモンルモンド,セ,長浜鴻緒,的場均,美,ダノンシャンティ,1,東京ダ2100,1,46305,サイモンルモンド46304,サイモンルモンド46302,サイモンルモンド46303,サイモンルモンド46298,サイモンルモンド46299,サイモンルモンド46291,サイモンルモンド46292,なし,なし,なし,なし,なし,なし,67.8,16.7,16,なし,なし,なし,なし,なし,なし,なし,なし,なし,なし,なし,なし,なし,67,なし,12.3,なし,なし,13.3,73.8,13,52.8,68,85.4,なし,なし,なし,なし,なし,なし,なし,なし,なし,なし,なし,なし,なし,なし,なし,なし,なし,なし,なし,なし,なし,なし,なし,FALSE,なし,なし,なし,81,追,3,2.0261E+17,17106722
20261010,東京,10,7,JRA電話･2勝,ダ,2100,コズミックダンサー,牡,横山武史,橋田宜長,栗,アドマイヤマーズ,1,東京ダ2100,2,46305,コズミックダンサー46304,コズミックダンサー46302,コズミックダンサー46303,コズミックダンサー46298,コズミックダンサー46299,コズミックダンサー46291,コズミックダンサー46292,69.3,17.3,17.2,63.5,15.2,15.4,66.5,16.2,16.6,62.8,14.8,15.2,54.6,13.1,12.6,13.5,15.4,なし,なし,なし,なし,なし,なし,なし,なし,なし,なし,なし,なし,なし,なし,なし,なし,なし,なし,なし,なし,なし,なし,なし,なし,なし,なし,なし,なし,なし,なし,なし,なし,なし,なし,なし,なし,なし,なし,なし,FALSE,なし,なし,なし,120,先,4,2.0261E+17,22104740
20261010,東京,10,8,JRA電話･2勝,ダ,2100,ダブルメッセージ,牡,木幡巧也,和田正一,美,モーニン,1,東京ダ2100,1,46305,ダブルメッセージ46304,ダブルメッセージ46302,ダブルメッセージ46303,ダブルメッセージ46298,ダブルメッセージ46299,ダブルメッセージ46291,ダブルメッセージ46292,なし,なし,なし,なし,なし,なし,なし,なし,なし,60.6,12.3,14.7,なし,なし,なし,なし,なし,なし,なし,なし,なし,なし,なし,なし,12.9,なし,なし,なし,なし,12,51.6,66,81.6,なし,なし,なし,なし,なし,なし,なし,なし,なし,なし,なし,なし,なし,なし,なし,なし,なし,なし,なし,なし,なし,なし,なし,FALSE,なし,なし,なし,98,逃,4,2.0261E+17,22106337
20261010,東京,10,9,JRA電話･2勝,ダ,2100,レッドリベルタ,牡,津村明秀,庄野靖志,栗,リアルスティール,1,東京ダ2100,2,46305,レッドリベルタ46304,レッドリベルタ46302,レッドリベルタ46303,レッドリベルタ46298,レッドリベルタ46299,レッドリベルタ46291,レッドリベルタ46292,65.9,15.8,15.9,56,13.7,13.6,なし,なし,なし,なし,なし,なし,54.4,12.8,12.9,13.9,14.8,なし,なし,なし,なし,なし,なし,なし,なし,15.6,0,11.5,66.1,なし,なし,なし,なし,なし,なし,なし,なし,なし,なし,なし,なし,なし,なし,なし,なし,なし,なし,なし,なし,なし,なし,なし,なし,なし,なし,なし,FALSE,なし,なし,なし,110,差,5,2.0261E+17,21102436
20261010,東京,11,1,サウジアG3,芝,1600,ギブリ,牡,横山典弘,松永幹夫,栗,ニューイヤーズデイ,2,東京芝1600,2,46305,ギブリ46304,ギブリ46302,ギブリ46303,ギブリ46298,ギブリ46299,ギブリ46291,ギブリ46292,なし,なし,なし,なし,なし,なし,67.6,16.1,16.5,67.5,16.8,16.6,なし,なし,なし,なし,なし,なし,なし,なし,なし,なし,なし,なし,なし,なし,なし,なし,なし,12,55.8,71.7,88.6,なし,なし,なし,なし,なし,なし,なし,なし,なし,なし,なし,なし,なし,なし,なし,なし,なし,なし,なし,なし,なし,なし,なし,FALSE,なし,なし,なし,99,　,1,2.0261E+17,24105852
20261010,東京,11,10,サウジアG3,芝,1600,アイファーマーリン,牡,松岡正海,蛯名利弘,美,サンライズノヴァ,2,東京芝1600,1,46305,アイファーマーリン46304,アイファーマーリン46302,アイファーマーリン46303,アイファーマーリン46298,アイファーマーリン46299,アイファーマーリン46291,アイファーマーリン46292,69.7,17,17.6,68.2,16.1,16.8,69.4,16.3,16.9,56.8,13,13.9,なし,なし,なし,なし,なし,なし,なし,なし,なし,なし,なし,なし,なし,なし,なし,なし,なし,11.8,52.3,66.7,82.4,なし,なし,なし,なし,なし,なし,なし,なし,なし,なし,なし,なし,なし,なし,なし,なし,なし,なし,なし,なし,なし,なし,なし,FALSE,なし,なし,なし,113,　,8,2.0261E+17,24105215
20261010,東京,11,11,サウジアG3,芝,1600,ハンサム,牡,丹内祐次,清水久詞,栗,リオンディーズ,2,東京芝1600,2,46305,ハンサム46304,ハンサム46302,ハンサム46303,ハンサム46298,ハンサム46299,ハンサム46291,ハンサム46292,なし,なし,なし,なし,なし,なし,66.8,16.9,16.1,67.7,15.7,16.2,54.3,12.7,13.1,13.7,14.8,なし,なし,なし,なし,なし,なし,なし,なし,なし,なし,なし,なし,なし,なし,なし,なし,なし,なし,なし,なし,なし,なし,なし,なし,なし,なし,なし,なし,なし,なし,なし,なし,なし,なし,なし,なし,なし,なし,なし,FALSE,なし,なし,なし,107,　,8,2.0261E+17,24104872
20261010,東京,11,2,サウジアG3,芝,1600,デミアン,牡,斎藤新,斎藤誠,美,Flightline,2,東京芝1600,1,46305,デミアン46304,デミアン46302,デミアン46303,デミアン46298,デミアン46299,デミアン46291,デミアン46292,65.5,16.2,16.3,58.5,14,14.4,69,16.5,16.6,58.1,13.7,14.3,なし,なし,なし,なし,なし,なし,なし,なし,なし,なし,64,なし,なし,なし,なし,なし,なし,11.8,52.2,67.3,83.2,なし,なし,なし,なし,FALSE,なし,なし,なし,なし,なし,なし,なし,なし,なし,なし,なし,なし,なし,なし,なし,なし,なし,なし,FALSE,なし,なし,なし,105,先,2,2.0261E+17,24108228
20261010,東京,11,3,サウジアG3,芝,1600,サトノハクマイ,牡,戸崎圭太,斎藤誠,美,シルバーステート,2,東京芝1600,1,46305,サトノハクマイ46304,サトノハクマイ46302,サトノハクマイ46303,サトノハクマイ46298,サトノハクマイ46299,サトノハクマイ46291,サトノハクマイ46292,64.7,15.9,16.3,58.8,13.9,14.4,66.3,16.3,16.3,57.3,13.3,14.1,なし,なし,なし,なし,なし,なし,なし,なし,なし,なし,63.4,なし,なし,なし,なし,なし,なし,11.1,52.1,66.6,83.2,なし,なし,なし,なし,FALSE,なし,なし,なし,なし,なし,なし,なし,なし,なし,なし,なし,なし,なし,なし,なし,なし,なし,なし,FALSE,なし,なし,なし,106,　,3,2.0261E+17,24102281
20261010,東京,11,4,サウジアG3,芝,1600,アゴルディーノ,牡,横山和生,中舘英二,美,エフフォーリア,2,東京芝1600,1,46305,アゴルディーノ46304,アゴルディーノ46302,アゴルディーノ46303,アゴルディーノ46298,アゴルディーノ46299,アゴルディーノ46291,アゴルディーノ46292,なし,なし,なし,なし,なし,なし,68,15.7,16.8,64.4,14.7,15.1,65,14.8,16,16.8,17.4,なし,なし,なし,なし,なし,67.2,なし,13.6,なし,なし,14.8,82.2,11.3,53.3,68.3,85.5,なし,なし,なし,なし,なし,なし,なし,なし,なし,なし,なし,なし,なし,なし,なし,なし,なし,なし,なし,なし,なし,なし,なし,FALSE,なし,なし,なし,116,先,4,2.0261E+17,24105444
20261010,東京,11,5,サウジアG3,芝,1600,フィリオソラーレ,牡,ルメール,木村哲也,美,エピファネイア,2,東京芝1600,1,46305,フィリオソラーレ46304,フィリオソラーレ46302,フィリオソラーレ46303,フィリオソラーレ46298,フィリオソラーレ46299,フィリオソラーレ46291,フィリオソラーレ46292,なし,なし,なし,55.3,12.8,13.5,なし,なし,なし,53.7,12,13.2,なし,なし,なし,なし,なし,なし,なし,なし,なし,なし,67.3,14.5,なし,14.9,0,なし,なし,11.3,52.7,68.7,86.1,なし,なし,なし,なし,FALSE,なし,なし,なし,なし,なし,なし,なし,なし,なし,なし,なし,なし,なし,なし,なし,なし,なし,なし,TRUE,なし,〇,なし,106,先,5,2.0261E+17,24106538
20261010,東京,11,6,サウジアG3,芝,1600,ベルウッドディープ,牡,三浦皇成,室井潔,美,エフフォーリア,2,東京芝1600,1,46305,ベルウッドディープ46304,ベルウッドディープ46302,ベルウッドディープ46303,ベルウッドディープ46298,ベルウッドディープ46299,ベルウッドディープ46291,ベルウッドディープ46292,65.4,15,15.9,なし,なし,なし,68.1,15.8,16.5,55.6,13.1,13.4,なし,なし,なし,なし,なし,なし,なし,なし,なし,なし,66.2,なし,12.4,なし,なし,なし,なし,11.4,51.8,67.1,84.4,なし,なし,なし,なし,なし,なし,なし,なし,なし,なし,なし,なし,なし,なし,なし,なし,なし,なし,なし,なし,なし,なし,なし,TRUE,なし,〇,なし,104,先,6,2.0261E+17,24101333
20261010,東京,11,7,サウジアG3,芝,1600,ニシノトラノスケ,牡,菊沢一樹,千葉直人,美,アドマイヤマーズ,2,東京芝1600,1,46305,ニシノトラノスケ46304,ニシノトラノスケ46302,ニシノトラノスケ46303,ニシノトラノスケ46298,ニシノトラノスケ46299,ニシノトラノスケ46291,ニシノトラノスケ46292,なし,なし,なし,59.2,13.1,13.5,なし,なし,なし,57.4,12.7,13.6,なし,なし,なし,なし,なし,なし,なし,なし,なし,なし,なし,なし,なし,なし,なし,なし,なし,12.2,52.3,68.9,88.5,なし,なし,なし,なし,なし,なし,なし,なし,なし,なし,なし,なし,なし,なし,なし,なし,なし,なし,なし,なし,なし,なし,なし,FALSE,なし,なし,なし,98,　,6,2.0261E+17,24102993
20261010,東京,11,8,サウジアG3,芝,1600,グルーヴェンス,牡,横山武史,高柳瑞樹,美,カラヴァッジオ,2,東京芝1600,1,46305,グルーヴェンス46304,グルーヴェンス46302,グルーヴェンス46303,グルーヴェンス46298,グルーヴェンス46299,グルーヴェンス46291,グルーヴェンス46292,67.1,15.8,16.4,55,12.7,13.6,67.6,15.8,16.3,56.6,12.7,14.5,なし,なし,なし,なし,なし,なし,なし,なし,なし,なし,なし,なし,なし,なし,なし,なし,なし,11.4,50.6,65.9,84,なし,なし,なし,なし,なし,なし,なし,なし,なし,なし,なし,なし,なし,なし,なし,なし,なし,なし,なし,なし,なし,なし,なし,FALSE,なし,なし,なし,111,　,7,2.0261E+17,24101344
20261010,東京,11,9,サウジアG3,芝,1600,ジップスパーク,牡,田辺裕信,中舘英二,美,オルフェーヴル,2,東京芝1600,1,46305,ジップスパーク46304,ジップスパーク46302,ジップスパーク46303,ジップスパーク46298,ジップスパーク46299,ジップスパーク46291,ジップスパーク46292,なし,なし,なし,68.5,16.5,17.2,67.6,16.4,16.2,56.2,13.3,13.7,なし,なし,なし,なし,なし,なし,なし,なし,なし,なし,69.6,なし,15.4,なし,なし,なし,なし,11.4,52.2,67.3,84.2,なし,なし,なし,なし,なし,なし,なし,なし,なし,なし,なし,なし,なし,なし,なし,なし,なし,なし,なし,なし,なし,なし,なし,FALSE,なし,なし,なし,107,　,7,2.0261E+17,24105893
20261010,東京,12,1,１勝ｸﾗｽ,ダ,1400,ウルトラハート,牡,横山琉人,中尾秀正,栗,ホッコータルマエ,1,東京ダ1400,2,46305,ウルトラハート46304,ウルトラハート46302,ウルトラハート46303,ウルトラハート46298,ウルトラハート46299,ウルトラハート46291,ウルトラハート46292,なし,なし,なし,57.7,14,13.9,なし,なし,なし,58.6,14.2,14,なし,なし,なし,なし,なし,なし,なし,なし,なし,なし,なし,なし,なし,16.1,0,なし,なし,11.8,53.5,68.6,84,なし,なし,なし,なし,なし,なし,なし,なし,なし,なし,なし,なし,なし,なし,なし,なし,なし,なし,なし,なし,なし,なし,なし,TRUE,なし,〇,なし,80,先,1,2.0261E+17,23104157
20261010,東京,12,10,１勝ｸﾗｽ,ダ,1400,ゴーゴーパンチ,牡,横山和生,天間昭一,美,タリスマニック,1,東京ダ1400,1,46305,ゴーゴーパンチ46304,ゴーゴーパンチ46302,ゴーゴーパンチ46303,ゴーゴーパンチ46298,ゴーゴーパンチ46299,ゴーゴーパンチ46291,ゴーゴーパンチ46292,なし,なし,なし,63.4,16.1,15.7,64.1,16.1,15.9,56.3,13.2,14,54.8,12.4,13.1,14,15.3,なし,なし,なし,なし,なし,65.3,なし,なし,なし,なし,なし,なし,なし,なし,なし,なし,なし,なし,なし,なし,なし,なし,なし,なし,なし,なし,なし,なし,なし,なし,なし,なし,なし,なし,なし,なし,なし,なし,なし,FALSE,なし,なし,なし,110,差,5,2.0261E+17,23103931
20261010,東京,12,11,１勝ｸﾗｽ,ダ,1400,スーパーガール,牝,佐藤翔馬,伊藤圭三,美,ドレフォン,1,東京ダ1400,1,46305,スーパーガール46304,スーパーガール46302,スーパーガール46303,スーパーガール46298,スーパーガール46299,スーパーガール46291,スーパーガール46292,なし,なし,なし,なし,なし,なし,69.6,16.7,16.7,なし,なし,なし,54.6,12.2,13.4,14.5,14.5,なし,なし,なし,なし,なし,66.1,なし,15.4,14.7,0,11.9,71.3,なし,なし,なし,なし,なし,なし,なし,なし,なし,なし,なし,なし,なし,なし,なし,なし,なし,なし,なし,なし,なし,なし,なし,なし,なし,なし,なし,FALSE,なし,なし,なし,105,先,6,2.0261E+17,23102602
20261010,東京,12,12,１勝ｸﾗｽ,ダ,1400,リアライズタキオン,牡,長浜鴻緒,手塚貴久,美,ルヴァンスレーヴ,1,東京ダ1400,1,46305,リアライズタキオン46304,リアライズタキオン46302,リアライズタキオン46303,リアライズタキオン46298,リアライズタキオン46299,リアライズタキオン46291,リアライズタキオン46292,68.1,15.5,16.9,67.1,15.5,16.7,なし,なし,なし,56.7,13.4,13.9,54.6,12.5,13.5,14.2,14.4,なし,なし,なし,なし,なし,65.7,なし,なし,16,0,なし,なし,なし,なし,なし,なし,なし,なし,なし,なし,なし,なし,なし,なし,なし,なし,なし,なし,なし,なし,なし,なし,なし,なし,なし,なし,なし,なし,なし,FALSE,なし,なし,なし,96,先,6,2.0261E+17,23105224
20261010,東京,12,13,１勝ｸﾗｽ,ダ,1400,フリッシュ,牡,斎藤新,平田修,栗,パイロ,1,東京ダ1400,2,46305,フリッシュ46304,フリッシュ46302,フリッシュ46303,フリッシュ46298,フリッシュ46299,フリッシュ46291,フリッシュ46292,なし,なし,なし,なし,なし,なし,65,15.8,15.9,なし,なし,なし,52.3,13,12.7,12.9,13.7,なし,なし,なし,なし,なし,なし,なし,13.3,なし,なし,12.8,73.3,なし,なし,なし,なし,なし,なし,なし,なし,なし,なし,なし,なし,なし,なし,なし,なし,なし,なし,なし,なし,なし,なし,なし,なし,なし,なし,なし,FALSE,なし,なし,なし,95,追,7,2.0261E+17,23101231
20261010,東京,12,14,１勝ｸﾗｽ,ダ,1400,インヴェスター,セ,黛弘人,佐藤吉勝,美,バゴ,1,東京ダ1400,1,46305,インヴェスター46304,インヴェスター46302,インヴェスター46303,インヴェスター46298,インヴェスター46299,インヴェスター46291,インヴェスター46292,なし,なし,なし,なし,なし,なし,なし,なし,なし,57,12.7,14.1,55.8,12.5,13.7,14.5,15.1,なし,なし,なし,なし,なし,69.3,なし,なし,なし,なし,なし,なし,なし,なし,なし,なし,なし,なし,なし,なし,なし,なし,なし,なし,なし,なし,なし,なし,なし,なし,なし,なし,なし,なし,なし,なし,なし,なし,なし,FALSE,なし,なし,なし,80,追,7,2.0261E+17,21101647
20261010,東京,12,15,１勝ｸﾗｽ,ダ,1400,ダイオジェナイト,牡,岩田康誠,稲垣幸雄,美,リアルインパクト,1,東京ダ1400,1,46305,ダイオジェナイト46304,ダイオジェナイト46302,ダイオジェナイト46303,ダイオジェナイト46298,ダイオジェナイト46299,ダイオジェナイト46291,ダイオジェナイト46292,なし,なし,なし,57.9,13.2,14.2,なし,なし,なし,なし,なし,なし,53,12.9,12.8,13.4,13.9,なし,なし,なし,なし,なし,なし,なし,なし,11.8,76,なし,なし,なし,なし,なし,なし,なし,なし,なし,なし,なし,なし,なし,なし,なし,なし,なし,なし,なし,なし,なし,なし,なし,なし,なし,なし,なし,なし,なし,FALSE,なし,なし,なし,110,追,8,2.0261E+17,21105432
20261010,東京,12,16,１勝ｸﾗｽ,ダ,1400,ラルフテソーロ,牡,丹内祐次,伊藤圭三,美,スワーヴリチャード,1,東京ダ1400,1,46305,ラルフテソーロ46304,ラルフテソーロ46302,ラルフテソーロ46303,ラルフテソーロ46298,ラルフテソーロ46299,ラルフテソーロ46291,ラルフテソーロ46292,なし,なし,なし,なし,なし,なし,69,16.6,17.1,65.9,15.1,16.6,54.1,12.4,13.3,13.8,14.6,なし,なし,なし,なし,なし,65.7,なし,なし,なし,なし,なし,なし,なし,なし,なし,なし,なし,なし,なし,なし,なし,なし,なし,なし,なし,なし,なし,なし,なし,なし,なし,なし,なし,なし,なし,なし,なし,なし,なし,FALSE,なし,なし,なし,115,逃,8,2.0261E+17,22102269
20261010,東京,12,2,１勝ｸﾗｽ,ダ,1400,エコロバロン,牡,菊沢一樹,菊沢隆徳,美,フォーウィールドライブ,1,東京ダ1400,1,46305,エコロバロン46304,エコロバロン46302,エコロバロン46303,エコロバロン46298,エコロバロン46299,エコロバロン46291,エコロバロン46292,なし,なし,なし,なし,なし,なし,68.4,17.6,17.1,64.7,15.4,15.8,53.1,12.9,12.7,13.1,14.4,なし,なし,なし,なし,なし,なし,なし,なし,なし,なし,なし,なし,なし,なし,なし,なし,なし,なし,なし,なし,FALSE,なし,なし,なし,なし,なし,なし,なし,なし,なし,なし,なし,なし,なし,なし,なし,なし,なし,なし,FALSE,なし,なし,なし,106,差,1,2.0261E+17,23104992
20261010,東京,12,3,１勝ｸﾗｽ,ダ,1400,シュヴァルツシルト,牡,戸崎圭太,田島俊明,美,ミスチヴィアスアレックス,1,東京ダ1400,1,46305,シュヴァルツシルト46304,シュヴァルツシルト46302,シュヴァルツシルト46303,シュヴァルツシルト46298,シュヴァルツシルト46299,シュヴァルツシルト46291,シュヴァルツシルト46292,なし,なし,なし,69.9,17.4,16.7,なし,なし,なし,なし,なし,なし,53.4,12.6,13.3,13.5,14,なし,なし,なし,なし,なし,なし,なし,なし,なし,なし,14.3,79.7,なし,なし,なし,なし,なし,なし,なし,なし,なし,なし,なし,なし,なし,なし,なし,なし,なし,なし,なし,なし,なし,なし,なし,なし,なし,なし,なし,FALSE,なし,なし,なし,122,逃,2,2.0261E+17,23100359
20261010,東京,12,4,１勝ｸﾗｽ,ダ,1400,トップマジシャン,牡,内田博幸,石栗龍彦,美,モズアスコット,1,東京ダ1400,1,46305,トップマジシャン46304,トップマジシャン46302,トップマジシャン46303,トップマジシャン46298,トップマジシャン46299,トップマジシャン46291,トップマジシャン46292,68,15.1,17.1,61,14.7,15.2,66.9,15.3,16.2,56.6,13,14.2,54,12.7,12.7,14,14.6,なし,なし,なし,なし,なし,66.2,なし,なし,なし,なし,なし,なし,なし,なし,なし,なし,なし,なし,なし,なし,なし,なし,なし,なし,なし,なし,なし,なし,なし,なし,なし,なし,なし,なし,なし,なし,なし,なし,なし,FALSE,なし,なし,なし,94,追,2,2.0261E+17,23105067
20261010,東京,12,5,１勝ｸﾗｽ,ダ,1400,アイファーファイト,牡,松岡正海,的場均,美,バトルプラン,1,東京ダ1400,1,46305,アイファーファイト46304,アイファーファイト46302,アイファーファイト46303,アイファーファイト46298,アイファーファイト46299,アイファーファイト46291,アイファーファイト46292,なし,なし,なし,なし,なし,なし,68,16.4,16.2,68.3,16.4,16.4,なし,なし,なし,なし,なし,なし,なし,なし,なし,なし,なし,なし,なし,なし,なし,なし,なし,11.6,52.8,67.6,84.5,なし,なし,なし,なし,なし,なし,なし,なし,なし,なし,なし,なし,なし,なし,なし,なし,なし,なし,なし,なし,なし,なし,なし,FALSE,なし,なし,なし,88,追,3,2.0261E+17,19101233
20261010,東京,12,6,１勝ｸﾗｽ,ダ,1400,ブルーユンチェリー,牝,武藤雅,水野貴広,美,フィエールマン,1,東京ダ1400,1,46305,ブルーユンチェリー46304,ブルーユンチェリー46302,ブルーユンチェリー46303,ブルーユンチェリー46298,ブルーユンチェリー46299,ブルーユンチェリー46291,ブルーユンチェリー46292,なし,なし,なし,なし,なし,なし,なし,なし,なし,なし,なし,なし,67.5,16,16.9,16.8,17.8,なし,なし,なし,なし,なし,67.9,なし,なし,15.1,0,なし,なし,12.1,54.1,68.8,85.1,なし,なし,なし,なし,なし,なし,なし,なし,なし,なし,なし,なし,なし,なし,なし,なし,なし,なし,なし,なし,なし,なし,なし,FALSE,なし,なし,なし,92,追,3,2.0261E+17,22103011
20261010,東京,12,7,１勝ｸﾗｽ,ダ,1400,ロードフロイデ,牡,横山武史,小栗実,栗,ドゥラメンテ,1,東京ダ1400,2,46305,ロードフロイデ46304,ロードフロイデ46302,ロードフロイデ46303,ロードフロイデ46298,ロードフロイデ46299,ロードフロイデ46291,ロードフロイデ46292,なし,なし,なし,なし,なし,なし,なし,なし,なし,なし,なし,なし,なし,なし,なし,なし,なし,なし,なし,なし,なし,なし,なし,なし,13.7,なし,なし,12.8,72.2,12.2,53.8,68.9,84.9,なし,なし,なし,なし,なし,なし,なし,なし,なし,なし,なし,なし,なし,なし,なし,なし,なし,なし,なし,なし,なし,なし,なし,TRUE,なし,〇,なし,104,差,4,2.0261E+17,22100613
20261010,東京,12,8,１勝ｸﾗｽ,ダ,1400,プレダトゥール,牡,菅原明良,北出成人,栗,ディーマジェスティ,1,東京ダ1400,2,46305,プレダトゥール46304,プレダトゥール46302,プレダトゥール46303,プレダトゥール46298,プレダトゥール46299,プレダトゥール46291,プレダトゥール46292,67.4,15.8,16.3,なし,なし,なし,68.9,15.9,16.9,66.5,15.8,15.7,54.3,12.5,13.1,14.4,14.3,なし,なし,なし,なし,なし,なし,なし,なし,なし,なし,なし,なし,なし,なし,なし,なし,なし,なし,なし,なし,なし,なし,なし,なし,なし,なし,なし,なし,なし,なし,なし,なし,なし,なし,なし,なし,なし,なし,なし,FALSE,なし,なし,なし,100,差,4,2.0261E+17,23103171
20261010,東京,12,9,１勝ｸﾗｽ,ダ,1400,マーガレットクレア,牝,原優介,黒岩陽一,美,ミスチヴィアスアレックス,1,東京ダ1400,1,46305,マーガレットクレア46304,マーガレットクレア46302,マーガレットクレア46303,マーガレットクレア46298,マーガレットクレア46299,マーガレットクレア46291,マーガレットクレア46292,67.2,15.5,15.7,56.5,13.4,13.7,65.6,15.2,15.7,55.3,13,13.6,なし,なし,なし,なし,なし,なし,なし,なし,なし,なし,66.5,なし,なし,なし,なし,なし,なし,11.5,50.8,65.1,79.7,なし,なし,なし,なし,なし,なし,なし,なし,なし,なし,なし,なし,なし,なし,なし,なし,なし,なし,なし,なし,なし,なし,なし,FALSE,なし,なし,なし,100,追,5,2.0261E+17,23100722
20261010,東京,2,1,未勝利・牝*,芝,1600,セレネリオン,牝,佐々木大,浅利英明,美,リアルスティール,2,東京芝1600,1,46305,セレネリオン46304,セレネリオン46302,セレネリオン46303,セレネリオン46298,セレネリオン46299,セレネリオン46291,セレネリオン46292,なし,なし,なし,なし,なし,なし,65.2,14.9,15.6,なし,なし,なし,54.2,12.4,12.8,13.9,15.1,なし,なし,なし,なし,なし,68.8,なし,なし,なし,なし,15,0,なし,なし,なし,なし,なし,なし,なし,なし,なし,なし,なし,なし,なし,なし,なし,なし,なし,なし,なし,なし,なし,なし,なし,なし,なし,なし,なし,FALSE,なし,なし,なし,107,　,1,2.0261E+17,24101842
20261010,東京,2,10,未勝利・牝*,芝,1600,ヴァルフォース,牝,横山武史,加藤征弘,美,ロードカナロア,2,東京芝1600,1,46305,ヴァルフォース46304,ヴァルフォース46302,ヴァルフォース46303,ヴァルフォース46298,ヴァルフォース46299,ヴァルフォース46291,ヴァルフォース46292,なし,なし,なし,なし,なし,なし,なし,なし,なし,59.5,14.5,14.7,なし,なし,なし,なし,なし,なし,なし,なし,なし,なし,なし,なし,なし,なし,なし,なし,なし,12,54.4,69.5,86,なし,なし,なし,なし,なし,なし,なし,なし,なし,なし,なし,なし,なし,なし,なし,なし,なし,なし,なし,なし,なし,なし,なし,FALSE,なし,なし,なし,113,　,7,2.0261E+17,24105987
20261010,東京,2,11,未勝利・牝*,芝,1600,ホワイトホール,牝,嶋田純次,清水英克,美,ロジャーバローズ,2,東京芝1600,1,46305,ホワイトホール46304,ホワイトホール46302,ホワイトホール46303,ホワイトホール46298,ホワイトホール46299,ホワイトホール46291,ホワイトホール46292,なし,なし,なし,なし,なし,なし,69.8,16.7,16.5,なし,なし,なし,なし,なし,なし,なし,なし,なし,なし,なし,なし,なし,なし,なし,なし,なし,なし,なし,なし,13.2,53.4,67.7,84.2,なし,なし,なし,なし,なし,なし,なし,なし,なし,なし,なし,なし,なし,なし,なし,なし,なし,なし,なし,なし,なし,なし,なし,FALSE,なし,なし,なし,108,　,7,2.0261E+17,24104300
20261010,東京,2,12,未勝利・牝*,芝,1600,ゴールデンハニビー,牝,ルメール,黒岩陽一,美,エピファネイア,2,東京芝1600,1,46305,ゴールデンハニビー46304,ゴールデンハニビー46302,ゴールデンハニビー46303,ゴールデンハニビー46298,ゴールデンハニビー46299,ゴールデンハニビー46291,ゴールデンハニビー46292,64.8,14.4,15.4,55,12.9,13.2,64.6,14.7,15.5,54.9,12.8,13.1,なし,なし,なし,なし,なし,なし,なし,なし,なし,なし,64.2,なし,なし,なし,なし,なし,なし,11.5,51.5,65.8,80.3,なし,なし,なし,なし,なし,なし,なし,なし,なし,なし,なし,なし,なし,なし,なし,なし,なし,なし,なし,なし,なし,なし,なし,TRUE,なし,〇,なし,109,差,8,2.0261E+17,24106263
20261010,東京,2,13,未勝利・牝*,芝,1600,リアスハート,牝,武藤雅,水野貴広,美,エフフォーリア,2,東京芝1600,1,46305,リアスハート46304,リアスハート46302,リアスハート46303,リアスハート46298,リアスハート46299,リアスハート46291,リアスハート46292,68.1,16.4,16.5,なし,なし,なし,なし,なし,なし,65.7,15.4,15.7,69.9,17,16.6,17.5,18.8,なし,なし,なし,なし,なし,67.7,なし,なし,なし,なし,なし,なし,12,52.9,69,87.5,なし,なし,なし,なし,なし,なし,なし,なし,なし,なし,なし,なし,なし,なし,なし,なし,なし,なし,なし,なし,なし,なし,なし,FALSE,なし,なし,なし,102,　,8,2.0261E+17,24107358
20261010,東京,2,2,未勝利・牝*,芝,1600,マーズワース,牝,石橋脩,小手川準,美,アドマイヤマーズ,2,東京芝1600,1,46305,マーズワース46304,マーズワース46302,マーズワース46303,マーズワース46298,マーズワース46299,マーズワース46291,マーズワース46292,なし,なし,なし,なし,なし,なし,68.6,16.1,17.2,55.8,12.9,13.5,55.6,12.9,13.7,14.1,14.9,なし,なし,なし,なし,なし,なし,なし,なし,なし,なし,なし,なし,なし,なし,なし,なし,なし,なし,なし,なし,なし,なし,なし,なし,なし,なし,なし,なし,なし,なし,なし,なし,なし,なし,なし,なし,なし,なし,なし,FALSE,なし,なし,なし,115,追,2,2.0261E+17,24102809
20261010,東京,2,3,未勝利・牝*,芝,1600,エバーラスティング,牝,柴田大知,小笠倫弘,美,アドマイヤマーズ,2,東京芝1600,1,46305,エバーラスティング46304,エバーラスティング46302,エバーラスティング46303,エバーラスティング46298,エバーラスティング46299,エバーラスティング46291,エバーラスティング46292,なし,なし,なし,なし,なし,なし,なし,なし,なし,なし,なし,なし,なし,なし,なし,なし,なし,なし,なし,なし,なし,なし,なし,なし,なし,なし,なし,なし,なし,12.5,52.8,67.5,83.6,なし,なし,なし,なし,なし,なし,なし,なし,なし,なし,なし,なし,なし,なし,なし,なし,なし,なし,なし,なし,なし,なし,なし,FALSE,なし,なし,なし,97,　,3,2.0261E+17,24103598
20261010,東京,2,4,未勝利・牝*,芝,1600,ラッパースヴィル,牝,津村明秀,手塚貴徳,美,フィエールマン,2,東京芝1600,1,46305,ラッパースヴィル46304,ラッパースヴィル46302,ラッパースヴィル46303,ラッパースヴィル46298,ラッパースヴィル46299,ラッパースヴィル46291,ラッパースヴィル46292,なし,なし,なし,なし,なし,なし,なし,なし,なし,なし,なし,なし,なし,なし,なし,なし,なし,なし,なし,なし,なし,なし,なし,なし,12.8,なし,なし,12,69.5,12.1,52.4,66.9,82.8,なし,なし,なし,なし,なし,なし,なし,なし,なし,なし,なし,なし,なし,なし,なし,なし,なし,なし,なし,なし,なし,なし,なし,FALSE,なし,なし,なし,110,　,4,2.0261E+17,24106403
20261010,東京,2,5,未勝利・牝*,芝,1600,マイサマーガール,牝,原優介,伊藤伸一,美,ウインブライト,2,東京芝1600,1,46305,マイサマーガール46304,マイサマーガール46302,マイサマーガール46303,マイサマーガール46298,マイサマーガール46299,マイサマーガール46291,マイサマーガール46292,なし,なし,なし,なし,なし,なし,69.1,16.2,17.3,なし,なし,なし,なし,なし,なし,なし,なし,なし,なし,なし,なし,なし,なし,なし,なし,なし,なし,なし,なし,13.5,54.2,68.9,83.7,なし,なし,なし,なし,なし,なし,なし,なし,なし,なし,なし,なし,なし,なし,なし,なし,なし,なし,なし,なし,なし,なし,なし,FALSE,なし,なし,なし,89,　,4,2.0261E+17,24100868
20261010,東京,2,6,未勝利・牝*,芝,1600,フェリスセンダ,牝,三浦皇成,本間忍,美,エフフォーリア,2,東京芝1600,1,46305,フェリスセンダ46304,フェリスセンダ46302,フェリスセンダ46303,フェリスセンダ46298,フェリスセンダ46299,フェリスセンダ46291,フェリスセンダ46292,なし,なし,なし,なし,なし,なし,なし,なし,なし,なし,なし,なし,なし,なし,なし,なし,なし,なし,なし,なし,なし,なし,なし,なし,13.6,なし,なし,12.3,72.6,11.8,52.9,67.9,83.9,なし,なし,なし,なし,なし,なし,なし,なし,なし,なし,なし,なし,なし,なし,なし,なし,なし,なし,なし,なし,なし,なし,なし,FALSE,なし,なし,なし,104,差,5,2.0261E+17,24103412
20261010,東京,2,7,未勝利・牝*,芝,1600,ローズファミリー,牝,大久保友,田中剛,美,タワーオブロンドン,2,東京芝1600,1,46305,ローズファミリー46304,ローズファミリー46302,ローズファミリー46303,ローズファミリー46298,ローズファミリー46299,ローズファミリー46291,ローズファミリー46292,なし,なし,なし,57,13.3,13.9,なし,なし,なし,65.6,14.9,15.5,54.9,12.5,13.3,13.7,15.4,なし,なし,なし,なし,なし,なし,なし,なし,なし,なし,なし,なし,なし,なし,なし,なし,なし,なし,なし,なし,なし,なし,なし,なし,なし,なし,なし,なし,なし,なし,なし,なし,なし,なし,なし,なし,なし,なし,なし,FALSE,なし,なし,なし,118,　,5,2.0261E+17,24101760
20261010,東京,2,8,未勝利・牝*,芝,1600,ソプラノクイーン,牝,田辺裕信,中舘英二,美,キズナ,2,東京芝1600,1,46305,ソプラノクイーン46304,ソプラノクイーン46302,ソプラノクイーン46303,ソプラノクイーン46298,ソプラノクイーン46299,ソプラノクイーン46291,ソプラノクイーン46292,68.1,15.9,16.1,56.2,13.3,13.4,なし,なし,なし,56.4,13.3,14,なし,なし,なし,なし,なし,なし,なし,なし,なし,なし,65.3,なし,なし,なし,なし,なし,なし,11.4,52,67.2,83.9,なし,なし,なし,なし,なし,なし,なし,なし,なし,なし,なし,なし,なし,なし,なし,なし,なし,なし,なし,なし,なし,なし,なし,FALSE,なし,なし,なし,97,追,6,2.0261E+17,24106878
20261010,東京,2,9,未勝利・牝*,芝,1600,ルーチェルナーレ,牝,丹内祐次,稲垣幸雄,美,サートゥルナーリア,2,東京芝1600,1,46305,ルーチェルナーレ46304,ルーチェルナーレ46302,ルーチェルナーレ46303,ルーチェルナーレ46298,ルーチェルナーレ46299,ルーチェルナーレ46291,ルーチェルナーレ46292,なし,なし,なし,なし,なし,なし,なし,なし,なし,なし,なし,なし,なし,なし,なし,なし,なし,なし,なし,なし,なし,なし,なし,なし,なし,なし,なし,なし,なし,11.9,53,68,85.1,なし,なし,なし,なし,なし,なし,なし,なし,なし,なし,なし,なし,なし,なし,なし,なし,なし,なし,なし,なし,なし,なし,なし,FALSE,なし,なし,なし,95,　,6,2.0261E+17,24103196
20261010,東京,3,1,未勝利*,ダ,1600,アンドレイア,牡,木幡巧也,牧光二,美,ステルヴィオ,1,東京ダ1600,1,46305,アンドレイア46304,アンドレイア46302,アンドレイア46303,アンドレイア46298,アンドレイア46299,アンドレイア46291,アンドレイア46292,64.2,16.9,15.4,59.1,13.8,13.9,63.3,15.7,15.1,56,12.9,13.3,52.1,13.1,12.6,13,13.4,なし,なし,なし,なし,なし,なし,なし,なし,なし,なし,なし,なし,なし,なし,なし,なし,なし,なし,なし,なし,なし,なし,なし,なし,なし,なし,なし,なし,なし,なし,なし,なし,なし,なし,なし,なし,なし,なし,なし,TRUE,なし,〇,なし,87,　,1,2.0261E+17,24102705
20261010,東京,3,10,未勝利*,ダ,1600,ゴルトシェーン,牡,石神深道,武井亮,美,ゴールドドリーム,1,東京ダ1600,1,46305,ゴルトシェーン46304,ゴルトシェーン46302,ゴルトシェーン46303,ゴルトシェーン46298,ゴルトシェーン46299,ゴルトシェーン46291,ゴルトシェーン46292,なし,なし,なし,なし,なし,なし,64.5,15.7,15.7,55.5,12.9,13.3,なし,なし,なし,なし,なし,なし,なし,なし,なし,なし,64.1,なし,なし,なし,なし,なし,なし,12.7,53.2,68.9,86.4,なし,なし,なし,なし,なし,なし,なし,なし,なし,なし,なし,なし,なし,なし,なし,なし,なし,なし,なし,なし,なし,なし,なし,FALSE,なし,なし,なし,98,　,5,2.0261E+17,24105499
20261010,東京,3,11,未勝利*,ダ,1600,ノシェリー,牡,原優介,鈴木慎太,美,ロゴタイプ,1,東京ダ1600,1,46305,ノシェリー46304,ノシェリー46302,ノシェリー46303,ノシェリー46298,ノシェリー46299,ノシェリー46291,ノシェリー46292,なし,なし,なし,65.7,15.2,16.2,66.9,16.4,16.5,57.4,13.4,13.9,なし,なし,なし,なし,なし,なし,なし,なし,なし,なし,69.4,なし,なし,なし,なし,なし,なし,11.7,52.7,67.5,84.6,なし,なし,なし,なし,なし,なし,なし,なし,なし,なし,なし,なし,なし,なし,なし,なし,なし,なし,なし,なし,なし,なし,なし,FALSE,なし,なし,なし,116,差,6,2.0261E+17,24106085
20261010,東京,3,12,未勝利*,ダ,1600,プラチナリーフ,牡,戸崎圭太,林徹,美,クリソベリル,1,東京ダ1600,1,46305,プラチナリーフ46304,プラチナリーフ46302,プラチナリーフ46303,プラチナリーフ46298,プラチナリーフ46299,プラチナリーフ46291,プラチナリーフ46292,なし,なし,なし,なし,なし,なし,なし,なし,なし,なし,なし,なし,54.5,12.3,12.5,14.6,15.1,なし,なし,なし,なし,なし,69.8,なし,なし,なし,なし,なし,なし,なし,なし,なし,なし,なし,なし,なし,なし,なし,なし,なし,なし,なし,なし,なし,なし,なし,なし,なし,なし,なし,なし,なし,なし,なし,なし,なし,FALSE,なし,なし,なし,120,　,6,2.0261E+17,24106171
20261010,東京,3,13,未勝利*,ダ,1600,フレイムオブキング,牡,ルメール,稲垣幸雄,美,クリソベリル,1,東京ダ1600,1,46305,フレイムオブキング46304,フレイムオブキング46302,フレイムオブキング46303,フレイムオブキング46298,フレイムオブキング46299,フレイムオブキング46291,フレイムオブキング46292,なし,なし,なし,なし,なし,なし,60.2,15,14.1,なし,なし,なし,なし,なし,なし,なし,なし,なし,なし,なし,なし,なし,なし,なし,なし,なし,なし,なし,なし,11.9,53.8,68.9,86.5,なし,なし,なし,なし,なし,なし,なし,なし,なし,なし,なし,なし,なし,なし,なし,なし,なし,なし,なし,なし,なし,なし,なし,FALSE,なし,なし,なし,109,　,7,2.0261E+17,24105698
20261010,東京,3,14,未勝利*,ダ,1600,コックコート,牡,上里直汰,加藤和宏,美,サングレーザー,1,東京ダ1600,1,46305,コックコート46304,コックコート46302,コックコート46303,コックコート46298,コックコート46299,コックコート46291,コックコート46292,なし,なし,なし,なし,なし,なし,68.5,16.5,17,66.9,16.6,16.2,68.5,16.5,17.2,16.9,17.9,なし,なし,なし,なし,なし,なし,なし,なし,なし,なし,15.3,86.1,なし,なし,なし,なし,12.8,54.6,70.6,87.4,なし,なし,なし,なし,なし,なし,なし,なし,なし,なし,なし,なし,なし,なし,なし,なし,なし,なし,なし,FALSE,なし,なし,なし,92,　,7,2.0261E+17,24103175
20261010,東京,3,15,未勝利*,ダ,1600,ディスクリートサム,牡,田辺裕信,栗田徹,美,ディスクリートキャット,1,東京ダ1600,1,46305,ディスクリートサム46304,ディスクリートサム46302,ディスクリートサム46303,ディスクリートサム46298,ディスクリートサム46299,ディスクリートサム46291,ディスクリートサム46292,なし,なし,なし,なし,なし,なし,なし,なし,なし,58.3,13.3,14.6,なし,なし,なし,なし,なし,なし,なし,なし,なし,なし,なし,なし,なし,なし,なし,なし,なし,11.8,54.2,70.3,88,なし,なし,なし,なし,なし,なし,なし,なし,なし,なし,なし,なし,なし,なし,なし,なし,なし,なし,なし,なし,なし,なし,なし,FALSE,なし,なし,なし,101,　,8,2.0261E+17,24100688
20261010,東京,3,16,未勝利*,ダ,1600,サスケソルトバーン,牡,佐藤翔馬,和田雄二,美,アニマルキングダム,1,東京ダ1600,1,46305,サスケソルトバーン46304,サスケソルトバーン46302,サスケソルトバーン46303,サスケソルトバーン46298,サスケソルトバーン46299,サスケソルトバーン46291,サスケソルトバーン46292,なし,なし,なし,なし,なし,なし,68.9,17.8,17.1,68.3,16.8,16.4,なし,なし,なし,なし,なし,なし,なし,なし,なし,なし,65.9,なし,なし,なし,なし,なし,なし,12.5,53.8,68.3,84.4,なし,なし,なし,なし,なし,なし,なし,なし,なし,なし,なし,なし,なし,なし,なし,なし,なし,なし,なし,なし,なし,なし,なし,FALSE,なし,なし,なし,98,　,8,2.0261E+17,24102123
20261010,東京,3,2,未勝利*,ダ,1600,マーゴットパラディ,牡,荻野極,伊坂重信,美,エフフォーリア,1,東京ダ1600,1,46305,マーゴットパラディ46304,マーゴットパラディ46302,マーゴットパラディ46303,マーゴットパラディ46298,マーゴットパラディ46299,マーゴットパラディ46291,マーゴットパラディ46292,66.5,15.7,15.5,54.9,13.3,12.6,66.3,15.5,15.8,69.1,16.7,16.5,なし,なし,なし,なし,なし,なし,なし,なし,なし,なし,64.5,なし,なし,なし,なし,なし,なし,12.2,51.6,66.3,83,なし,なし,なし,なし,なし,なし,なし,なし,なし,なし,なし,なし,なし,なし,なし,なし,なし,なし,なし,なし,なし,なし,なし,FALSE,なし,なし,なし,103,逃,1,2.0261E+17,24101971
20261010,東京,3,3,未勝利*,ダ,1600,エコロガレル,牡,丹内祐次,中舘英二,美,パイロ,1,東京ダ1600,1,46305,エコロガレル46304,エコロガレル46302,エコロガレル46303,エコロガレル46298,エコロガレル46299,エコロガレル46291,エコロガレル46292,なし,なし,なし,なし,なし,なし,69.2,16.2,17,69.7,16.3,17.1,64.7,15.4,15.8,16.8,16.7,なし,なし,なし,なし,なし,68.7,なし,なし,なし,なし,14.9,86.2,なし,なし,なし,なし,なし,なし,なし,なし,なし,なし,なし,なし,なし,なし,なし,なし,なし,なし,なし,なし,なし,なし,なし,なし,なし,なし,なし,FALSE,なし,なし,なし,101,　,2,2.0261E+17,24101684
20261010,東京,3,4,未勝利*,ダ,1600,トパーズヘッド,牡,菊沢一樹,佐藤吉勝,美,クリソベリル,1,東京ダ1600,1,46305,トパーズヘッド46304,トパーズヘッド46302,トパーズヘッド46303,トパーズヘッド46298,トパーズヘッド46299,トパーズヘッド46291,トパーズヘッド46292,なし,なし,なし,なし,なし,なし,69.6,17,16.5,64.5,15.4,15.4,67.5,16.3,16.7,17.3,17.2,なし,なし,なし,なし,なし,69.6,なし,なし,なし,なし,なし,なし,12.5,54,69.1,84.8,なし,なし,なし,なし,なし,なし,なし,なし,なし,なし,なし,なし,なし,なし,なし,なし,なし,なし,なし,なし,なし,なし,なし,FALSE,なし,なし,なし,83,　,2,2.0261E+17,24101845
20261010,東京,3,5,未勝利*,ダ,1600,フジサンインフレ,牡,石橋脩,池上昌和,美,フォーウィールドライブ,1,東京ダ1600,1,46305,フジサンインフレ46304,フジサンインフレ46302,フジサンインフレ46303,フジサンインフレ46298,フジサンインフレ46299,フジサンインフレ46291,フジサンインフレ46292,なし,なし,なし,57.6,12.7,13.8,なし,なし,なし,63.5,15.1,15.4,なし,なし,なし,なし,なし,なし,なし,なし,なし,なし,64.9,なし,なし,なし,なし,なし,なし,11.7,52.9,67.3,85,なし,なし,なし,なし,なし,なし,なし,なし,なし,なし,なし,なし,なし,なし,なし,なし,なし,なし,なし,なし,なし,なし,なし,FALSE,なし,なし,なし,99,　,3,2.0261E+17,24100161
20261010,東京,3,6,未勝利*,ダ,1600,タイセイリッター,牡,三浦皇成,新開幸一,美,タイセイレジェンド,1,東京ダ1600,1,46305,タイセイリッター46304,タイセイリッター46302,タイセイリッター46303,タイセイリッター46298,タイセイリッター46299,タイセイリッター46291,タイセイリッター46292,70,16.7,17.3,58.4,13.6,14.7,67.8,16.7,17.1,なし,なし,なし,なし,なし,なし,なし,なし,なし,なし,なし,なし,なし,69.1,なし,なし,なし,なし,13.8,0,11.7,51.2,66.1,81.9,なし,なし,なし,なし,なし,なし,なし,なし,なし,なし,なし,なし,なし,なし,なし,なし,なし,なし,なし,なし,なし,なし,なし,FALSE,なし,なし,なし,110,　,3,2.0261E+17,24100824
20261010,東京,3,7,未勝利*,ダ,1600,サイモントレノ,牡,小林美駒,奥平雅士,美,インカンテーション,1,東京ダ1600,1,46305,サイモントレノ46304,サイモントレノ46302,サイモントレノ46303,サイモントレノ46298,サイモントレノ46299,サイモントレノ46291,サイモントレノ46292,なし,なし,なし,なし,なし,なし,61.8,14.1,15.3,64.7,15.6,16,なし,なし,なし,なし,なし,なし,なし,なし,なし,なし,なし,なし,なし,なし,なし,なし,なし,12.6,52.3,67.3,83.7,なし,なし,なし,なし,なし,なし,なし,なし,なし,なし,なし,なし,なし,なし,なし,なし,なし,なし,なし,なし,なし,なし,なし,FALSE,なし,なし,なし,99,　,4,2.0261E+17,24104675
20261010,東京,3,8,未勝利*,ダ,1600,レッジェランツァ,牡,津村明秀,田中博康,美,シスキン,1,東京ダ1600,1,46305,レッジェランツァ46304,レッジェランツァ46302,レッジェランツァ46303,レッジェランツァ46298,レッジェランツァ46299,レッジェランツァ46291,レッジェランツァ46292,なし,なし,なし,なし,なし,なし,61.3,14.7,14.7,57.1,12.9,14.1,なし,なし,なし,なし,なし,なし,なし,なし,なし,なし,なし,なし,なし,なし,なし,なし,なし,12.1,52.7,68,83.7,なし,なし,なし,なし,FALSE,なし,なし,なし,なし,なし,なし,なし,なし,なし,なし,なし,なし,なし,なし,なし,なし,なし,なし,FALSE,なし,なし,なし,117,先,4,2.0261E+17,24106982
20261010,東京,3,9,未勝利*,ダ,1600,ナムラアラバイ,牡,丸田恭介,武市康男,美,マテラスカイ,1,東京ダ1600,1,46305,ナムラアラバイ46304,ナムラアラバイ46302,ナムラアラバイ46303,ナムラアラバイ46298,ナムラアラバイ46299,ナムラアラバイ46291,ナムラアラバイ46292,なし,なし,なし,なし,なし,なし,なし,なし,なし,68.5,16.4,16.3,67.8,17.6,16.8,17.1,16.3,なし,なし,なし,なし,なし,なし,なし,なし,なし,なし,なし,なし,11.7,52.9,66.7,82.5,なし,なし,なし,なし,なし,なし,なし,なし,なし,なし,なし,なし,なし,なし,なし,なし,なし,なし,なし,なし,なし,なし,なし,FALSE,なし,なし,なし,91,　,5,2.0261E+17,24100828
20261010,東京,4,1,新馬,ダ,1400,プルメリアビーチ,牝,石田拓郎,室井潔,美,サンダースノー,1,東京ダ1400,1,46305,プルメリアビーチ46304,プルメリアビーチ46302,プルメリアビーチ46303,プルメリアビーチ46298,プルメリアビーチ46299,プルメリアビーチ46291,プルメリアビーチ46292,67.7,16.3,16.2,なし,なし,なし,66.2,16.3,16.1,57.9,14.3,14,なし,なし,なし,なし,なし,なし,なし,なし,なし,なし,66.8,なし,13.6,なし,なし,なし,なし,12.5,55.6,71.7,89.2,なし,なし,なし,なし,なし,なし,なし,なし,なし,なし,なし,なし,なし,なし,なし,なし,なし,なし,なし,なし,なし,なし,なし,FALSE,なし,なし,なし,0,　,1,2.0261E+17,24105003
20261010,東京,4,10,新馬,ダ,1400,ドナラクシュミー,牝,佐藤翔馬,高木登,美,ウィルテイクチャージ,1,東京ダ1400,1,46305,ドナラクシュミー46304,ドナラクシュミー46302,ドナラクシュミー46303,ドナラクシュミー46298,ドナラクシュミー46299,ドナラクシュミー46291,ドナラクシュミー46292,なし,なし,なし,58,13.7,14.2,68.8,17,16.6,57.5,13.5,14.3,なし,なし,なし,なし,なし,なし,なし,なし,なし,なし,なし,なし,なし,なし,なし,なし,なし,13.6,54.7,69.5,87.6,なし,なし,なし,なし,なし,なし,なし,なし,なし,なし,なし,なし,なし,なし,なし,なし,なし,なし,なし,なし,なし,なし,なし,FALSE,なし,なし,なし,0,　,5,2.0261E+17,24103388
20261010,東京,4,11,新馬,ダ,1400,ツイストリフト,牡,斎藤新,小栗実,栗,Improbable,1,東京ダ1400,2,46305,ツイストリフト46304,ツイストリフト46302,ツイストリフト46303,ツイストリフト46298,ツイストリフト46299,ツイストリフト46291,ツイストリフト46292,60.5,15.7,15.2,なし,なし,なし,65.4,17.1,17,なし,なし,なし,54.9,12.7,12.6,14.3,15.3,なし,なし,なし,なし,なし,なし,なし,14.6,15.8,0,13.3,69.9,なし,なし,なし,なし,なし,なし,なし,なし,なし,なし,なし,なし,なし,なし,なし,なし,なし,なし,なし,なし,なし,なし,なし,なし,なし,なし,なし,FALSE,なし,なし,なし,0,　,6,2.0261E+17,24108364
20261010,東京,4,12,新馬,ダ,1400,コペルニクス,牡,横山琉人,相沢郁,美,グレーターロンドン,1,東京ダ1400,1,46305,コペルニクス46304,コペルニクス46302,コペルニクス46303,コペルニクス46298,コペルニクス46299,コペルニクス46291,コペルニクス46292,66.1,16.6,15.8,59,14.9,13.9,65.8,16.2,16,なし,なし,なし,なし,なし,なし,なし,なし,なし,なし,なし,なし,なし,65.9,なし,なし,なし,なし,11.9,76.1,11.8,51.1,65.4,81.8,なし,なし,なし,なし,なし,なし,なし,なし,なし,なし,なし,なし,なし,なし,なし,なし,なし,なし,なし,なし,なし,なし,なし,FALSE,なし,なし,なし,0,　,6,2.0261E+17,24107382
20261010,東京,4,13,新馬,ダ,1400,ヴァルガルデーナ,牝,小林美駒,矢野英一,美,フィエールマン,1,東京ダ1400,1,46305,ヴァルガルデーナ46304,ヴァルガルデーナ46302,ヴァルガルデーナ46303,ヴァルガルデーナ46298,ヴァルガルデーナ46299,ヴァルガルデーナ46291,ヴァルガルデーナ46292,なし,なし,なし,55.7,13.4,12.9,なし,なし,なし,54.7,12.5,13.5,なし,なし,なし,なし,なし,なし,なし,なし,なし,なし,なし,なし,なし,なし,なし,なし,なし,12,51.5,66.9,85.3,なし,なし,なし,なし,なし,なし,なし,なし,なし,なし,なし,なし,なし,なし,なし,なし,なし,なし,なし,なし,なし,なし,なし,FALSE,なし,なし,なし,0,　,7,2.0261E+17,24104969
20261010,東京,4,14,新馬,ダ,1400,ファイティングボス,牡,遠藤汰月,武市康男,美,タニノフランケル,1,東京ダ1400,1,46305,ファイティングボス46304,ファイティングボス46302,ファイティングボス46303,ファイティングボス46298,ファイティングボス46299,ファイティングボス46291,ファイティングボス46292,66.8,16.1,16.5,65.6,16.3,16.3,66.6,15.9,16.9,66.1,16.8,16.4,66.4,16.3,16.5,17,16.6,なし,なし,なし,なし,なし,なし,なし,なし,なし,なし,13,68.5,12.4,53.8,68.2,84.4,なし,なし,なし,なし,なし,なし,なし,なし,なし,なし,なし,なし,なし,なし,なし,なし,なし,なし,なし,なし,なし,なし,なし,FALSE,なし,なし,なし,0,　,7,2.0261E+17,24103970
20261010,東京,4,15,新馬,ダ,1400,カラメーロ,牝,大野拓弥,堀内岳志,美,サンライズノヴァ,1,東京ダ1400,1,46305,カラメーロ46304,カラメーロ46302,カラメーロ46303,カラメーロ46298,カラメーロ46299,カラメーロ46291,カラメーロ46292,なし,なし,なし,67.9,13.9,15.9,69.4,15,16.3,69.4,15.6,16.2,なし,なし,なし,なし,なし,なし,なし,なし,なし,なし,なし,なし,なし,なし,なし,なし,なし,11.5,53.6,69,86.2,なし,なし,なし,なし,なし,なし,なし,なし,なし,なし,なし,なし,なし,なし,なし,なし,なし,なし,なし,なし,なし,なし,なし,FALSE,なし,なし,なし,0,　,8,2.0261E+17,24100357
20261010,東京,4,16,新馬,ダ,1400,ヴァーヴヴァーヴ,牝,小崎綾也,小崎憲,栗,Olympiad,1,東京ダ1400,2,46305,ヴァーヴヴァーヴ46304,ヴァーヴヴァーヴ46302,ヴァーヴヴァーヴ46303,ヴァーヴヴァーヴ46298,ヴァーヴヴァーヴ46299,ヴァーヴヴァーヴ46291,ヴァーヴヴァーヴ46292,なし,なし,なし,65.2,15,15.8,なし,なし,なし,65.9,15.9,15.7,56.2,12.2,12.5,14.6,16.9,なし,なし,なし,なし,なし,なし,なし,なし,なし,なし,なし,なし,なし,なし,なし,なし,なし,なし,なし,なし,なし,なし,なし,なし,なし,なし,なし,なし,なし,なし,なし,なし,なし,なし,なし,なし,なし,なし,なし,TRUE,なし,〇,なし,0,　,8,2.0261E+17,24108342
20261010,東京,4,2,新馬,ダ,1400,ポッドトリガー,牡,荻野極,蛯名正義,美,リアルスティール,1,東京ダ1400,1,46305,ポッドトリガー46304,ポッドトリガー46302,ポッドトリガー46303,ポッドトリガー46298,ポッドトリガー46299,ポッドトリガー46291,ポッドトリガー46292,68.3,15.7,16.7,58.2,13.1,14.4,68.8,16.5,16.4,69.2,16.8,16.5,なし,なし,なし,なし,なし,なし,なし,なし,なし,なし,62.6,なし,なし,なし,なし,12.9,0,11.7,54.4,70.3,86.4,なし,なし,なし,なし,FALSE,なし,なし,なし,なし,なし,なし,なし,なし,なし,なし,なし,なし,なし,なし,なし,なし,なし,なし,FALSE,なし,なし,なし,0,　,1,2.0261E+17,24107188
20261010,東京,4,3,新馬,ダ,1400,トーアレオン,牡,横山典弘,村田一誠,美,カレンブラックヒル,1,東京ダ1400,1,46305,トーアレオン46304,トーアレオン46302,トーアレオン46303,トーアレオン46298,トーアレオン46299,トーアレオン46291,トーアレオン46292,なし,なし,なし,66.8,15.9,16.7,なし,なし,なし,60.3,13.5,13.7,52.3,12.8,12.3,12.7,14.5,なし,なし,なし,なし,なし,なし,なし,なし,なし,なし,なし,なし,なし,なし,なし,なし,なし,なし,なし,なし,なし,なし,なし,なし,なし,なし,なし,なし,なし,なし,なし,なし,なし,なし,なし,なし,なし,なし,なし,FALSE,なし,なし,なし,0,　,2,2.0261E+17,24107103
20261010,東京,4,4,新馬,ダ,1400,エコロヴォルグ,牡,戸崎圭太,森秀行,栗,Roadster,1,東京ダ1400,2,46305,エコロヴォルグ46304,エコロヴォルグ46302,エコロヴォルグ46303,エコロヴォルグ46298,エコロヴォルグ46299,エコロヴォルグ46291,エコロヴォルグ46292,64.4,16.9,15.2,57.9,13.9,14.1,なし,なし,なし,53.5,12.5,13.2,52.3,12.3,12.7,13.3,14,なし,なし,なし,なし,なし,なし,なし,なし,なし,なし,なし,なし,なし,なし,なし,なし,なし,なし,なし,なし,TRUE,なし,なし,なし,なし,なし,なし,なし,なし,なし,なし,なし,なし,なし,なし,なし,なし,なし,なし,TRUE,なし,〇,なし,0,　,2,2.0261E+17,24108339
20261010,東京,4,5,新馬,ダ,1400,クールランナー,牝,原優介,青木孝文,美,ホットロッドチャーリー,1,東京ダ1400,1,46305,クールランナー46304,クールランナー46302,クールランナー46303,クールランナー46298,クールランナー46299,クールランナー46291,クールランナー46292,66.8,16.7,16.1,59.9,14.6,15.4,65,15.6,15.6,59.7,15.1,14.9,なし,なし,なし,なし,なし,なし,なし,なし,なし,なし,なし,なし,なし,なし,なし,なし,なし,12.2,52.1,67.5,84.4,なし,なし,なし,なし,なし,なし,なし,なし,なし,なし,なし,なし,なし,なし,なし,なし,なし,なし,なし,なし,なし,なし,なし,FALSE,なし,なし,なし,0,　,3,2.0261E+17,24106992
20261010,東京,4,6,新馬,ダ,1400,ジャムセッション,牡,丹内祐次,伊藤圭三,美,ヘニーヒューズ,1,東京ダ1400,1,46305,ジャムセッション46304,ジャムセッション46302,ジャムセッション46303,ジャムセッション46298,ジャムセッション46299,ジャムセッション46291,ジャムセッション46292,67.5,16.8,16.1,なし,なし,なし,69.1,16.8,17.1,なし,なし,なし,なし,なし,なし,なし,なし,なし,なし,なし,なし,なし,64.6,なし,12.5,15.1,0,11.9,70.9,11.7,53.1,68.4,83.2,なし,なし,なし,なし,なし,なし,なし,なし,なし,なし,なし,なし,なし,なし,なし,なし,なし,なし,なし,なし,なし,なし,なし,FALSE,なし,なし,なし,0,　,3,2.0261E+17,24100453
20261010,東京,4,7,新馬,ダ,1400,タマモチーキー,牡,菊沢一樹,伊藤圭三,美,ルヴァンスレーヴ,1,東京ダ1400,1,46305,タマモチーキー46304,タマモチーキー46302,タマモチーキー46303,タマモチーキー46298,タマモチーキー46299,タマモチーキー46291,タマモチーキー46292,68,16.3,16.6,56.6,13.6,13.6,66.2,15.6,15.9,55.2,12.7,12.9,53.7,12.4,12.5,13.4,15.4,なし,なし,なし,なし,なし,65,なし,なし,なし,なし,なし,なし,なし,なし,なし,なし,なし,なし,なし,なし,なし,なし,なし,なし,なし,なし,なし,なし,なし,なし,なし,なし,なし,なし,なし,なし,なし,なし,なし,FALSE,なし,なし,なし,0,　,4,2.0261E+17,24101363
20261010,東京,4,8,新馬,ダ,1400,ジェラシックパーク,牝,内田博幸,深山雅史,美,オメガパフューム,1,東京ダ1400,1,46305,ジェラシックパーク46304,ジェラシックパーク46302,ジェラシックパーク46303,ジェラシックパーク46298,ジェラシックパーク46299,ジェラシックパーク46291,ジェラシックパーク46292,なし,なし,なし,なし,なし,なし,なし,なし,なし,58.6,11.7,12.5,なし,なし,なし,なし,なし,なし,なし,なし,なし,なし,なし,なし,なし,なし,なし,なし,なし,12.4,54.9,71.2,90.4,なし,なし,なし,なし,なし,なし,なし,なし,なし,なし,なし,なし,なし,なし,なし,なし,なし,なし,なし,なし,なし,なし,なし,FALSE,なし,なし,なし,0,　,4,2.0261E+17,24102761
20261010,東京,4,9,新馬,ダ,1400,フィルモアイースト,牝,津村明秀,池上昌和,美,ナダル,1,東京ダ1400,1,46305,フィルモアイースト46304,フィルモアイースト46302,フィルモアイースト46303,フィルモアイースト46298,フィルモアイースト46299,フィルモアイースト46291,フィルモアイースト46292,なし,なし,なし,59.8,14.7,13.4,なし,なし,なし,56.5,13.3,13.2,なし,なし,なし,なし,なし,なし,なし,なし,なし,なし,65.5,なし,なし,なし,なし,なし,なし,12,53.3,67.5,84.1,なし,なし,なし,なし,なし,なし,なし,なし,なし,なし,なし,なし,なし,なし,なし,なし,なし,なし,なし,なし,なし,なし,なし,FALSE,なし,なし,なし,0,　,5,2.0261E+17,24101918
20261010,東京,5,1,新馬,芝,1800,サトノカグラ,牡,ルメール,木村哲也,美,サートゥルナーリア,2,東京芝1800,1,46305,サトノカグラ46304,サトノカグラ46302,サトノカグラ46303,サトノカグラ46298,サトノカグラ46299,サトノカグラ46291,サトノカグラ46292,なし,なし,なし,なし,なし,なし,なし,なし,なし,53.8,12.5,12.8,なし,なし,なし,なし,なし,なし,なし,なし,なし,なし,68,なし,12.7,15.5,0,なし,なし,11.8,53.4,68.4,84.3,なし,なし,なし,なし,FALSE,なし,なし,なし,なし,なし,なし,なし,なし,なし,なし,なし,なし,なし,なし,なし,なし,なし,なし,TRUE,なし,〇,なし,0,　,1,2.0261E+17,24106323
20261010,東京,5,10,新馬,芝,1800,アスクゴクジョウ,牡,戸崎圭太,藤原英昭,栗,キズナ,2,東京芝1800,2,46305,アスクゴクジョウ46304,アスクゴクジョウ46302,アスクゴクジョウ46303,アスクゴクジョウ46298,アスクゴクジョウ46299,アスクゴクジョウ46291,アスクゴクジョウ46292,なし,なし,なし,67.2,16.8,16.6,65.8,16.4,16.1,54.9,12.6,13.1,なし,なし,なし,なし,なし,なし,なし,なし,なし,なし,なし,なし,なし,なし,なし,なし,なし,なし,なし,なし,なし,なし,なし,なし,なし,なし,なし,なし,なし,なし,なし,なし,なし,なし,なし,なし,なし,なし,なし,なし,なし,なし,なし,なし,FALSE,なし,なし,なし,0,　,7,2.0261E+17,24106369
20261010,東京,5,11,新馬,芝,1800,リュウゴリーベ,牡,石橋脩,小野次郎,美,リアルスティール,2,東京芝1800,1,46305,リュウゴリーベ46304,リュウゴリーベ46302,リュウゴリーベ46303,リュウゴリーベ46298,リュウゴリーベ46299,リュウゴリーベ46291,リュウゴリーベ46292,なし,なし,なし,なし,なし,なし,65,15.5,15.7,61.2,14.8,15.4,なし,なし,なし,なし,なし,なし,なし,なし,なし,なし,62.9,なし,なし,なし,なし,なし,なし,12.4,51.5,66.1,82.3,なし,なし,なし,なし,なし,なし,なし,なし,なし,なし,なし,なし,なし,なし,なし,なし,なし,なし,なし,なし,なし,なし,なし,FALSE,なし,なし,なし,0,　,8,2.0261E+17,24101892
20261010,東京,5,12,新馬,芝,1800,チャリンコリン,牝,小林美駒,戸田博文,美,オジュウチョウサン,2,東京芝1800,1,46305,チャリンコリン46304,チャリンコリン46302,チャリンコリン46303,チャリンコリン46298,チャリンコリン46299,チャリンコリン46291,チャリンコリン46292,なし,なし,なし,68.3,15.5,16.8,69.6,15.5,16.8,69.3,15.5,16.4,なし,なし,なし,なし,なし,なし,なし,なし,なし,なし,なし,なし,なし,なし,なし,なし,なし,11.9,54.2,69.4,84.8,なし,なし,なし,なし,なし,なし,なし,なし,なし,なし,なし,なし,なし,なし,なし,なし,なし,なし,なし,なし,なし,なし,なし,FALSE,なし,なし,なし,0,　,8,2.0261E+17,24101415
20261010,東京,5,2,新馬,芝,1800,カーラベッリーナ,牝,津村明秀,千葉直人,美,サートゥルナーリア,2,東京芝1800,1,46305,カーラベッリーナ46304,カーラベッリーナ46302,カーラベッリーナ46303,カーラベッリーナ46298,カーラベッリーナ46299,カーラベッリーナ46291,カーラベッリーナ46292,なし,なし,なし,なし,なし,なし,なし,なし,なし,なし,なし,なし,なし,なし,なし,なし,なし,なし,なし,なし,なし,なし,なし,なし,11.4,なし,なし,11.4,71,11.7,54.4,69.5,86.9,なし,なし,なし,なし,なし,なし,なし,なし,なし,なし,なし,なし,なし,なし,なし,なし,なし,なし,なし,なし,なし,なし,なし,FALSE,なし,なし,なし,0,　,2,2.0261E+17,24105817
20261010,東京,5,3,新馬,芝,1800,ゲームアビリティー,牡,木幡巧也,小笠倫弘,美,キズナ,2,東京芝1800,1,46305,ゲームアビリティー46304,ゲームアビリティー46302,ゲームアビリティー46303,ゲームアビリティー46298,ゲームアビリティー46299,ゲームアビリティー46291,ゲームアビリティー46292,なし,なし,なし,62.8,14.4,15.3,なし,なし,なし,55,12.8,13.2,なし,なし,なし,なし,なし,なし,なし,なし,なし,なし,69,なし,なし,14.6,86.5,なし,なし,12.2,54.6,69.2,86.5,なし,なし,なし,なし,なし,なし,なし,なし,なし,なし,なし,なし,なし,なし,なし,なし,なし,なし,なし,なし,なし,なし,なし,FALSE,なし,なし,なし,0,　,3,2.0261E+17,24103817
20261010,東京,5,4,新馬,芝,1800,スノーヴァ,牡,三浦皇成,宮田敬介,美,スワーヴリチャード,2,東京芝1800,1,46305,スノーヴァ46304,スノーヴァ46302,スノーヴァ46303,スノーヴァ46298,スノーヴァ46299,スノーヴァ46291,スノーヴァ46292,69.9,16.9,16.7,なし,なし,なし,64.5,15.8,15.6,60.3,14.5,15.2,なし,なし,なし,なし,なし,なし,なし,なし,なし,なし,なし,なし,12.4,なし,なし,なし,なし,11.8,52,0,0,なし,なし,なし,なし,なし,なし,なし,なし,なし,なし,なし,なし,なし,なし,なし,なし,なし,なし,なし,なし,なし,なし,なし,FALSE,なし,なし,なし,0,　,4,2.0261E+17,24101016
20261010,東京,5,5,新馬,芝,1800,ルミエールノット,牡,吉田豊,高橋文雅,美,レイデオロ,2,東京芝1800,1,46305,ルミエールノット46304,ルミエールノット46302,ルミエールノット46303,ルミエールノット46298,ルミエールノット46299,ルミエールノット46291,ルミエールノット46292,なし,なし,なし,なし,なし,なし,69.7,16.4,17,66.2,15.9,16.3,55.8,13.1,14,14.2,14.5,なし,なし,なし,なし,なし,なし,なし,なし,なし,なし,なし,なし,なし,なし,なし,なし,なし,なし,なし,なし,なし,なし,なし,なし,なし,なし,なし,なし,なし,なし,なし,なし,なし,なし,なし,なし,なし,なし,なし,FALSE,なし,なし,なし,0,　,5,2.0261E+17,24102135
20261010,東京,5,6,新馬,芝,1800,リカジョンファンク,牡,大野拓弥,中舘英二,美,サトノダイヤモンド,2,東京芝1800,1,46305,リカジョンファンク46304,リカジョンファンク46302,リカジョンファンク46303,リカジョンファンク46298,リカジョンファンク46299,リカジョンファンク46291,リカジョンファンク46292,なし,なし,なし,なし,なし,なし,69.5,16.6,16.1,69.9,16.7,17,なし,なし,なし,なし,なし,なし,なし,なし,なし,なし,69.8,なし,なし,なし,なし,なし,なし,12,52.3,67.2,85.3,なし,なし,なし,なし,なし,なし,なし,なし,なし,なし,なし,なし,なし,なし,なし,なし,なし,なし,なし,なし,なし,なし,なし,FALSE,なし,なし,なし,0,　,5,2.0261E+17,24102027
20261010,東京,5,7,新馬,芝,1800,ルナトレイル,牝,横山和生,奥村武,美,コントレイル,2,東京芝1800,1,46305,ルナトレイル46304,ルナトレイル46302,ルナトレイル46303,ルナトレイル46298,ルナトレイル46299,ルナトレイル46291,ルナトレイル46292,59,15.1,14.5,なし,なし,なし,68.7,16.4,16.7,なし,なし,なし,なし,なし,なし,なし,なし,なし,なし,なし,なし,なし,なし,なし,11.7,なし,なし,12.1,70,11.6,54,69.3,87.5,なし,なし,なし,なし,なし,なし,なし,なし,なし,なし,なし,なし,なし,なし,なし,なし,なし,なし,なし,なし,なし,なし,なし,FALSE,なし,なし,なし,0,　,6,2.0261E+17,24103902
20261010,東京,5,8,新馬,芝,1800,アラヤシキ,牡,嶋田純次,松山将樹,美,ウインブライト,2,東京芝1800,1,46305,アラヤシキ46304,アラヤシキ46302,アラヤシキ46303,アラヤシキ46298,アラヤシキ46299,アラヤシキ46291,アラヤシキ46292,なし,なし,なし,58.1,13.5,14.3,69,16.8,17,67.3,16.5,17,なし,なし,なし,なし,なし,なし,なし,なし,なし,なし,69.8,なし,なし,なし,なし,なし,なし,12.3,52.3,68,84.1,なし,なし,なし,なし,なし,なし,なし,なし,なし,なし,なし,なし,なし,なし,なし,なし,なし,なし,なし,なし,なし,なし,なし,FALSE,なし,なし,なし,0,　,6,2.0261E+17,24102838
20261010,東京,5,9,新馬,芝,1800,チリチョウズ,牡,柴田大知,佐藤吉勝,美,ベンバトル,2,東京芝1800,1,46305,チリチョウズ46304,チリチョウズ46302,チリチョウズ46303,チリチョウズ46298,チリチョウズ46299,チリチョウズ46291,チリチョウズ46292,なし,なし,なし,61.4,15.8,15,なし,なし,なし,58.4,14,14.4,68.4,17.8,16.4,16.6,17.6,なし,なし,なし,なし,なし,なし,なし,なし,なし,なし,なし,なし,12.6,52.6,66.2,82.3,なし,なし,なし,なし,なし,なし,なし,なし,なし,なし,なし,なし,なし,なし,なし,なし,なし,なし,なし,なし,なし,なし,なし,FALSE,なし,なし,なし,0,　,7,2.0261E+17,24103611
20261010,東京,6,1,新馬,芝,1600,クラウンスティーズ,牡,内田博幸,天間昭一,美,クラウンレガーロ,2,東京芝1600,1,46305,クラウンスティーズ46304,クラウンスティーズ46302,クラウンスティーズ46303,クラウンスティーズ46298,クラウンスティーズ46299,クラウンスティーズ46291,クラウンスティーズ46292,なし,なし,なし,なし,なし,なし,66,16.4,16,60.2,14.3,14.7,54.5,12.2,13,14.3,15,なし,なし,なし,なし,なし,63.5,なし,13.2,なし,なし,なし,なし,なし,なし,なし,なし,なし,なし,なし,なし,なし,なし,なし,なし,なし,なし,なし,なし,なし,なし,なし,なし,なし,なし,なし,なし,なし,なし,なし,FALSE,なし,なし,なし,0,　,1,2.0261E+17,24100291
20261010,東京,6,10,新馬,芝,1600,ポートマンロード,牝,大野拓弥,堀内岳志,美,ステルヴィオ,2,東京芝1600,1,46305,ポートマンロード46304,ポートマンロード46302,ポートマンロード46303,ポートマンロード46298,ポートマンロード46299,ポートマンロード46291,ポートマンロード46292,なし,なし,なし,58.7,13.1,14.2,68.1,15.1,15.9,59.5,13.7,14.4,なし,なし,なし,なし,なし,なし,なし,なし,なし,なし,68.5,なし,なし,なし,なし,なし,なし,11.4,52.1,67.9,85.3,なし,なし,なし,なし,なし,なし,なし,なし,なし,なし,なし,なし,なし,なし,なし,なし,なし,なし,なし,なし,なし,なし,なし,FALSE,なし,なし,なし,0,　,6,2.0261E+17,24100256
20261010,東京,6,11,新馬,芝,1600,ジーティーストーム,牡,原優介,松山将樹,美,ビーチパトロール,2,東京芝1600,1,46305,ジーティーストーム46304,ジーティーストーム46302,ジーティーストーム46303,ジーティーストーム46298,ジーティーストーム46299,ジーティーストーム46291,ジーティーストーム46292,なし,なし,なし,59.1,14.2,14.6,64.5,16.2,16.3,56.4,13.7,13.8,なし,なし,なし,なし,なし,なし,なし,なし,なし,なし,63.6,なし,なし,なし,なし,なし,なし,12.2,52.6,68.3,84.5,なし,なし,なし,なし,なし,なし,なし,なし,なし,なし,なし,なし,なし,なし,なし,なし,なし,なし,なし,なし,なし,なし,なし,FALSE,なし,なし,なし,0,　,7,2.0261E+17,24102397
20261010,東京,6,12,新馬,芝,1600,キャンディリヒト,牝,横山和生,安田翔伍,栗,ロードカナロア,2,東京芝1600,2,46305,キャンディリヒト46304,キャンディリヒト46302,キャンディリヒト46303,キャンディリヒト46298,キャンディリヒト46299,キャンディリヒト46291,キャンディリヒト46292,なし,なし,なし,57.2,13.9,13.5,なし,なし,なし,65.6,15.3,16.6,53.8,12.9,12.9,13.5,14.5,なし,なし,なし,なし,なし,なし,なし,なし,なし,なし,なし,なし,なし,なし,なし,なし,なし,なし,なし,なし,FALSE,なし,なし,なし,なし,なし,なし,なし,なし,なし,なし,なし,なし,なし,なし,なし,なし,なし,なし,FALSE,なし,なし,なし,0,　,7,2.0261E+17,24105282
20261010,東京,6,13,新馬,芝,1600,ランギヌイ,牡,ルメール,宮田敬介,美,ロードカナロア,2,東京芝1600,1,46305,ランギヌイ46304,ランギヌイ46302,ランギヌイ46303,ランギヌイ46298,ランギヌイ46299,ランギヌイ46291,ランギヌイ46292,66.1,15.2,16,なし,なし,なし,63.9,14.3,15,55.7,12.3,13.9,なし,なし,なし,なし,なし,なし,なし,なし,なし,なし,60.2,なし,12,なし,なし,なし,なし,11.6,52.8,68.1,85.4,なし,なし,なし,なし,なし,なし,なし,なし,なし,なし,なし,なし,なし,なし,なし,なし,なし,なし,なし,なし,なし,なし,なし,TRUE,なし,〇,なし,0,　,8,2.0261E+17,24106215
20261010,東京,6,14,新馬,芝,1600,キセキノアスク,牝,田辺裕信,手塚貴徳,美,ロードカナロア,2,東京芝1600,1,46305,キセキノアスク46304,キセキノアスク46302,キセキノアスク46303,キセキノアスク46298,キセキノアスク46299,キセキノアスク46291,キセキノアスク46292,なし,なし,なし,58,13.6,14.4,なし,なし,なし,なし,なし,なし,なし,なし,なし,なし,なし,なし,なし,なし,なし,なし,なし,なし,なし,なし,なし,12.1,70.3,12.1,52.8,67.5,83.9,なし,なし,なし,なし,なし,なし,なし,なし,なし,なし,なし,なし,なし,なし,なし,なし,なし,なし,なし,なし,なし,なし,なし,FALSE,なし,なし,なし,0,　,8,2.0261E+17,24101307
20261010,東京,6,2,新馬,芝,1600,メノルカ,牡,丹内祐次,佐藤吉勝,美,ミラアイトーン,2,東京芝1600,1,46305,メノルカ46304,メノルカ46302,メノルカ46303,メノルカ46298,メノルカ46299,メノルカ46291,メノルカ46292,67.8,16.8,16.8,57.1,14,14.4,なし,なし,なし,55.8,12.7,13.2,なし,なし,なし,なし,なし,なし,なし,なし,なし,なし,なし,なし,なし,なし,なし,なし,なし,11.3,51.2,66.2,82.9,なし,なし,なし,なし,なし,なし,なし,なし,なし,なし,なし,なし,なし,なし,なし,なし,なし,なし,なし,なし,なし,なし,なし,TRUE,なし,〇,なし,0,　,2,2.0261E+17,24106868
20261010,東京,6,3,新馬,芝,1600,セラフィムコード,牡,小林美駒,中舘英二,美,サトノクラウン,2,東京芝1600,1,46305,セラフィムコード46304,セラフィムコード46302,セラフィムコード46303,セラフィムコード46298,セラフィムコード46299,セラフィムコード46291,セラフィムコード46292,なし,なし,なし,なし,なし,なし,70,16.8,16.9,なし,なし,なし,64.8,15.9,16,16,16.9,なし,なし,なし,なし,なし,69.9,なし,なし,なし,なし,なし,なし,なし,なし,なし,なし,なし,なし,なし,なし,なし,なし,なし,なし,なし,なし,なし,なし,なし,なし,なし,なし,なし,なし,なし,なし,なし,なし,なし,FALSE,なし,なし,なし,0,　,3,2.0261E+17,24101835
20261010,東京,6,4,新馬,芝,1600,ナムラマシュー,牡,丸田恭介,石栗龍彦,美,タワーオブロンドン,2,東京芝1600,1,46305,ナムラマシュー46304,ナムラマシュー46302,ナムラマシュー46303,ナムラマシュー46298,ナムラマシュー46299,ナムラマシュー46291,ナムラマシュー46292,67.8,15.8,16.7,なし,なし,なし,66.9,16,15.8,なし,なし,なし,なし,なし,なし,なし,なし,なし,なし,なし,なし,なし,67.6,なし,12.4,なし,なし,12.5,67.6,11.4,53.9,69.7,85.9,なし,なし,なし,なし,なし,なし,なし,なし,なし,なし,なし,なし,なし,なし,なし,なし,なし,なし,なし,なし,なし,なし,なし,FALSE,なし,なし,なし,0,　,3,2.0261E+17,24101624
20261010,東京,6,5,新馬,芝,1600,レイロウレンズ,牡,木幡初也,武市康男,美,ダノンプレミアム,2,東京芝1600,1,46305,レイロウレンズ46304,レイロウレンズ46302,レイロウレンズ46303,レイロウレンズ46298,レイロウレンズ46299,レイロウレンズ46291,レイロウレンズ46292,67.5,17.2,16.4,66,16.2,16.8,66.5,15.9,16.8,66.5,16.9,16.5,65.4,15.9,16,16.2,17.3,なし,なし,なし,なし,なし,なし,なし,なし,なし,なし,13,69.1,12.2,53.3,67.7,83.6,なし,なし,なし,なし,なし,なし,なし,なし,なし,なし,なし,なし,なし,なし,なし,なし,なし,なし,なし,なし,なし,なし,なし,FALSE,なし,なし,なし,0,　,4,2.0261E+17,24101694
20261010,東京,6,6,新馬,芝,1600,ルーチェカーロ,牡,横山武史,和田勇介,美,ドレフォン,2,東京芝1600,1,46305,ルーチェカーロ46304,ルーチェカーロ46302,ルーチェカーロ46303,ルーチェカーロ46298,ルーチェカーロ46299,ルーチェカーロ46291,ルーチェカーロ46292,67.5,16.2,16.9,なし,なし,なし,なし,なし,なし,なし,なし,なし,なし,なし,なし,なし,なし,なし,なし,なし,なし,なし,なし,なし,12.4,15.4,0,12.5,70.9,12.1,54.1,69.4,86,なし,なし,なし,なし,なし,なし,なし,なし,なし,なし,なし,なし,なし,なし,なし,なし,なし,なし,なし,なし,なし,なし,なし,FALSE,なし,なし,なし,0,　,4,2.0261E+17,24106014
20261010,東京,6,7,新馬,芝,1600,カゼノロマン,牡,戸崎圭太,久保田貴,美,McKinzie,2,東京芝1600,1,46305,カゼノロマン46304,カゼノロマン46302,カゼノロマン46303,カゼノロマン46298,カゼノロマン46299,カゼノロマン46291,カゼノロマン46292,65.9,16.1,15.9,55.8,12.9,13.4,なし,なし,なし,なし,なし,なし,なし,なし,なし,なし,なし,なし,なし,なし,なし,なし,62.9,なし,なし,なし,なし,11.6,70.1,11.5,53,68.6,84.4,なし,なし,なし,なし,なし,なし,なし,なし,なし,なし,なし,なし,なし,なし,なし,なし,なし,なし,なし,なし,なし,なし,なし,FALSE,なし,なし,なし,0,　,5,2.0261E+17,24108291
20261010,東京,6,8,新馬,芝,1600,フェロックス,牡,三浦皇成,古賀慎明,美,アドマイヤマーズ,2,東京芝1600,1,46305,フェロックス46304,フェロックス46302,フェロックス46303,フェロックス46298,フェロックス46299,フェロックス46291,フェロックス46292,なし,なし,なし,なし,なし,なし,なし,なし,なし,54.1,12.4,12.6,なし,なし,なし,なし,なし,なし,なし,なし,なし,なし,なし,なし,11.8,なし,なし,なし,なし,11.3,51.7,67.4,85.6,なし,なし,なし,なし,なし,なし,なし,なし,なし,なし,なし,なし,なし,なし,なし,なし,なし,なし,なし,なし,なし,なし,なし,TRUE,なし,〇,なし,0,　,5,2.0261E+17,24103522
20261010,東京,6,9,新馬,芝,1600,ブレイクソロ,牡,斎藤新,斎藤誠,美,コントレイル,2,東京芝1600,1,46305,ブレイクソロ46304,ブレイクソロ46302,ブレイクソロ46303,ブレイクソロ46298,ブレイクソロ46299,ブレイクソロ46291,ブレイクソロ46292,64.5,15.4,15.5,58.3,14,14.4,66.5,16.2,16,57.5,13.8,14.5,なし,なし,なし,なし,なし,なし,なし,なし,なし,なし,64,なし,なし,なし,なし,なし,なし,11.5,53.1,68.2,85.3,なし,なし,なし,なし,FALSE,なし,なし,なし,なし,なし,なし,なし,なし,なし,なし,なし,なし,なし,なし,なし,なし,なし,なし,FALSE,なし,なし,なし,0,　,6,2.0261E+17,24106633
20261010,東京,7,1,１勝ｸﾗｽ・牝,ダ,1600,サーロー,牝,佐々木大,勢司和浩,美,ヘンリーバローズ,1,東京ダ1600,1,46305,サーロー46304,サーロー46302,サーロー46303,サーロー46298,サーロー46299,サーロー46291,サーロー46292,なし,なし,なし,なし,なし,なし,68.4,16.2,15.9,なし,なし,なし,なし,なし,なし,なし,なし,なし,なし,なし,なし,なし,67.5,なし,14.1,なし,なし,13.8,73.7,11.6,50,64.8,81.4,なし,なし,なし,なし,なし,なし,なし,なし,なし,なし,なし,なし,なし,なし,なし,なし,なし,なし,なし,なし,なし,なし,なし,FALSE,なし,なし,なし,99,差,1,2.0261E+17,23103873
20261010,東京,7,10,１勝ｸﾗｽ・牝,ダ,1600,ブルーサーマル,牝,原優介,池上昌和,美,アメリカンペイトリオット,1,東京ダ1600,1,46305,ブルーサーマル46304,ブルーサーマル46302,ブルーサーマル46303,ブルーサーマル46298,ブルーサーマル46299,ブルーサーマル46291,ブルーサーマル46292,なし,なし,なし,なし,なし,なし,なし,なし,なし,60.9,13,15.2,なし,なし,なし,なし,なし,なし,なし,なし,なし,なし,66.3,なし,12.9,なし,なし,なし,なし,11.8,51.8,66.1,84.4,なし,なし,なし,なし,なし,なし,なし,なし,なし,なし,なし,なし,なし,なし,なし,なし,なし,なし,なし,なし,なし,なし,なし,FALSE,なし,なし,なし,113,差,7,2.0261E+17,23101107
20261010,東京,7,11,１勝ｸﾗｽ・牝,ダ,1600,デルマザオウ,牝,小崎綾也,松山将樹,美,ミッキーグローリー,1,東京ダ1600,1,46305,デルマザオウ46304,デルマザオウ46302,デルマザオウ46303,デルマザオウ46298,デルマザオウ46299,デルマザオウ46291,デルマザオウ46292,67.5,16.3,16.4,61.6,14,14.9,68.5,15,16.4,なし,なし,なし,なし,なし,なし,なし,なし,なし,なし,なし,なし,なし,なし,なし,なし,なし,なし,なし,なし,11.8,52.5,67.6,83.6,なし,なし,なし,なし,なし,なし,なし,なし,なし,なし,なし,なし,なし,なし,なし,なし,なし,なし,なし,なし,なし,なし,なし,FALSE,なし,なし,なし,86,先,7,2.0261E+17,23101367
20261010,東京,7,12,１勝ｸﾗｽ・牝,ダ,1600,ペイトー,牝,丸田恭介,武市康男,美,オーヴァルエース,1,東京ダ1600,1,46305,ペイトー46304,ペイトー46302,ペイトー46303,ペイトー46298,ペイトー46299,ペイトー46291,ペイトー46292,なし,なし,なし,なし,なし,なし,なし,なし,なし,65.5,15.7,16.5,なし,なし,なし,なし,なし,なし,なし,なし,なし,なし,なし,なし,なし,なし,なし,なし,なし,13,55.1,69.5,85.1,なし,なし,なし,なし,なし,なし,なし,なし,なし,なし,なし,なし,なし,なし,なし,なし,なし,なし,なし,なし,なし,なし,なし,FALSE,なし,なし,なし,96,差,8,2.0261E+17,23103127
20261010,東京,7,13,１勝ｸﾗｽ・牝,ダ,1600,ミライヘノティアラ,牝,菅原明良,伊藤大士,美,サートゥルナーリア,1,東京ダ1600,1,46305,ミライヘノティアラ46304,ミライヘノティアラ46302,ミライヘノティアラ46303,ミライヘノティアラ46298,ミライヘノティアラ46299,ミライヘノティアラ46291,ミライヘノティアラ46292,なし,なし,なし,57.9,13.7,14.4,64.3,15.8,15.6,なし,なし,なし,なし,なし,なし,なし,なし,なし,なし,なし,なし,なし,なし,なし,なし,なし,なし,12.9,70.5,11.4,51.4,66.6,83.3,なし,なし,なし,なし,なし,なし,なし,なし,なし,なし,なし,なし,なし,なし,なし,なし,なし,なし,なし,なし,なし,なし,なし,FALSE,なし,なし,なし,107,逃,8,2.0261E+17,23106113
20261010,東京,7,2,１勝ｸﾗｽ・牝,ダ,1600,ショコラプリン,牝,戸崎圭太,四位洋文,栗,クリソベリル,1,東京ダ1600,2,46305,ショコラプリン46304,ショコラプリン46302,ショコラプリン46303,ショコラプリン46298,ショコラプリン46299,ショコラプリン46291,ショコラプリン46292,66.9,15.6,17,60.3,14.5,15.3,68,16.5,16.8,55,12.4,13.8,54.7,12.4,12.5,14.4,15.4,なし,なし,なし,なし,なし,なし,なし,なし,なし,なし,なし,なし,なし,なし,なし,なし,なし,なし,なし,なし,FALSE,なし,なし,なし,なし,なし,なし,なし,なし,なし,なし,なし,なし,なし,なし,なし,なし,なし,なし,TRUE,なし,〇,なし,126,逃,2,2.0261E+17,23105272
20261010,東京,7,3,１勝ｸﾗｽ・牝,ダ,1600,アンディラメナ,牝,丹内祐次,田島俊明,美,クリソベリル,1,東京ダ1600,1,46305,アンディラメナ46304,アンディラメナ46302,アンディラメナ46303,アンディラメナ46298,アンディラメナ46299,アンディラメナ46291,アンディラメナ46292,なし,なし,なし,69.6,16.8,16.2,なし,なし,なし,なし,なし,なし,なし,なし,なし,なし,なし,なし,なし,なし,なし,なし,なし,なし,なし,なし,なし,なし,なし,12.2,51.9,66.8,83.2,なし,なし,なし,なし,なし,なし,なし,なし,なし,なし,なし,なし,なし,なし,なし,なし,なし,なし,なし,なし,なし,なし,なし,FALSE,なし,なし,なし,103,差,3,2.0261E+17,23107237
20261010,東京,7,4,１勝ｸﾗｽ・牝,ダ,1600,カルネヴァーレ,牝,佐藤翔馬,菊沢隆徳,美,ダノンレジェンド,1,東京ダ1600,1,46305,カルネヴァーレ46304,カルネヴァーレ46302,カルネヴァーレ46303,カルネヴァーレ46298,カルネヴァーレ46299,カルネヴァーレ46291,カルネヴァーレ46292,なし,なし,なし,なし,なし,なし,67.5,15.8,16.9,56,13.8,13.4,なし,なし,なし,なし,なし,なし,なし,なし,なし,なし,なし,なし,11.9,なし,なし,なし,なし,12.5,54.4,68.9,84.8,なし,なし,なし,なし,FALSE,なし,なし,なし,なし,なし,なし,なし,なし,なし,なし,なし,なし,なし,なし,なし,なし,なし,なし,FALSE,なし,なし,なし,99,先,4,2.0261E+17,21103720
20261010,東京,7,5,１勝ｸﾗｽ・牝,ダ,1600,ケープウィッカム,牝,ルメール,中舘英二,美,ドレフォン,1,東京ダ1600,1,46305,ケープウィッカム46304,ケープウィッカム46302,ケープウィッカム46303,ケープウィッカム46298,ケープウィッカム46299,ケープウィッカム46291,ケープウィッカム46292,68.1,16,16,56.8,13.2,13.9,なし,なし,なし,57.3,13.4,14.3,53.5,12.7,13.2,13.2,14.4,なし,なし,なし,なし,なし,67.3,なし,なし,なし,なし,なし,なし,なし,なし,なし,なし,なし,なし,なし,なし,なし,なし,なし,なし,なし,なし,なし,なし,なし,なし,なし,なし,なし,なし,なし,なし,なし,なし,なし,FALSE,なし,なし,なし,118,先,4,2.0261E+17,21105896
20261010,東京,7,6,１勝ｸﾗｽ・牝,ダ,1600,クレマチス,牝,川又賢治,杉山佳明,栗,ラニ,1,東京ダ1600,2,46305,クレマチス46304,クレマチス46302,クレマチス46303,クレマチス46298,クレマチス46299,クレマチス46291,クレマチス46292,なし,なし,なし,なし,なし,なし,なし,なし,なし,64.9,15.9,15.5,53.9,12.7,13,13.7,14.5,なし,なし,なし,なし,なし,なし,なし,11.2,なし,なし,なし,なし,なし,なし,なし,なし,なし,なし,なし,なし,なし,なし,なし,なし,なし,なし,なし,なし,なし,なし,なし,なし,なし,なし,なし,なし,なし,なし,なし,FALSE,なし,なし,なし,111,差,5,2.0261E+17,23104393
20261010,東京,7,7,１勝ｸﾗｽ・牝,ダ,1600,ビスケットマリー,牝,内田博幸,和田雄二,美,マインドユアビスケッツ,1,東京ダ1600,1,46305,ビスケットマリー46304,ビスケットマリー46302,ビスケットマリー46303,ビスケットマリー46298,ビスケットマリー46299,ビスケットマリー46291,ビスケットマリー46292,69.3,18.2,16.7,65.9,16.2,16.1,69.6,16.6,17.7,なし,なし,なし,なし,なし,なし,なし,なし,なし,なし,なし,なし,なし,67.2,なし,なし,なし,なし,なし,なし,12.4,53.2,67.7,83.5,なし,なし,なし,なし,なし,なし,なし,なし,なし,なし,なし,なし,なし,なし,なし,なし,なし,なし,なし,なし,なし,なし,なし,FALSE,なし,なし,なし,94,追,5,2.0261E+17,22102984
20261010,東京,7,8,１勝ｸﾗｽ・牝,ダ,1600,グロリアス,牝,小林美駒,新谷功一,栗,マジェスティックウォリアー,1,東京ダ1600,2,46305,グロリアス46304,グロリアス46302,グロリアス46303,グロリアス46298,グロリアス46299,グロリアス46291,グロリアス46292,67.5,16.3,16.9,61.6,14,14.2,なし,なし,なし,61.4,14.9,15.3,55.3,12.9,12.7,14.3,15.4,なし,なし,なし,なし,なし,なし,なし,なし,なし,なし,なし,なし,なし,なし,なし,なし,なし,なし,なし,なし,FALSE,なし,なし,なし,なし,なし,なし,なし,なし,なし,なし,なし,なし,なし,なし,なし,なし,なし,なし,FALSE,なし,なし,なし,87,先,6,2.0261E+17,23102891
20261010,東京,7,9,１勝ｸﾗｽ・牝,ダ,1600,スーパーチャンド,牝,菊沢一樹,大和田成,美,シュヴァルグラン,1,東京ダ1600,1,46305,スーパーチャンド46304,スーパーチャンド46302,スーパーチャンド46303,スーパーチャンド46298,スーパーチャンド46299,スーパーチャンド46291,スーパーチャンド46292,66.2,15.3,16.1,55.9,13.3,13.5,65,15.6,15.8,55.5,12.8,13.6,なし,なし,なし,なし,なし,なし,なし,なし,なし,なし,なし,なし,なし,なし,なし,なし,なし,11.7,53.2,68.7,86.3,なし,なし,なし,なし,なし,なし,なし,なし,なし,なし,なし,なし,なし,なし,なし,なし,なし,なし,なし,なし,なし,なし,なし,FALSE,なし,なし,なし,0,先,6,2.0261E+17,22102286
20261010,東京,8,1,１勝ｸﾗｽ,芝,2000,コスモアチーブ,牡,丹内祐次,伊藤大士,美,ゴールドシップ,2,東京芝2000,1,46305,コスモアチーブ46304,コスモアチーブ46302,コスモアチーブ46303,コスモアチーブ46298,コスモアチーブ46299,コスモアチーブ46291,コスモアチーブ46292,67.7,16.4,16.8,65.1,16.5,16.4,62.6,15.2,15.6,なし,なし,なし,なし,なし,なし,なし,なし,なし,なし,なし,なし,なし,なし,なし,なし,なし,なし,12.9,70.2,11.4,51.8,67,83.4,なし,なし,なし,なし,なし,なし,なし,なし,なし,なし,なし,なし,なし,なし,なし,なし,なし,なし,なし,なし,なし,なし,なし,FALSE,なし,なし,なし,112,差,1,2.0261E+17,22106792
20261010,東京,8,10,１勝ｸﾗｽ,芝,2000,ストレートブラック,牝,松岡正海,奥平雅士,美,トーセンラー,2,東京芝2000,1,46305,ストレートブラック46304,ストレートブラック46302,ストレートブラック46303,ストレートブラック46298,ストレートブラック46299,ストレートブラック46291,ストレートブラック46292,なし,なし,なし,63.1,15.4,15.3,62.6,15.7,15.1,63.1,15.7,15.8,なし,なし,なし,なし,なし,なし,なし,なし,なし,なし,なし,なし,なし,なし,なし,なし,なし,11.7,51.2,66.2,82.5,なし,なし,なし,なし,なし,なし,なし,なし,なし,なし,なし,なし,なし,なし,なし,なし,なし,なし,なし,なし,なし,なし,なし,FALSE,なし,なし,なし,106,追,8,2.0261E+17,22103353
20261010,東京,8,11,１勝ｸﾗｽ,芝,2000,オウケンヴィーナス,牝,木幡育也,松永康利,美,ルーラーシップ,2,東京芝2000,1,46305,オウケンヴィーナス46304,オウケンヴィーナス46302,オウケンヴィーナス46303,オウケンヴィーナス46298,オウケンヴィーナス46299,オウケンヴィーナス46291,オウケンヴィーナス46292,なし,なし,なし,なし,なし,なし,63.5,14.1,15.4,なし,なし,なし,58.2,13.1,14.5,14.8,15.8,なし,なし,なし,なし,なし,64.7,なし,なし,なし,なし,12.2,72.1,なし,なし,なし,なし,なし,なし,なし,なし,なし,なし,なし,なし,なし,なし,なし,なし,なし,なし,なし,なし,なし,なし,なし,なし,なし,なし,なし,FALSE,なし,なし,なし,88,差,8,2.0261E+17,21105451
20261010,東京,8,2,１勝ｸﾗｽ,芝,2000,ランブルスコ,牡,津村明秀,蛯名正義,美,キタサンブラック,2,東京芝2000,1,46305,ランブルスコ46304,ランブルスコ46302,ランブルスコ46303,ランブルスコ46298,ランブルスコ46299,ランブルスコ46291,ランブルスコ46292,なし,なし,なし,なし,なし,なし,なし,なし,なし,なし,なし,なし,なし,なし,なし,なし,なし,なし,なし,なし,なし,なし,なし,なし,12.8,なし,なし,12.7,0,11.6,54.7,70.5,86.9,なし,なし,なし,なし,FALSE,なし,なし,なし,なし,なし,なし,なし,なし,なし,なし,なし,なし,なし,なし,なし,なし,なし,なし,FALSE,なし,なし,なし,118,差,2,2.0261E+17,23107013
20261010,東京,8,3,１勝ｸﾗｽ,芝,2000,イスキオス,牡,佐々木大,栗田徹,美,キタサンブラック,2,東京芝2000,1,46305,イスキオス46304,イスキオス46302,イスキオス46303,イスキオス46298,イスキオス46299,イスキオス46291,イスキオス46292,なし,なし,なし,57.9,13.6,13.9,なし,なし,なし,58.6,13.3,14.1,70,16.7,16.8,17.7,18.8,なし,なし,なし,なし,なし,なし,なし,なし,なし,なし,なし,なし,11.6,53.4,69.1,86.8,なし,なし,なし,なし,なし,なし,なし,なし,なし,なし,なし,なし,なし,なし,なし,なし,なし,なし,なし,なし,なし,なし,なし,FALSE,なし,なし,なし,96,先,3,2.0261E+17,22105223
20261010,東京,8,4,１勝ｸﾗｽ,芝,2000,アローメタル,牡,ルメール,木村哲也,美,キズナ,2,東京芝2000,1,46305,アローメタル46304,アローメタル46302,アローメタル46303,アローメタル46298,アローメタル46299,アローメタル46291,アローメタル46292,なし,なし,なし,56.6,13.3,13.6,なし,なし,なし,54,12,12.9,なし,なし,なし,なし,なし,なし,なし,なし,なし,なし,69.9,なし,なし,15.3,0,なし,なし,11.8,53.1,68.1,84.1,なし,なし,なし,なし,FALSE,なし,なし,なし,なし,なし,なし,なし,なし,なし,なし,なし,なし,なし,なし,なし,なし,なし,なし,TRUE,なし,〇,なし,117,先,4,2.0261E+17,23107256
20261010,東京,8,5,１勝ｸﾗｽ,芝,2000,カーロアヴァンティ,牡,内田博幸,石栗龍彦,美,サトノダイヤモンド,2,東京芝2000,1,46305,カーロアヴァンティ46304,カーロアヴァンティ46302,カーロアヴァンティ46303,カーロアヴァンティ46298,カーロアヴァンティ46299,カーロアヴァンティ46291,カーロアヴァンティ46292,61.7,14.7,14.9,なし,なし,なし,63.4,14.4,16.3,なし,なし,なし,なし,なし,なし,なし,なし,なし,なし,なし,なし,なし,66.7,なし,11.7,なし,なし,11.2,67.2,11.4,53.9,69.6,86.2,なし,なし,なし,なし,なし,なし,なし,なし,なし,なし,なし,なし,なし,なし,なし,なし,なし,なし,なし,なし,なし,なし,なし,FALSE,なし,なし,なし,0,先,5,2.0261E+17,21103056
20261010,東京,8,6,１勝ｸﾗｽ,芝,2000,ウップヘリーア,牡,戸崎圭太,黒岩陽一,美,エピファネイア,2,東京芝2000,1,46305,ウップヘリーア46304,ウップヘリーア46302,ウップヘリーア46303,ウップヘリーア46298,ウップヘリーア46299,ウップヘリーア46291,ウップヘリーア46292,66.5,15.8,16.3,54.8,12.8,13.6,62.9,14.3,15,なし,なし,なし,なし,なし,なし,なし,なし,なし,なし,なし,なし,なし,63.9,なし,なし,なし,なし,11.6,67.3,12.4,53.4,68.2,82.8,なし,なし,なし,なし,なし,なし,なし,なし,なし,なし,なし,なし,なし,なし,なし,なし,なし,なし,なし,なし,なし,なし,なし,FALSE,なし,なし,なし,130,追,6,2.0261E+17,23107228
20261010,東京,8,7,１勝ｸﾗｽ,芝,2000,サンクレゾン,牝,三浦皇成,大竹正博,美,サトノダイヤモンド,2,東京芝2000,1,46305,サンクレゾン46304,サンクレゾン46302,サンクレゾン46303,サンクレゾン46298,サンクレゾン46299,サンクレゾン46291,サンクレゾン46292,68.8,16,16.4,57.1,13.2,14,67.3,15.8,15.8,56.3,13.2,13.5,54.2,12.4,13.4,13.9,14.5,なし,なし,なし,なし,なし,67.7,なし,なし,なし,なし,なし,なし,なし,なし,なし,なし,なし,なし,なし,なし,なし,なし,なし,なし,なし,なし,なし,なし,なし,なし,なし,なし,なし,なし,なし,なし,なし,なし,なし,FALSE,なし,なし,なし,94,差,6,2.0261E+17,23103780
20261010,東京,8,8,１勝ｸﾗｽ,芝,2000,コスモアルペジオ,牡,石橋脩,天間昭一,美,ゴールドシップ,2,東京芝2000,1,46305,コスモアルペジオ46304,コスモアルペジオ46302,コスモアルペジオ46303,コスモアルペジオ46298,コスモアルペジオ46299,コスモアルペジオ46291,コスモアルペジオ46292,なし,なし,なし,なし,なし,なし,なし,なし,なし,62.3,14.9,16.1,なし,なし,なし,なし,なし,なし,なし,なし,なし,なし,64.1,なし,なし,なし,なし,なし,なし,13,55.2,70.4,87.7,なし,なし,なし,なし,なし,なし,なし,なし,なし,なし,なし,なし,なし,なし,なし,なし,なし,なし,なし,なし,なし,なし,なし,FALSE,なし,なし,なし,88,先,7,2.0261E+17,23106461
20261010,東京,8,9,１勝ｸﾗｽ,芝,2000,トルネードアイル,牡,荻野極,鹿戸雄一,美,ミッキーアイル,2,東京芝2000,1,46305,トルネードアイル46304,トルネードアイル46302,トルネードアイル46303,トルネードアイル46298,トルネードアイル46299,トルネードアイル46291,トルネードアイル46292,なし,なし,なし,なし,なし,なし,なし,なし,なし,なし,なし,なし,なし,なし,なし,なし,なし,なし,なし,なし,なし,なし,なし,なし,なし,なし,なし,12.3,70.1,なし,なし,なし,なし,なし,なし,なし,なし,FALSE,なし,なし,なし,なし,なし,なし,なし,なし,なし,なし,なし,なし,なし,なし,なし,なし,なし,なし,FALSE,なし,なし,なし,113,差,7,2.0261E+17,23105308
20261010,東京,9,1,陣馬特Ｈ･2勝,芝,2400,リュクスパトロール,牝,ミシェル,加藤士津,美,ビーチパトロール,2,東京芝2400,1,46305,リュクスパトロール46304,リュクスパトロール46302,リュクスパトロール46303,リュクスパトロール46298,リュクスパトロール46299,リュクスパトロール46291,リュクスパトロール46292,なし,なし,なし,なし,なし,なし,63,15.4,15.2,57.4,13.2,14,53.8,12.3,12.9,14.2,14.4,なし,なし,なし,なし,なし,なし,なし,なし,なし,なし,なし,なし,なし,なし,なし,なし,なし,なし,なし,なし,TRUE,なし,なし,なし,なし,なし,なし,なし,なし,なし,なし,なし,なし,なし,なし,なし,なし,なし,なし,FALSE,なし,〇,なし,96,追,1,2.0261E+17,23105259
20261010,東京,9,2,陣馬特Ｈ･2勝,芝,2400,ノクターン,牝,ルメール,木村哲也,美,キタサンブラック,2,東京芝2400,1,46305,ノクターン46304,ノクターン46302,ノクターン46303,ノクターン46298,ノクターン46299,ノクターン46291,ノクターン46292,なし,なし,なし,56,13.6,13.2,なし,なし,なし,54.6,12.5,13,なし,なし,なし,なし,なし,なし,なし,なし,なし,なし,なし,なし,なし,15.6,0,なし,なし,11.7,54.1,69.6,84.4,なし,なし,なし,なし,FALSE,なし,なし,なし,なし,なし,なし,なし,なし,なし,なし,なし,なし,なし,なし,なし,なし,なし,なし,TRUE,なし,〇,なし,124,先,2,2.0261E+17,22105118
20261010,東京,9,3,陣馬特Ｈ･2勝,芝,2400,ノラリクラリ,牡,佐々木大,藤岡健一,栗,シュヴァルグラン,2,東京芝2400,2,46305,ノラリクラリ46304,ノラリクラリ46302,ノラリクラリ46303,ノラリクラリ46298,ノラリクラリ46299,ノラリクラリ46291,ノラリクラリ46292,67.1,15.7,16.5,65.3,16,15.8,65.5,15.9,15.8,59.9,13,15.6,なし,なし,なし,なし,なし,なし,なし,なし,なし,なし,なし,なし,なし,なし,なし,なし,なし,11.5,52.4,67.2,83,なし,なし,なし,なし,FALSE,なし,なし,なし,なし,なし,なし,なし,なし,なし,なし,なし,なし,なし,なし,なし,なし,なし,なし,FALSE,なし,なし,なし,118,差,3,2.0261E+17,22105633
20261010,東京,9,4,陣馬特Ｈ･2勝,芝,2400,ビップチェイス,牡,江田照男,田島俊明,美,アルアイン,2,東京芝2400,1,46305,ビップチェイス46304,ビップチェイス46302,ビップチェイス46303,ビップチェイス46298,ビップチェイス46299,ビップチェイス46291,ビップチェイス46292,なし,なし,なし,なし,なし,なし,なし,なし,なし,なし,なし,なし,なし,なし,なし,なし,なし,なし,なし,なし,なし,なし,69.4,なし,なし,なし,なし,14.1,74.9,11.7,51.3,66.3,82.5,なし,なし,なし,なし,なし,なし,なし,なし,なし,なし,なし,なし,なし,なし,なし,なし,なし,なし,なし,なし,なし,なし,なし,FALSE,なし,なし,なし,98,マ,4,2.0261E+17,21105763
20261010,東京,9,5,陣馬特Ｈ･2勝,芝,2400,レイデラルース,牡,杉原誠人,西田雄一,美,レイデオロ,2,東京芝2400,1,46305,レイデラルース46304,レイデラルース46302,レイデラルース46303,レイデラルース46298,レイデラルース46299,レイデラルース46291,レイデラルース46292,なし,なし,なし,なし,なし,なし,なし,なし,なし,なし,なし,なし,なし,なし,なし,なし,なし,なし,なし,なし,なし,なし,なし,なし,11.9,なし,なし,なし,なし,12.4,52.1,66.8,84.4,なし,なし,なし,なし,なし,なし,なし,なし,なし,なし,なし,なし,なし,なし,なし,なし,なし,なし,なし,なし,なし,なし,なし,FALSE,なし,なし,なし,91,先,5,2.0261E+17,21105475
20261010,東京,9,6,陣馬特Ｈ･2勝,芝,2400,キングズトゥルー,牡,丸田恭介,大竹正博,美,ウインブライト,2,東京芝2400,1,46305,キングズトゥルー46304,キングズトゥルー46302,キングズトゥルー46303,キングズトゥルー46298,キングズトゥルー46299,キングズトゥルー46291,キングズトゥルー46292,68.2,15.9,16.3,56.7,13.2,13.9,65.8,15.4,16,55.9,12.6,13.7,53.8,12.1,13.4,13.8,14.5,なし,なし,なし,なし,なし,66.4,なし,なし,なし,なし,なし,なし,なし,なし,なし,なし,なし,なし,なし,なし,なし,なし,なし,なし,なし,なし,なし,なし,なし,なし,なし,なし,なし,なし,なし,なし,なし,なし,なし,FALSE,なし,なし,なし,109,先,6,2.0261E+17,22103510
20261010,東京,9,7,陣馬特Ｈ･2勝,芝,2400,ジュンツバメガエシ,牡,戸崎圭太,友道康夫,栗,ジャスタウェイ,2,東京芝2400,2,46305,ジュンツバメガエシ46304,ジュンツバメガエシ46302,ジュンツバメガエシ46303,ジュンツバメガエシ46298,ジュンツバメガエシ46299,ジュンツバメガエシ46291,ジュンツバメガエシ46292,62.6,15,15,57.3,13.6,13.8,64.1,15.4,15,なし,なし,なし,56.2,13.1,12.9,14.4,15.8,なし,なし,なし,なし,なし,なし,なし,なし,なし,なし,12,69.8,なし,なし,なし,なし,なし,なし,なし,なし,FALSE,なし,なし,なし,なし,なし,なし,なし,なし,なし,なし,なし,なし,なし,なし,なし,なし,なし,なし,FALSE,なし,なし,なし,126,先,7,2.0261E+17,20103208
20261010,東京,9,8,陣馬特Ｈ･2勝,芝,2400,イクリール,セ,原優介,青木孝文,美,シュヴァルグラン,2,東京芝2400,1,46305,イクリール46304,イクリール46302,イクリール46303,イクリール46298,イクリール46299,イクリール46291,イクリール46292,66.6,16.3,16.2,なし,なし,なし,63.8,15.8,15.7,なし,なし,なし,なし,なし,なし,なし,なし,なし,なし,なし,なし,なし,66.5,なし,11.9,なし,なし,12.7,69.6,11.9,52.2,66.9,82.5,なし,なし,なし,なし,なし,なし,なし,なし,なし,なし,なし,なし,なし,なし,なし,なし,なし,なし,なし,なし,なし,なし,なし,FALSE,なし,なし,なし,113,逃,8,2.0261E+17,21106563
20261010,東京,9,9,陣馬特Ｈ･2勝,芝,2400,ノーブルクライ,牡,丹内祐次,中舘英二,美,ハーツクライ,2,東京芝2400,1,46305,ノーブルクライ46304,ノーブルクライ46302,ノーブルクライ46303,ノーブルクライ46298,ノーブルクライ46299,ノーブルクライ46291,ノーブルクライ46292,なし,なし,なし,なし,なし,なし,70,16.5,17.3,69.9,16.5,17,なし,なし,なし,なし,なし,なし,なし,なし,なし,なし,69.9,なし,なし,なし,なし,なし,なし,12.1,52.3,67.2,85.3,なし,なし,なし,なし,なし,なし,なし,なし,なし,なし,なし,なし,なし,なし,なし,なし,なし,なし,なし,なし,なし,なし,なし,FALSE,なし,なし,なし,96,先,8,2.0261E+17,20102976
